case_id	generator_id	binade	level	replicate	seed64	predictor	predictor_type	n_samples	case_path	case_sha256	reference_path	reference_sha256	reference_bytes	segment_count
lasagna2:m2.3:v1:mean_stationary_v1:b=-10:l=0:r=0	mean_stationary_v1	-10	0	0	8347119309511859572	mean	0	512	cases/mean_stationary_v1__b=-10__l=0__r=0.f64le	42c822cab51e5c31a7044ce4f88909b75aad9593c2da7de35f76491f74992e1b	reference/mean_stationary_v1__b=-10__l=0__r=0.lsg2	e40e7c4c1dabd278a50129a62b90a59b41eb5b496203926d77f12796f2a6ed5e	930	4
lasagna2:m2.3:v1:mean_stationary_v1:b=-10:l=0:r=1	mean_stationary_v1	-10	0	1	17274526655461921238	mean	0	512	cases/mean_stationary_v1__b=-10__l=0__r=1.f64le	2d284d7787c357e535f1f63895b4dbe3a2d86b06bca769ae93ae849b79aacc7a	reference/mean_stationary_v1__b=-10__l=0__r=1.lsg2	d1dec24b262a383f78a3d31095d5d7e6f89e16299c849f26ed4c5c5b98ee33ed	930	4
lasagna2:m2.3:v1:mean_stationary_v1:b=-10:l=0:r=2	mean_stationary_v1	-10	0	2	15791349251153846084	mean	0	512	cases/mean_stationary_v1__b=-10__l=0__r=2.f64le	5e591d2f14c3c37d5b7d790850d526a04ed74e1be98967d95bacc3ac1ca630bb	reference/mean_stationary_v1__b=-10__l=0__r=2.lsg2	fe8dd0f9ff8e9328110376e12d1eb8c2a60e3bd774161cfbc22335fafd189e78	930	4
lasagna2:m2.3:v1:mean_stationary_v1:b=-10:l=0:r=3	mean_stationary_v1	-10	0	3	9399506738285139933	mean	0	512	cases/mean_stationary_v1__b=-10__l=0__r=3.f64le	63c02130b10da4896b4fa137ec1556a3564aaa5ad2db5ed25383063f183b5407	reference/mean_stationary_v1__b=-10__l=0__r=3.lsg2	f83e43bb849c1d0cb2455008d142f3a8f63c1124dad2c1071d5b493f3f177586	930	4
lasagna2:m2.3:v1:mean_stationary_v1:b=-10:l=0:r=4	mean_stationary_v1	-10	0	4	20514685379906199	mean	0	512	cases/mean_stationary_v1__b=-10__l=0__r=4.f64le	4b01ea91feff9db41b716766b882171e4c539e486fcec5d4fab30f2a63fa269c	reference/mean_stationary_v1__b=-10__l=0__r=4.lsg2	ae0713bc17fb8d86b17d04bbc8451dd28c47bcbae2c013c80a67e599167789b9	930	4
lasagna2:m2.3:v1:mean_stationary_v1:b=-10:l=1:r=0	mean_stationary_v1	-10	1	0	9099708745744539323	mean	0	512	cases/mean_stationary_v1__b=-10__l=1__r=0.f64le	342c111b1f8741f255c44cfe4662a00bcf93fce416defbed0a60306bb791c616	reference/mean_stationary_v1__b=-10__l=1__r=0.lsg2	f8cdb1ff14d9dbe3757b2c0a09313ddbfefc1016dad34c4448e584c0261fc031	930	4
lasagna2:m2.3:v1:mean_stationary_v1:b=-10:l=1:r=1	mean_stationary_v1	-10	1	1	4863816180580001055	mean	0	512	cases/mean_stationary_v1__b=-10__l=1__r=1.f64le	0bd1d913b20fd500f94061c75d67eb455c7586850c47c8922dbc0e8b774bf0a1	reference/mean_stationary_v1__b=-10__l=1__r=1.lsg2	3eec91cf45034e395f22bfb15e5cf64a6b9b0231f6767986187d1b56e82dcb77	930	4
lasagna2:m2.3:v1:mean_stationary_v1:b=-10:l=1:r=2	mean_stationary_v1	-10	1	2	10364134076556006299	mean	0	512	cases/mean_stationary_v1__b=-10__l=1__r=2.f64le	6a639fe43e01ad50ba21355a1b14db92bc225b016a74cbfc508a67362898e2bc	reference/mean_stationary_v1__b=-10__l=1__r=2.lsg2	091fd4c9b6614bdde834f816fe495d19772b7a8a2c98a95f1a184f2a092d25b8	930	4
lasagna2:m2.3:v1:mean_stationary_v1:b=-10:l=1:r=3	mean_stationary_v1	-10	1	3	4118423897829058836	mean	0	512	cases/mean_stationary_v1__b=-10__l=1__r=3.f64le	3de605aafc93f8a7d1ac50477984afc9e49d7359cf64e06534311fa1a3ef5a41	reference/mean_stationary_v1__b=-10__l=1__r=3.lsg2	f17023f555d4d19dcbd205231fee42863eb4fd08cd3a43ac6c04f44addd998d0	930	4
lasagna2:m2.3:v1:mean_stationary_v1:b=-10:l=1:r=4	mean_stationary_v1	-10	1	4	4524413004020193377	mean	0	512	cases/mean_stationary_v1__b=-10__l=1__r=4.f64le	d18a0d9b5ccf117eeea911faf117b5e65adb3226042216f1475502cc0a2f8c1e	reference/mean_stationary_v1__b=-10__l=1__r=4.lsg2	de53579ee1d935cb481e70737f9fb75a655a271928e466aa042a159180397a0f	930	4
lasagna2:m2.3:v1:mean_stationary_v1:b=-10:l=2:r=0	mean_stationary_v1	-10	2	0	15461874605266667960	mean	0	512	cases/mean_stationary_v1__b=-10__l=2__r=0.f64le	126a53c22336b906fa6847380d8d812ed06a3ee74af0f422a907e684f67ee7b2	reference/mean_stationary_v1__b=-10__l=2__r=0.lsg2	0a448bce3b7e906f604da6049e92dac423e308d20383fd9f248290b341a380d2	930	4
lasagna2:m2.3:v1:mean_stationary_v1:b=-10:l=2:r=1	mean_stationary_v1	-10	2	1	3074577975469072130	mean	0	512	cases/mean_stationary_v1__b=-10__l=2__r=1.f64le	c20494fc82026a2f3bbf60b19f619b4b04bb91ad06f1d79a52679b35438e11a5	reference/mean_stationary_v1__b=-10__l=2__r=1.lsg2	217a31ca0d1554effb425afdb3599ac11d01e6c6a632f573e4fb79ed6dec76eb	930	4
lasagna2:m2.3:v1:mean_stationary_v1:b=-10:l=2:r=2	mean_stationary_v1	-10	2	2	2834498520300310183	mean	0	512	cases/mean_stationary_v1__b=-10__l=2__r=2.f64le	59046c5f6a931ac479de5566e9549d10b9c999495fcc1a9ec033fbf5298d08bc	reference/mean_stationary_v1__b=-10__l=2__r=2.lsg2	bc00f0bcffbf0cb5926ddc7f598a9ba0e6fbecfeefdabdf13544f7c1d7f5f501	930	4
lasagna2:m2.3:v1:mean_stationary_v1:b=-10:l=2:r=3	mean_stationary_v1	-10	2	3	9560503919163615597	mean	0	512	cases/mean_stationary_v1__b=-10__l=2__r=3.f64le	381e42c575e1819dbc03951e824e77c3cd5e7265b47210a1d09cd1325633ae6d	reference/mean_stationary_v1__b=-10__l=2__r=3.lsg2	d87fd92ea80aeae977a69ecf2976476bdeaebf3074d49c29727be3fd1647a33f	930	4
lasagna2:m2.3:v1:mean_stationary_v1:b=-10:l=2:r=4	mean_stationary_v1	-10	2	4	3514938466185780637	mean	0	512	cases/mean_stationary_v1__b=-10__l=2__r=4.f64le	7a8639973d1d05a2485c17e8aaef54e632f6331d1229a2fbeddc7d703a1ec0bf	reference/mean_stationary_v1__b=-10__l=2__r=4.lsg2	28f8ddbe7bbb94cf1eb2642247f00b6ab5721be2aaf26a449cdb9612ba93a601	930	4
lasagna2:m2.3:v1:mean_stationary_v1:b=-10:l=3:r=0	mean_stationary_v1	-10	3	0	5293616417073146193	mean	0	512	cases/mean_stationary_v1__b=-10__l=3__r=0.f64le	aa861f1fa13dae5c684c06d60d25405c37372890f846c325fc285c652efe0f0a	reference/mean_stationary_v1__b=-10__l=3__r=0.lsg2	59e5b869521d96d076aad277d9defe9f46e40785d2d86de19ace315a10ab3dd9	930	4
lasagna2:m2.3:v1:mean_stationary_v1:b=-10:l=3:r=1	mean_stationary_v1	-10	3	1	17867128174093575120	mean	0	512	cases/mean_stationary_v1__b=-10__l=3__r=1.f64le	b20362837e0a122bed8f093e16f0b658537879aef231613f35ef8988f5ab616b	reference/mean_stationary_v1__b=-10__l=3__r=1.lsg2	2973a02f4065e839193820225bdcd2d9c411583e28312bd58c2635c6308016ed	930	4
lasagna2:m2.3:v1:mean_stationary_v1:b=-10:l=3:r=2	mean_stationary_v1	-10	3	2	4018487936023434820	mean	0	512	cases/mean_stationary_v1__b=-10__l=3__r=2.f64le	40fac99bf7f9650d77967239ac2a00a000127ac81e1877eff75fb8a52602fee6	reference/mean_stationary_v1__b=-10__l=3__r=2.lsg2	9baa876e98d89bc085d962e9e1fd7f38ed7345262d2b4a427084a02288270e35	930	4
lasagna2:m2.3:v1:mean_stationary_v1:b=-10:l=3:r=3	mean_stationary_v1	-10	3	3	6912623691984758752	mean	0	512	cases/mean_stationary_v1__b=-10__l=3__r=3.f64le	45ded47ec1c9c4661137dfea5051c86c13ec7a9d99a024b7208111e48d04727e	reference/mean_stationary_v1__b=-10__l=3__r=3.lsg2	4497d4c59e0e659c54878688686616aeedd15d0d4a4f5852237cb5e60aadf9d8	930	4
lasagna2:m2.3:v1:mean_stationary_v1:b=-10:l=3:r=4	mean_stationary_v1	-10	3	4	4688832562001399911	mean	0	512	cases/mean_stationary_v1__b=-10__l=3__r=4.f64le	9906a9f4da2021c4cc6d5ee1bd669421c9853ab2783efcac924e7ef0549385e8	reference/mean_stationary_v1__b=-10__l=3__r=4.lsg2	61e23c2ae9765db8305ea76cad59fd58eecebda18abb757e264ecaed1405baaf	930	4
lasagna2:m2.3:v1:mean_stationary_v1:b=-10:l=4:r=0	mean_stationary_v1	-10	4	0	7224947198043632685	mean	0	512	cases/mean_stationary_v1__b=-10__l=4__r=0.f64le	73454ceb1005949981cd9cfbd0582adefd8e161167e89239085ac63ac00fd115	reference/mean_stationary_v1__b=-10__l=4__r=0.lsg2	38ab0aae653e352886ee93e29e6f62629d474bf6d16b666e3735c64ae15cb71d	930	4
lasagna2:m2.3:v1:mean_stationary_v1:b=-10:l=4:r=1	mean_stationary_v1	-10	4	1	18104290159809291020	mean	0	512	cases/mean_stationary_v1__b=-10__l=4__r=1.f64le	b1eb281a3fa69819da8a5e561571462ece4f5be2b96574702723615c1029df37	reference/mean_stationary_v1__b=-10__l=4__r=1.lsg2	a526971ece733c1823c8616ba21f72593ee1bc75b5785983fbfe482150376290	930	4
lasagna2:m2.3:v1:mean_stationary_v1:b=-10:l=4:r=2	mean_stationary_v1	-10	4	2	5229205056669716564	mean	0	512	cases/mean_stationary_v1__b=-10__l=4__r=2.f64le	0c3ff82896eb636fc3d38c8b00ff1630d2f21ff93b62db635dcd9a9abf7e35bc	reference/mean_stationary_v1__b=-10__l=4__r=2.lsg2	8dd7ce4492ddc91d1ca6f1f7a5802d522114eb2d6aeaa91515b7b90dd62ac9aa	930	4
lasagna2:m2.3:v1:mean_stationary_v1:b=-10:l=4:r=3	mean_stationary_v1	-10	4	3	4798518673850423391	mean	0	512	cases/mean_stationary_v1__b=-10__l=4__r=3.f64le	97fc9f19a16934207ea548b9dcfa1f948bca255ac194e581876c27a0f504cf5d	reference/mean_stationary_v1__b=-10__l=4__r=3.lsg2	e7904aafc9376b6c70402999e7b4f1f7c6768daa8c5fa9f0fb90b79c142a5d1f	930	4
lasagna2:m2.3:v1:mean_stationary_v1:b=-10:l=4:r=4	mean_stationary_v1	-10	4	4	6346318506678882772	mean	0	512	cases/mean_stationary_v1__b=-10__l=4__r=4.f64le	ec1c4674dac2e3a8d9bd0e32667e1597a797d9344b60d859e30dbc9d53d07029	reference/mean_stationary_v1__b=-10__l=4__r=4.lsg2	719d445e540441f6aa66880eac80131d90d5dd0fbdaeabab90e60b68c4f613b2	930	4
lasagna2:m2.3:v1:mean_stationary_v1:b=-09:l=0:r=0	mean_stationary_v1	-9	0	0	9842922743633204504	mean	0	512	cases/mean_stationary_v1__b=-09__l=0__r=0.f64le	049b53730ea73006cb5abefe85e9585c3b99191806647465287f5bcc2ae94d47	reference/mean_stationary_v1__b=-09__l=0__r=0.lsg2	e5b867c663a626b3169f8758c98c39da924ae63c4348f3b5722c997675bc5b8c	930	4
lasagna2:m2.3:v1:mean_stationary_v1:b=-09:l=0:r=1	mean_stationary_v1	-9	0	1	442555624631616962	mean	0	512	cases/mean_stationary_v1__b=-09__l=0__r=1.f64le	05eac0730d6f69dfba00c493a852484af94518c258a00b897b3f68ee0dcfe232	reference/mean_stationary_v1__b=-09__l=0__r=1.lsg2	51ac6701d6594e8ce2e7017a024c435e82d4b3d3ac5c803a69e68f5f97b7bd1e	930	4
lasagna2:m2.3:v1:mean_stationary_v1:b=-09:l=0:r=2	mean_stationary_v1	-9	0	2	8071583282886401506	mean	0	512	cases/mean_stationary_v1__b=-09__l=0__r=2.f64le	a0a08b60bd2dd12f0f4c363084a7671ab79131302c98c707f6a2060e3a0bf1df	reference/mean_stationary_v1__b=-09__l=0__r=2.lsg2	acf6083c526d5492a1a13118aa9d1900a7a707efbd34fc2df9aceefa223b9415	930	4
lasagna2:m2.3:v1:mean_stationary_v1:b=-09:l=0:r=3	mean_stationary_v1	-9	0	3	15909394880973112450	mean	0	512	cases/mean_stationary_v1__b=-09__l=0__r=3.f64le	6ffba0806507daac7ce019b878295cfc8cec0e5eaa8331d02e8c522d850408fc	reference/mean_stationary_v1__b=-09__l=0__r=3.lsg2	3f43e3781547db4f47f801116012b994a397427db80c05655b275e2b748918e2	930	4
lasagna2:m2.3:v1:mean_stationary_v1:b=-09:l=0:r=4	mean_stationary_v1	-9	0	4	16821177521058284021	mean	0	512	cases/mean_stationary_v1__b=-09__l=0__r=4.f64le	fa0e18decca1dd6579542f5b7d1d9995ab16fb0457aa4250d2dc3e07e2f6cb34	reference/mean_stationary_v1__b=-09__l=0__r=4.lsg2	e723bc98812ff37a9b7b32727d173cf671017e907075dfbf31d4e269b13a04b3	930	4
lasagna2:m2.3:v1:mean_stationary_v1:b=-09:l=1:r=0	mean_stationary_v1	-9	1	0	6240515855397829948	mean	0	512	cases/mean_stationary_v1__b=-09__l=1__r=0.f64le	aa91c391da5fbcd7c349dcd364b505814b44497d8c27e3934d5cb3f22fd53a59	reference/mean_stationary_v1__b=-09__l=1__r=0.lsg2	1249c0bdd76ba03586c7e0d3a9b15f0c32528a679faf577ed9fc9318ad00c9fd	930	4
lasagna2:m2.3:v1:mean_stationary_v1:b=-09:l=1:r=1	mean_stationary_v1	-9	1	1	4948521932477163712	mean	0	512	cases/mean_stationary_v1__b=-09__l=1__r=1.f64le	ae13d52c1040a4ce55a0e6d809923287be13e5220c6630d74e8c5b96a88a2ac4	reference/mean_stationary_v1__b=-09__l=1__r=1.lsg2	78de883f4c41edd611d9da34ec70e0e9affee68290e07a65f4ba7a328de3c5f7	930	4
lasagna2:m2.3:v1:mean_stationary_v1:b=-09:l=1:r=2	mean_stationary_v1	-9	1	2	6199437634713090713	mean	0	512	cases/mean_stationary_v1__b=-09__l=1__r=2.f64le	c85151800dfce38df8557c2df267485b72306b15dea0d92b1bb07a73e2456322	reference/mean_stationary_v1__b=-09__l=1__r=2.lsg2	61020cb4dafe6197940800709e5d526008931e238887a7a4d65057f3762035c0	930	4
lasagna2:m2.3:v1:mean_stationary_v1:b=-09:l=1:r=3	mean_stationary_v1	-9	1	3	9804522049818478827	mean	0	512	cases/mean_stationary_v1__b=-09__l=1__r=3.f64le	0e98a19e9b15c89a0d799a82c20c2b1990259e1ffab665c766720707b36c2b63	reference/mean_stationary_v1__b=-09__l=1__r=3.lsg2	a3b640fef01a32e9bdb1f3bb7551f8a3cc5ec72c6a84a5579d7b8618af24986b	930	4
lasagna2:m2.3:v1:mean_stationary_v1:b=-09:l=1:r=4	mean_stationary_v1	-9	1	4	7429982961952753763	mean	0	512	cases/mean_stationary_v1__b=-09__l=1__r=4.f64le	327999fbb677bf3279d6cd5d004e2801e2ec697c065dfa1a26d1edc5f550d19f	reference/mean_stationary_v1__b=-09__l=1__r=4.lsg2	56dc3e94dc96a4b27f82698e42f141f74791e70f538f3ef09125d4e7b2a03275	930	4
lasagna2:m2.3:v1:mean_stationary_v1:b=-09:l=2:r=0	mean_stationary_v1	-9	2	0	12202416943960281062	mean	0	512	cases/mean_stationary_v1__b=-09__l=2__r=0.f64le	3a26a4f6d801b410bb8ae90595055f1cbfefd743cc5b89be7bfead706ab079fd	reference/mean_stationary_v1__b=-09__l=2__r=0.lsg2	466393c2f528b8ebdbe6e51c4c20baa519adc4e1c31dc4376175ed990cf4ffbe	930	4
lasagna2:m2.3:v1:mean_stationary_v1:b=-09:l=2:r=1	mean_stationary_v1	-9	2	1	1774914461866012336	mean	0	512	cases/mean_stationary_v1__b=-09__l=2__r=1.f64le	dfa471a0956aa3ee16f8e6c4cda6349c4b42e41a511ee092ad5187b10edb292e	reference/mean_stationary_v1__b=-09__l=2__r=1.lsg2	b5137ff06e73931e878946bd6cb28096c76817bbbeee7ac4f7e1293dcb4889ac	930	4
lasagna2:m2.3:v1:mean_stationary_v1:b=-09:l=2:r=2	mean_stationary_v1	-9	2	2	17542506730262916110	mean	0	512	cases/mean_stationary_v1__b=-09__l=2__r=2.f64le	0669e2fab761fe0445151524ec6b7d08fe1e4c7fcdec37a046b1a5d9724cdc19	reference/mean_stationary_v1__b=-09__l=2__r=2.lsg2	f6617aa5079bf19411decd31787903222be863c20feb5bb24241d37436a84bf8	930	4
lasagna2:m2.3:v1:mean_stationary_v1:b=-09:l=2:r=3	mean_stationary_v1	-9	2	3	8164462901908167125	mean	0	512	cases/mean_stationary_v1__b=-09__l=2__r=3.f64le	98395f651420215987a589354b08c353bd0bdf0cdeb7586d0ac220d99d6c700e	reference/mean_stationary_v1__b=-09__l=2__r=3.lsg2	fb9e81ccf24a5b1a9ccca8ef6b0c93e584f0caadeae8921421f8b4f22ed29d3e	930	4
lasagna2:m2.3:v1:mean_stationary_v1:b=-09:l=2:r=4	mean_stationary_v1	-9	2	4	10934674241944702871	mean	0	512	cases/mean_stationary_v1__b=-09__l=2__r=4.f64le	2c1e524574db0dcdc537c1e3d5dfac4f1af503d7f35a684595f79ad689de040e	reference/mean_stationary_v1__b=-09__l=2__r=4.lsg2	f50676d16f00fb31bc217083401c81daa8768df23b7333dfaabf1340fc97905d	930	4
lasagna2:m2.3:v1:mean_stationary_v1:b=-09:l=3:r=0	mean_stationary_v1	-9	3	0	731650514027508622	mean	0	512	cases/mean_stationary_v1__b=-09__l=3__r=0.f64le	5970b932711e0e5c498b013f122a16680ab3b0b95d0034e34a2c78314c0711aa	reference/mean_stationary_v1__b=-09__l=3__r=0.lsg2	675fddca3feb1b3c59a19f2bfb92cea27f862668278874e52bc3af70d9c263a3	930	4
lasagna2:m2.3:v1:mean_stationary_v1:b=-09:l=3:r=1	mean_stationary_v1	-9	3	1	5911252817469367885	mean	0	512	cases/mean_stationary_v1__b=-09__l=3__r=1.f64le	8315933b6ed8a8d21d1e2a3f88d05e3a9d021fb29717509f8d18f4faeac66458	reference/mean_stationary_v1__b=-09__l=3__r=1.lsg2	3213bf7788b12209cf028f10f85c68f0c0776f9221d2557e9c6436ad74d85190	930	4
lasagna2:m2.3:v1:mean_stationary_v1:b=-09:l=3:r=2	mean_stationary_v1	-9	3	2	3062748351361955876	mean	0	512	cases/mean_stationary_v1__b=-09__l=3__r=2.f64le	f8f276e74cd5ab329fe658d9c0d074e87a5d2165dace1dbdfda4d1a01f4212be	reference/mean_stationary_v1__b=-09__l=3__r=2.lsg2	1e3627e3308dc8f2742f3be94a4b9cb7a9cff6758b9ccd88e2a02e9fa16f86f8	930	4
lasagna2:m2.3:v1:mean_stationary_v1:b=-09:l=3:r=3	mean_stationary_v1	-9	3	3	10783274501439361444	mean	0	512	cases/mean_stationary_v1__b=-09__l=3__r=3.f64le	cec160aa0c629e33fd20bd24d7fb7caee4df504f5941cc457edc4dfa031136e4	reference/mean_stationary_v1__b=-09__l=3__r=3.lsg2	62c994b1182933f9e8f375a5a8eba0be4d3e5b5ed0ea98c597584957f82142c5	930	4
lasagna2:m2.3:v1:mean_stationary_v1:b=-09:l=3:r=4	mean_stationary_v1	-9	3	4	293719818553395583	mean	0	512	cases/mean_stationary_v1__b=-09__l=3__r=4.f64le	b67a790288c24714f4c2e4062d1cf32a59c93867acd8f1df7113eaf812e4664c	reference/mean_stationary_v1__b=-09__l=3__r=4.lsg2	ba4581a7687ad69f00ecbab83bccd75cd8e0c309a56df92c1b1521354e07e4cf	930	4
lasagna2:m2.3:v1:mean_stationary_v1:b=-09:l=4:r=0	mean_stationary_v1	-9	4	0	7662900825317171886	mean	0	512	cases/mean_stationary_v1__b=-09__l=4__r=0.f64le	2d7710394b0b28a9a0e8edd786b7d2f91a26df7af9ca78175a5e8d4bf05bb6dc	reference/mean_stationary_v1__b=-09__l=4__r=0.lsg2	e79414ae50e213132d9fb1e52f2a9390e8f6e6ec6278e24fa89e97d8bfad584b	930	4
lasagna2:m2.3:v1:mean_stationary_v1:b=-09:l=4:r=1	mean_stationary_v1	-9	4	1	9807032948568053759	mean	0	512	cases/mean_stationary_v1__b=-09__l=4__r=1.f64le	ba1d410b52d99cde3054fd2dd774461ba98ce33bb925737153c5cb009490c18f	reference/mean_stationary_v1__b=-09__l=4__r=1.lsg2	9e3f77ff50a5b9faed0064a845eb88f18cded30a657bf4b01cdbb1fd00da2d6e	930	4
lasagna2:m2.3:v1:mean_stationary_v1:b=-09:l=4:r=2	mean_stationary_v1	-9	4	2	13920755964583787835	mean	0	512	cases/mean_stationary_v1__b=-09__l=4__r=2.f64le	e10b89a4825c445bfa4e43dc5555c53a65c66c4332ec0299bc2cbe963ddc7aa6	reference/mean_stationary_v1__b=-09__l=4__r=2.lsg2	bbea135aa9bbc6409f32089aa709fb4d2e2b01aaaca80136f333b189791618f5	930	4
lasagna2:m2.3:v1:mean_stationary_v1:b=-09:l=4:r=3	mean_stationary_v1	-9	4	3	15991090902945048349	mean	0	512	cases/mean_stationary_v1__b=-09__l=4__r=3.f64le	006ea3a2960749bfe1d2f19db468cde5ab5ecb33f6e9c30d454d81660241a6ea	reference/mean_stationary_v1__b=-09__l=4__r=3.lsg2	940f98fdd0ff16284bdc19e6c125b9e15efa3957e6c37c75cb9bcecdb74f3464	930	4
lasagna2:m2.3:v1:mean_stationary_v1:b=-09:l=4:r=4	mean_stationary_v1	-9	4	4	2573136636116803630	mean	0	512	cases/mean_stationary_v1__b=-09__l=4__r=4.f64le	0c6d853d15a8eef7ae44133d857944808a9a96d6e630c75390a370ab13dab9a0	reference/mean_stationary_v1__b=-09__l=4__r=4.lsg2	43498d653bb7d3958d5337cdea6bc69cb0d73de623655fc903a82a37173ca2c9	930	4
lasagna2:m2.3:v1:mean_stationary_v1:b=-08:l=0:r=0	mean_stationary_v1	-8	0	0	17349975810118168923	mean	0	512	cases/mean_stationary_v1__b=-08__l=0__r=0.f64le	85de1e1c0e1f016b9eb1f6a028ea59a8f4fa3512e8b206a2774524e5b1277992	reference/mean_stationary_v1__b=-08__l=0__r=0.lsg2	301218835c14c7ef6616578432371ff74eaf0f24a10907ebd19f5ea406de5d61	930	4
lasagna2:m2.3:v1:mean_stationary_v1:b=-08:l=0:r=1	mean_stationary_v1	-8	0	1	1894178069821867004	mean	0	512	cases/mean_stationary_v1__b=-08__l=0__r=1.f64le	96616a991405c7e9bdb2dbf7e0cd43054eb9c4132934c2b1eed5bd3ddb7fae90	reference/mean_stationary_v1__b=-08__l=0__r=1.lsg2	7b690a989560e09e5dbffbb6459b5387fe74297a14b7bc9cf8ebb0667e95ea45	930	4
lasagna2:m2.3:v1:mean_stationary_v1:b=-08:l=0:r=2	mean_stationary_v1	-8	0	2	7391857476532201683	mean	0	512	cases/mean_stationary_v1__b=-08__l=0__r=2.f64le	4e94fe2368022ba613d7411d0750ecb406f4be292f37d8955c6025bdfe6fb2b6	reference/mean_stationary_v1__b=-08__l=0__r=2.lsg2	39cbc68c57211b53431ea158c8a94e553dedeac117158656607d351941aa0e5e	930	4
lasagna2:m2.3:v1:mean_stationary_v1:b=-08:l=0:r=3	mean_stationary_v1	-8	0	3	4740478044965959722	mean	0	512	cases/mean_stationary_v1__b=-08__l=0__r=3.f64le	ba341dd9203a85f6b8d144e65102f7ffc53f89d5bb902fa438ddf9bb067b678c	reference/mean_stationary_v1__b=-08__l=0__r=3.lsg2	f688a2a026061e56504f59b9f48766b92ea7aa1cead92456a487d1f1e6bca856	930	4
lasagna2:m2.3:v1:mean_stationary_v1:b=-08:l=0:r=4	mean_stationary_v1	-8	0	4	2292897063831654196	mean	0	512	cases/mean_stationary_v1__b=-08__l=0__r=4.f64le	cbf5d4723a1d34c4f6a748b876275b8cc0693043df38221d02d319cb612dc9df	reference/mean_stationary_v1__b=-08__l=0__r=4.lsg2	7dcceef0eb55fe1402db62daa5f87de700fcdee4f29d5e52d5945298049c3f45	930	4
lasagna2:m2.3:v1:mean_stationary_v1:b=-08:l=1:r=0	mean_stationary_v1	-8	1	0	5136341726902284835	mean	0	512	cases/mean_stationary_v1__b=-08__l=1__r=0.f64le	228c6c4f20e3e76d21c776320200b580a13d419169f2d3bc008829a27500fa48	reference/mean_stationary_v1__b=-08__l=1__r=0.lsg2	bcc8d3b0a5819ae4473691928598c6ac9f9139eb85ade4de2b7c525ded252c9e	930	4
lasagna2:m2.3:v1:mean_stationary_v1:b=-08:l=1:r=1	mean_stationary_v1	-8	1	1	14899388202663982808	mean	0	512	cases/mean_stationary_v1__b=-08__l=1__r=1.f64le	e82d43fa884b745f013019a56914318fd90dd6c6d8750e558f577dffda75cc12	reference/mean_stationary_v1__b=-08__l=1__r=1.lsg2	3714fa2dbc47eba3e31ea531618faaeedaf92edf679a4ceb31a9e84677ad547f	930	4
lasagna2:m2.3:v1:mean_stationary_v1:b=-08:l=1:r=2	mean_stationary_v1	-8	1	2	16558875889860867441	mean	0	512	cases/mean_stationary_v1__b=-08__l=1__r=2.f64le	86f2dddbdf7a5a1b71123390894d1840f1dc7c46b1a594eb6c9b493334894c84	reference/mean_stationary_v1__b=-08__l=1__r=2.lsg2	67b1f201de005988144044753da1970c5bafc59efccba3a4929911d4c838849f	930	4
lasagna2:m2.3:v1:mean_stationary_v1:b=-08:l=1:r=3	mean_stationary_v1	-8	1	3	14478359139468818086	mean	0	512	cases/mean_stationary_v1__b=-08__l=1__r=3.f64le	95bbeacecd095e50aee4bef6928f836b938c9d9e78f6f8c087c7ac3963073bca	reference/mean_stationary_v1__b=-08__l=1__r=3.lsg2	8e86d1cace72d7750b02550ffb6bcdebbb346dccd387dafd709ae3920ffe05a4	930	4
lasagna2:m2.3:v1:mean_stationary_v1:b=-08:l=1:r=4	mean_stationary_v1	-8	1	4	16570425602914372344	mean	0	512	cases/mean_stationary_v1__b=-08__l=1__r=4.f64le	b0e8ba7db678e6e7f5e242329203aa4b0ddf4ab3f742e1eb07708d2695a8ead2	reference/mean_stationary_v1__b=-08__l=1__r=4.lsg2	6085d378330e188733d1242539bf2fe06722ade30a7065f5188db16cf8e03f36	930	4
lasagna2:m2.3:v1:mean_stationary_v1:b=-08:l=2:r=0	mean_stationary_v1	-8	2	0	14298603294747473562	mean	0	512	cases/mean_stationary_v1__b=-08__l=2__r=0.f64le	4f7fc493cf0b15aeb08af79d4c9e991542f8ca243332402cbcb47f5095def6ea	reference/mean_stationary_v1__b=-08__l=2__r=0.lsg2	1e6e67e223a3243f1ca40beb156d45756733344b9f027b8ab3d82b0f482b3a47	930	4
lasagna2:m2.3:v1:mean_stationary_v1:b=-08:l=2:r=1	mean_stationary_v1	-8	2	1	13170003760044603324	mean	0	512	cases/mean_stationary_v1__b=-08__l=2__r=1.f64le	5af77f2bf870cf3c8fc8af3be1bd43e992f48dcda0d1cdf64b6d77e0a7549e65	reference/mean_stationary_v1__b=-08__l=2__r=1.lsg2	da135bead6ea28ec426348a1fc0939aa0dd041f1b5ec5060408cdd3af606ebc8	930	4
lasagna2:m2.3:v1:mean_stationary_v1:b=-08:l=2:r=2	mean_stationary_v1	-8	2	2	13966059548719033843	mean	0	512	cases/mean_stationary_v1__b=-08__l=2__r=2.f64le	c5319209a6e91268ee0b343130394b2833832c92a0b976131658197e9feca871	reference/mean_stationary_v1__b=-08__l=2__r=2.lsg2	2ea5068cd928d21e58855395dfd234fa32c0260c7e2e6332b4f8cc137bc1a595	930	4
lasagna2:m2.3:v1:mean_stationary_v1:b=-08:l=2:r=3	mean_stationary_v1	-8	2	3	9967180702176544441	mean	0	512	cases/mean_stationary_v1__b=-08__l=2__r=3.f64le	c2c72c6d7ccf162bf5e6fc07af759d41df34cb3f06ce84e365c64bd7ca540c8e	reference/mean_stationary_v1__b=-08__l=2__r=3.lsg2	fa70a92a3cc45830b503d7438149667c0b4f01a3ff5304312a696e415c301a27	930	4
lasagna2:m2.3:v1:mean_stationary_v1:b=-08:l=2:r=4	mean_stationary_v1	-8	2	4	470529552068704613	mean	0	512	cases/mean_stationary_v1__b=-08__l=2__r=4.f64le	c1fb08d80f9a7b96f7c01c6e903049cc8e07222326f0a0e087026323efdc2a30	reference/mean_stationary_v1__b=-08__l=2__r=4.lsg2	29b8698e28ce9052cb02e39e0048733d4ad97a2d40f6d5698502952c8eaafa16	930	4
lasagna2:m2.3:v1:mean_stationary_v1:b=-08:l=3:r=0	mean_stationary_v1	-8	3	0	5339527646760241425	mean	0	512	cases/mean_stationary_v1__b=-08__l=3__r=0.f64le	e76fcc3025e3657ac4018983d62da0cb56df2210246aada5264cae857307b1b8	reference/mean_stationary_v1__b=-08__l=3__r=0.lsg2	62197e7b3a010ff7d00677542c3218ca10f7e572e095f3b4f9dd98c2bbb9e739	930	4
lasagna2:m2.3:v1:mean_stationary_v1:b=-08:l=3:r=1	mean_stationary_v1	-8	3	1	9663836263255328368	mean	0	512	cases/mean_stationary_v1__b=-08__l=3__r=1.f64le	6ac00c8aa1c86d39e23620cc11546f51af8295915435ac4033ed0231493ada0b	reference/mean_stationary_v1__b=-08__l=3__r=1.lsg2	be0db549cb1c2dc73af944b3da58536b17375a48c433d926f75e3891c6193860	930	4
lasagna2:m2.3:v1:mean_stationary_v1:b=-08:l=3:r=2	mean_stationary_v1	-8	3	2	15063988651226792603	mean	0	512	cases/mean_stationary_v1__b=-08__l=3__r=2.f64le	8d26ef53e870a24d811f20f5a7f6eda402b3ab1520a84ffb2f048fc7af7cb901	reference/mean_stationary_v1__b=-08__l=3__r=2.lsg2	b2ea9152ef5c8b71620ed3bbe07a4b163b90f7e3aa66b95cb7accdb606d8cd82	930	4
lasagna2:m2.3:v1:mean_stationary_v1:b=-08:l=3:r=3	mean_stationary_v1	-8	3	3	718452137644490633	mean	0	512	cases/mean_stationary_v1__b=-08__l=3__r=3.f64le	7a71d13d2b98c55a365370e881622f2d58a88f485a383a206b7037e17cf6d945	reference/mean_stationary_v1__b=-08__l=3__r=3.lsg2	7c4561dfc723bda9d23f710507eac053841b7a9fc3760660d695e6a1be822f8d	930	4
lasagna2:m2.3:v1:mean_stationary_v1:b=-08:l=3:r=4	mean_stationary_v1	-8	3	4	10325522361293228953	mean	0	512	cases/mean_stationary_v1__b=-08__l=3__r=4.f64le	724e7451a6f1d46f9af38746f190eb6cf5882e6d62a8f9c2da81ccf9296783eb	reference/mean_stationary_v1__b=-08__l=3__r=4.lsg2	43602f35da1071fb8f8b3205731b4faf8614857ffd3c0969fc8436f29a12fbf8	930	4
lasagna2:m2.3:v1:mean_stationary_v1:b=-08:l=4:r=0	mean_stationary_v1	-8	4	0	14559500209791865766	mean	0	512	cases/mean_stationary_v1__b=-08__l=4__r=0.f64le	e583872df7b3141a775878492c7549f090eb90d8818c7ee05ce77e9727461a4d	reference/mean_stationary_v1__b=-08__l=4__r=0.lsg2	e2fe546fcd0dc9b242064dd367052e8a7948af39a284d3841369288ebf5557f3	930	4
lasagna2:m2.3:v1:mean_stationary_v1:b=-08:l=4:r=1	mean_stationary_v1	-8	4	1	1427637195296873572	mean	0	512	cases/mean_stationary_v1__b=-08__l=4__r=1.f64le	455f143bb4ccb50b0b42f53d0e951e170965ce6c158308ea154b5e45d29c7aae	reference/mean_stationary_v1__b=-08__l=4__r=1.lsg2	a81c1a5c9a14142e70b63c7c80c62b08834b07f9b3b490cb6dc0e3dad06720e3	930	4
lasagna2:m2.3:v1:mean_stationary_v1:b=-08:l=4:r=2	mean_stationary_v1	-8	4	2	10824855523565176680	mean	0	512	cases/mean_stationary_v1__b=-08__l=4__r=2.f64le	00b1d545649ccf6dcbcc06a8d8a395310221bed4209bbced84d20e65bc30ec2e	reference/mean_stationary_v1__b=-08__l=4__r=2.lsg2	52c0a5682cf22f421d2a9aae124ad130848de603372b34119cdc046f8f9bafc8	930	4
lasagna2:m2.3:v1:mean_stationary_v1:b=-08:l=4:r=3	mean_stationary_v1	-8	4	3	8851939839230285003	mean	0	512	cases/mean_stationary_v1__b=-08__l=4__r=3.f64le	e8351c77eb3840beebf830adc60b0b42e3e3408a9da6f1a1532daa4f09571104	reference/mean_stationary_v1__b=-08__l=4__r=3.lsg2	b8c5f3da4c8dff8aca6c27dc6c04072c0daa6f0c3db9ac7cf7f7d8211c97f6d1	930	4
lasagna2:m2.3:v1:mean_stationary_v1:b=-08:l=4:r=4	mean_stationary_v1	-8	4	4	12351283588048124231	mean	0	512	cases/mean_stationary_v1__b=-08__l=4__r=4.f64le	34f16ca34339a5329cbdf0e9f6279da9d3b72d46a8c0cb6145861ebe64081c13	reference/mean_stationary_v1__b=-08__l=4__r=4.lsg2	7283b960dc5ae509b32991c1390e2f3d31ae1b309268d49ccf51c0cc6c24b3e6	930	4
lasagna2:m2.3:v1:mean_stationary_v1:b=-07:l=0:r=0	mean_stationary_v1	-7	0	0	7433369879890645514	mean	0	512	cases/mean_stationary_v1__b=-07__l=0__r=0.f64le	b8a0f5a3775bd50cd07ddeff80bbadd730e36f51e39a3ab387d38e520f9e52d2	reference/mean_stationary_v1__b=-07__l=0__r=0.lsg2	4d2a911cd032f63072fc79c99451be0b6388ce21e23275c1b8abb516f90fdaf3	930	4
lasagna2:m2.3:v1:mean_stationary_v1:b=-07:l=0:r=1	mean_stationary_v1	-7	0	1	17905158783648691958	mean	0	512	cases/mean_stationary_v1__b=-07__l=0__r=1.f64le	6faeea0e2bed2440b25694e22962b3dc7f98a900af5299cfd1f8545e121cf4f9	reference/mean_stationary_v1__b=-07__l=0__r=1.lsg2	2f5e1beaab519f7a9a7621e836870abfa8209a3c767775105f663d1d304dad5d	930	4
lasagna2:m2.3:v1:mean_stationary_v1:b=-07:l=0:r=2	mean_stationary_v1	-7	0	2	4422664408875427342	mean	0	512	cases/mean_stationary_v1__b=-07__l=0__r=2.f64le	27fed30e61e763f65c4d5514afd8b541eb86cd72a89aaa8e489bbf2e35d580c4	reference/mean_stationary_v1__b=-07__l=0__r=2.lsg2	7799768f42f3c7d3bdfb96df24f1bc423cb93ff02f48be8f01f27d569bcf8590	930	4
lasagna2:m2.3:v1:mean_stationary_v1:b=-07:l=0:r=3	mean_stationary_v1	-7	0	3	9380901720154689949	mean	0	512	cases/mean_stationary_v1__b=-07__l=0__r=3.f64le	6bd0d0c74d4afe0e0eb1ec6ae0b3b4f5f3c5b215f3161093c65df631658438ca	reference/mean_stationary_v1__b=-07__l=0__r=3.lsg2	f6de7b52605a481919aa816854bb9a3f4ea6526546ed62243678e4a7cee45e31	930	4
lasagna2:m2.3:v1:mean_stationary_v1:b=-07:l=0:r=4	mean_stationary_v1	-7	0	4	15582730453583136242	mean	0	512	cases/mean_stationary_v1__b=-07__l=0__r=4.f64le	f68509006bff3fbb054c6950eab197dc7754caa43fdbd11423fcebe1847e368f	reference/mean_stationary_v1__b=-07__l=0__r=4.lsg2	79e9e6563d599e552da11ac085d82f7a5db16fcdf8b6e85d1a63561011eb75ce	930	4
lasagna2:m2.3:v1:mean_stationary_v1:b=-07:l=1:r=0	mean_stationary_v1	-7	1	0	1786015363136575079	mean	0	512	cases/mean_stationary_v1__b=-07__l=1__r=0.f64le	18552b8d53930fd86498f93d42171d751b4e0e07a8dc7a9b4a7a553ba92bf556	reference/mean_stationary_v1__b=-07__l=1__r=0.lsg2	dac864fc6a2cfcc0a3e00c81b818810b7cdd2ac9df71a56ee5aae980812b86ee	930	4
lasagna2:m2.3:v1:mean_stationary_v1:b=-07:l=1:r=1	mean_stationary_v1	-7	1	1	18050142250933847265	mean	0	512	cases/mean_stationary_v1__b=-07__l=1__r=1.f64le	962e798672b8e0551d96e16e78450397c3e4bb5f79626263c59eaa68e62c02d7	reference/mean_stationary_v1__b=-07__l=1__r=1.lsg2	b68ad550702b8a2ca470ee68a5e0473a901a57531cd7d2628241a0e60864a649	930	4
lasagna2:m2.3:v1:mean_stationary_v1:b=-07:l=1:r=2	mean_stationary_v1	-7	1	2	5077257544050128605	mean	0	512	cases/mean_stationary_v1__b=-07__l=1__r=2.f64le	8acd0614dc506f43c9c906b6cadd7bb261c08be4f00774ab803c814aeb7b4004	reference/mean_stationary_v1__b=-07__l=1__r=2.lsg2	1cc6c1e1f7f2c6e6985ef32237e0b203d0603def8bcf6eee583e7404258c9ab1	930	4
lasagna2:m2.3:v1:mean_stationary_v1:b=-07:l=1:r=3	mean_stationary_v1	-7	1	3	17312800858726934605	mean	0	512	cases/mean_stationary_v1__b=-07__l=1__r=3.f64le	3164a2dfae1318dce65b2962a84bfd756e8311d724b3fccbc4c4ab1a8e444565	reference/mean_stationary_v1__b=-07__l=1__r=3.lsg2	fdf04cd54d7f4904e2f0096c948df7da8fdc277080d35637a6e5d5b93a604816	930	4
lasagna2:m2.3:v1:mean_stationary_v1:b=-07:l=1:r=4	mean_stationary_v1	-7	1	4	9231610967053900009	mean	0	512	cases/mean_stationary_v1__b=-07__l=1__r=4.f64le	fb4878fed3c728636ecf5ca0e58ea939c3ca7d7747dc1e435ea2a3c815a4eed3	reference/mean_stationary_v1__b=-07__l=1__r=4.lsg2	7a796a3a94420cf632729c38b72c70993ada0a61b6b761820d50922b71a9d57e	930	4
lasagna2:m2.3:v1:mean_stationary_v1:b=-07:l=2:r=0	mean_stationary_v1	-7	2	0	1981793836057149751	mean	0	512	cases/mean_stationary_v1__b=-07__l=2__r=0.f64le	2d3b7e0be69764559d85a0d9450fb6c679696ab62cb7e53ff1bf5c4293eb7855	reference/mean_stationary_v1__b=-07__l=2__r=0.lsg2	532f3077ce1eb6586ebeac168c36183a42ed200f01c3826b93d6c1082b4ed284	930	4
lasagna2:m2.3:v1:mean_stationary_v1:b=-07:l=2:r=1	mean_stationary_v1	-7	2	1	17552788629599161129	mean	0	512	cases/mean_stationary_v1__b=-07__l=2__r=1.f64le	771898916f7cdf07722520187e1c711ddc513da3c58d935297a0511df42050a0	reference/mean_stationary_v1__b=-07__l=2__r=1.lsg2	cfdc9e28989c51effe2e7b19ecd3f2171810c7482c28c0ff64ea846c09683cfe	930	4
lasagna2:m2.3:v1:mean_stationary_v1:b=-07:l=2:r=2	mean_stationary_v1	-7	2	2	4297605069252496850	mean	0	512	cases/mean_stationary_v1__b=-07__l=2__r=2.f64le	49ecac24027f5b5263ca5283a3268b3ca61a8ef54e6942419eaaf02d8e9c062c	reference/mean_stationary_v1__b=-07__l=2__r=2.lsg2	cdd728c650f5857b2af54188670ce00c403b4844437865c85c3161590716c649	930	4
lasagna2:m2.3:v1:mean_stationary_v1:b=-07:l=2:r=3	mean_stationary_v1	-7	2	3	12894447621240687678	mean	0	512	cases/mean_stationary_v1__b=-07__l=2__r=3.f64le	a285c572abacdeff2ab79f96efc1e51af6d8eb1ed3fdf5c865caa616fe0dc61e	reference/mean_stationary_v1__b=-07__l=2__r=3.lsg2	c4ed5bee66b9645893bfab0d070d15ab5438a97ed97fa0f477e21a241544cc7a	930	4
lasagna2:m2.3:v1:mean_stationary_v1:b=-07:l=2:r=4	mean_stationary_v1	-7	2	4	3088867164820055533	mean	0	512	cases/mean_stationary_v1__b=-07__l=2__r=4.f64le	5f9f5031cd34ea84891cf2203e5cf5fd6476ed2b399b30152cfa1e0e95f56722	reference/mean_stationary_v1__b=-07__l=2__r=4.lsg2	c967931ff87a4f7b3a133d3d93639967360d25325bd3e64d60d7c85a5733c297	930	4
lasagna2:m2.3:v1:mean_stationary_v1:b=-07:l=3:r=0	mean_stationary_v1	-7	3	0	7388984160505668870	mean	0	512	cases/mean_stationary_v1__b=-07__l=3__r=0.f64le	4e905b20f1569ed955a2cecdc1d1fc1421970455e1a3f944cd176476a5f4d160	reference/mean_stationary_v1__b=-07__l=3__r=0.lsg2	3a88bf8edd6dd40e4fdbee1f830ee237c57eef383e4e4c22b351f7c9ee0d394c	930	4
lasagna2:m2.3:v1:mean_stationary_v1:b=-07:l=3:r=1	mean_stationary_v1	-7	3	1	15137717042911255112	mean	0	512	cases/mean_stationary_v1__b=-07__l=3__r=1.f64le	f11ef06d0ef5005729a35cc0f6c84554d52b02abb939f8d54b795f1528d8e5a4	reference/mean_stationary_v1__b=-07__l=3__r=1.lsg2	2681ae85b27e35cf04390e520492a710e660a0e1e527432357a15c028d7b6bbd	930	4
lasagna2:m2.3:v1:mean_stationary_v1:b=-07:l=3:r=2	mean_stationary_v1	-7	3	2	3270354904292773864	mean	0	512	cases/mean_stationary_v1__b=-07__l=3__r=2.f64le	20f3004febe32e41d8c5de262045f4d9b4d910eb3743673eab05b855146fba66	reference/mean_stationary_v1__b=-07__l=3__r=2.lsg2	52c5183ef57f52495d99b431a541a976c0aa6dacefbc924e6eec78f4cefb6e39	930	4
lasagna2:m2.3:v1:mean_stationary_v1:b=-07:l=3:r=3	mean_stationary_v1	-7	3	3	7762473972326559022	mean	0	512	cases/mean_stationary_v1__b=-07__l=3__r=3.f64le	678edde80508974dbce13a9c300c7350d1ed95e652b4a2663132436a89dcf682	reference/mean_stationary_v1__b=-07__l=3__r=3.lsg2	00dff5e4c8b05748d1007fc1e41d522b969e4d1ccdea88aa83fb6233c3fb8130	930	4
lasagna2:m2.3:v1:mean_stationary_v1:b=-07:l=3:r=4	mean_stationary_v1	-7	3	4	3641250331504257139	mean	0	512	cases/mean_stationary_v1__b=-07__l=3__r=4.f64le	435fc5dabe2050ff1d0a43f367a09d8bb113e4ca0ef59cb0aa29a02f1576b873	reference/mean_stationary_v1__b=-07__l=3__r=4.lsg2	4eabdbedb9ac6e039515478fd308b75a0454d3fa8fdd1661026d8c80ded0f855	930	4
lasagna2:m2.3:v1:mean_stationary_v1:b=-07:l=4:r=0	mean_stationary_v1	-7	4	0	2990391215424600386	mean	0	512	cases/mean_stationary_v1__b=-07__l=4__r=0.f64le	89aa5680d3b0f1bba89427d427f3c92bf89d07bb71ee5031bef0ac4e6f17ed49	reference/mean_stationary_v1__b=-07__l=4__r=0.lsg2	e6757f2c92c8906b9b96d649d06a4aa94e11a9077b195b16c5ecbce51b4fdc2f	930	4
lasagna2:m2.3:v1:mean_stationary_v1:b=-07:l=4:r=1	mean_stationary_v1	-7	4	1	14141781820241190585	mean	0	512	cases/mean_stationary_v1__b=-07__l=4__r=1.f64le	d3a1d67aa6945e3382b4519e81c4de47e8f1bb6acd753e1c35ffdef9cc8eadf5	reference/mean_stationary_v1__b=-07__l=4__r=1.lsg2	72e150efb395872b20e9cea43f85897f63fa042b09e21b16bf51c24947d7e41e	930	4
lasagna2:m2.3:v1:mean_stationary_v1:b=-07:l=4:r=2	mean_stationary_v1	-7	4	2	16560425462157161083	mean	0	512	cases/mean_stationary_v1__b=-07__l=4__r=2.f64le	4200fbafecef3c7b6c853093529b1fba791dbc10ba6d57ffdd9e345ed37ff9ee	reference/mean_stationary_v1__b=-07__l=4__r=2.lsg2	92fc0588a93bf7e39e1259f2aa9c989c7499d828f29fa995a47e013a6c0efe10	930	4
lasagna2:m2.3:v1:mean_stationary_v1:b=-07:l=4:r=3	mean_stationary_v1	-7	4	3	8920412597637623195	mean	0	512	cases/mean_stationary_v1__b=-07__l=4__r=3.f64le	dcf7e9a82e214a8b722dd472a5dd18321f6bfa00fa8a702f115f9adad9313684	reference/mean_stationary_v1__b=-07__l=4__r=3.lsg2	d6cb253e40768ecd373ff26d102c161c927eac42ecab0b782a22ca531a8414c8	930	4
lasagna2:m2.3:v1:mean_stationary_v1:b=-07:l=4:r=4	mean_stationary_v1	-7	4	4	6896326242315434619	mean	0	512	cases/mean_stationary_v1__b=-07__l=4__r=4.f64le	fc7336aad9bc00e3b86d97c177d3174d37c2da09482b68afcf6546b262c2e755	reference/mean_stationary_v1__b=-07__l=4__r=4.lsg2	73a7d9cf9651e39a0b771fe522583ed656e5ec9fe38c391cf1d0ba1c0e29025a	930	4
lasagna2:m2.3:v1:mean_stationary_v1:b=-06:l=0:r=0	mean_stationary_v1	-6	0	0	17042956637840494509	mean	0	512	cases/mean_stationary_v1__b=-06__l=0__r=0.f64le	a5f02c552e1e3f562d9e04fdce04859077ca0db6d8bcdff9f07e6fc15eff0ef4	reference/mean_stationary_v1__b=-06__l=0__r=0.lsg2	996bce8480f4c7957baf9c709420a036fed7d5965144ff33812c228511679e6a	930	4
lasagna2:m2.3:v1:mean_stationary_v1:b=-06:l=0:r=1	mean_stationary_v1	-6	0	1	3881982019521226528	mean	0	512	cases/mean_stationary_v1__b=-06__l=0__r=1.f64le	457059da12495ff0a69b1d9cb9551ee55f655214d15daf81870b2c644abbce48	reference/mean_stationary_v1__b=-06__l=0__r=1.lsg2	501e0954c96491c5adacd7d18c52fac8f32070a98f9ede8ee9fe9b7c4af1f7e2	930	4
lasagna2:m2.3:v1:mean_stationary_v1:b=-06:l=0:r=2	mean_stationary_v1	-6	0	2	13956122988410364258	mean	0	512	cases/mean_stationary_v1__b=-06__l=0__r=2.f64le	491f0f8a9e4f9d1957071333f804b419a9bbaa520230016b64db484fdd0de947	reference/mean_stationary_v1__b=-06__l=0__r=2.lsg2	98c3a8b359b5c701aeea6d179d641bc7874044e42b25ae070c7ca89fd1c0a45a	930	4
lasagna2:m2.3:v1:mean_stationary_v1:b=-06:l=0:r=3	mean_stationary_v1	-6	0	3	13534351455027741099	mean	0	512	cases/mean_stationary_v1__b=-06__l=0__r=3.f64le	a4a67d8752d2665d02ff80abb02de583e1e7bd78c60b109823fdfb405aa1597c	reference/mean_stationary_v1__b=-06__l=0__r=3.lsg2	9e5c28cb852bfb5715ccfda9217ed38fc35a1ac47fd621bae6286a337ba6b9d2	930	4
lasagna2:m2.3:v1:mean_stationary_v1:b=-06:l=0:r=4	mean_stationary_v1	-6	0	4	4270879028715979839	mean	0	512	cases/mean_stationary_v1__b=-06__l=0__r=4.f64le	f88059140c0c4b7983762eb7ac2003ece1f463e93f3cbdfac2019336da9c2430	reference/mean_stationary_v1__b=-06__l=0__r=4.lsg2	3e1c240b40b6026445a455db9e4bdd142fc88e57de3485f2c52948c8eec8fc72	930	4
lasagna2:m2.3:v1:mean_stationary_v1:b=-06:l=1:r=0	mean_stationary_v1	-6	1	0	18276955309198957961	mean	0	512	cases/mean_stationary_v1__b=-06__l=1__r=0.f64le	495e69499f3b3f7f9fc5ca28d0181553dc1b79b50cda1e096caea87bbcbfc89e	reference/mean_stationary_v1__b=-06__l=1__r=0.lsg2	9963338f4581c82ba0d66a3c7bd6f346f0c772fcb07473f272aef40ce7ead9b4	930	4
lasagna2:m2.3:v1:mean_stationary_v1:b=-06:l=1:r=1	mean_stationary_v1	-6	1	1	8685331326721566966	mean	0	512	cases/mean_stationary_v1__b=-06__l=1__r=1.f64le	c24ccddc27b3d8783b6014275b2c6d346bcc7f76a0309126c22e42dd0e96342d	reference/mean_stationary_v1__b=-06__l=1__r=1.lsg2	c7b0a64c827d78bbcc130eec02e626ee672328b158c96eeaf0657fdfb5fed581	930	4
lasagna2:m2.3:v1:mean_stationary_v1:b=-06:l=1:r=2	mean_stationary_v1	-6	1	2	14668856611956916573	mean	0	512	cases/mean_stationary_v1__b=-06__l=1__r=2.f64le	4705fbc402c3315d426ba3ef30e55a1bf39c81daf15fa1d830d19fed30a9ff17	reference/mean_stationary_v1__b=-06__l=1__r=2.lsg2	0a8c81adcf166625a654af1dd1fb7d7fb2605d6cc7c4e5e2bdcc2dcecb9a026e	930	4
lasagna2:m2.3:v1:mean_stationary_v1:b=-06:l=1:r=3	mean_stationary_v1	-6	1	3	13271056762804965948	mean	0	512	cases/mean_stationary_v1__b=-06__l=1__r=3.f64le	97e9c6075b63209126381843674993cc57cfa6d81e6d52ef9fa394fcc1338756	reference/mean_stationary_v1__b=-06__l=1__r=3.lsg2	26a3655f3bebe9a45c3838cf68fbf48ceb607ff57e53686dcf9e3ceca94ed9c9	930	4
lasagna2:m2.3:v1:mean_stationary_v1:b=-06:l=1:r=4	mean_stationary_v1	-6	1	4	12298744082130090366	mean	0	512	cases/mean_stationary_v1__b=-06__l=1__r=4.f64le	b06aa94ac6de7bbf628e3bdcb64f80b770ae669a57c25a646dff520b77779c22	reference/mean_stationary_v1__b=-06__l=1__r=4.lsg2	7462735e543947eb288c0c8c4f3d7285a1124ed4e8a562dcd97edafb1148a59c	930	4
lasagna2:m2.3:v1:mean_stationary_v1:b=-06:l=2:r=0	mean_stationary_v1	-6	2	0	18143511012105214875	mean	0	512	cases/mean_stationary_v1__b=-06__l=2__r=0.f64le	c2418e80387a1816b05d3081b3d6da54857f8073168dc4dbd16645c0ed4184d5	reference/mean_stationary_v1__b=-06__l=2__r=0.lsg2	750fc5e572fd44886f283b0a7e2e57df0105ac35a6b7bad31f8bb692ab753fa3	930	4
lasagna2:m2.3:v1:mean_stationary_v1:b=-06:l=2:r=1	mean_stationary_v1	-6	2	1	2031285343051188615	mean	0	512	cases/mean_stationary_v1__b=-06__l=2__r=1.f64le	e1195abe70be0bb2d0329976beca78f2feed0216be74b16d85aeeffe636aed9a	reference/mean_stationary_v1__b=-06__l=2__r=1.lsg2	7dd2426b723dea0820acfa5453e3d867270c3036bfc9086ad256d21b07fa82ce	930	4
lasagna2:m2.3:v1:mean_stationary_v1:b=-06:l=2:r=2	mean_stationary_v1	-6	2	2	9275295203782949155	mean	0	512	cases/mean_stationary_v1__b=-06__l=2__r=2.f64le	bcf4ffd50cb040474e2d58c7097597cf2ba0d1e5df90da4743dc69c478509c00	reference/mean_stationary_v1__b=-06__l=2__r=2.lsg2	ed44525021d11e8797cfd79ef0539b701c03507efc4b2cdf6362e1e073aafef9	930	4
lasagna2:m2.3:v1:mean_stationary_v1:b=-06:l=2:r=3	mean_stationary_v1	-6	2	3	2561099082199516073	mean	0	512	cases/mean_stationary_v1__b=-06__l=2__r=3.f64le	3dc80e133f7ed81f08b3ea7dd36f08929c9c112c491d19959b5a6962f9520e7e	reference/mean_stationary_v1__b=-06__l=2__r=3.lsg2	0ddf71956db08efe61215c83d8ba21059a86256bd9229d38b86e82f327b64ed4	930	4
lasagna2:m2.3:v1:mean_stationary_v1:b=-06:l=2:r=4	mean_stationary_v1	-6	2	4	4182760774318952483	mean	0	512	cases/mean_stationary_v1__b=-06__l=2__r=4.f64le	2d92faf3a3e072735a2b5fd56bbdd720929cb59c21cb5e79c4c5ad74f1a45f86	reference/mean_stationary_v1__b=-06__l=2__r=4.lsg2	ead60b0e66f346c35d72c16ce2179768adc18bef9db22f9949c1b8e959ca9e28	930	4
lasagna2:m2.3:v1:mean_stationary_v1:b=-06:l=3:r=0	mean_stationary_v1	-6	3	0	5699505144547787863	mean	0	512	cases/mean_stationary_v1__b=-06__l=3__r=0.f64le	7096ad8faf6c574361a7a3190e9529be3af8a649d3fa779286b83a2919c68cf0	reference/mean_stationary_v1__b=-06__l=3__r=0.lsg2	6285d09bd2a7488e57540f9b898fb199fad7fab622dcdea74dae4926ba9476fd	930	4
lasagna2:m2.3:v1:mean_stationary_v1:b=-06:l=3:r=1	mean_stationary_v1	-6	3	1	10008935044820199536	mean	0	512	cases/mean_stationary_v1__b=-06__l=3__r=1.f64le	d0b927d3fd686f09cd152872a6d5e2e5412b5a5e78198c9752ee5f97b7efaedf	reference/mean_stationary_v1__b=-06__l=3__r=1.lsg2	05a2dc33e9ee2e216be7f1b0c25beeac7ec63e2769f275d4288502aec11ec93b	930	4
lasagna2:m2.3:v1:mean_stationary_v1:b=-06:l=3:r=2	mean_stationary_v1	-6	3	2	5285929746651396435	mean	0	512	cases/mean_stationary_v1__b=-06__l=3__r=2.f64le	cc99021fe8f233eddd9003068031804da0049c4fef091d692145753418d453fd	reference/mean_stationary_v1__b=-06__l=3__r=2.lsg2	f9531a90c968a1b4a0ceac092f9c3ba44049cd46596ab19481a38676b35b183f	930	4
lasagna2:m2.3:v1:mean_stationary_v1:b=-06:l=3:r=3	mean_stationary_v1	-6	3	3	13361845641502580073	mean	0	512	cases/mean_stationary_v1__b=-06__l=3__r=3.f64le	54a99dbae369a36e777856d64ce4f1452fb793899cd1a7aad25b1a37337cd379	reference/mean_stationary_v1__b=-06__l=3__r=3.lsg2	85952985c380fa7152d561dcd5fffd3cefdaaad9ce21a8b208d482446dcc4370	930	4
lasagna2:m2.3:v1:mean_stationary_v1:b=-06:l=3:r=4	mean_stationary_v1	-6	3	4	499408264519117489	mean	0	512	cases/mean_stationary_v1__b=-06__l=3__r=4.f64le	bbefbb4dfcc4a65ee0d7697f5e73e1f962398741e143c1eca4a016551c8ad20c	reference/mean_stationary_v1__b=-06__l=3__r=4.lsg2	2ac0c363f7dc8e25856eeadee4f8c7aa7558b7d4705ee39ffb9da1626ae2bf5b	930	4
lasagna2:m2.3:v1:mean_stationary_v1:b=-06:l=4:r=0	mean_stationary_v1	-6	4	0	13254383622241051005	mean	0	512	cases/mean_stationary_v1__b=-06__l=4__r=0.f64le	34a62cc5bdaaa7ba8a794b5157690c34259e3e09a7b701ee64b865ea9f911c72	reference/mean_stationary_v1__b=-06__l=4__r=0.lsg2	821b6718a80ea09b4bb7f2629dccb2ade0b2eb3d72876dbacdd43d7b99d57255	930	4
lasagna2:m2.3:v1:mean_stationary_v1:b=-06:l=4:r=1	mean_stationary_v1	-6	4	1	17771700406154750056	mean	0	512	cases/mean_stationary_v1__b=-06__l=4__r=1.f64le	a4efc4f67890c1da107e1aabb071205b8d44aee9313f60aea30b9ac51b8bfe48	reference/mean_stationary_v1__b=-06__l=4__r=1.lsg2	54150ba8bb383892944b36136a6fc31989a1ab6411cddc2fa7af9dc8601cfb58	930	4
lasagna2:m2.3:v1:mean_stationary_v1:b=-06:l=4:r=2	mean_stationary_v1	-6	4	2	6886459668950669522	mean	0	512	cases/mean_stationary_v1__b=-06__l=4__r=2.f64le	6d141fb3ebaccecdbd30ee9f9933d1b515516152d8f08dbbf586aac92de26258	reference/mean_stationary_v1__b=-06__l=4__r=2.lsg2	96aad31f75140e98a06b6724e779ca66464c24b0986e85cf544a84c73e0b4457	930	4
lasagna2:m2.3:v1:mean_stationary_v1:b=-06:l=4:r=3	mean_stationary_v1	-6	4	3	18223794655597453069	mean	0	512	cases/mean_stationary_v1__b=-06__l=4__r=3.f64le	c9219972a8200ec6e95d0139ab40f75b9c766a7ca70df6eaaf58991b2a443ae5	reference/mean_stationary_v1__b=-06__l=4__r=3.lsg2	82564332957b176f96a5f03eb1246d4113dbf23b8fb01d3e99e2d8b459e9b55a	930	4
lasagna2:m2.3:v1:mean_stationary_v1:b=-06:l=4:r=4	mean_stationary_v1	-6	4	4	8116998567437255186	mean	0	512	cases/mean_stationary_v1__b=-06__l=4__r=4.f64le	3dc5269967a86bb0f4ae395096a40426ded44d0b4c14de67f01208ac9e75540b	reference/mean_stationary_v1__b=-06__l=4__r=4.lsg2	c645207baec2ed330137575d66ff7585bc26f99f7aed1d658bc162065104f2f8	930	4
lasagna2:m2.3:v1:mean_stationary_v1:b=-05:l=0:r=0	mean_stationary_v1	-5	0	0	17831388578005279620	mean	0	512	cases/mean_stationary_v1__b=-05__l=0__r=0.f64le	6aaaeef8075ec3c157abdae3f9f16bcf27cd5e4960525a4b1c4456fc2ab556da	reference/mean_stationary_v1__b=-05__l=0__r=0.lsg2	448179e0db690ca1d8332e8169432c3416ec77c4e319b69d02ad0193dd712fbc	930	4
lasagna2:m2.3:v1:mean_stationary_v1:b=-05:l=0:r=1	mean_stationary_v1	-5	0	1	5410811472650715054	mean	0	512	cases/mean_stationary_v1__b=-05__l=0__r=1.f64le	c0a7abdc37ae71d18fdc4df70b31a902fad098ee3b85ed3c81b8e064e3f5e2e3	reference/mean_stationary_v1__b=-05__l=0__r=1.lsg2	2b9b3f29e99a89cb96f6d300da8a94cfbe6b1a5ce52286baf0751553012a479f	930	4
lasagna2:m2.3:v1:mean_stationary_v1:b=-05:l=0:r=2	mean_stationary_v1	-5	0	2	2446444038128995684	mean	0	512	cases/mean_stationary_v1__b=-05__l=0__r=2.f64le	992e2baa44a19c92847e687e9af39139c6c858b65bcf08c25eb0ca613b6cb6d8	reference/mean_stationary_v1__b=-05__l=0__r=2.lsg2	325cfe02939a0c289a8cffd2c3edbd4fa3bd9704120120b0796086633d03a963	930	4
lasagna2:m2.3:v1:mean_stationary_v1:b=-05:l=0:r=3	mean_stationary_v1	-5	0	3	14395450382678683889	mean	0	512	cases/mean_stationary_v1__b=-05__l=0__r=3.f64le	21db06de6a0ae9e1bcbe529095eacda41ef99d3d33f318f0e082f8eb39a33d1d	reference/mean_stationary_v1__b=-05__l=0__r=3.lsg2	79bd4d1a5ecdcfadb77de8a98ac0bff3f53ccdc0ca096c871e087c0ca5604f94	930	4
lasagna2:m2.3:v1:mean_stationary_v1:b=-05:l=0:r=4	mean_stationary_v1	-5	0	4	13253727646804872698	mean	0	512	cases/mean_stationary_v1__b=-05__l=0__r=4.f64le	6031dcc9bf2bb337ebff0b8526324c92ae87ac0f8cdfde5dd231439053365abf	reference/mean_stationary_v1__b=-05__l=0__r=4.lsg2	7a613430e796be2bdeb243f93dd9892048b9965b25fe0db15e454a8abc1be065	930	4
lasagna2:m2.3:v1:mean_stationary_v1:b=-05:l=1:r=0	mean_stationary_v1	-5	1	0	3869653131104326909	mean	0	512	cases/mean_stationary_v1__b=-05__l=1__r=0.f64le	d84b3a6f7072da32f45b50c89cda8adfd5d7b309f760e99ea1442a45f62cd8f7	reference/mean_stationary_v1__b=-05__l=1__r=0.lsg2	6f04a72c81d8855ff7c5caad23f8a4a8a02aae249d83d35298e78291d9893b8a	930	4
lasagna2:m2.3:v1:mean_stationary_v1:b=-05:l=1:r=1	mean_stationary_v1	-5	1	1	10008009863011839418	mean	0	512	cases/mean_stationary_v1__b=-05__l=1__r=1.f64le	a1bc3480e1d0187910e37eaf516aba0cb4a2dafa96df2451dfad84a50593167d	reference/mean_stationary_v1__b=-05__l=1__r=1.lsg2	62157a1d5179dd3b4bd01023a5c414c60fdc9c1c61004f7ff7e53a6b8a46ab91	930	4
lasagna2:m2.3:v1:mean_stationary_v1:b=-05:l=1:r=2	mean_stationary_v1	-5	1	2	2528969281333063389	mean	0	512	cases/mean_stationary_v1__b=-05__l=1__r=2.f64le	019868089777aba876ba3618a60357f3692accd698b71e5547ad9c711d5492b2	reference/mean_stationary_v1__b=-05__l=1__r=2.lsg2	e52980ed10898ab903a480e03db2c866c8517554a5f203762302e1dc88ee4f02	930	4
lasagna2:m2.3:v1:mean_stationary_v1:b=-05:l=1:r=3	mean_stationary_v1	-5	1	3	16511807741823398426	mean	0	512	cases/mean_stationary_v1__b=-05__l=1__r=3.f64le	16fcfe0d0159945c4f458d02eff83fde0ad38c3fc13c2c0685d762475a70e7ac	reference/mean_stationary_v1__b=-05__l=1__r=3.lsg2	ad2e38d5058451719e58cc97bc27e9cd97b5af79fcc56ee7d5a718145f88e890	930	4
lasagna2:m2.3:v1:mean_stationary_v1:b=-05:l=1:r=4	mean_stationary_v1	-5	1	4	1043741578483085280	mean	0	512	cases/mean_stationary_v1__b=-05__l=1__r=4.f64le	55e8363aa021ada32b8aa93060e6ce52d4ea0956d8a2cae45614efee2e6fb172	reference/mean_stationary_v1__b=-05__l=1__r=4.lsg2	8f544b8a8066bf252ae3fdc4d075b4ab341562b68bf00997cb3be9e355b5b80c	930	4
lasagna2:m2.3:v1:mean_stationary_v1:b=-05:l=2:r=0	mean_stationary_v1	-5	2	0	743045700095398453	mean	0	512	cases/mean_stationary_v1__b=-05__l=2__r=0.f64le	2ff10eb09d4accb2c701f24f6e253d77a056ca6fa6cb8df7691bda5da396862e	reference/mean_stationary_v1__b=-05__l=2__r=0.lsg2	aacddeeb7847dd0676d7c4a72d2b2c1f1bdbe62f8a6afae0bce71fba423f19a3	930	4
lasagna2:m2.3:v1:mean_stationary_v1:b=-05:l=2:r=1	mean_stationary_v1	-5	2	1	16181275301334177753	mean	0	512	cases/mean_stationary_v1__b=-05__l=2__r=1.f64le	39213116d824271d67b6d8c037937b5b6496a007a0507d9280164a6ab28c6bbb	reference/mean_stationary_v1__b=-05__l=2__r=1.lsg2	f89df1ec29a9b16eca8dc1811ed0b2b649d93787d4abe57efa3bce87f7aae048	930	4
lasagna2:m2.3:v1:mean_stationary_v1:b=-05:l=2:r=2	mean_stationary_v1	-5	2	2	16735923915828321573	mean	0	512	cases/mean_stationary_v1__b=-05__l=2__r=2.f64le	a048eade545555bf85e6c09a6aa492841f7125978bda0d5689352d434aad255e	reference/mean_stationary_v1__b=-05__l=2__r=2.lsg2	3672594fea935fc300635539100280a66ddbcf1b9607278fd0ea3208b6b9cc4b	930	4
lasagna2:m2.3:v1:mean_stationary_v1:b=-05:l=2:r=3	mean_stationary_v1	-5	2	3	2575391789280809556	mean	0	512	cases/mean_stationary_v1__b=-05__l=2__r=3.f64le	89d9fe1930c75231ed9c549e01171fb10f8cd514e47c237a47e1737fe602f05a	reference/mean_stationary_v1__b=-05__l=2__r=3.lsg2	9dcce288a79770a9acb321ccf881d0215564bd5615d267318e9e120c1b153aa8	930	4
lasagna2:m2.3:v1:mean_stationary_v1:b=-05:l=2:r=4	mean_stationary_v1	-5	2	4	12902032869866954197	mean	0	512	cases/mean_stationary_v1__b=-05__l=2__r=4.f64le	30e2790aecc98232184b30dfc865c2bbbe99ad191e2ba5437f3245906bf1c68f	reference/mean_stationary_v1__b=-05__l=2__r=4.lsg2	c57cac51a3451f8426158a6be905dd2e81bff823bfbb114d6091b0c493c45784	930	4
lasagna2:m2.3:v1:mean_stationary_v1:b=-05:l=3:r=0	mean_stationary_v1	-5	3	0	4674822374248975147	mean	0	512	cases/mean_stationary_v1__b=-05__l=3__r=0.f64le	ea3ae4ccac5e722aa2fa096bc3a0d28d2f541d58a6df763a3b07eb2929f3dee9	reference/mean_stationary_v1__b=-05__l=3__r=0.lsg2	545ff29a7e0620d224514dd5a581ece30a5141b43a59680ff77f59218cbdd2a3	930	4
lasagna2:m2.3:v1:mean_stationary_v1:b=-05:l=3:r=1	mean_stationary_v1	-5	3	1	1013422886607195928	mean	0	512	cases/mean_stationary_v1__b=-05__l=3__r=1.f64le	32c5c816d008dd4cda37db38bd19fd549456281ea90980d090acdd0360f4603b	reference/mean_stationary_v1__b=-05__l=3__r=1.lsg2	3c2fd3ba04f2938d73bd1e4713894691247c5fc77fd25533c086e002eca40f2e	930	4
lasagna2:m2.3:v1:mean_stationary_v1:b=-05:l=3:r=2	mean_stationary_v1	-5	3	2	3333630647252267681	mean	0	512	cases/mean_stationary_v1__b=-05__l=3__r=2.f64le	cd98648cef62b2534cc5436e3d11d9086715c823f662ba72abc0157b2d69ee7d	reference/mean_stationary_v1__b=-05__l=3__r=2.lsg2	4fdae1f6557ba894a10d9ff4968f612382b02481b389c1e9174430d4a877f96c	930	4
lasagna2:m2.3:v1:mean_stationary_v1:b=-05:l=3:r=3	mean_stationary_v1	-5	3	3	13223302953026587193	mean	0	512	cases/mean_stationary_v1__b=-05__l=3__r=3.f64le	dc54de7ac91172548557728965fdbcaf6160e961e8753d4dcba603f00ff8fb32	reference/mean_stationary_v1__b=-05__l=3__r=3.lsg2	cd7b3853e14bd939a786765930e4257d86d718f8061ec73a3ac77180b0324ad3	930	4
lasagna2:m2.3:v1:mean_stationary_v1:b=-05:l=3:r=4	mean_stationary_v1	-5	3	4	5137489345752338122	mean	0	512	cases/mean_stationary_v1__b=-05__l=3__r=4.f64le	42e7b035a6e7a092fcb73e884d85c8a4e532c1031528c6978f3fe202baa195d9	reference/mean_stationary_v1__b=-05__l=3__r=4.lsg2	af57df01b96086337879661078350de00a1652f011a6c25a07ba443b08ae2179	930	4
lasagna2:m2.3:v1:mean_stationary_v1:b=-05:l=4:r=0	mean_stationary_v1	-5	4	0	12721716514656539480	mean	0	512	cases/mean_stationary_v1__b=-05__l=4__r=0.f64le	ef46daeb27611dbfa0a00aada2f646dc963d1fa93542ced7f85135c7cc6af83e	reference/mean_stationary_v1__b=-05__l=4__r=0.lsg2	d94239c5937bb965f17788f1a7d37aeecd66cc72a17606a1a341ba913d04fc93	930	4
lasagna2:m2.3:v1:mean_stationary_v1:b=-05:l=4:r=1	mean_stationary_v1	-5	4	1	16523095341304753382	mean	0	512	cases/mean_stationary_v1__b=-05__l=4__r=1.f64le	a21a763edc178ea508a5d6397767d4ab3cf4f8ec2ce5020af4c4d224b4b534a8	reference/mean_stationary_v1__b=-05__l=4__r=1.lsg2	3bf377aed7f6a9c74134b0aa6086403d34e44b9543f8c5749bfa090c86374d71	930	4
lasagna2:m2.3:v1:mean_stationary_v1:b=-05:l=4:r=2	mean_stationary_v1	-5	4	2	14056112024374705261	mean	0	512	cases/mean_stationary_v1__b=-05__l=4__r=2.f64le	7b8e28ac11750c29b657f9a44796e03631e3e890a891fac4018d6b33be5b5262	reference/mean_stationary_v1__b=-05__l=4__r=2.lsg2	49b73375eba260d5ddffde30981592229c2b5799a57c3246ee402083f5efa2e0	930	4
lasagna2:m2.3:v1:mean_stationary_v1:b=-05:l=4:r=3	mean_stationary_v1	-5	4	3	14970058599803319473	mean	0	512	cases/mean_stationary_v1__b=-05__l=4__r=3.f64le	8d9b7b31515ce3f275a2c44fe811a8e8ba9088c5be6f36b680c844e7fe9778dc	reference/mean_stationary_v1__b=-05__l=4__r=3.lsg2	b95ff6d9652281361d38c01567285545bd9c246118c7e882c1a8c16cbfb82429	930	4
lasagna2:m2.3:v1:mean_stationary_v1:b=-05:l=4:r=4	mean_stationary_v1	-5	4	4	11086084561371826937	mean	0	512	cases/mean_stationary_v1__b=-05__l=4__r=4.f64le	fc0ac67ceb11bfcce103923e0c94d45e4b059ef333234a379ee4ba194426d2cd	reference/mean_stationary_v1__b=-05__l=4__r=4.lsg2	72c2efcddbbf5640984949114b10d5cc16d3db912a6a3d088b1d978ffd27ec47	930	4
lasagna2:m2.3:v1:mean_stationary_v1:b=-04:l=0:r=0	mean_stationary_v1	-4	0	0	513958155659281402	mean	0	512	cases/mean_stationary_v1__b=-04__l=0__r=0.f64le	a2785d399dd0c5661e89f9f193b4cff07299f74d5f4509fa46dc9e6fb8be1962	reference/mean_stationary_v1__b=-04__l=0__r=0.lsg2	994ed91ab6ec75e572d6c110cc619da30a154b489a3f70d79d8e94b469530d12	930	4
lasagna2:m2.3:v1:mean_stationary_v1:b=-04:l=0:r=1	mean_stationary_v1	-4	0	1	4469227253371421117	mean	0	512	cases/mean_stationary_v1__b=-04__l=0__r=1.f64le	dab65b47f12fad03560dcbb9c770f66a926058f590055425f2d9d4854d56b9f7	reference/mean_stationary_v1__b=-04__l=0__r=1.lsg2	8befd7e6f7476fbbab287dee52d88b9b1084f909fe01fd14335bca195f0dd78c	930	4
lasagna2:m2.3:v1:mean_stationary_v1:b=-04:l=0:r=2	mean_stationary_v1	-4	0	2	12906801155393721903	mean	0	512	cases/mean_stationary_v1__b=-04__l=0__r=2.f64le	4262d35a432c7b8ed0fb7e495db4433a81dfc86b5d8fefe6de03b3dd3efc696b	reference/mean_stationary_v1__b=-04__l=0__r=2.lsg2	55cd94e8de8cbf61eaffff33c6b31dc16e98a3a8740d2e2dd90768ab4cdfe2c1	930	4
lasagna2:m2.3:v1:mean_stationary_v1:b=-04:l=0:r=3	mean_stationary_v1	-4	0	3	16245079045358483119	mean	0	512	cases/mean_stationary_v1__b=-04__l=0__r=3.f64le	e7877c09b052988c1d1a940cda14a5399ed515fc49f27aaff9829a2a70258aa1	reference/mean_stationary_v1__b=-04__l=0__r=3.lsg2	d6e1da973bb8bfb46f2b7fdf59e8d6d37a3d54890886646f55dc027499bb0d58	930	4
lasagna2:m2.3:v1:mean_stationary_v1:b=-04:l=0:r=4	mean_stationary_v1	-4	0	4	11389115951092592615	mean	0	512	cases/mean_stationary_v1__b=-04__l=0__r=4.f64le	89860fca6da7ebf10fce0707a4af572649d393fc3eef41c9cc1e6a0127a2a138	reference/mean_stationary_v1__b=-04__l=0__r=4.lsg2	1bd111b6721de409d04c525a2d51df9443d67efebbbf4eac05f11256d4dd5a40	930	4
lasagna2:m2.3:v1:mean_stationary_v1:b=-04:l=1:r=0	mean_stationary_v1	-4	1	0	1800033756545873324	mean	0	512	cases/mean_stationary_v1__b=-04__l=1__r=0.f64le	debdf7daf1141cbe13932bf47dfadc15bbd55604e880a25dfc1de0845104fc1e	reference/mean_stationary_v1__b=-04__l=1__r=0.lsg2	ea5023c9a70123210b7c07f86ff4df81468bc4ab3cfc823c18361f22d247f1b9	930	4
lasagna2:m2.3:v1:mean_stationary_v1:b=-04:l=1:r=1	mean_stationary_v1	-4	1	1	4676649451939240693	mean	0	512	cases/mean_stationary_v1__b=-04__l=1__r=1.f64le	e0fbb42a81cfa16d6ba4a13c4f56bddac60aa4f468b57d31566661a6ae66ff2f	reference/mean_stationary_v1__b=-04__l=1__r=1.lsg2	ef6d595b26091b0b884ade5303ad6bebbbde9c9938c1705dbaffd5ffbc929235	930	4
lasagna2:m2.3:v1:mean_stationary_v1:b=-04:l=1:r=2	mean_stationary_v1	-4	1	2	3084782172620544504	mean	0	512	cases/mean_stationary_v1__b=-04__l=1__r=2.f64le	542ffc2784863a745bd83e09b439dd38f0c146edf49a7503882e977a30fcc99b	reference/mean_stationary_v1__b=-04__l=1__r=2.lsg2	b84aed97ea03e3b92bf368f38c3160a1a2b8c4f54bd05cf28c4ca969a46e7a82	930	4
lasagna2:m2.3:v1:mean_stationary_v1:b=-04:l=1:r=3	mean_stationary_v1	-4	1	3	11345263244921424980	mean	0	512	cases/mean_stationary_v1__b=-04__l=1__r=3.f64le	678820c5a9c2294c1e16c003218d32bb77954a23bf0fdc4585a2d1b093203485	reference/mean_stationary_v1__b=-04__l=1__r=3.lsg2	7e2ddb99adbc043be134491e9b7eaa0a56a4ba998d08790dd5ca52e6513c9ed5	930	4
lasagna2:m2.3:v1:mean_stationary_v1:b=-04:l=1:r=4	mean_stationary_v1	-4	1	4	5601053130693229424	mean	0	512	cases/mean_stationary_v1__b=-04__l=1__r=4.f64le	79be3d1d92c538ed773abff3c2b832bde94b54a380171412b3d000d27e2e9647	reference/mean_stationary_v1__b=-04__l=1__r=4.lsg2	90e91fd41dc369f718ba4e79015a7b994b81758ced3323a3b55e27ae56a908fa	930	4
lasagna2:m2.3:v1:mean_stationary_v1:b=-04:l=2:r=0	mean_stationary_v1	-4	2	0	738755307265018818	mean	0	512	cases/mean_stationary_v1__b=-04__l=2__r=0.f64le	dddb0a70d6aac48499f438c42b128b9070178445320e17476e17d47c57ad77b4	reference/mean_stationary_v1__b=-04__l=2__r=0.lsg2	59944cd1525aaa57c5c515859154b02bcb52a68622673a700b4cce32ae11d3f4	930	4
lasagna2:m2.3:v1:mean_stationary_v1:b=-04:l=2:r=1	mean_stationary_v1	-4	2	1	5802133877899327057	mean	0	512	cases/mean_stationary_v1__b=-04__l=2__r=1.f64le	3030408f7e985771e5361f2f60cd7bfbc865b066609aa8f35ab12763853ceb57	reference/mean_stationary_v1__b=-04__l=2__r=1.lsg2	b156db1a68534eac31c39bcc8df89a9d0a5a6492d7c4265dbedb851fbdee7da2	930	4
lasagna2:m2.3:v1:mean_stationary_v1:b=-04:l=2:r=2	mean_stationary_v1	-4	2	2	13442059268101524826	mean	0	512	cases/mean_stationary_v1__b=-04__l=2__r=2.f64le	ec95220f6894be09ab0b772e6737e4ae47a95962c1663fe0b6e8714cee5c34a9	reference/mean_stationary_v1__b=-04__l=2__r=2.lsg2	08186018a319971c87be3fa89c3710a09b3542ad3437db89600b7ea823710128	930	4
lasagna2:m2.3:v1:mean_stationary_v1:b=-04:l=2:r=3	mean_stationary_v1	-4	2	3	914557380179663781	mean	0	512	cases/mean_stationary_v1__b=-04__l=2__r=3.f64le	0b583c9dd99861dca06c4a93b888bffb26028a7399f7509d568e4f4a5905c3d9	reference/mean_stationary_v1__b=-04__l=2__r=3.lsg2	430e5bf75fb83ecb8285f9971803e771406ca7efbb95837b020453ed50e140ef	930	4
lasagna2:m2.3:v1:mean_stationary_v1:b=-04:l=2:r=4	mean_stationary_v1	-4	2	4	7617141574747746020	mean	0	512	cases/mean_stationary_v1__b=-04__l=2__r=4.f64le	b036dffada97cf351d6d38225e70f8593256e2ff7b1da259320fbb01b2f90507	reference/mean_stationary_v1__b=-04__l=2__r=4.lsg2	199be98d8c2e2b53ba4aa9977f6c73bda0289bb34aaac9e893626c18e889e5c5	930	4
lasagna2:m2.3:v1:mean_stationary_v1:b=-04:l=3:r=0	mean_stationary_v1	-4	3	0	13467663124340387206	mean	0	512	cases/mean_stationary_v1__b=-04__l=3__r=0.f64le	01d7cbceebb05b43c011b0152143c88ff38cac0050ade990d358246d05b68d44	reference/mean_stationary_v1__b=-04__l=3__r=0.lsg2	6cb8c1084d72a7219ee7a984446f7f1c97b0b9d3bf720683dc8e78b30f7fe814	930	4
lasagna2:m2.3:v1:mean_stationary_v1:b=-04:l=3:r=1	mean_stationary_v1	-4	3	1	7690218442504939723	mean	0	512	cases/mean_stationary_v1__b=-04__l=3__r=1.f64le	fa7e40fad5651dadc23622b30fc5ff122de4f666c4b406d47118e3c4f9808f7f	reference/mean_stationary_v1__b=-04__l=3__r=1.lsg2	853de846f6dcf499a24be145972cf905b905541433191bf0e83b9cc9ec8e8f9f	930	4
lasagna2:m2.3:v1:mean_stationary_v1:b=-04:l=3:r=2	mean_stationary_v1	-4	3	2	11043858487321665172	mean	0	512	cases/mean_stationary_v1__b=-04__l=3__r=2.f64le	eb4119105b8f7a959ce93cf8564a9445c4b4c80b308503a1cfc1d6f10831df6c	reference/mean_stationary_v1__b=-04__l=3__r=2.lsg2	b68a4425c58c79dc12274649d79c7f68309685b6cdd87672659c8d8a6df61396	930	4
lasagna2:m2.3:v1:mean_stationary_v1:b=-04:l=3:r=3	mean_stationary_v1	-4	3	3	11990583075185272172	mean	0	512	cases/mean_stationary_v1__b=-04__l=3__r=3.f64le	250b056414d97e6db1559541e3bd651ba6c2248cfc835ccb4ecc30f795e88437	reference/mean_stationary_v1__b=-04__l=3__r=3.lsg2	d7bb52408e9b2e3217fcee11176af4c991c04d27c60652ffa4bd8eb204aa3d5d	930	4
lasagna2:m2.3:v1:mean_stationary_v1:b=-04:l=3:r=4	mean_stationary_v1	-4	3	4	8848677534025096524	mean	0	512	cases/mean_stationary_v1__b=-04__l=3__r=4.f64le	46a06024d8fbba7b5f6ff80dc4f77143046c53becb9ba9cda5bba331d4440943	reference/mean_stationary_v1__b=-04__l=3__r=4.lsg2	33cda140c0dca72170c70034fe1be8daeac8830f8eb49617bc3d4232e8c1b325	930	4
lasagna2:m2.3:v1:mean_stationary_v1:b=-04:l=4:r=0	mean_stationary_v1	-4	4	0	2708719974987985843	mean	0	512	cases/mean_stationary_v1__b=-04__l=4__r=0.f64le	c536498d7176f88e749c8a1ee37c78cfac4360d76bdd3bce54229bf3a43af2b2	reference/mean_stationary_v1__b=-04__l=4__r=0.lsg2	471208b31047107fe5021fb5e3a1222f7feaacb3ce76548a83a0ec1c6966c333	930	4
lasagna2:m2.3:v1:mean_stationary_v1:b=-04:l=4:r=1	mean_stationary_v1	-4	4	1	2424499892153269567	mean	0	512	cases/mean_stationary_v1__b=-04__l=4__r=1.f64le	3f0d6b2bc839ef714965459401b3cdd126628ead0ec9f8c6a78fc61bbdf377db	reference/mean_stationary_v1__b=-04__l=4__r=1.lsg2	57ca09a7884757e01c4968a5db59356abdc807185a97642b9882ff7a852b0a2b	930	4
lasagna2:m2.3:v1:mean_stationary_v1:b=-04:l=4:r=2	mean_stationary_v1	-4	4	2	9350156281257014264	mean	0	512	cases/mean_stationary_v1__b=-04__l=4__r=2.f64le	402524de13bf252a9bf2ec119de6d82b9380bacfb654b092959a7d54029cc041	reference/mean_stationary_v1__b=-04__l=4__r=2.lsg2	01bbde0941e4c36f8cc976ca8f152e375cbfc39787db1269b2a42c4651135d08	930	4
lasagna2:m2.3:v1:mean_stationary_v1:b=-04:l=4:r=3	mean_stationary_v1	-4	4	3	16480614966180835928	mean	0	512	cases/mean_stationary_v1__b=-04__l=4__r=3.f64le	c44c99815aa1ad13d22c99c179a4155ca2df180b114057a1a92bfceb2cd0e16a	reference/mean_stationary_v1__b=-04__l=4__r=3.lsg2	134039d39a804f9d8eae26d2cf22fd73cfd19b4adb2b3ec48ce9ccf0a7e03684	930	4
lasagna2:m2.3:v1:mean_stationary_v1:b=-04:l=4:r=4	mean_stationary_v1	-4	4	4	17483881699545200880	mean	0	512	cases/mean_stationary_v1__b=-04__l=4__r=4.f64le	d843c5a85217554132daf73de70b74cccb579e3b2b7fa2135eaef1df61a32a4b	reference/mean_stationary_v1__b=-04__l=4__r=4.lsg2	dd00d1544c5b35d117d1ed52e4f18e0417a6c4f8ed75cfbef015659e6f57db76	930	4
lasagna2:m2.3:v1:mean_stationary_v1:b=-03:l=0:r=0	mean_stationary_v1	-3	0	0	5976174186475292680	mean	0	512	cases/mean_stationary_v1__b=-03__l=0__r=0.f64le	8b084c9e9237c33509896e92f0649c8c8fa10a58a695a28816774e230ef0983a	reference/mean_stationary_v1__b=-03__l=0__r=0.lsg2	f9640eb4ca85d8cb891bc76a95141624c1a07106785dcbed8467997ecc1a7b3a	930	4
lasagna2:m2.3:v1:mean_stationary_v1:b=-03:l=0:r=1	mean_stationary_v1	-3	0	1	13876351276530197464	mean	0	512	cases/mean_stationary_v1__b=-03__l=0__r=1.f64le	97f63518435874fb660e9b5c52f3525689ae8c760fd594559b70bbc1a6a847ad	reference/mean_stationary_v1__b=-03__l=0__r=1.lsg2	42d4646357bc3a6d90d83c890850bfaf0bff0fd81d115da2ddde93dcf3622480	930	4
lasagna2:m2.3:v1:mean_stationary_v1:b=-03:l=0:r=2	mean_stationary_v1	-3	0	2	10647521353531585817	mean	0	512	cases/mean_stationary_v1__b=-03__l=0__r=2.f64le	06e73d573a36389c86bff35af6a2f1861b35107262229b465ad1707140a21870	reference/mean_stationary_v1__b=-03__l=0__r=2.lsg2	8ccbf02966bfc3b9b4d384677d747e1869bba381307598539bc2978380b89ca1	930	4
lasagna2:m2.3:v1:mean_stationary_v1:b=-03:l=0:r=3	mean_stationary_v1	-3	0	3	15602977099105375554	mean	0	512	cases/mean_stationary_v1__b=-03__l=0__r=3.f64le	6701286d82a007cec39739e707e589130206e9ffed2406ebbb89e8412f03906e	reference/mean_stationary_v1__b=-03__l=0__r=3.lsg2	674ceb74ee1de8a07ac1ab32e5dfaaa96c4e3aae7cc30d9440382733cd166796	930	4
lasagna2:m2.3:v1:mean_stationary_v1:b=-03:l=0:r=4	mean_stationary_v1	-3	0	4	4702752759408749542	mean	0	512	cases/mean_stationary_v1__b=-03__l=0__r=4.f64le	9bbe629465014ee1458602e38c5b25cb5c2766f0d35f6240b8d69fb8b7c1852f	reference/mean_stationary_v1__b=-03__l=0__r=4.lsg2	034ab9e43a211761690bd8d95195c310b30de056ac0398145fa64b88ad574861	930	4
lasagna2:m2.3:v1:mean_stationary_v1:b=-03:l=1:r=0	mean_stationary_v1	-3	1	0	2440012938281129397	mean	0	512	cases/mean_stationary_v1__b=-03__l=1__r=0.f64le	4e4520eac89c0576225bf24210c4fa5a3bb880b329eea44934eb97bbac298bad	reference/mean_stationary_v1__b=-03__l=1__r=0.lsg2	5c62c4b1cad6056459db1d4e0c5b4f1c2e48fd8fad8d15c81d8190587c34ca2f	930	4
lasagna2:m2.3:v1:mean_stationary_v1:b=-03:l=1:r=1	mean_stationary_v1	-3	1	1	9577496066322140002	mean	0	512	cases/mean_stationary_v1__b=-03__l=1__r=1.f64le	c5b4576ed882a2a470bc69a3b43560d19348bdeaeb354e921350a094aeb90753	reference/mean_stationary_v1__b=-03__l=1__r=1.lsg2	472fd84509d3ba3e165e98e82eb1050523ae75ba1013e08bb4e55a92b273cdbf	930	4
lasagna2:m2.3:v1:mean_stationary_v1:b=-03:l=1:r=2	mean_stationary_v1	-3	1	2	15222710634983493089	mean	0	512	cases/mean_stationary_v1__b=-03__l=1__r=2.f64le	323588255c2898285064601ab7e53588dc895267e7a762a6907a2b0fe16ff3b8	reference/mean_stationary_v1__b=-03__l=1__r=2.lsg2	a7639e0cc6b4f4a285c381648bf1f97925331ccc0844bd37008fc5f2e50b014b	930	4
lasagna2:m2.3:v1:mean_stationary_v1:b=-03:l=1:r=3	mean_stationary_v1	-3	1	3	15547340112152353574	mean	0	512	cases/mean_stationary_v1__b=-03__l=1__r=3.f64le	770669241a7aaa8b86b1504b93dee3efa1cc51b94592b74a58409b8203e242cb	reference/mean_stationary_v1__b=-03__l=1__r=3.lsg2	a3231a5e3d7b780a04d5f04e0240c6d00ff54ab107caffdd695d82f2be8459d5	930	4
lasagna2:m2.3:v1:mean_stationary_v1:b=-03:l=1:r=4	mean_stationary_v1	-3	1	4	11805321948595152692	mean	0	512	cases/mean_stationary_v1__b=-03__l=1__r=4.f64le	cb0d43b194e8bcbbde8a3649dcc922df8f468c7e3c38f8e1f9d5c94b92106e1e	reference/mean_stationary_v1__b=-03__l=1__r=4.lsg2	6bb773aeccffd25741e7339cdf5bc80961c8c04c5ae896a426972fb731a87603	930	4
lasagna2:m2.3:v1:mean_stationary_v1:b=-03:l=2:r=0	mean_stationary_v1	-3	2	0	5480169496604087339	mean	0	512	cases/mean_stationary_v1__b=-03__l=2__r=0.f64le	0b96cc82af51b21dabf99cc4f8ce25405e17e166f7af64d146f0b5b9df67d82e	reference/mean_stationary_v1__b=-03__l=2__r=0.lsg2	9704dcc1730d0fe07e486f89c69bab1b147569fd45119cb11b1e98f082003aa2	930	4
lasagna2:m2.3:v1:mean_stationary_v1:b=-03:l=2:r=1	mean_stationary_v1	-3	2	1	14393708416965473243	mean	0	512	cases/mean_stationary_v1__b=-03__l=2__r=1.f64le	36aae219f1e00285db5cfbb717698d4464897c7d3bcf3e6c91801c4f08cd4cd2	reference/mean_stationary_v1__b=-03__l=2__r=1.lsg2	d10518c3e441f689bd9210866119405281c01ce287e40fad14f2cfa5b219bb88	930	4
lasagna2:m2.3:v1:mean_stationary_v1:b=-03:l=2:r=2	mean_stationary_v1	-3	2	2	10402659573236424635	mean	0	512	cases/mean_stationary_v1__b=-03__l=2__r=2.f64le	104ef321a7076ee5bafc82ab1d35b827ca8da2bb11413db955b38dbc160afce5	reference/mean_stationary_v1__b=-03__l=2__r=2.lsg2	44dc5bc2c179667c246ee89cec677f479c502cbcf811fffd47c3ebcf5e185590	930	4
lasagna2:m2.3:v1:mean_stationary_v1:b=-03:l=2:r=3	mean_stationary_v1	-3	2	3	10444246669399746082	mean	0	512	cases/mean_stationary_v1__b=-03__l=2__r=3.f64le	00dddaf731d7f98a50ca773cfde146c43c13bff9007df39fbe283bb5f4b801ea	reference/mean_stationary_v1__b=-03__l=2__r=3.lsg2	f31c9d55364e623f4d64b4e2a5310acd15093896c457ce7f19c0bb663ad08c8e	930	4
lasagna2:m2.3:v1:mean_stationary_v1:b=-03:l=2:r=4	mean_stationary_v1	-3	2	4	11342491989112934681	mean	0	512	cases/mean_stationary_v1__b=-03__l=2__r=4.f64le	4bf2164c4c36e0751804ecb523a3c7af64e3a269b3b7767ef92b15d5a5ec31ea	reference/mean_stationary_v1__b=-03__l=2__r=4.lsg2	19378c9b45d5ae1114040d0cf61b6e610075ffa3ef8eb60517297ae88879fa6a	930	4
lasagna2:m2.3:v1:mean_stationary_v1:b=-03:l=3:r=0	mean_stationary_v1	-3	3	0	15809926383821481787	mean	0	512	cases/mean_stationary_v1__b=-03__l=3__r=0.f64le	5bea7a178fb5883161f7e7e46385081244bedacc6beb1db5f24da0b53cef974c	reference/mean_stationary_v1__b=-03__l=3__r=0.lsg2	2569359a003095755a966a6ae75959bb68e4afa68fedc0120adda8d0b0ea54f9	930	4
lasagna2:m2.3:v1:mean_stationary_v1:b=-03:l=3:r=1	mean_stationary_v1	-3	3	1	9936731625442614621	mean	0	512	cases/mean_stationary_v1__b=-03__l=3__r=1.f64le	e871d5e1315ed65488fbc6b5c52ff0cf951e40b091d6dac1e06392ef4b40fdd5	reference/mean_stationary_v1__b=-03__l=3__r=1.lsg2	60806470c9a999017611f902d11b1a19dbe127f3cdfe1d414ee352aa75a8f2db	930	4
lasagna2:m2.3:v1:mean_stationary_v1:b=-03:l=3:r=2	mean_stationary_v1	-3	3	2	8465926802778503020	mean	0	512	cases/mean_stationary_v1__b=-03__l=3__r=2.f64le	d677d2a6c6ba971318f8404d6786b295cf4fef224be41becc7b50eec9aab342d	reference/mean_stationary_v1__b=-03__l=3__r=2.lsg2	66fa0a281af3e0b3ca5bf21a3b223f8fcb1b7f43de2900f156b007659385fbfa	930	4
lasagna2:m2.3:v1:mean_stationary_v1:b=-03:l=3:r=3	mean_stationary_v1	-3	3	3	8587370222487652347	mean	0	512	cases/mean_stationary_v1__b=-03__l=3__r=3.f64le	a0e21e67791db90ad6ed0a14b24609317ace7ce54c2fcb1f36fd86f5f987c0cf	reference/mean_stationary_v1__b=-03__l=3__r=3.lsg2	c5f66ab14e18948c388da3ae34b6361b344336922db129bb8a657b310cbeeb0d	930	4
lasagna2:m2.3:v1:mean_stationary_v1:b=-03:l=3:r=4	mean_stationary_v1	-3	3	4	15352627597399806330	mean	0	512	cases/mean_stationary_v1__b=-03__l=3__r=4.f64le	675c3786460c7058c6e132ced65fc24f61c4c5a7dcf6a7b7fb16adba9879051b	reference/mean_stationary_v1__b=-03__l=3__r=4.lsg2	812b2819f6cd16911809d4df060e1e31f7ddfd672ccd8b66bb96fc6a2c5136f7	930	4
lasagna2:m2.3:v1:mean_stationary_v1:b=-03:l=4:r=0	mean_stationary_v1	-3	4	0	5569007380489898621	mean	0	512	cases/mean_stationary_v1__b=-03__l=4__r=0.f64le	33692a4146cfc89fc3854205aa8959d3282cf1d71956dd9ed101ff98cbc98c9f	reference/mean_stationary_v1__b=-03__l=4__r=0.lsg2	cd8a5b9e14d92dc1d3fc0c6a03f401d52e7edb551762d8c85040e4139e96335e	930	4
lasagna2:m2.3:v1:mean_stationary_v1:b=-03:l=4:r=1	mean_stationary_v1	-3	4	1	14408827442099754531	mean	0	512	cases/mean_stationary_v1__b=-03__l=4__r=1.f64le	510db5efab48fd504fe96c19dc082082dbf5b894d0c1dd21b2ca414e0b337b73	reference/mean_stationary_v1__b=-03__l=4__r=1.lsg2	87151227bdc583fc1fec67cb205e09a4095cd0d2ceb5915743b9a564a37fd9d5	930	4
lasagna2:m2.3:v1:mean_stationary_v1:b=-03:l=4:r=2	mean_stationary_v1	-3	4	2	8190900432587299632	mean	0	512	cases/mean_stationary_v1__b=-03__l=4__r=2.f64le	4623252c9672b03f3c8e9ec6e55f441bf9382bd32df8bbb136921b44a1483dcc	reference/mean_stationary_v1__b=-03__l=4__r=2.lsg2	181a1a62f504b785ecd1deab5b8998899bf4b78d5816116036130631a963fc46	930	4
lasagna2:m2.3:v1:mean_stationary_v1:b=-03:l=4:r=3	mean_stationary_v1	-3	4	3	10874871832542367087	mean	0	512	cases/mean_stationary_v1__b=-03__l=4__r=3.f64le	a87c14fecd2a54858d211fe2d6bc973cd193e8807fb62e2ecaf3a830131941b7	reference/mean_stationary_v1__b=-03__l=4__r=3.lsg2	b86805fe85a70225095a13f2194559ef58eef101748678789591a6415bbbdad3	930	4
lasagna2:m2.3:v1:mean_stationary_v1:b=-03:l=4:r=4	mean_stationary_v1	-3	4	4	4416327549156964753	mean	0	512	cases/mean_stationary_v1__b=-03__l=4__r=4.f64le	ac279d83ea92b1af6b37be2e6ea1e30eb0c8af507dbee4786153b0427d77736d	reference/mean_stationary_v1__b=-03__l=4__r=4.lsg2	60482eb7393748d8987934ff4e3076fd10b1db4dc90bbcbf432af3e34cf63e27	930	4
lasagna2:m2.3:v1:mean_stationary_v1:b=-02:l=0:r=0	mean_stationary_v1	-2	0	0	6523333616379917001	mean	0	512	cases/mean_stationary_v1__b=-02__l=0__r=0.f64le	af54f30922c8ddfc764ec4dd320859c850aec8151fe476e9936270c3b5d2cc7e	reference/mean_stationary_v1__b=-02__l=0__r=0.lsg2	365db5e699fb59e219fb6e78d6b3cdfbf445a89eb080fff882b8fd224f3b56dc	930	4
lasagna2:m2.3:v1:mean_stationary_v1:b=-02:l=0:r=1	mean_stationary_v1	-2	0	1	11674285490167012953	mean	0	512	cases/mean_stationary_v1__b=-02__l=0__r=1.f64le	ed0d1019abf364850ac121acb4d35530f6abe9c0a34bd5a27cb993c55560d07d	reference/mean_stationary_v1__b=-02__l=0__r=1.lsg2	d6d0d37928fe268dbb16f6db95f43faaf0242fedca6722c5fb5fe413376a5a0d	930	4
lasagna2:m2.3:v1:mean_stationary_v1:b=-02:l=0:r=2	mean_stationary_v1	-2	0	2	1409464177731788303	mean	0	512	cases/mean_stationary_v1__b=-02__l=0__r=2.f64le	fd99730eaed9eb8d43851071ff95a397f142632a4666732ab32b3f1b51fb556b	reference/mean_stationary_v1__b=-02__l=0__r=2.lsg2	bc79524eb91212b6631bac22b02221658ec25128ad4eb3917ce9a1a61abf5f86	930	4
lasagna2:m2.3:v1:mean_stationary_v1:b=-02:l=0:r=3	mean_stationary_v1	-2	0	3	11726209647287159546	mean	0	512	cases/mean_stationary_v1__b=-02__l=0__r=3.f64le	44dd11990bb93bcea01495dbd0ec7433b53b79a068b36311a306d934c410ab01	reference/mean_stationary_v1__b=-02__l=0__r=3.lsg2	b4a4998ddeff62905b85e3b315b01579e97deabb50891e1cd0e5812a6ef605f7	930	4
lasagna2:m2.3:v1:mean_stationary_v1:b=-02:l=0:r=4	mean_stationary_v1	-2	0	4	15052383923442821410	mean	0	512	cases/mean_stationary_v1__b=-02__l=0__r=4.f64le	ffa4ca72d4cab235426d41ad9f6d1395e35c78b4d189e6d9d3bf2393b2d4515c	reference/mean_stationary_v1__b=-02__l=0__r=4.lsg2	39d81280237a9f320e060307b6092af2825d1cc8bd3599b397345f3115136312	930	4
lasagna2:m2.3:v1:mean_stationary_v1:b=-02:l=1:r=0	mean_stationary_v1	-2	1	0	10943969113779376642	mean	0	512	cases/mean_stationary_v1__b=-02__l=1__r=0.f64le	ea4056f0ab2099bae828cae69204ef35331d9f6531e11a53a6114e156f6fe2e8	reference/mean_stationary_v1__b=-02__l=1__r=0.lsg2	a7a536f1aefffde659777dafb6600c2c1647fa04bbabf86379791e69f675386e	930	4
lasagna2:m2.3:v1:mean_stationary_v1:b=-02:l=1:r=1	mean_stationary_v1	-2	1	1	6874400771512005742	mean	0	512	cases/mean_stationary_v1__b=-02__l=1__r=1.f64le	b1ba719d91286d5172dde60b10afabf27968bf350c86a8148f6176f2abc2c229	reference/mean_stationary_v1__b=-02__l=1__r=1.lsg2	1d43b8adbe9382c9e2dd5e3d1572a77f8a4243021e4cdab0ff99ab51a8742736	930	4
lasagna2:m2.3:v1:mean_stationary_v1:b=-02:l=1:r=2	mean_stationary_v1	-2	1	2	9179756274041963349	mean	0	512	cases/mean_stationary_v1__b=-02__l=1__r=2.f64le	3fbbfcb28689265065cd0c13088c584359b6bc0aafc8ac0ffd791ba8c57c1131	reference/mean_stationary_v1__b=-02__l=1__r=2.lsg2	df01dee524d3b3bef0b8bd18cbea2a019e70e58ed4b4dac2558faa2ecc72a2f9	930	4
lasagna2:m2.3:v1:mean_stationary_v1:b=-02:l=1:r=3	mean_stationary_v1	-2	1	3	17380565364366027038	mean	0	512	cases/mean_stationary_v1__b=-02__l=1__r=3.f64le	54fd4c94a069976ce3b3784953dead98d75f3533787bf62d7b8cdc152c193f74	reference/mean_stationary_v1__b=-02__l=1__r=3.lsg2	935360f137b21e99942a50d705386c353776a523cda83e4dad22f2ed3124183a	930	4
lasagna2:m2.3:v1:mean_stationary_v1:b=-02:l=1:r=4	mean_stationary_v1	-2	1	4	10954319999778265790	mean	0	512	cases/mean_stationary_v1__b=-02__l=1__r=4.f64le	698f4c5b4f1bf07d9a090e168a74abad4746eb3af8ce3c21219f3e408d66492a	reference/mean_stationary_v1__b=-02__l=1__r=4.lsg2	541b9c14032ee3c2cc6584418d9613b946bff1f25c3e56add4115b84c23d7594	930	4
lasagna2:m2.3:v1:mean_stationary_v1:b=-02:l=2:r=0	mean_stationary_v1	-2	2	0	4930930036053774967	mean	0	512	cases/mean_stationary_v1__b=-02__l=2__r=0.f64le	f0dac5d6e90cef95edc90427b35c544b950f7069738812d4db4ff39654bc3545	reference/mean_stationary_v1__b=-02__l=2__r=0.lsg2	ced315e6e1b0d6de08aa7343f2dd41630f0d00a070cf36490a221b19bc05af14	930	4
lasagna2:m2.3:v1:mean_stationary_v1:b=-02:l=2:r=1	mean_stationary_v1	-2	2	1	15016759763601693602	mean	0	512	cases/mean_stationary_v1__b=-02__l=2__r=1.f64le	f7ea687b38dfa19d48f942e30696efc12543397c6b2bdc44915d50f389c4872d	reference/mean_stationary_v1__b=-02__l=2__r=1.lsg2	fb7ab18e4ed0f53726111c383092e55751ca6f0f0b10ee063b03d8bfd3647a0b	930	4
lasagna2:m2.3:v1:mean_stationary_v1:b=-02:l=2:r=2	mean_stationary_v1	-2	2	2	11910131890476000220	mean	0	512	cases/mean_stationary_v1__b=-02__l=2__r=2.f64le	977da155b9f6469694022cb5fe3ddb9a0874d563d2479fdfa3d859424b2f090d	reference/mean_stationary_v1__b=-02__l=2__r=2.lsg2	9634d574d28d71a9716c3b23997749fd215523f815df7e25f944edb7ae9843b9	930	4
lasagna2:m2.3:v1:mean_stationary_v1:b=-02:l=2:r=3	mean_stationary_v1	-2	2	3	8829020469370503564	mean	0	512	cases/mean_stationary_v1__b=-02__l=2__r=3.f64le	3f2445d6aa86ede68e0c7ec5bdaf1c8d225626af53a097d8c61ee0da687691d9	reference/mean_stationary_v1__b=-02__l=2__r=3.lsg2	746d073a5dee8198e2854edbed1f84d75fa00c46492fdf6cd1552b6ecf0cc296	930	4
lasagna2:m2.3:v1:mean_stationary_v1:b=-02:l=2:r=4	mean_stationary_v1	-2	2	4	7549190408740179579	mean	0	512	cases/mean_stationary_v1__b=-02__l=2__r=4.f64le	4e527cd5c755033720d1659aef82fb7b7851abb33749448d5c096cddc7f03ce4	reference/mean_stationary_v1__b=-02__l=2__r=4.lsg2	12310dd8e394648bb658506fc3bf5515aa4aa0fd45cc9ccc02c805e22e57879b	930	4
lasagna2:m2.3:v1:mean_stationary_v1:b=-02:l=3:r=0	mean_stationary_v1	-2	3	0	6128835117565369048	mean	0	512	cases/mean_stationary_v1__b=-02__l=3__r=0.f64le	78cd8a835c52cb38dacca8a5adbf7628709ba1485112fe08dc03a0ea0e769487	reference/mean_stationary_v1__b=-02__l=3__r=0.lsg2	dd27cc3eaca8f11476aa7b76cb687e237ba4b458827620b2c25ad62a4e6063a0	930	4
lasagna2:m2.3:v1:mean_stationary_v1:b=-02:l=3:r=1	mean_stationary_v1	-2	3	1	18372201256692329356	mean	0	512	cases/mean_stationary_v1__b=-02__l=3__r=1.f64le	02bf118d140d2c46c369bb18c16a996799cd32876fd66debf293ca4beca357e0	reference/mean_stationary_v1__b=-02__l=3__r=1.lsg2	77ebeaf6bce33dad1a3b1f50abf9c545956fc75073154f35ba91edff5746a32a	930	4
lasagna2:m2.3:v1:mean_stationary_v1:b=-02:l=3:r=2	mean_stationary_v1	-2	3	2	4159013175820342422	mean	0	512	cases/mean_stationary_v1__b=-02__l=3__r=2.f64le	c178aaadad563c449a62bdd01b475d8b74ea72ce7229361cac82588b038a32a9	reference/mean_stationary_v1__b=-02__l=3__r=2.lsg2	5e9fad91249a3dcef735274072534c1b47d30aa98a434bc80ccdf31fb68e7feb	930	4
lasagna2:m2.3:v1:mean_stationary_v1:b=-02:l=3:r=3	mean_stationary_v1	-2	3	3	9038667884255398393	mean	0	512	cases/mean_stationary_v1__b=-02__l=3__r=3.f64le	bcc125e86ce89f6cc40e49c21ee4283edd94545f0c57865d3b3eb4eeb3371486	reference/mean_stationary_v1__b=-02__l=3__r=3.lsg2	bf3085166771b3d2c2b23bbcda50985a70a1107039cc6036ed0811c0d68245cf	930	4
lasagna2:m2.3:v1:mean_stationary_v1:b=-02:l=3:r=4	mean_stationary_v1	-2	3	4	13046544454222440412	mean	0	512	cases/mean_stationary_v1__b=-02__l=3__r=4.f64le	2910a51602a017c48893c7a4fd5a72a4d693a43a477802e0f6e43f97f40ef2e7	reference/mean_stationary_v1__b=-02__l=3__r=4.lsg2	4e9e910317816e3c875a505286f2f30c44881b39d5cf86c1a05b8c05cf048f54	930	4
lasagna2:m2.3:v1:mean_stationary_v1:b=-02:l=4:r=0	mean_stationary_v1	-2	4	0	12579628242369340818	mean	0	512	cases/mean_stationary_v1__b=-02__l=4__r=0.f64le	13e85b41ce2bf4b967e34cdd0fbb90674418a4ea36d473f79bc50e2ac67ff734	reference/mean_stationary_v1__b=-02__l=4__r=0.lsg2	72a58f6a953ac28b3dabe8b52bb87a0e17e48c23b46c592d95048927a0188ea9	930	4
lasagna2:m2.3:v1:mean_stationary_v1:b=-02:l=4:r=1	mean_stationary_v1	-2	4	1	3795497649065740701	mean	0	512	cases/mean_stationary_v1__b=-02__l=4__r=1.f64le	4a3163fd513801a2c45d461684b7eda8664867021281a1c7a49725e2511530fb	reference/mean_stationary_v1__b=-02__l=4__r=1.lsg2	040101630faa4d987196fbe827e6cc3ae96270b3900a8780f7d581af9e5f40cc	930	4
lasagna2:m2.3:v1:mean_stationary_v1:b=-02:l=4:r=2	mean_stationary_v1	-2	4	2	7396732180617160216	mean	0	512	cases/mean_stationary_v1__b=-02__l=4__r=2.f64le	78bde9dfccccafe8e756f928973a207bc53c8ec19526b96ad2d41e110299a2dc	reference/mean_stationary_v1__b=-02__l=4__r=2.lsg2	7d1a5634a31770697c544fd078d20d5c9a58c519583501e47e05db2449ac7741	930	4
lasagna2:m2.3:v1:mean_stationary_v1:b=-02:l=4:r=3	mean_stationary_v1	-2	4	3	5774267506855862460	mean	0	512	cases/mean_stationary_v1__b=-02__l=4__r=3.f64le	4a45f0a2adeea7f4f91895a0e68d21c6af2b9f19ae6353ca324e99cf6eab3fa9	reference/mean_stationary_v1__b=-02__l=4__r=3.lsg2	5b7da69cec56b1d14f8004a066763a8bfced3ded6c14a72b6306e5cb5040c7bd	930	4
lasagna2:m2.3:v1:mean_stationary_v1:b=-02:l=4:r=4	mean_stationary_v1	-2	4	4	2585645802427572617	mean	0	512	cases/mean_stationary_v1__b=-02__l=4__r=4.f64le	792e3e8f6193aae49393e144e273a824ff2ec35d614248c4b3338641473752bc	reference/mean_stationary_v1__b=-02__l=4__r=4.lsg2	837271cb0e25265569d19b21bb48d27882cfd52f96004e7b671c2fbe02907891	930	4
lasagna2:m2.3:v1:mean_stationary_v1:b=-01:l=0:r=0	mean_stationary_v1	-1	0	0	13468720113746134624	mean	0	512	cases/mean_stationary_v1__b=-01__l=0__r=0.f64le	910f2e23950d636206d506a6f5c92ad45612771da45809bc4a67ca87e47776c2	reference/mean_stationary_v1__b=-01__l=0__r=0.lsg2	99835ff27fa314fb17a1e574c222782dffb56ad592fa386d9725aa0b311be64f	930	4
lasagna2:m2.3:v1:mean_stationary_v1:b=-01:l=0:r=1	mean_stationary_v1	-1	0	1	12511388055681633993	mean	0	512	cases/mean_stationary_v1__b=-01__l=0__r=1.f64le	7740f71b0fa5bbc36fb9e6b9ded4129239d884db51fe28665e40d8d64f5f735f	reference/mean_stationary_v1__b=-01__l=0__r=1.lsg2	0c65ca17db463688580127218d75b03642415039f6abc62c7353ed78e4072f6b	930	4
lasagna2:m2.3:v1:mean_stationary_v1:b=-01:l=0:r=2	mean_stationary_v1	-1	0	2	13105259594433023131	mean	0	512	cases/mean_stationary_v1__b=-01__l=0__r=2.f64le	fffa2e8bb053206f14ed5f9b161125e4dfcfff5f8e42dd5e66915459157f0ae9	reference/mean_stationary_v1__b=-01__l=0__r=2.lsg2	e2842c5142716252ce67bf978c22088c6141139b27265d6bf2f4b37e0f59bdaa	930	4
lasagna2:m2.3:v1:mean_stationary_v1:b=-01:l=0:r=3	mean_stationary_v1	-1	0	3	14598972158216904361	mean	0	512	cases/mean_stationary_v1__b=-01__l=0__r=3.f64le	ec20c610c5d921428f0b4621917a216cf0adc511d0622d9a2c06b0dcc5f083db	reference/mean_stationary_v1__b=-01__l=0__r=3.lsg2	4a166ca2407e2bc40e816c5160799a8ca25a8094b63ed292454e632a04368e63	930	4
lasagna2:m2.3:v1:mean_stationary_v1:b=-01:l=0:r=4	mean_stationary_v1	-1	0	4	16234119676963034209	mean	0	512	cases/mean_stationary_v1__b=-01__l=0__r=4.f64le	755780b7e79a3f401e0af61838dbaa06b201afca938a27bf322fbdb918011b60	reference/mean_stationary_v1__b=-01__l=0__r=4.lsg2	3ddb70bed7eb0fbe2793a19d7f705a0d8da5386e523933f7a59866752e73a9f9	930	4
lasagna2:m2.3:v1:mean_stationary_v1:b=-01:l=1:r=0	mean_stationary_v1	-1	1	0	12164723793864340839	mean	0	512	cases/mean_stationary_v1__b=-01__l=1__r=0.f64le	861a05e36a5c62f56d08fca16e5c68e5e6fe57f93d528bcf1585c3c19732852c	reference/mean_stationary_v1__b=-01__l=1__r=0.lsg2	ab50afd5a2195a91091254a5d23f46c5beead71efa47d047f786e5d131562e58	930	4
lasagna2:m2.3:v1:mean_stationary_v1:b=-01:l=1:r=1	mean_stationary_v1	-1	1	1	11490933243663115526	mean	0	512	cases/mean_stationary_v1__b=-01__l=1__r=1.f64le	e9453acc2d9b1bc0f1864cb0bb56d2d6f3f0617d3de27754b9afa6943a8712f6	reference/mean_stationary_v1__b=-01__l=1__r=1.lsg2	53549372eee8ca4e3d7ff231f00fabcfa6acfb639f24674a9171dcaff276b853	930	4
lasagna2:m2.3:v1:mean_stationary_v1:b=-01:l=1:r=2	mean_stationary_v1	-1	1	2	4958478850607662977	mean	0	512	cases/mean_stationary_v1__b=-01__l=1__r=2.f64le	4b48c8ee88f278c93d8eccdce614532f0b8dc591476596012ffd3d8421f42c09	reference/mean_stationary_v1__b=-01__l=1__r=2.lsg2	68337f04e09330466bc2c1b76b74f198df419f3bbc2da98fb49c405cb8b66196	930	4
lasagna2:m2.3:v1:mean_stationary_v1:b=-01:l=1:r=3	mean_stationary_v1	-1	1	3	5276054926002231077	mean	0	512	cases/mean_stationary_v1__b=-01__l=1__r=3.f64le	589b38b254fb5c87f100e8d30d5dcec36cb6f582b4325f8e97936e5c32294169	reference/mean_stationary_v1__b=-01__l=1__r=3.lsg2	dbd5620c00c0b719ca677ed1065ece082d83cce45c5da3b8c2051644cd1f3cdb	930	4
lasagna2:m2.3:v1:mean_stationary_v1:b=-01:l=1:r=4	mean_stationary_v1	-1	1	4	6975172232369831499	mean	0	512	cases/mean_stationary_v1__b=-01__l=1__r=4.f64le	83a7dc12c8908088cc353392bb323df84aff88f89333808cb6a12a9dc21ff5cc	reference/mean_stationary_v1__b=-01__l=1__r=4.lsg2	4dd376eb8a554bbe2b111f33585934454e95441d6d5635100c6527dc01f01748	930	4
lasagna2:m2.3:v1:mean_stationary_v1:b=-01:l=2:r=0	mean_stationary_v1	-1	2	0	1035913156093598870	mean	0	512	cases/mean_stationary_v1__b=-01__l=2__r=0.f64le	31933510ce210240625d1fa388705c1468f27382b9e6c7974cde30135d4592b2	reference/mean_stationary_v1__b=-01__l=2__r=0.lsg2	05ab8ec27afaadb65baa5b7e18fc7b87517d773ec092cd93c82af5fc299cf277	930	4
lasagna2:m2.3:v1:mean_stationary_v1:b=-01:l=2:r=1	mean_stationary_v1	-1	2	1	10786959234857337274	mean	0	512	cases/mean_stationary_v1__b=-01__l=2__r=1.f64le	01b7256596813a5c42aceb6c78b49f537437e17967c421b97b8aa9886267fecf	reference/mean_stationary_v1__b=-01__l=2__r=1.lsg2	2869ef1d580c19022bfe69f8a7b3cc7a2cfbbf0a51419f52b4742a7d415e4957	930	4
lasagna2:m2.3:v1:mean_stationary_v1:b=-01:l=2:r=2	mean_stationary_v1	-1	2	2	5192973566409756304	mean	0	512	cases/mean_stationary_v1__b=-01__l=2__r=2.f64le	02a7a319ac3cc0291fc64e184fbbb39939e3de94fbaec0fcbdd05963be3efe32	reference/mean_stationary_v1__b=-01__l=2__r=2.lsg2	e6b7ccc947567e5fd6c92865a32ed0de17c5bb89c28b6330b45fc74d29f548c2	930	4
lasagna2:m2.3:v1:mean_stationary_v1:b=-01:l=2:r=3	mean_stationary_v1	-1	2	3	5266567993032591474	mean	0	512	cases/mean_stationary_v1__b=-01__l=2__r=3.f64le	75d881cff6fdb9bd135a837fa7b74ade3086420c2c56bad657e80c648914d4a3	reference/mean_stationary_v1__b=-01__l=2__r=3.lsg2	5f22082f3dc981b68102344a0b76e927ddc44fbe6318e0c083cd166e6ce52ac9	930	4
lasagna2:m2.3:v1:mean_stationary_v1:b=-01:l=2:r=4	mean_stationary_v1	-1	2	4	1362534606875090264	mean	0	512	cases/mean_stationary_v1__b=-01__l=2__r=4.f64le	ad82102b3c4d790e9ce201a082934526e26a5c13f6be3858a62f4c632a9a7d4e	reference/mean_stationary_v1__b=-01__l=2__r=4.lsg2	5f899c8ac8943a7936cebab10a6de11ca5526ff2b1a3806c463d2b24c14d5a5c	930	4
lasagna2:m2.3:v1:mean_stationary_v1:b=-01:l=3:r=0	mean_stationary_v1	-1	3	0	1624948141046436774	mean	0	512	cases/mean_stationary_v1__b=-01__l=3__r=0.f64le	dce4e158a44b95f02377062bfe7b166748334fc8db70a9b450d84c48610cf62d	reference/mean_stationary_v1__b=-01__l=3__r=0.lsg2	61ed3df19e76d0eda1093f1b9eabe0e795eb2aeb9a69b3c4f1bfd2b25db02fcb	930	4
lasagna2:m2.3:v1:mean_stationary_v1:b=-01:l=3:r=1	mean_stationary_v1	-1	3	1	10083585046289468732	mean	0	512	cases/mean_stationary_v1__b=-01__l=3__r=1.f64le	d77ae14dc136898268af921684f577a1e880eabc99c622e3bda5416b8cd527e7	reference/mean_stationary_v1__b=-01__l=3__r=1.lsg2	ed3cacc389240603cda00468e0b082eab28d859269b803965275f0700a943ae3	930	4
lasagna2:m2.3:v1:mean_stationary_v1:b=-01:l=3:r=2	mean_stationary_v1	-1	3	2	15479138142418518338	mean	0	512	cases/mean_stationary_v1__b=-01__l=3__r=2.f64le	d9cd14a81bdd37b37edcc9d8fffc77875d813be86a03f8b04a705172dabbee21	reference/mean_stationary_v1__b=-01__l=3__r=2.lsg2	e1ef491373318962e9d99fc7351374134286a84f4a7cda042e29ba5c544c5095	930	4
lasagna2:m2.3:v1:mean_stationary_v1:b=-01:l=3:r=3	mean_stationary_v1	-1	3	3	10875465521838208896	mean	0	512	cases/mean_stationary_v1__b=-01__l=3__r=3.f64le	06ffe19ec0bef86d80954fa96910a2d84a54d51dc75d38f7d0e8e639976b881a	reference/mean_stationary_v1__b=-01__l=3__r=3.lsg2	45b890b3ebc0b883a337159857a7b25a3036fc829833b61ac531d8c594874e69	930	4
lasagna2:m2.3:v1:mean_stationary_v1:b=-01:l=3:r=4	mean_stationary_v1	-1	3	4	4209888907490651803	mean	0	512	cases/mean_stationary_v1__b=-01__l=3__r=4.f64le	ac2c862dc8e6475da95feb806cc1ac703e31fabc19b3fe1687c43fff206610c2	reference/mean_stationary_v1__b=-01__l=3__r=4.lsg2	85400480631cd1ea517fead08e24748f3c3cb2d2dc6c32e0bc9eee2bdede5ed2	930	4
lasagna2:m2.3:v1:mean_stationary_v1:b=-01:l=4:r=0	mean_stationary_v1	-1	4	0	18026361133909652612	mean	0	512	cases/mean_stationary_v1__b=-01__l=4__r=0.f64le	f098418793b5b1879b962ea92f91209228bbf0906f6f6516e14534763a7465f8	reference/mean_stationary_v1__b=-01__l=4__r=0.lsg2	a0e3d4cd20f1d1e7899c3e6f70eb7ac782232fd4320dad9273f4ea374937ed9d	930	4
lasagna2:m2.3:v1:mean_stationary_v1:b=-01:l=4:r=1	mean_stationary_v1	-1	4	1	12498933924937002212	mean	0	512	cases/mean_stationary_v1__b=-01__l=4__r=1.f64le	4e99e06a32b8c5ddc9aee58824e338e346ee0bdb33e045a4ba2f10684d72f7fc	reference/mean_stationary_v1__b=-01__l=4__r=1.lsg2	830f2e23b6ee7bcc1c47d506da28e8ad6d909adc670768c2b149486587ac4505	930	4
lasagna2:m2.3:v1:mean_stationary_v1:b=-01:l=4:r=2	mean_stationary_v1	-1	4	2	7067965269509518326	mean	0	512	cases/mean_stationary_v1__b=-01__l=4__r=2.f64le	d0c6daa1a93904391e7b995ff91139067feb71ab253e755d7d02adc492ea2285	reference/mean_stationary_v1__b=-01__l=4__r=2.lsg2	77476100f10089f2a7422fee28ffcded0e2531a81a4e91ca37791bea3229eac2	930	4
lasagna2:m2.3:v1:mean_stationary_v1:b=-01:l=4:r=3	mean_stationary_v1	-1	4	3	5704205107456307496	mean	0	512	cases/mean_stationary_v1__b=-01__l=4__r=3.f64le	d1398bcdbbe144043630002bd09c817f50077c028c0911de64561a6b04ce56ab	reference/mean_stationary_v1__b=-01__l=4__r=3.lsg2	bed35b848e213d57b7998ce7f5b746372c3d3961da1959f0bc79ebac8fc97a5b	930	4
lasagna2:m2.3:v1:mean_stationary_v1:b=-01:l=4:r=4	mean_stationary_v1	-1	4	4	3951383187792756325	mean	0	512	cases/mean_stationary_v1__b=-01__l=4__r=4.f64le	3c13f6f1fd3817dac9267ff5cff001038c155fbe2e758202995d3a0ff1659a6c	reference/mean_stationary_v1__b=-01__l=4__r=4.lsg2	d9ada0b5046c90e51400fa486aacba7c67de9f307cc639a20fab20c64e86a9b8	930	4
lasagna2:m2.3:v1:mean_stationary_v1:b=+00:l=0:r=0	mean_stationary_v1	0	0	0	911133014755292168	mean	0	512	cases/mean_stationary_v1__b=+00__l=0__r=0.f64le	d9c04872f4165d7c2812e89650057c4de086fd3904dd5c7ea06370c36f5416a0	reference/mean_stationary_v1__b=+00__l=0__r=0.lsg2	85f371da1d4c4b995aef8b6f81dd3e8552308e2c9fade9d807dbc7cd7e658b71	930	4
lasagna2:m2.3:v1:mean_stationary_v1:b=+00:l=0:r=1	mean_stationary_v1	0	0	1	12335487417842895633	mean	0	512	cases/mean_stationary_v1__b=+00__l=0__r=1.f64le	96c6d5cc3287d55d89155bb60b2b3cf2d361fd1f8013602c1940cd8d2af0581b	reference/mean_stationary_v1__b=+00__l=0__r=1.lsg2	e248f281788c477cc6b953f67d73d7f984b87e40c9972b2e1d46f2490c2ae6c1	930	4
lasagna2:m2.3:v1:mean_stationary_v1:b=+00:l=0:r=2	mean_stationary_v1	0	0	2	11752012518567707448	mean	0	512	cases/mean_stationary_v1__b=+00__l=0__r=2.f64le	f7c6d981c4cf03dfd783806ea151177cb2886f1211adaadff6a3764a21b71d09	reference/mean_stationary_v1__b=+00__l=0__r=2.lsg2	d3d432ac4f192549e373184933283bebaa4ff07d0300f9a2887e79e7ac881593	930	4
lasagna2:m2.3:v1:mean_stationary_v1:b=+00:l=0:r=3	mean_stationary_v1	0	0	3	10894243747343765495	mean	0	512	cases/mean_stationary_v1__b=+00__l=0__r=3.f64le	61d575f5d7883af5ac37ec675c795d0fc3cc31290d7903c1155db53bbe7aed01	reference/mean_stationary_v1__b=+00__l=0__r=3.lsg2	b1221043362c736010f5b99e8fd078f719e85f5e71e502771a2d4fb4836a9565	930	4
lasagna2:m2.3:v1:mean_stationary_v1:b=+00:l=0:r=4	mean_stationary_v1	0	0	4	5362283165406691870	mean	0	512	cases/mean_stationary_v1__b=+00__l=0__r=4.f64le	963ce3e26108b2abd0c1f1ad73b8304a17268709c7535cc48797f39ab980d88c	reference/mean_stationary_v1__b=+00__l=0__r=4.lsg2	db1b8e8b401a244348f0c82780b0553ff4e735778d47446bd1011d9fb4bccd4e	930	4
lasagna2:m2.3:v1:mean_stationary_v1:b=+00:l=1:r=0	mean_stationary_v1	0	1	0	12713351138888229949	mean	0	512	cases/mean_stationary_v1__b=+00__l=1__r=0.f64le	075899b5535dc3769e87ab3ef18bb62dbed96bfce52d1f42434d64281743e993	reference/mean_stationary_v1__b=+00__l=1__r=0.lsg2	a1a69fd0f7e4f37b9c5c9d488985db67136ead7bab94eacb4541d7b459b40915	930	4
lasagna2:m2.3:v1:mean_stationary_v1:b=+00:l=1:r=1	mean_stationary_v1	0	1	1	14409464154051601251	mean	0	512	cases/mean_stationary_v1__b=+00__l=1__r=1.f64le	39acb7a7f436dfe7a87762e580b7c1cc4f14d4075a0c511eea6823a48b2cc5bb	reference/mean_stationary_v1__b=+00__l=1__r=1.lsg2	27612cff3d336138bff6001d496fca0d402a5dbb0e0f5d37fda78b9f7a293fb4	930	4
lasagna2:m2.3:v1:mean_stationary_v1:b=+00:l=1:r=2	mean_stationary_v1	0	1	2	15449815632940378380	mean	0	512	cases/mean_stationary_v1__b=+00__l=1__r=2.f64le	0e92690f2a5fc0b0bc403e4a8972787f6c6e2e4fb26921245e9d388620fb8a9c	reference/mean_stationary_v1__b=+00__l=1__r=2.lsg2	e4e854bb441bf6445212b3bc16aeb85a8a08ebc65cd92c5d056d72d301a28e2e	930	4
lasagna2:m2.3:v1:mean_stationary_v1:b=+00:l=1:r=3	mean_stationary_v1	0	1	3	164736039078061994	mean	0	512	cases/mean_stationary_v1__b=+00__l=1__r=3.f64le	76e2c4ec8cbadf7e53393c6e20b22cbf3894a4e7a8aa0cc5c302bb41e634a82a	reference/mean_stationary_v1__b=+00__l=1__r=3.lsg2	f887afc6eadf9092b6cf7d5d75fe9f2ffd37af9b49605ad7fef5c13ca44cd9f6	930	4
lasagna2:m2.3:v1:mean_stationary_v1:b=+00:l=1:r=4	mean_stationary_v1	0	1	4	5934543298769108786	mean	0	512	cases/mean_stationary_v1__b=+00__l=1__r=4.f64le	2c51adb01c49ef28c9dc50c9cb9af46c5450796d7d6f4397cb41b86ea45d3263	reference/mean_stationary_v1__b=+00__l=1__r=4.lsg2	8a01c6a64a6ecf155637e162ba8d57a54815661d40392ef49d28b6f5cfe4fc9d	930	4
lasagna2:m2.3:v1:mean_stationary_v1:b=+00:l=2:r=0	mean_stationary_v1	0	2	0	7267590630118471271	mean	0	512	cases/mean_stationary_v1__b=+00__l=2__r=0.f64le	d741a27d63f41335ace9f032d23d8b9ca6e7d78a0494c3bfeda728c4ae02335a	reference/mean_stationary_v1__b=+00__l=2__r=0.lsg2	23b2768d8d3e98afd240c30444024ec4cb3b92cabd9e0b9a5a1dd548dc0cac3b	930	4
lasagna2:m2.3:v1:mean_stationary_v1:b=+00:l=2:r=1	mean_stationary_v1	0	2	1	5865794328104834182	mean	0	512	cases/mean_stationary_v1__b=+00__l=2__r=1.f64le	bc972e1b569bf5d890f99268feafd2e455c7113c6905f1ab992cbbe9e4fad68a	reference/mean_stationary_v1__b=+00__l=2__r=1.lsg2	afc7735641508d68fdc2ffedda26b0874c8871f06537a9dd53116f139c0045a0	930	4
lasagna2:m2.3:v1:mean_stationary_v1:b=+00:l=2:r=2	mean_stationary_v1	0	2	2	5197607620058012096	mean	0	512	cases/mean_stationary_v1__b=+00__l=2__r=2.f64le	6f3d144811450411eeca31eb4ef502d350e39397ccc2e98434cecff2fdd419cb	reference/mean_stationary_v1__b=+00__l=2__r=2.lsg2	9a7e8e4e092f64db1e23bf6e56c83d129af261ea77c0a407ec245a0ba8512836	930	4
lasagna2:m2.3:v1:mean_stationary_v1:b=+00:l=2:r=3	mean_stationary_v1	0	2	3	9637314137157268936	mean	0	512	cases/mean_stationary_v1__b=+00__l=2__r=3.f64le	a70603db25b99d9494247bb868b2e7fef9ee94f04f956f62b2f0c4b5ac78ec3a	reference/mean_stationary_v1__b=+00__l=2__r=3.lsg2	7560c94b8ee1a9d0b50f1a95f64d39cbaaf982da7f94dc900cb8f4b59a229dcf	930	4
lasagna2:m2.3:v1:mean_stationary_v1:b=+00:l=2:r=4	mean_stationary_v1	0	2	4	17622376135436061075	mean	0	512	cases/mean_stationary_v1__b=+00__l=2__r=4.f64le	ddc3f78084e25bbda3e7e58fb665a0808843f78482ee5cc99150296aa905f925	reference/mean_stationary_v1__b=+00__l=2__r=4.lsg2	e7d9379d2711570d96cc5b8f4ee1ab00db98549e8ed04f4baf9141092cf39d04	930	4
lasagna2:m2.3:v1:mean_stationary_v1:b=+00:l=3:r=0	mean_stationary_v1	0	3	0	4015066862978007823	mean	0	512	cases/mean_stationary_v1__b=+00__l=3__r=0.f64le	4fca1b472f647d18fc96b0b5e8e04f540bf1488808a9deaa64bb689005e8f216	reference/mean_stationary_v1__b=+00__l=3__r=0.lsg2	c5def54111bac518a5866c7fd9004a4b555a6b73cf1334df67b5577a6988023d	930	4
lasagna2:m2.3:v1:mean_stationary_v1:b=+00:l=3:r=1	mean_stationary_v1	0	3	1	13695964497316173999	mean	0	512	cases/mean_stationary_v1__b=+00__l=3__r=1.f64le	3b96fc750e170c5c31ca50170a270649703b6c3fc1a47666f4b7b44a2fd53ed1	reference/mean_stationary_v1__b=+00__l=3__r=1.lsg2	f13d434666f554a9b3da9264f595d4c5f9509362aeef049cf616cece74060df1	930	4
lasagna2:m2.3:v1:mean_stationary_v1:b=+00:l=3:r=2	mean_stationary_v1	0	3	2	8927332493035978230	mean	0	512	cases/mean_stationary_v1__b=+00__l=3__r=2.f64le	67e88d95ac37cbef49144c0ef3de1e1c59b07b8b4f49ca2854dcfcf9fd3627d8	reference/mean_stationary_v1__b=+00__l=3__r=2.lsg2	9e3bc0a040e5125832b3e55093065a1a4aa961e989103abbca882bf09204387e	930	4
lasagna2:m2.3:v1:mean_stationary_v1:b=+00:l=3:r=3	mean_stationary_v1	0	3	3	16834785067940767085	mean	0	512	cases/mean_stationary_v1__b=+00__l=3__r=3.f64le	752b74b394ca4c0c91879d0b1e3fc249d7df9e00c525ba6fd3a98c53f543e86e	reference/mean_stationary_v1__b=+00__l=3__r=3.lsg2	212396f5e6fb0c3e4a40665eb6821ca4aea2b4f6c0e1b7fb1fdbe41d2aa21a12	930	4
lasagna2:m2.3:v1:mean_stationary_v1:b=+00:l=3:r=4	mean_stationary_v1	0	3	4	15299465154223580819	mean	0	512	cases/mean_stationary_v1__b=+00__l=3__r=4.f64le	73b594f988603a41c0d28e334c787eb1ee70f312c0f542c866c3e94756c162b4	reference/mean_stationary_v1__b=+00__l=3__r=4.lsg2	1abad376c1b70b26c21867958d751089dccae417b7c53195e18d89afecf26aa7	930	4
lasagna2:m2.3:v1:mean_stationary_v1:b=+00:l=4:r=0	mean_stationary_v1	0	4	0	6057377160049365117	mean	0	512	cases/mean_stationary_v1__b=+00__l=4__r=0.f64le	e9025aa624187e6967063feef78aa0af1093c955787ecdd07276352deda108d6	reference/mean_stationary_v1__b=+00__l=4__r=0.lsg2	9670175b727d451c2b44da08107ee544ec9e5b5482d89b35e62fce3eb7bc281f	930	4
lasagna2:m2.3:v1:mean_stationary_v1:b=+00:l=4:r=1	mean_stationary_v1	0	4	1	5945826446807495686	mean	0	512	cases/mean_stationary_v1__b=+00__l=4__r=1.f64le	ddf91e38280cb93a1eec61591bf9f297590964dba23a6c92d258d37e688d9d44	reference/mean_stationary_v1__b=+00__l=4__r=1.lsg2	5172af866a49ab5a477844c1b8461010359c579c8dff9ae2c0fd0333ea39f167	930	4
lasagna2:m2.3:v1:mean_stationary_v1:b=+00:l=4:r=2	mean_stationary_v1	0	4	2	3490647325661914431	mean	0	512	cases/mean_stationary_v1__b=+00__l=4__r=2.f64le	24a27fe31e6a20bd7405eaf3a3e84c063c2b1f013b4d2de94653014613a0cf40	reference/mean_stationary_v1__b=+00__l=4__r=2.lsg2	3fe080fa6e1f6804661dc786d0d3c696984ccfeb1237308d7f2d8049dcbf35f1	930	4
lasagna2:m2.3:v1:mean_stationary_v1:b=+00:l=4:r=3	mean_stationary_v1	0	4	3	8694239132411123695	mean	0	512	cases/mean_stationary_v1__b=+00__l=4__r=3.f64le	cf9cad19bb270fd81af30e8fe78bf1541c8579a7c2294201ff2a6a98ff5edac4	reference/mean_stationary_v1__b=+00__l=4__r=3.lsg2	9efec5eae968a658deeae05e969820055d314cc24217e3e14e99cfda96b918df	930	4
lasagna2:m2.3:v1:mean_stationary_v1:b=+00:l=4:r=4	mean_stationary_v1	0	4	4	4431220992984386377	mean	0	512	cases/mean_stationary_v1__b=+00__l=4__r=4.f64le	b51ecd0cca9ac6184b0a631451655e39a1db54140a6e7d10089bc9dd64788f36	reference/mean_stationary_v1__b=+00__l=4__r=4.lsg2	66535cb5116bda63233f5f5936899157daad68927b43a5897cafe8ef3b096f9d	930	4
lasagna2:m2.3:v1:mean_stationary_v1:b=+01:l=0:r=0	mean_stationary_v1	1	0	0	150935445970464305	mean	0	512	cases/mean_stationary_v1__b=+01__l=0__r=0.f64le	5231a708ad4da9b2efa7bcfe815d91239a2da6d6ffae0073934fd1dce0763602	reference/mean_stationary_v1__b=+01__l=0__r=0.lsg2	0ad898350c2c21739bd8385ef4be2ebab0bf9972920940d60eed7a41ac2316c4	930	4
lasagna2:m2.3:v1:mean_stationary_v1:b=+01:l=0:r=1	mean_stationary_v1	1	0	1	14863775749133420392	mean	0	512	cases/mean_stationary_v1__b=+01__l=0__r=1.f64le	74ebbf87024f004d1f70d17850f754d37385a5650c548aa6d2422218641daddc	reference/mean_stationary_v1__b=+01__l=0__r=1.lsg2	d721fd146b7b4bead1ff878b3f1a329e62d3148b9098d732618a459f6fdc7165	930	4
lasagna2:m2.3:v1:mean_stationary_v1:b=+01:l=0:r=2	mean_stationary_v1	1	0	2	10589968195912642819	mean	0	512	cases/mean_stationary_v1__b=+01__l=0__r=2.f64le	d4847a60422d2d054abfda73ec8bed4e91ae3a3083f25e958d746782d4a89549	reference/mean_stationary_v1__b=+01__l=0__r=2.lsg2	422aed910e2e7d50438eb14a59104638927b859ce359a50c53392f4522be322b	930	4
lasagna2:m2.3:v1:mean_stationary_v1:b=+01:l=0:r=3	mean_stationary_v1	1	0	3	7987126989379218419	mean	0	512	cases/mean_stationary_v1__b=+01__l=0__r=3.f64le	4acc96868c870aa561d8a8801623fbae72dcc9f3855eb5ee95ea4d6888c7f678	reference/mean_stationary_v1__b=+01__l=0__r=3.lsg2	357663525d670d68a1740c5388e5eb0216390bde1b9be13497db6df2eae2ff1d	930	4
lasagna2:m2.3:v1:mean_stationary_v1:b=+01:l=0:r=4	mean_stationary_v1	1	0	4	11986119177677999901	mean	0	512	cases/mean_stationary_v1__b=+01__l=0__r=4.f64le	a5c5b266b67152f9ca54be4abea05fd357eeec6d5a9ccfb4f9dac361726d31a6	reference/mean_stationary_v1__b=+01__l=0__r=4.lsg2	5ee28683a20579f8d223b7ca862fce5b5ca5fa93fe0426f130f36bf8c302b42d	930	4
lasagna2:m2.3:v1:mean_stationary_v1:b=+01:l=1:r=0	mean_stationary_v1	1	1	0	2240243308674004380	mean	0	512	cases/mean_stationary_v1__b=+01__l=1__r=0.f64le	7d1d3e9c614cb47095123d4cd5dac791e04679fa610f4ae691cb0d3dba6a60a8	reference/mean_stationary_v1__b=+01__l=1__r=0.lsg2	9defb03f69bec8d32116a97b601a541a1915d9f6363312f90cadc9bfcd97679b	930	4
lasagna2:m2.3:v1:mean_stationary_v1:b=+01:l=1:r=1	mean_stationary_v1	1	1	1	16418466541651861971	mean	0	512	cases/mean_stationary_v1__b=+01__l=1__r=1.f64le	e3b2e3d2da7f2f679e381a087ab4a44e3ed93548a49f51aa89233ae524723aaa	reference/mean_stationary_v1__b=+01__l=1__r=1.lsg2	df83f253dd58b395879ab500d8f83a5650c2c97c9a4f279e110efb1c1c9d1487	930	4
lasagna2:m2.3:v1:mean_stationary_v1:b=+01:l=1:r=2	mean_stationary_v1	1	1	2	13710371611357319330	mean	0	512	cases/mean_stationary_v1__b=+01__l=1__r=2.f64le	a6f655e4499d9e87aae5c35282869f024008a9d44e398ccc70f38121efa89464	reference/mean_stationary_v1__b=+01__l=1__r=2.lsg2	a338224d928cb6b6c21f27087498ad375ff39ac24a88987d18695c1cab6e6bf5	930	4
lasagna2:m2.3:v1:mean_stationary_v1:b=+01:l=1:r=3	mean_stationary_v1	1	1	3	15217387818094085116	mean	0	512	cases/mean_stationary_v1__b=+01__l=1__r=3.f64le	ae33f1f4cfe1368d3eb4960c9cc82a69405b8d23a4eb8361025bc3aa4e8001e5	reference/mean_stationary_v1__b=+01__l=1__r=3.lsg2	d286cb9fdec2e32b50b93727bb1b83fe273392efceaf0b8a95ee732714d8d332	930	4
lasagna2:m2.3:v1:mean_stationary_v1:b=+01:l=1:r=4	mean_stationary_v1	1	1	4	7915246213351625436	mean	0	512	cases/mean_stationary_v1__b=+01__l=1__r=4.f64le	746599b52725a7193a4087e1f58cbdd5ad4d538cd219a90a0e11e65f48b7664b	reference/mean_stationary_v1__b=+01__l=1__r=4.lsg2	2655d9bc46f206027d22e894be4f435d0a448a7e1e274ebb8d8702378442715d	930	4
lasagna2:m2.3:v1:mean_stationary_v1:b=+01:l=2:r=0	mean_stationary_v1	1	2	0	10292567908037711845	mean	0	512	cases/mean_stationary_v1__b=+01__l=2__r=0.f64le	6732c30330534e9d570b40f2d0b863dfb2eccc439fdd62dd0800f20dc14beab6	reference/mean_stationary_v1__b=+01__l=2__r=0.lsg2	40209d9638e04f768bcc8701bbaf35a2ef6916e5847cfd969a7371a497f48ed6	930	4
lasagna2:m2.3:v1:mean_stationary_v1:b=+01:l=2:r=1	mean_stationary_v1	1	2	1	2816993285298824532	mean	0	512	cases/mean_stationary_v1__b=+01__l=2__r=1.f64le	61a3ae050f7a61667e04ca61b34718eb7292d4efa6e9c7ea7da3bbf247256812	reference/mean_stationary_v1__b=+01__l=2__r=1.lsg2	1ad38d6f452826f0e31a6faef61db2977e82290a2c5416579287de3945afbbf9	930	4
lasagna2:m2.3:v1:mean_stationary_v1:b=+01:l=2:r=2	mean_stationary_v1	1	2	2	17967481063103380337	mean	0	512	cases/mean_stationary_v1__b=+01__l=2__r=2.f64le	35a1c0569aa4fd1f91448f59683fed9dc6d0d5a89978a43c03a079245579312e	reference/mean_stationary_v1__b=+01__l=2__r=2.lsg2	9f0203e281fbc575e87d6f2976a1372217b304c7f88780fd674f265a715ffde5	930	4
lasagna2:m2.3:v1:mean_stationary_v1:b=+01:l=2:r=3	mean_stationary_v1	1	2	3	4991860910656929482	mean	0	512	cases/mean_stationary_v1__b=+01__l=2__r=3.f64le	82b616496e8ef0c05b28b193af3a7a01b7443b1ece2b6eb6be4beeaef93eccbf	reference/mean_stationary_v1__b=+01__l=2__r=3.lsg2	42543fcc39ac46f4d797426a9c4145d76a76590cb0e56d7ce57f230905ce24ee	930	4
lasagna2:m2.3:v1:mean_stationary_v1:b=+01:l=2:r=4	mean_stationary_v1	1	2	4	8773423869848532876	mean	0	512	cases/mean_stationary_v1__b=+01__l=2__r=4.f64le	2f93355f80cc642ed07447d58cc21b52f836693cbaef829377252847c2f6fccb	reference/mean_stationary_v1__b=+01__l=2__r=4.lsg2	0303b6c0359caf09f867fa0b0827c00bf29abaff7b6ea4a9feef2532fcb7d83c	930	4
lasagna2:m2.3:v1:mean_stationary_v1:b=+01:l=3:r=0	mean_stationary_v1	1	3	0	11522985475156289992	mean	0	512	cases/mean_stationary_v1__b=+01__l=3__r=0.f64le	04ecff55f8736a124e16b72a0714fd908304a72edbe24a08b3eea7b95ffd3685	reference/mean_stationary_v1__b=+01__l=3__r=0.lsg2	6552cb1bbf5f608af571707d755545d6aae7fdc965afb1a57166751be8bf19e6	930	4
lasagna2:m2.3:v1:mean_stationary_v1:b=+01:l=3:r=1	mean_stationary_v1	1	3	1	15420274381882178110	mean	0	512	cases/mean_stationary_v1__b=+01__l=3__r=1.f64le	a65c313d62ebb085c4314767d03cff05b4ad1bb19ddd773b2abcf7e4402234d0	reference/mean_stationary_v1__b=+01__l=3__r=1.lsg2	5ba406e03c6271f9d161df46d5feaaab461dc98d3e48ea2b67dc7770ab4d546e	930	4
lasagna2:m2.3:v1:mean_stationary_v1:b=+01:l=3:r=2	mean_stationary_v1	1	3	2	15216262143825323878	mean	0	512	cases/mean_stationary_v1__b=+01__l=3__r=2.f64le	cf3a29127db5c94019a8e41cc38de142ed372b509ea39de8119e8aa638d9a9a3	reference/mean_stationary_v1__b=+01__l=3__r=2.lsg2	59adfa6833cd622577ad5dc799ee80abe8bf25c7b0d3b894d1d8031c0b106411	930	4
lasagna2:m2.3:v1:mean_stationary_v1:b=+01:l=3:r=3	mean_stationary_v1	1	3	3	8202082165089016761	mean	0	512	cases/mean_stationary_v1__b=+01__l=3__r=3.f64le	565795637e510f2f74fc8c4b06f44ce9c285cada86c80ddd4d85ea53e8773aeb	reference/mean_stationary_v1__b=+01__l=3__r=3.lsg2	4bcc7064f663aaa51fd41126038c640da59b8aed608ed0595bc405baf30dabc8	930	4
lasagna2:m2.3:v1:mean_stationary_v1:b=+01:l=3:r=4	mean_stationary_v1	1	3	4	8365604477763686080	mean	0	512	cases/mean_stationary_v1__b=+01__l=3__r=4.f64le	6fafdd4866e26a1d636efbdc9528b18429cd2969c1c0d09c2ac9892ea42faad8	reference/mean_stationary_v1__b=+01__l=3__r=4.lsg2	cfea7902107c349c056384e33141f84ee1c93e2bc3fb4d37e1224e985cb565d7	930	4
lasagna2:m2.3:v1:mean_stationary_v1:b=+01:l=4:r=0	mean_stationary_v1	1	4	0	12136244585358398217	mean	0	512	cases/mean_stationary_v1__b=+01__l=4__r=0.f64le	3c924ce121ea162cf568de82aaa49f2b4cd5b5954d9d6bd44e1d892cca1adb2b	reference/mean_stationary_v1__b=+01__l=4__r=0.lsg2	28d2db46e2bafda6d03fb8d4e649deccd2a1ecc9d752423654ae0f90add0ffe9	930	4
lasagna2:m2.3:v1:mean_stationary_v1:b=+01:l=4:r=1	mean_stationary_v1	1	4	1	4989262218653977202	mean	0	512	cases/mean_stationary_v1__b=+01__l=4__r=1.f64le	253e00112edef08b30dd9be7f7e1fcec156aaf1acea09c9cca1e8af6505624c5	reference/mean_stationary_v1__b=+01__l=4__r=1.lsg2	e1859d757f484b63a0d42d6d1f2079b404ed7ef7dd48bd7a0fa8c0b3b242649e	930	4
lasagna2:m2.3:v1:mean_stationary_v1:b=+01:l=4:r=2	mean_stationary_v1	1	4	2	3447470703831394582	mean	0	512	cases/mean_stationary_v1__b=+01__l=4__r=2.f64le	6de99fed36c4f8bc3392dbadec906a33ea186d9d11f3af90beccfe9617268c2f	reference/mean_stationary_v1__b=+01__l=4__r=2.lsg2	716cc146d18f77e28038437b5be8817e945ce10961a0837ce819546fd90bf4cc	930	4
lasagna2:m2.3:v1:mean_stationary_v1:b=+01:l=4:r=3	mean_stationary_v1	1	4	3	7082781801260473249	mean	0	512	cases/mean_stationary_v1__b=+01__l=4__r=3.f64le	df4665e1d4e8796288e959184669e79d352fbf17e6f8487ad62c5c8ef0e95616	reference/mean_stationary_v1__b=+01__l=4__r=3.lsg2	935b078e17400233c9b32e08e5ed0e2ecce3920e6c1af22eb01c06e5cc0785e9	930	4
lasagna2:m2.3:v1:mean_stationary_v1:b=+01:l=4:r=4	mean_stationary_v1	1	4	4	2246946920585284837	mean	0	512	cases/mean_stationary_v1__b=+01__l=4__r=4.f64le	a3d3ce925aaf8be418f85969338c6e7d14ab7fec6445ee6a0ef84e6d73be8f49	reference/mean_stationary_v1__b=+01__l=4__r=4.lsg2	6d6ad9a89e8106ba6960f0d01701f928f5f45df92112e28a41d10c1d7a9813b1	930	4
lasagna2:m2.3:v1:mean_stationary_v1:b=+02:l=0:r=0	mean_stationary_v1	2	0	0	13152876434068490706	mean	0	512	cases/mean_stationary_v1__b=+02__l=0__r=0.f64le	311fb6a616d966d99b9356d4295006483da0c4a3431a9aa79e3a430733b5a8cc	reference/mean_stationary_v1__b=+02__l=0__r=0.lsg2	4436d741239323dc509b53525ee255bb7a092f34d6eca613caf2b2741836e131	930	4
lasagna2:m2.3:v1:mean_stationary_v1:b=+02:l=0:r=1	mean_stationary_v1	2	0	1	6741579660386335371	mean	0	512	cases/mean_stationary_v1__b=+02__l=0__r=1.f64le	2b1b296cdd967552705caa18985e21a3c2d20063d2f4bb763b74bc87d180a664	reference/mean_stationary_v1__b=+02__l=0__r=1.lsg2	27181f487b30c8a4a7fb8dbcdefca3b231bfd15d6aa81df1bf4bf4252059df7c	930	4
lasagna2:m2.3:v1:mean_stationary_v1:b=+02:l=0:r=2	mean_stationary_v1	2	0	2	2619873436594993061	mean	0	512	cases/mean_stationary_v1__b=+02__l=0__r=2.f64le	504afdb7bcff6a1675a844e3df5f4870cba48b9f36817d3ddfb596fffa2c0ce4	reference/mean_stationary_v1__b=+02__l=0__r=2.lsg2	432a1c79f769867efca29769816a19c23fd5641a8f77cf7cc6861d5283ad1d1e	930	4
lasagna2:m2.3:v1:mean_stationary_v1:b=+02:l=0:r=3	mean_stationary_v1	2	0	3	10407766445341921568	mean	0	512	cases/mean_stationary_v1__b=+02__l=0__r=3.f64le	ca5018737232971579b70be3bca489226bad947af3dc8502122250b39c2c7978	reference/mean_stationary_v1__b=+02__l=0__r=3.lsg2	c65ac95df308d8828c51bfbe16f657cfeb5636fb05ee10604f843c99b421413a	930	4
lasagna2:m2.3:v1:mean_stationary_v1:b=+02:l=0:r=4	mean_stationary_v1	2	0	4	16523608746982428789	mean	0	512	cases/mean_stationary_v1__b=+02__l=0__r=4.f64le	c44bc41538fddb1e682370f03417881b9b65c464916a7081c94dd73f7e7d78ea	reference/mean_stationary_v1__b=+02__l=0__r=4.lsg2	4db79387ac4d1512682f1b5af91364223e494076116efb629df3b0431eddcd2c	930	4
lasagna2:m2.3:v1:mean_stationary_v1:b=+02:l=1:r=0	mean_stationary_v1	2	1	0	7296311385142535357	mean	0	512	cases/mean_stationary_v1__b=+02__l=1__r=0.f64le	1229242830976c904a96012c162c990a8f59a53effc6d198f156c95bc197783c	reference/mean_stationary_v1__b=+02__l=1__r=0.lsg2	a6144b1fd8f3cff36e0ba27e912c86c8f37fb81c836301c32b51af1d95f26a94	930	4
lasagna2:m2.3:v1:mean_stationary_v1:b=+02:l=1:r=1	mean_stationary_v1	2	1	1	10322845587222920448	mean	0	512	cases/mean_stationary_v1__b=+02__l=1__r=1.f64le	7790b1862c9ec0818fc85608ec335dc08f328e94333e3b6e512ba14c874fda9e	reference/mean_stationary_v1__b=+02__l=1__r=1.lsg2	12482a31813376471368c1c523c0ca388eb70550dc1c539d98605c1d95ce025d	930	4
lasagna2:m2.3:v1:mean_stationary_v1:b=+02:l=1:r=2	mean_stationary_v1	2	1	2	15917903265325405364	mean	0	512	cases/mean_stationary_v1__b=+02__l=1__r=2.f64le	b8e60c41ec5b15fde1e5723184c0e72e6fb4849b5c9e0c41157d7bcf95bad9e3	reference/mean_stationary_v1__b=+02__l=1__r=2.lsg2	f63fa0b7355a715987695672d0f0ef2b8d76cacb3a8101b7052425219415f96a	930	4
lasagna2:m2.3:v1:mean_stationary_v1:b=+02:l=1:r=3	mean_stationary_v1	2	1	3	16994419169014150878	mean	0	512	cases/mean_stationary_v1__b=+02__l=1__r=3.f64le	8dbd1296419328a463d3d052a424a7dba0440c15ac7b8932e932db50eeac7772	reference/mean_stationary_v1__b=+02__l=1__r=3.lsg2	de71f3bc4e4ef3349f0c477e92478aa25d7e19faa65d7908d7e3c68c0d3129e9	930	4
lasagna2:m2.3:v1:mean_stationary_v1:b=+02:l=1:r=4	mean_stationary_v1	2	1	4	17816417970661649944	mean	0	512	cases/mean_stationary_v1__b=+02__l=1__r=4.f64le	4937144fbd26008826a7527bdaef7d8fa3ddc505f763daf9fb491634a1a48268	reference/mean_stationary_v1__b=+02__l=1__r=4.lsg2	aeec6aa2d063b9593c0f12f5975273526268acbbf24b97af1c1abce2d5c57831	930	4
lasagna2:m2.3:v1:mean_stationary_v1:b=+02:l=2:r=0	mean_stationary_v1	2	2	0	10481818244013019277	mean	0	512	cases/mean_stationary_v1__b=+02__l=2__r=0.f64le	94b919fce28184d2ee4fcc1010ae1d3cdbdf7d4452bb609e33a60e1ca65eab2c	reference/mean_stationary_v1__b=+02__l=2__r=0.lsg2	74dd03a30805a080c7df1d0d1c5dbf7214313627cecd17483d84d03ed891aa43	930	4
lasagna2:m2.3:v1:mean_stationary_v1:b=+02:l=2:r=1	mean_stationary_v1	2	2	1	603438392179555028	mean	0	512	cases/mean_stationary_v1__b=+02__l=2__r=1.f64le	33b5c83c60ce0399783780bb1992d32507ddbebb8db94e016ed934365ddabc79	reference/mean_stationary_v1__b=+02__l=2__r=1.lsg2	085cc9477c4901a49884a29820040f6891df658475aef68a4010d3fe2d5c5f66	930	4
lasagna2:m2.3:v1:mean_stationary_v1:b=+02:l=2:r=2	mean_stationary_v1	2	2	2	4653685065797939935	mean	0	512	cases/mean_stationary_v1__b=+02__l=2__r=2.f64le	703ae275cbe147c315e44e7a48700a23dfe89f1b6e85d2b78dd58278315e95fb	reference/mean_stationary_v1__b=+02__l=2__r=2.lsg2	5881a5e295eaf4968f2d9a4e10803857602dd4eb7ec1ff4ca6d129cede97edd0	930	4
lasagna2:m2.3:v1:mean_stationary_v1:b=+02:l=2:r=3	mean_stationary_v1	2	2	3	9182585649455003508	mean	0	512	cases/mean_stationary_v1__b=+02__l=2__r=3.f64le	9bc2fa99d8f9f4601c520b159d58425f8d0640247c27a0c1b94fd72b9ade49e9	reference/mean_stationary_v1__b=+02__l=2__r=3.lsg2	d256d75bf7f9f74db7170a4da117c24055318f92f0f08297fe3aefe9f0b723f9	930	4
lasagna2:m2.3:v1:mean_stationary_v1:b=+02:l=2:r=4	mean_stationary_v1	2	2	4	18037852765184911186	mean	0	512	cases/mean_stationary_v1__b=+02__l=2__r=4.f64le	ad5c3d84a27f94ba39c8166c9f6ade6aa7ed1ed5e5401c3a954d871803f46b45	reference/mean_stationary_v1__b=+02__l=2__r=4.lsg2	2776a4e42c9a07a0b6605307d9f133c7c9659a673ae589e5b50c6d896d8a187d	930	4
lasagna2:m2.3:v1:mean_stationary_v1:b=+02:l=3:r=0	mean_stationary_v1	2	3	0	17201116928027958338	mean	0	512	cases/mean_stationary_v1__b=+02__l=3__r=0.f64le	01bd5c8c8e699cc88ee730130b58aab3080c9eeee09a98cf146e99761b34f201	reference/mean_stationary_v1__b=+02__l=3__r=0.lsg2	6302b4b26311b925439d6fff853d800f4c3c58c9cdbaef5bf28b5b60b3f682b1	930	4
lasagna2:m2.3:v1:mean_stationary_v1:b=+02:l=3:r=1	mean_stationary_v1	2	3	1	3759705906730189343	mean	0	512	cases/mean_stationary_v1__b=+02__l=3__r=1.f64le	4e0735b8e49c6659dccacd8d20530fdc3705037e3727e75b9b07bc4db709f9d1	reference/mean_stationary_v1__b=+02__l=3__r=1.lsg2	e6cff35c9c295eb984996423e4eea3ae4bf0726520c0ebdc2581d1e0cd132739	930	4
lasagna2:m2.3:v1:mean_stationary_v1:b=+02:l=3:r=2	mean_stationary_v1	2	3	2	2729324464282228353	mean	0	512	cases/mean_stationary_v1__b=+02__l=3__r=2.f64le	759cc8a23bb3cb0e02c4d7069b2a9db9cb3a115c6741d99532a311075d7ca73b	reference/mean_stationary_v1__b=+02__l=3__r=2.lsg2	d270563168eb7a198a5f51de805f1d99cac1a21b0dfaec75abfe5dd0e2f20c25	930	4
lasagna2:m2.3:v1:mean_stationary_v1:b=+02:l=3:r=3	mean_stationary_v1	2	3	3	5159762547390253708	mean	0	512	cases/mean_stationary_v1__b=+02__l=3__r=3.f64le	6c3d17b7906c75ba2a3a0e1aa188d34665f891fb33ee95d0d15777006541a73a	reference/mean_stationary_v1__b=+02__l=3__r=3.lsg2	419a400ef2da7839aaa897c2da5d0d74b4d08a8176d1d5b8e5341caabe343816	930	4
lasagna2:m2.3:v1:mean_stationary_v1:b=+02:l=3:r=4	mean_stationary_v1	2	3	4	6951301016820372858	mean	0	512	cases/mean_stationary_v1__b=+02__l=3__r=4.f64le	872ca57632e69e1958b7027534745e2ecae3b50ef4bd3e218019ef7c342fd941	reference/mean_stationary_v1__b=+02__l=3__r=4.lsg2	8617eeb9f32d823e2211cd90509bd61ee41bc7c71921b96cc1b54181a9bcd51f	930	4
lasagna2:m2.3:v1:mean_stationary_v1:b=+02:l=4:r=0	mean_stationary_v1	2	4	0	15747366131879212727	mean	0	512	cases/mean_stationary_v1__b=+02__l=4__r=0.f64le	7633ecfd057f4b235e9d87759dbf04e951d54813902169b462fa89af28c63bf4	reference/mean_stationary_v1__b=+02__l=4__r=0.lsg2	abaec7800daffdb7c156e9f81829987983cd6cd351029901e8962d835edccb8d	930	4
lasagna2:m2.3:v1:mean_stationary_v1:b=+02:l=4:r=1	mean_stationary_v1	2	4	1	15470668108416569209	mean	0	512	cases/mean_stationary_v1__b=+02__l=4__r=1.f64le	06c34cc81e1aa190d6007e1daa6d1557c83ddc7e74ec3c415dd1d4ca90537bf0	reference/mean_stationary_v1__b=+02__l=4__r=1.lsg2	3d8941558c985cea385761d341b62ea454ff8caf3117274f4bfff516d52575dd	930	4
lasagna2:m2.3:v1:mean_stationary_v1:b=+02:l=4:r=2	mean_stationary_v1	2	4	2	9849048951615926636	mean	0	512	cases/mean_stationary_v1__b=+02__l=4__r=2.f64le	7e7d8941619766e52ce6310a55ae73e9898b6247f6f636d84580b357489c8b98	reference/mean_stationary_v1__b=+02__l=4__r=2.lsg2	99a12334870dbcbde930f92dc45a53e6140c2e315362f058a1793d96d6d253d4	930	4
lasagna2:m2.3:v1:mean_stationary_v1:b=+02:l=4:r=3	mean_stationary_v1	2	4	3	10614264942384526297	mean	0	512	cases/mean_stationary_v1__b=+02__l=4__r=3.f64le	14da0bd87b04678ce0fa274ccde922b6db632bd7a51b9ff580ec33941c1c29c9	reference/mean_stationary_v1__b=+02__l=4__r=3.lsg2	dd38c633afe9a2a0999d628857c1fd6657b9b26e14d7bbdee4ee430c33efceba	930	4
lasagna2:m2.3:v1:mean_stationary_v1:b=+02:l=4:r=4	mean_stationary_v1	2	4	4	17146584298193737434	mean	0	512	cases/mean_stationary_v1__b=+02__l=4__r=4.f64le	1c5a61a62c037f328479a54003cc188877532bdf45cd7c73616a5696c0632f23	reference/mean_stationary_v1__b=+02__l=4__r=4.lsg2	6c234881bd4afad7c87c9923c52c9b1f321eec58117e4a7f14232dd685010392	930	4
lasagna2:m2.3:v1:mean_stationary_v1:b=+03:l=0:r=0	mean_stationary_v1	3	0	0	2960920228850779285	mean	0	512	cases/mean_stationary_v1__b=+03__l=0__r=0.f64le	06ee0bb97eb84fcccd3e896ffcd88c55e1cc365319a5438d6df9b4aaac36e46f	reference/mean_stationary_v1__b=+03__l=0__r=0.lsg2	c46ed5fc6e617c133bd7fd5c5c7668f80451bff8b97b1277d3ebde3e43e0c097	930	4
lasagna2:m2.3:v1:mean_stationary_v1:b=+03:l=0:r=1	mean_stationary_v1	3	0	1	7793657510203199472	mean	0	512	cases/mean_stationary_v1__b=+03__l=0__r=1.f64le	719597ff474d77ccdcd19ed21a05755755934fd0c62d69bbbfd5fa6882007cec	reference/mean_stationary_v1__b=+03__l=0__r=1.lsg2	afa1fbf53856f373d75d5746445d785b0b26e0187c8aab6d46176cd8cca926d0	930	4
lasagna2:m2.3:v1:mean_stationary_v1:b=+03:l=0:r=2	mean_stationary_v1	3	0	2	8549398724925448825	mean	0	512	cases/mean_stationary_v1__b=+03__l=0__r=2.f64le	1b46121943c9ae81f12600a7f704bc69eb7c5f36858f8e4abb6ab8e0c1401614	reference/mean_stationary_v1__b=+03__l=0__r=2.lsg2	0d3c4559b2b166a04bf4bd5cd4dd62729792b05fde8890480626a17334ec7a66	930	4
lasagna2:m2.3:v1:mean_stationary_v1:b=+03:l=0:r=3	mean_stationary_v1	3	0	3	147990232772160071	mean	0	512	cases/mean_stationary_v1__b=+03__l=0__r=3.f64le	e0c71287b0971b2f133dbfec6208d6090995ac1ada28641b3f0d34b86718a8c5	reference/mean_stationary_v1__b=+03__l=0__r=3.lsg2	1ddd08a7d28c885db9e9e944b90068b3340e11b45799d9a5388e1684d524d0ee	930	4
lasagna2:m2.3:v1:mean_stationary_v1:b=+03:l=0:r=4	mean_stationary_v1	3	0	4	5464590789604908523	mean	0	512	cases/mean_stationary_v1__b=+03__l=0__r=4.f64le	0bf44a4d42ae5b758c1ffaa4f136d2dc953daae404797658e0d8b689cb576d16	reference/mean_stationary_v1__b=+03__l=0__r=4.lsg2	887166dd872c7cbd51ad58c6a079c065e42bcdd66fdc03807cba5711ed2b53dd	930	4
lasagna2:m2.3:v1:mean_stationary_v1:b=+03:l=1:r=0	mean_stationary_v1	3	1	0	13921838364186209153	mean	0	512	cases/mean_stationary_v1__b=+03__l=1__r=0.f64le	6360b6710d6286f9be57fd88fefb5866dd797383637c667216f4563a478ca63b	reference/mean_stationary_v1__b=+03__l=1__r=0.lsg2	b71a5338ba866f6901c139a9efc2c433bde83e53c0bfb591036e3c145aa3e0bf	930	4
lasagna2:m2.3:v1:mean_stationary_v1:b=+03:l=1:r=1	mean_stationary_v1	3	1	1	7376607722313137452	mean	0	512	cases/mean_stationary_v1__b=+03__l=1__r=1.f64le	16b8db5c59e83efa2e08f70dc737f7069719186eecc10324d87466dead873380	reference/mean_stationary_v1__b=+03__l=1__r=1.lsg2	2b5535b61460f36e418ceead8a7cfad8205c3eda3c7945f5696e34e05821249a	930	4
lasagna2:m2.3:v1:mean_stationary_v1:b=+03:l=1:r=2	mean_stationary_v1	3	1	2	11082468400196502117	mean	0	512	cases/mean_stationary_v1__b=+03__l=1__r=2.f64le	e37e3ded013678ad51d1888dfff8fb432acb0da6f3cb465f788a97db1c1b6d65	reference/mean_stationary_v1__b=+03__l=1__r=2.lsg2	27d8be24b861d1c9c0a678b3ecca27829e39ec243372c3ee4bcd88d8410b03db	930	4
lasagna2:m2.3:v1:mean_stationary_v1:b=+03:l=1:r=3	mean_stationary_v1	3	1	3	8279375114137478362	mean	0	512	cases/mean_stationary_v1__b=+03__l=1__r=3.f64le	5975eeecc8e0b73d7d91f198ff3906ee0f72acbdd3a615e8f97303fad5c3a823	reference/mean_stationary_v1__b=+03__l=1__r=3.lsg2	dd853179c4e2174ce25963422b8f50f46bc9dbbf6abd0bd18e4d94ac8086eaf2	930	4
lasagna2:m2.3:v1:mean_stationary_v1:b=+03:l=1:r=4	mean_stationary_v1	3	1	4	14295294407766686362	mean	0	512	cases/mean_stationary_v1__b=+03__l=1__r=4.f64le	abff9df99efa2c547f6649c7028fa1d1dc0c857376c89204eee02d318db295e0	reference/mean_stationary_v1__b=+03__l=1__r=4.lsg2	c37e3657d8693d3b60b45171d97bb93707aa5a647e04db8b7ba378c29e2b3b0a	930	4
lasagna2:m2.3:v1:mean_stationary_v1:b=+03:l=2:r=0	mean_stationary_v1	3	2	0	5464709594102707976	mean	0	512	cases/mean_stationary_v1__b=+03__l=2__r=0.f64le	0b6615fd14d774cc6feb7b5631e44eb528be6bbf6572ce9ef2cc92922d27bc4f	reference/mean_stationary_v1__b=+03__l=2__r=0.lsg2	0e5b8f6f279d868c3aa9ba14cc060b27600907e4f38a5fdbe10d8966a794b665	930	4
lasagna2:m2.3:v1:mean_stationary_v1:b=+03:l=2:r=1	mean_stationary_v1	3	2	1	16700481950466231421	mean	0	512	cases/mean_stationary_v1__b=+03__l=2__r=1.f64le	523e9e1ac0e28a67d09d66a9a19fb5b644e669b1c65535051663230fad21b1ed	reference/mean_stationary_v1__b=+03__l=2__r=1.lsg2	b72cbe45032caf7322ff0bb95084ea2741222562d8528ae0bc63a3f346cbc50d	930	4
lasagna2:m2.3:v1:mean_stationary_v1:b=+03:l=2:r=2	mean_stationary_v1	3	2	2	11066949597265660940	mean	0	512	cases/mean_stationary_v1__b=+03__l=2__r=2.f64le	9a53700827c21d815618977dba29738ad32b62cff473906edcc4a56b268800bf	reference/mean_stationary_v1__b=+03__l=2__r=2.lsg2	ee7dcabab9852552dec7005224b96e5733056b09b6982eb90cfd824eee56f56c	930	4
lasagna2:m2.3:v1:mean_stationary_v1:b=+03:l=2:r=3	mean_stationary_v1	3	2	3	3438497260777892811	mean	0	512	cases/mean_stationary_v1__b=+03__l=2__r=3.f64le	939eff774f580d3fe7e43941e99f68cca1950671c4b26353fd6c4a5f7f768dd5	reference/mean_stationary_v1__b=+03__l=2__r=3.lsg2	5c620903863ea0a8cbc858570db4a2054b08d91621be076105c1f483d312971d	930	4
lasagna2:m2.3:v1:mean_stationary_v1:b=+03:l=2:r=4	mean_stationary_v1	3	2	4	6629451064874475454	mean	0	512	cases/mean_stationary_v1__b=+03__l=2__r=4.f64le	46fce1fdb60fb1f84261b768f4ac4dd4a72e4ad9dcc1a5e6595c2ba9be151809	reference/mean_stationary_v1__b=+03__l=2__r=4.lsg2	e90093a7b544a56c0b0880a617016b48209f7ddfa2b1c7b5aa33d7ede4f3c050	930	4
lasagna2:m2.3:v1:mean_stationary_v1:b=+03:l=3:r=0	mean_stationary_v1	3	3	0	2361366430894670724	mean	0	512	cases/mean_stationary_v1__b=+03__l=3__r=0.f64le	39aac313d1984787837bb1ea01514850c26e0b7b8ef13e23dfe3ea3744601840	reference/mean_stationary_v1__b=+03__l=3__r=0.lsg2	e2d3c77e65589fe69c005438f8dfd7e99988203f4191c6945ecf4a617a0900b9	930	4
lasagna2:m2.3:v1:mean_stationary_v1:b=+03:l=3:r=1	mean_stationary_v1	3	3	1	8776049635988692383	mean	0	512	cases/mean_stationary_v1__b=+03__l=3__r=1.f64le	628433a646e584375377c246f0075c4d6a4a63156d8723585ccaee55608bf28c	reference/mean_stationary_v1__b=+03__l=3__r=1.lsg2	4a5a70b7e931b9be4d71e79fd3a4f41382026d5ecef61452422475251308fdb9	930	4
lasagna2:m2.3:v1:mean_stationary_v1:b=+03:l=3:r=2	mean_stationary_v1	3	3	2	14169819713777510077	mean	0	512	cases/mean_stationary_v1__b=+03__l=3__r=2.f64le	81bbd41eda7c83f3ef179607eef4d4009159961a594c71294b7571a258eb8aa4	reference/mean_stationary_v1__b=+03__l=3__r=2.lsg2	21553438b90e6a6ae4d9bd37b3cd20f0670bcd3cfa935ceb042184b710844eda	930	4
lasagna2:m2.3:v1:mean_stationary_v1:b=+03:l=3:r=3	mean_stationary_v1	3	3	3	8639663271169557596	mean	0	512	cases/mean_stationary_v1__b=+03__l=3__r=3.f64le	351f77900044d889bc89b3931e4d81366604e9f14aa3c4315e7c78f518d56c76	reference/mean_stationary_v1__b=+03__l=3__r=3.lsg2	109bda536daae93e83e05eb37916830b44d15b76d3d1b8386c741ca94733ae2f	930	4
lasagna2:m2.3:v1:mean_stationary_v1:b=+03:l=3:r=4	mean_stationary_v1	3	3	4	15073054187022780299	mean	0	512	cases/mean_stationary_v1__b=+03__l=3__r=4.f64le	2f5b76d1b7d711f8caa574ba06e3ae81e561035ff517a443e28f6327877eec2f	reference/mean_stationary_v1__b=+03__l=3__r=4.lsg2	4d209b8cda9e2a640bac580caeae427272b5daa18e0bc2652a89b029e1a1ce16	930	4
lasagna2:m2.3:v1:mean_stationary_v1:b=+03:l=4:r=0	mean_stationary_v1	3	4	0	11903878148034906585	mean	0	512	cases/mean_stationary_v1__b=+03__l=4__r=0.f64le	ccfefddb0450a05fc05dc21697e0f2aea4de3f83735a2d3e962383aac84d23d6	reference/mean_stationary_v1__b=+03__l=4__r=0.lsg2	279e265b5705819727f59bae6a71d8ec18b90a86c5c4ef30c4bbe080ac4967c6	1842	16
lasagna2:m2.3:v1:mean_stationary_v1:b=+03:l=4:r=1	mean_stationary_v1	3	4	1	14358417461374789879	mean	0	512	cases/mean_stationary_v1__b=+03__l=4__r=1.f64le	2afa6652339f57e0cda0778cc8f80fc13a56ba69bb28c2cff6a7901602db7118	reference/mean_stationary_v1__b=+03__l=4__r=1.lsg2	8fea6ee5d40b3200484c280232268c708ab303aefe958453663c40dae29770d5	1842	16
lasagna2:m2.3:v1:mean_stationary_v1:b=+03:l=4:r=2	mean_stationary_v1	3	4	2	2606663190052113867	mean	0	512	cases/mean_stationary_v1__b=+03__l=4__r=2.f64le	33ee93983fabedbdcb8609637e64a3dc152769d7d57fe4935668c51e669fea7c	reference/mean_stationary_v1__b=+03__l=4__r=2.lsg2	5c417fa6fb5cdb8ab9e8d34d1d852336550518534ea4b1090f70a27976a02116	1842	16
lasagna2:m2.3:v1:mean_stationary_v1:b=+03:l=4:r=3	mean_stationary_v1	3	4	3	15725455400520889991	mean	0	512	cases/mean_stationary_v1__b=+03__l=4__r=3.f64le	c1cdaa04abc58d76e1b10b9cacf75745ad1ccf3be2d8e610957dda6660c377ab	reference/mean_stationary_v1__b=+03__l=4__r=3.lsg2	b66f0eda7127d59ac96c03afeb836b349539d63891485bd649859eabb42ce91b	1842	16
lasagna2:m2.3:v1:mean_stationary_v1:b=+03:l=4:r=4	mean_stationary_v1	3	4	4	2970897619674845350	mean	0	512	cases/mean_stationary_v1__b=+03__l=4__r=4.f64le	853405e05e875a96ef6621b3ad17e3085ae34bd9be6e9cfa4f962f7dd784775f	reference/mean_stationary_v1__b=+03__l=4__r=4.lsg2	a3afcf5fe6439d135aabfcdb9f1b94b5bb9700a01454d5ad9de9f425fee6bf6c	1842	16
lasagna2:m2.3:v1:mean_stationary_v1:b=+04:l=0:r=0	mean_stationary_v1	4	0	0	8842562632958782047	mean	0	512	cases/mean_stationary_v1__b=+04__l=0__r=0.f64le	1885454662c653c8e2328bd0e5cd30dd955ab5a3dbd8bd3f951f44c27d37bf3b	reference/mean_stationary_v1__b=+04__l=0__r=0.lsg2	ba9ea443bd51942687c0d764e67b18015531fdc09d9c2d1746b00e9f03db9c4d	930	4
lasagna2:m2.3:v1:mean_stationary_v1:b=+04:l=0:r=1	mean_stationary_v1	4	0	1	12626738796096262797	mean	0	512	cases/mean_stationary_v1__b=+04__l=0__r=1.f64le	c7ee337486fc510936f3c1b85d23d9caefbbb85216496e914aafb6768b41ba2d	reference/mean_stationary_v1__b=+04__l=0__r=1.lsg2	3aba629699fe7c73ca08ff580ee6aca6078ef690caf81463d64195e9737f441e	930	4
lasagna2:m2.3:v1:mean_stationary_v1:b=+04:l=0:r=2	mean_stationary_v1	4	0	2	16385347327615952025	mean	0	512	cases/mean_stationary_v1__b=+04__l=0__r=2.f64le	43b25fd45db7d7273e0a8210ddad367a0e5daba162911ddcbf717cf703e414c1	reference/mean_stationary_v1__b=+04__l=0__r=2.lsg2	1e9c9e60283dc45281f0f7f45170ccd1454d71da05ce628fbe1b27a266f81e2e	930	4
lasagna2:m2.3:v1:mean_stationary_v1:b=+04:l=0:r=3	mean_stationary_v1	4	0	3	8757738156104699485	mean	0	512	cases/mean_stationary_v1__b=+04__l=0__r=3.f64le	09327ab1ee84a44fa91d8d6dff137f120d78e6f5787f4499f5869d6308ab9de5	reference/mean_stationary_v1__b=+04__l=0__r=3.lsg2	1f5553d82e62b436056e9b828bcdda4268e49892adfa4022295fb12f72395578	930	4
lasagna2:m2.3:v1:mean_stationary_v1:b=+04:l=0:r=4	mean_stationary_v1	4	0	4	15833082114467176223	mean	0	512	cases/mean_stationary_v1__b=+04__l=0__r=4.f64le	d05fa266f81ee6b486519df1d63cef03dfffe1d4e0a17b5349b02681a396562b	reference/mean_stationary_v1__b=+04__l=0__r=4.lsg2	679e492742b79c6212a7b2860ee0e681377aa50828ffe768cd06125ca5f7419f	930	4
lasagna2:m2.3:v1:mean_stationary_v1:b=+04:l=1:r=0	mean_stationary_v1	4	1	0	12255509279272231993	mean	0	512	cases/mean_stationary_v1__b=+04__l=1__r=0.f64le	d4ae84e431f7de389229db9540e2a2302871a00c9293aae19f9e51b16a4c6665	reference/mean_stationary_v1__b=+04__l=1__r=0.lsg2	ca613e44659f556bbd0a87277e74fe0fc0a5fbd7ca769a2fcb3091807571e2d8	930	4
lasagna2:m2.3:v1:mean_stationary_v1:b=+04:l=1:r=1	mean_stationary_v1	4	1	1	18139245069761574803	mean	0	512	cases/mean_stationary_v1__b=+04__l=1__r=1.f64le	94fd60c4deb27aa89c42798f27079a442c48a05675aad42317ae0820a05c95a5	reference/mean_stationary_v1__b=+04__l=1__r=1.lsg2	f63fbd90db484a8f3e7961c784f2e326620e40d0621d1aa0e3088355a56e468d	930	4
lasagna2:m2.3:v1:mean_stationary_v1:b=+04:l=1:r=2	mean_stationary_v1	4	1	2	5848729400785879128	mean	0	512	cases/mean_stationary_v1__b=+04__l=1__r=2.f64le	4ed92ff1f680f73b73ac38dacbbec7878ead6cfb2dac209797365df70dece8f6	reference/mean_stationary_v1__b=+04__l=1__r=2.lsg2	42bfc90fa71bb604898c3913a58b1bd0bc2ef26c7e3de69315ce8fa309eee1e3	930	4
lasagna2:m2.3:v1:mean_stationary_v1:b=+04:l=1:r=3	mean_stationary_v1	4	1	3	4884436190793400998	mean	0	512	cases/mean_stationary_v1__b=+04__l=1__r=3.f64le	f801a055b169388beb4765b1dbcbac72f8bb3ebf294b6343ebc1fe6ec3fd830d	reference/mean_stationary_v1__b=+04__l=1__r=3.lsg2	030265ba912823e6b47f020110045d4066c83881d189c2f0cf7138157d0d4348	930	4
lasagna2:m2.3:v1:mean_stationary_v1:b=+04:l=1:r=4	mean_stationary_v1	4	1	4	15248081193753591070	mean	0	512	cases/mean_stationary_v1__b=+04__l=1__r=4.f64le	9244e76165a3306d51f6ea62c585bc00943049686fa51a889f6f9d1b0b43ba16	reference/mean_stationary_v1__b=+04__l=1__r=4.lsg2	86a1c9e597d91494df9c8d780fab5a3d11347859ad363980b831ef69967f05f6	930	4
lasagna2:m2.3:v1:mean_stationary_v1:b=+04:l=2:r=0	mean_stationary_v1	4	2	0	11362158014352026949	mean	0	512	cases/mean_stationary_v1__b=+04__l=2__r=0.f64le	12002f6cc1060d857ad2eb82e1441433d53ff4f8f08156b4b06a30d0a1a9815c	reference/mean_stationary_v1__b=+04__l=2__r=0.lsg2	729a4c98ff1f096267c0acfcb3b395cbea7bb0e27129309d37c7d26796a77223	930	4
lasagna2:m2.3:v1:mean_stationary_v1:b=+04:l=2:r=1	mean_stationary_v1	4	2	1	15834042534905565576	mean	0	512	cases/mean_stationary_v1__b=+04__l=2__r=1.f64le	0872393cc40bb9c23f6be2786e4272522f0c108c04a1207068658e867364b2f1	reference/mean_stationary_v1__b=+04__l=2__r=1.lsg2	f38d84717da8c462da307f674b8c33d572a1f57c6f021a6da59e4f51effa9a65	930	4
lasagna2:m2.3:v1:mean_stationary_v1:b=+04:l=2:r=2	mean_stationary_v1	4	2	2	15160204540727966560	mean	0	512	cases/mean_stationary_v1__b=+04__l=2__r=2.f64le	1ccb3075a1d0d3245e2073f2812b1c3ff1691a4361efc120fbaa165107a4d1c4	reference/mean_stationary_v1__b=+04__l=2__r=2.lsg2	8da50d9930a72fd9cbc2732e68730b245f36698db958b97197f02a9848a46399	930	4
lasagna2:m2.3:v1:mean_stationary_v1:b=+04:l=2:r=3	mean_stationary_v1	4	2	3	18371609598231045763	mean	0	512	cases/mean_stationary_v1__b=+04__l=2__r=3.f64le	d1f11101f732a9dfb0d31c42e5f92227cfe72c3bdcf0727605cfdf2cf9cf659e	reference/mean_stationary_v1__b=+04__l=2__r=3.lsg2	f6cc3f33a37b27041841572e4321fe2f973aa4ed2093c61290ee737ee0a7c4d2	930	4
lasagna2:m2.3:v1:mean_stationary_v1:b=+04:l=2:r=4	mean_stationary_v1	4	2	4	4955866005238059713	mean	0	512	cases/mean_stationary_v1__b=+04__l=2__r=4.f64le	a5314d368718ae7ab0b04340450a70be9ca9de18f1513d7389d5a88705694194	reference/mean_stationary_v1__b=+04__l=2__r=4.lsg2	21e81ea8b7f896915170507a67eaf011f3d4dcac02ad36be3737d03f3e7006ac	930	4
lasagna2:m2.3:v1:mean_stationary_v1:b=+04:l=3:r=0	mean_stationary_v1	4	3	0	9304907390581368354	mean	0	512	cases/mean_stationary_v1__b=+04__l=3__r=0.f64le	dee14ba274f2b2c7163c99cde7ecead6ea72980453074fc8a17a4cb6092c7cd9	reference/mean_stationary_v1__b=+04__l=3__r=0.lsg2	b6057c94c700a4b637de4d6b5908506aac66016421dfe2881eae29c626c96a18	1842	16
lasagna2:m2.3:v1:mean_stationary_v1:b=+04:l=3:r=1	mean_stationary_v1	4	3	1	18023807321107200091	mean	0	512	cases/mean_stationary_v1__b=+04__l=3__r=1.f64le	201e508ef8debd9b89b779901285b035f0f067ffe5433dc2eaf77deb13624ed4	reference/mean_stationary_v1__b=+04__l=3__r=1.lsg2	56e6085e836b0ab81fe9ee0b246cb32811e335a617b0cb740cc3adbd0ba21ef7	1842	16
lasagna2:m2.3:v1:mean_stationary_v1:b=+04:l=3:r=2	mean_stationary_v1	4	3	2	11644511984766457632	mean	0	512	cases/mean_stationary_v1__b=+04__l=3__r=2.f64le	7e65cdb8c2ce7d643a6bee6cce8438e1c47eee1c06842f381d5d79cf8c17b9d6	reference/mean_stationary_v1__b=+04__l=3__r=2.lsg2	7e1dad19ef7566a6036bfd724d73d98168a556f1656a36af426d5a10f28c7732	1842	16
lasagna2:m2.3:v1:mean_stationary_v1:b=+04:l=3:r=3	mean_stationary_v1	4	3	3	2021489623110802374	mean	0	512	cases/mean_stationary_v1__b=+04__l=3__r=3.f64le	dd23f7a9d6ffe400ec2616a9d20abd73f35bfcdbea0f2e63e7f8fba5cd5e272e	reference/mean_stationary_v1__b=+04__l=3__r=3.lsg2	fcdd15a889b6b4254c08cc4069c828d24a62fa3a6862eca142474d6e8eb15f12	1842	16
lasagna2:m2.3:v1:mean_stationary_v1:b=+04:l=3:r=4	mean_stationary_v1	4	3	4	559206738945074547	mean	0	512	cases/mean_stationary_v1__b=+04__l=3__r=4.f64le	39e6e2918f03551ad85d8eab4b25c19ad16c9605be40cd79075f8d229bf5552a	reference/mean_stationary_v1__b=+04__l=3__r=4.lsg2	1d7a0105fe92f0ee04d3602346decb828a8a70e133bfa5b5ee4425c39e9a3bb9	1842	16
lasagna2:m2.3:v1:mean_stationary_v1:b=+04:l=4:r=0	mean_stationary_v1	4	4	0	4015323948645195861	mean	0	512	cases/mean_stationary_v1__b=+04__l=4__r=0.f64le	91f9c57ec09307f13a3a97cfbcb10fa00f446bc21f3dae6f0bcb6435f566036a	reference/mean_stationary_v1__b=+04__l=4__r=0.lsg2	93d7ca7e53408ca7c5d8863edaa2fe0650b8f03d02763065ad0a55e5a852f357	1842	16
lasagna2:m2.3:v1:mean_stationary_v1:b=+04:l=4:r=1	mean_stationary_v1	4	4	1	12014628223176077646	mean	0	512	cases/mean_stationary_v1__b=+04__l=4__r=1.f64le	d6dfe22dc787e31cced707081964e5a47100dba26997d9ffb8fbf0c060ac7bdf	reference/mean_stationary_v1__b=+04__l=4__r=1.lsg2	8d9bedd8bac6dd13721095c71751b39f45915ee6eac8eccb225f5410401b8de9	1842	16
lasagna2:m2.3:v1:mean_stationary_v1:b=+04:l=4:r=2	mean_stationary_v1	4	4	2	9366245286837017882	mean	0	512	cases/mean_stationary_v1__b=+04__l=4__r=2.f64le	084ca8217ee766e33d936134230e63c7c7c53726ab543185abff5db15a2fd44e	reference/mean_stationary_v1__b=+04__l=4__r=2.lsg2	d5dce386664ed913103d319da70d26592ad8ef5b26eee20f15b4aa762c0901ee	1842	16
lasagna2:m2.3:v1:mean_stationary_v1:b=+04:l=4:r=3	mean_stationary_v1	4	4	3	6333196050767423921	mean	0	512	cases/mean_stationary_v1__b=+04__l=4__r=3.f64le	df2c9eb85039acb1405b8736fbfc6bbe4460a17dc2c1ea4ec566276e9b30de03	reference/mean_stationary_v1__b=+04__l=4__r=3.lsg2	cca2847c0a814e6d93aabceaad419e0a03fea6d827b8ac102a1c22a051cb2c0f	1842	16
lasagna2:m2.3:v1:mean_stationary_v1:b=+04:l=4:r=4	mean_stationary_v1	4	4	4	1241362867846278530	mean	0	512	cases/mean_stationary_v1__b=+04__l=4__r=4.f64le	ad20c9c21f4d7f0a5bb1444bc9e8b94c99f88a123319c8f1b0a7c794d10ae6e7	reference/mean_stationary_v1__b=+04__l=4__r=4.lsg2	fa226dc7344773b56ffcc34cba37bcf4bc0345e71acea423aca66ea948152934	1842	16
lasagna2:m2.3:v1:mean_stationary_v1:b=+05:l=0:r=0	mean_stationary_v1	5	0	0	166128945572440475	mean	0	512	cases/mean_stationary_v1__b=+05__l=0__r=0.f64le	5ae760f8cd5a8e40281e7faaf384652bc0dccf1557e3e0b973088757dad0a8a3	reference/mean_stationary_v1__b=+05__l=0__r=0.lsg2	61b49658ace4deffbb19dae935d498df62741540e16aefff8c85dc0661e154fb	930	4
lasagna2:m2.3:v1:mean_stationary_v1:b=+05:l=0:r=1	mean_stationary_v1	5	0	1	10065965495389063291	mean	0	512	cases/mean_stationary_v1__b=+05__l=0__r=1.f64le	bd67a304f0103c1d8bf3cf72f2148a2ae9a55f41c238344b87563740648411d0	reference/mean_stationary_v1__b=+05__l=0__r=1.lsg2	0480855032b8a1924bfdf73f3fc7d831bc0678e056751baac6849a5ac30ed27b	930	4
lasagna2:m2.3:v1:mean_stationary_v1:b=+05:l=0:r=2	mean_stationary_v1	5	0	2	8013357789699711750	mean	0	512	cases/mean_stationary_v1__b=+05__l=0__r=2.f64le	f81e4e423894f7b300407e526b8597c259de4e5ecba47e16d30ae3ba24d57994	reference/mean_stationary_v1__b=+05__l=0__r=2.lsg2	2735846d17602c1df80b2f9d9c4e15aff2426c2ce1cfb1838239356b9c0237ac	930	4
lasagna2:m2.3:v1:mean_stationary_v1:b=+05:l=0:r=3	mean_stationary_v1	5	0	3	10053248707852804038	mean	0	512	cases/mean_stationary_v1__b=+05__l=0__r=3.f64le	526e824cddf2281b79f895d7ab9d229d257e977b4ae2c4366926ff63f19383e6	reference/mean_stationary_v1__b=+05__l=0__r=3.lsg2	bcd3ec3e1d0695bbbe160e61d990af54625bb372f6d5e42e329a4f5f1b57b1dc	930	4
lasagna2:m2.3:v1:mean_stationary_v1:b=+05:l=0:r=4	mean_stationary_v1	5	0	4	3889036185857438617	mean	0	512	cases/mean_stationary_v1__b=+05__l=0__r=4.f64le	daa716a2a32849d8183680b7f5b54a3fb04008d72bb80d8ec4d049462b32173e	reference/mean_stationary_v1__b=+05__l=0__r=4.lsg2	39b2af1f24c028af9f568e13228af2aea60b834e474db288d7c50be60386dc2b	930	4
lasagna2:m2.3:v1:mean_stationary_v1:b=+05:l=1:r=0	mean_stationary_v1	5	1	0	5496796482080105661	mean	0	512	cases/mean_stationary_v1__b=+05__l=1__r=0.f64le	012fec8b178038e57062c6ef5fcb6f75ba6eb1b7716a35a0a085dc5815619cca	reference/mean_stationary_v1__b=+05__l=1__r=0.lsg2	d5d4f6e796784b75394827c0f8af3180159c2cce989ef00f4b75be91ea06e711	930	4
lasagna2:m2.3:v1:mean_stationary_v1:b=+05:l=1:r=1	mean_stationary_v1	5	1	1	5207756957937738240	mean	0	512	cases/mean_stationary_v1__b=+05__l=1__r=1.f64le	cd46b629194932b271b4d7bd3fc78f3424dd7c1f62e665a0fe2302cdc3d0c9fe	reference/mean_stationary_v1__b=+05__l=1__r=1.lsg2	4d201e74160d623609d684a24902fdfa101572f938a9a717fbf7b18fc1ddd56e	930	4
lasagna2:m2.3:v1:mean_stationary_v1:b=+05:l=1:r=2	mean_stationary_v1	5	1	2	12278593272416558007	mean	0	512	cases/mean_stationary_v1__b=+05__l=1__r=2.f64le	54b26471223876f9cdab4d85265e3746d911c3a8e6433ccf339b2204e940d8b0	reference/mean_stationary_v1__b=+05__l=1__r=2.lsg2	390e58ee47fa18384e9f11694b784062d7fbcd1ff9b0064d9a9cc8783115d3e1	930	4
lasagna2:m2.3:v1:mean_stationary_v1:b=+05:l=1:r=3	mean_stationary_v1	5	1	3	3072245456728683281	mean	0	512	cases/mean_stationary_v1__b=+05__l=1__r=3.f64le	b947a670ea9e6ac60889f2b09b40fe62e9032630238a648b40d28eac94746813	reference/mean_stationary_v1__b=+05__l=1__r=3.lsg2	ef348af972aef567e130fe220f846710cc384d566a470a2124e90b1c28ec15c9	930	4
lasagna2:m2.3:v1:mean_stationary_v1:b=+05:l=1:r=4	mean_stationary_v1	5	1	4	13592933263432598530	mean	0	512	cases/mean_stationary_v1__b=+05__l=1__r=4.f64le	5c9e7261525cf1468cfd2c0d0f12bebaa0466916340b36430f21c92fbfcb68bc	reference/mean_stationary_v1__b=+05__l=1__r=4.lsg2	39f114a5046775edcb904efa3b397a1fa24fa6e9349dbbaa1d21cc52d7a0b71b	930	4
lasagna2:m2.3:v1:mean_stationary_v1:b=+05:l=2:r=0	mean_stationary_v1	5	2	0	16514109641107476319	mean	0	512	cases/mean_stationary_v1__b=+05__l=2__r=0.f64le	713c051b5d067549b584063b351e846c92c9de1358e18b2e83d3f476c6abbf76	reference/mean_stationary_v1__b=+05__l=2__r=0.lsg2	d84da7956019a29f9cff576d7c5357abde0a4f5d6f07a7cc797b7c4d73e02a46	1842	16
lasagna2:m2.3:v1:mean_stationary_v1:b=+05:l=2:r=1	mean_stationary_v1	5	2	1	1466722228341103528	mean	0	512	cases/mean_stationary_v1__b=+05__l=2__r=1.f64le	09494defd320c24ad66cfdb7cbd91496816569d1cead965e6bc2b91755e5d1db	reference/mean_stationary_v1__b=+05__l=2__r=1.lsg2	8cd426a03eeb890fc3e4adda07a202ddb81210a468c1429c18ffaf8f850e63f3	1842	16
lasagna2:m2.3:v1:mean_stationary_v1:b=+05:l=2:r=2	mean_stationary_v1	5	2	2	11727822838920003346	mean	0	512	cases/mean_stationary_v1__b=+05__l=2__r=2.f64le	2fd8d8478823f4a335b24bd6736ccc6f2526476ed43f37a1724b2abbaac41c20	reference/mean_stationary_v1__b=+05__l=2__r=2.lsg2	7375d72fea9ee6f34babb9c024823a2d873ea4799efadcee3dc4c485380b0416	1842	16
lasagna2:m2.3:v1:mean_stationary_v1:b=+05:l=2:r=3	mean_stationary_v1	5	2	3	9648663679799000390	mean	0	512	cases/mean_stationary_v1__b=+05__l=2__r=3.f64le	cca6033b9d3b0eef4e64f33818beaadfaf7076c2bbf9eda816e1a2fc7e23992b	reference/mean_stationary_v1__b=+05__l=2__r=3.lsg2	cdf34d52b6293efb83f1aaad58370ec62d8273fdc87455b193fa589d31539faf	1842	16
lasagna2:m2.3:v1:mean_stationary_v1:b=+05:l=2:r=4	mean_stationary_v1	5	2	4	2694755804706123922	mean	0	512	cases/mean_stationary_v1__b=+05__l=2__r=4.f64le	0589c40fb642c0b14a8260a476acdfda766601b0bddc2515a38f13ec679f2ca4	reference/mean_stationary_v1__b=+05__l=2__r=4.lsg2	886e1a58e4edefcbce1263c07e538205e701c80c6c153852a8e08f265f2ed951	1842	16
lasagna2:m2.3:v1:mean_stationary_v1:b=+05:l=3:r=0	mean_stationary_v1	5	3	0	10795964305201107031	mean	0	512	cases/mean_stationary_v1__b=+05__l=3__r=0.f64le	250934d67ede4aea4dc9c8e5ea8d1975ca6077905a8d59edd801ee9ce71eac21	reference/mean_stationary_v1__b=+05__l=3__r=0.lsg2	94cfdb92cbb7e54581b0611fe180578f2f70686060a59fa3d24c2e1596f7ef46	1842	16
lasagna2:m2.3:v1:mean_stationary_v1:b=+05:l=3:r=1	mean_stationary_v1	5	3	1	4739757189552755944	mean	0	512	cases/mean_stationary_v1__b=+05__l=3__r=1.f64le	9640c16b6f0f8db2d7e2af0d6efd68b444d2e9844e62ca9dcf4f57cac3cd2941	reference/mean_stationary_v1__b=+05__l=3__r=1.lsg2	a802ff3ccc5ebd262da1d0d489a8b939f758560d1eab0caabd82358f0d396b0b	1842	16
lasagna2:m2.3:v1:mean_stationary_v1:b=+05:l=3:r=2	mean_stationary_v1	5	3	2	1871279995574108966	mean	0	512	cases/mean_stationary_v1__b=+05__l=3__r=2.f64le	d61b7dad18a7bed72f9aae1e4dd1981645de6ca4b765adc7fc49450b878c3882	reference/mean_stationary_v1__b=+05__l=3__r=2.lsg2	f983f45c2f7e3b401bb026509d7346fc185b4f7a8f9163239a0a1687d800a6f8	1842	16
lasagna2:m2.3:v1:mean_stationary_v1:b=+05:l=3:r=3	mean_stationary_v1	5	3	3	5872405425294644129	mean	0	512	cases/mean_stationary_v1__b=+05__l=3__r=3.f64le	4f514f8283578d246fdf01f362d8c98203548a1df26d7e486145a6592053dc6f	reference/mean_stationary_v1__b=+05__l=3__r=3.lsg2	d8519d093a9ecf0b297817e00ea7fa076a57cad919133a13a00e33cb94f2141e	1842	16
lasagna2:m2.3:v1:mean_stationary_v1:b=+05:l=3:r=4	mean_stationary_v1	5	3	4	8367165819838313691	mean	0	512	cases/mean_stationary_v1__b=+05__l=3__r=4.f64le	da73c0450e8778b276dca09b3c30f6e318ae0952cf84993b23dcc52ec295b8a7	reference/mean_stationary_v1__b=+05__l=3__r=4.lsg2	0ca94ed35d9c350bf5f77935eb532ea27a02c828ed0fbf7828e2bc0aea0a1670	1842	16
lasagna2:m2.3:v1:mean_stationary_v1:b=+05:l=4:r=0	mean_stationary_v1	5	4	0	16212321910122407590	mean	0	512	cases/mean_stationary_v1__b=+05__l=4__r=0.f64le	03e77588a27b24e8f9734a1e74b1e1e9c19858d559e3fe08ce7a27c70957268d	reference/mean_stationary_v1__b=+05__l=4__r=0.lsg2	076c03e01b4c1b89d9ebde7f52fb806d7c3d5fbc3d9089d6bf035eebe3313a1a	1842	16
lasagna2:m2.3:v1:mean_stationary_v1:b=+05:l=4:r=1	mean_stationary_v1	5	4	1	294261725798987230	mean	0	512	cases/mean_stationary_v1__b=+05__l=4__r=1.f64le	6c9a543f45c1633631f4488e6b94d96ff106b47bb387e929f16b8442a0a40994	reference/mean_stationary_v1__b=+05__l=4__r=1.lsg2	f2d89a78a13e931d38ba124c7a04afa6de9ac2848e7f15cf68c436d86733d4fb	1842	16
lasagna2:m2.3:v1:mean_stationary_v1:b=+05:l=4:r=2	mean_stationary_v1	5	4	2	10210738806023655228	mean	0	512	cases/mean_stationary_v1__b=+05__l=4__r=2.f64le	5a88c22d343c22d71901ef5e3cab8cedf915928a55a16a8b0cad570756daed33	reference/mean_stationary_v1__b=+05__l=4__r=2.lsg2	df09c41cc1317126b3d7fa8fdd04a21b47ed3d9155fe567f66f9a9295f35e1ea	1842	16
lasagna2:m2.3:v1:mean_stationary_v1:b=+05:l=4:r=3	mean_stationary_v1	5	4	3	189859498090769667	mean	0	512	cases/mean_stationary_v1__b=+05__l=4__r=3.f64le	72ac589a3b93139be8b8015f39265ad72e2079f805f4f66760b6002bf7e21ce1	reference/mean_stationary_v1__b=+05__l=4__r=3.lsg2	83d943756dfcba1b0bc53b6954cb66abf3530ea28679ed691f5038108930d340	1842	16
lasagna2:m2.3:v1:mean_stationary_v1:b=+05:l=4:r=4	mean_stationary_v1	5	4	4	7423633516132143603	mean	0	512	cases/mean_stationary_v1__b=+05__l=4__r=4.f64le	a624c3dbc1e5c704d589c66741ba4c8e5a177d20edb29bc4a67b7715f8dc1916	reference/mean_stationary_v1__b=+05__l=4__r=4.lsg2	3be9e3b8d824ff30a7ac6c7d313b6b0f8ff48c73f9ec0e106bf846417c8a6403	1842	16
lasagna2:m2.3:v1:mean_stationary_v1:b=+06:l=0:r=0	mean_stationary_v1	6	0	0	16754679924110894758	mean	0	512	cases/mean_stationary_v1__b=+06__l=0__r=0.f64le	14b104b15558b43e3075dc67cb717c10be4f890f21cd3ddd4f0e567a3f9d6935	reference/mean_stationary_v1__b=+06__l=0__r=0.lsg2	6b90286cc153fd54c81f039bc3464b58080a3c548b04e42011513cc3b41497f1	930	4
lasagna2:m2.3:v1:mean_stationary_v1:b=+06:l=0:r=1	mean_stationary_v1	6	0	1	8890566242848419897	mean	0	512	cases/mean_stationary_v1__b=+06__l=0__r=1.f64le	0636aca8168d5cf094553503dbfbe55700f893923012194f98f6e5ef6cdfadf4	reference/mean_stationary_v1__b=+06__l=0__r=1.lsg2	027c3ae4211b7533e99aba82cc113bbb702e86e2257e9c96764817a92e786fa9	930	4
lasagna2:m2.3:v1:mean_stationary_v1:b=+06:l=0:r=2	mean_stationary_v1	6	0	2	13650638474776842529	mean	0	512	cases/mean_stationary_v1__b=+06__l=0__r=2.f64le	0130749caf985d626e926a6247ab1d060b196bac87ec1a3167b7cd38c2a98f3a	reference/mean_stationary_v1__b=+06__l=0__r=2.lsg2	c9fc9b0f58f7a15a5d5251c9ec88ee9d7f81a885ecf08e43a947f5b11ae765c0	930	4
lasagna2:m2.3:v1:mean_stationary_v1:b=+06:l=0:r=3	mean_stationary_v1	6	0	3	9950915665968570107	mean	0	512	cases/mean_stationary_v1__b=+06__l=0__r=3.f64le	e02aadc341ee9b30d2d42e78940579f369b86b3bc7a42b08b361050de79e4930	reference/mean_stationary_v1__b=+06__l=0__r=3.lsg2	71a7c17ce9d1e027a2f53beaa2cb71faeef7594446be874a09a7ffd5c8f2c6e2	930	4
lasagna2:m2.3:v1:mean_stationary_v1:b=+06:l=0:r=4	mean_stationary_v1	6	0	4	13892244402617119357	mean	0	512	cases/mean_stationary_v1__b=+06__l=0__r=4.f64le	bd1941da4203d3d71a9e7c548dbf5c2c3853cb2bf8459444cd787d56034fa632	reference/mean_stationary_v1__b=+06__l=0__r=4.lsg2	571d645cb46983e306d86c96fe4e9ddead074ba0b6a20c6ac1f827a62e3b77ce	930	4
lasagna2:m2.3:v1:mean_stationary_v1:b=+06:l=1:r=0	mean_stationary_v1	6	1	0	18212836261387504658	mean	0	512	cases/mean_stationary_v1__b=+06__l=1__r=0.f64le	14c6479a35690048cf1a658c5556bceaab31fd210ace291d211a292ea18c4c26	reference/mean_stationary_v1__b=+06__l=1__r=0.lsg2	343c96c10902b3f6b8f630eb1bbf5dfce56750f93ab72f30158906eb7fcf7415	1842	16
lasagna2:m2.3:v1:mean_stationary_v1:b=+06:l=1:r=1	mean_stationary_v1	6	1	1	7452125232585472652	mean	0	512	cases/mean_stationary_v1__b=+06__l=1__r=1.f64le	b14da62d55f2faff7f2da1d64672d943efbd79b0ee7de1e839f98201ffa2f52a	reference/mean_stationary_v1__b=+06__l=1__r=1.lsg2	4a9d0476236fe073f028d10d30d59e93d57973e059bb6332abe36be20e7326d1	1842	16
lasagna2:m2.3:v1:mean_stationary_v1:b=+06:l=1:r=2	mean_stationary_v1	6	1	2	6081053528622410542	mean	0	512	cases/mean_stationary_v1__b=+06__l=1__r=2.f64le	049b7ab013a3da400f48f7f70785893e98702ee7bb56c4327b805117d5a3b184	reference/mean_stationary_v1__b=+06__l=1__r=2.lsg2	baa57e6337ab322ea87d63a700189cd8f885171aa8be146873b34fcc29f3bfc9	1842	16
lasagna2:m2.3:v1:mean_stationary_v1:b=+06:l=1:r=3	mean_stationary_v1	6	1	3	13146959861112504576	mean	0	512	cases/mean_stationary_v1__b=+06__l=1__r=3.f64le	880e71d349cd2745a24fd87ddd97956d4a56452d6630997fa9d95db67a3af788	reference/mean_stationary_v1__b=+06__l=1__r=3.lsg2	48e9c04d16ab3ce6251fc8cb593527dd9fbf13ffc078e4dfebed9ef1e98a6b4b	1842	16
lasagna2:m2.3:v1:mean_stationary_v1:b=+06:l=1:r=4	mean_stationary_v1	6	1	4	13582716604717877699	mean	0	512	cases/mean_stationary_v1__b=+06__l=1__r=4.f64le	9a0026f1818a54665a93df1d641b374050f20d8bdb712e2357ea04d12d72e947	reference/mean_stationary_v1__b=+06__l=1__r=4.lsg2	a69dd9cfe54e79808555d62bba5c8f70b3b36bc6da9974bfbd1a9f66a5ee38f1	1842	16
lasagna2:m2.3:v1:mean_stationary_v1:b=+06:l=2:r=0	mean_stationary_v1	6	2	0	12327047494063888248	mean	0	512	cases/mean_stationary_v1__b=+06__l=2__r=0.f64le	f06503793058d87308e80dc9ba7dfbf3543a25d399d2e2e1f0b352f5eadd8a7d	reference/mean_stationary_v1__b=+06__l=2__r=0.lsg2	40bb275b4b6d871d90bf44a6efc29719394e388d5cd9248ae61d6ba7d03fdc1b	1842	16
lasagna2:m2.3:v1:mean_stationary_v1:b=+06:l=2:r=1	mean_stationary_v1	6	2	1	12683052394787441260	mean	0	512	cases/mean_stationary_v1__b=+06__l=2__r=1.f64le	16fce9fe4fcdc8e613a86a363396d3831695954c6e96587326cf07ec2e2ca207	reference/mean_stationary_v1__b=+06__l=2__r=1.lsg2	3b55f5baa88fc09b3d431aba9fc9fafac43dc032e6d3191e63d623f03543a3d6	1842	16
lasagna2:m2.3:v1:mean_stationary_v1:b=+06:l=2:r=2	mean_stationary_v1	6	2	2	12715384472421202067	mean	0	512	cases/mean_stationary_v1__b=+06__l=2__r=2.f64le	939a92ae04306622ab4d7db6a3c125df30f7cb2e66331aeeb3a0bb906d776bb5	reference/mean_stationary_v1__b=+06__l=2__r=2.lsg2	be673d97df4390542d0f2ea53490c68e2e8e5b634bc7955a0fe1398de07057ce	1842	16
lasagna2:m2.3:v1:mean_stationary_v1:b=+06:l=2:r=3	mean_stationary_v1	6	2	3	9422870698548559138	mean	0	512	cases/mean_stationary_v1__b=+06__l=2__r=3.f64le	ff32531a2308b7deaec1bff9c9967358655b0cce9c7da4ed27bc10c5677e6fd3	reference/mean_stationary_v1__b=+06__l=2__r=3.lsg2	6dc07e54f8b60075db04390126a04c7843f0a0384f5deebcd2f6241c4b5da2ff	1842	16
lasagna2:m2.3:v1:mean_stationary_v1:b=+06:l=2:r=4	mean_stationary_v1	6	2	4	15861638191670834910	mean	0	512	cases/mean_stationary_v1__b=+06__l=2__r=4.f64le	d8aaa8c8ddf27dc1f1f4d42194726781bfdbe82aae86859640ec6bbb1ca5a720	reference/mean_stationary_v1__b=+06__l=2__r=4.lsg2	f7acc5068196b914680cc0bb34e235ef2bbdb7c8b5d2a206e6568c64d1a12608	1842	16
lasagna2:m2.3:v1:mean_stationary_v1:b=+06:l=3:r=0	mean_stationary_v1	6	3	0	3973276112176475791	mean	0	512	cases/mean_stationary_v1__b=+06__l=3__r=0.f64le	0e999a0e354f9ec03c9aa091631a203a46be65be9eca0854df463cd01031554a	reference/mean_stationary_v1__b=+06__l=3__r=0.lsg2	45706e32178aaea7b47b91bcac9fbbb688064f376110498832a23461c451f6dc	1842	16
lasagna2:m2.3:v1:mean_stationary_v1:b=+06:l=3:r=1	mean_stationary_v1	6	3	1	16779695936168039012	mean	0	512	cases/mean_stationary_v1__b=+06__l=3__r=1.f64le	becc8f9bc708fa39a312cffbf4377904cf9002bc264ced02df6127e06245e404	reference/mean_stationary_v1__b=+06__l=3__r=1.lsg2	3e04356fa59237f1cff9a374ba4327f54eddc54efe96258179b36c811101128c	1842	16
lasagna2:m2.3:v1:mean_stationary_v1:b=+06:l=3:r=2	mean_stationary_v1	6	3	2	7754487213773116542	mean	0	512	cases/mean_stationary_v1__b=+06__l=3__r=2.f64le	0644129ab649d7e4d41361a7505d493909f893cd4c1a3773f8f5e52ffcfb224f	reference/mean_stationary_v1__b=+06__l=3__r=2.lsg2	fe86a1e16a1978e386249ba4e4fe221191772d2b84091b249f2c8221b7e9f43c	1842	16
lasagna2:m2.3:v1:mean_stationary_v1:b=+06:l=3:r=3	mean_stationary_v1	6	3	3	16097162761798235779	mean	0	512	cases/mean_stationary_v1__b=+06__l=3__r=3.f64le	a2214c8fc7dd6d2977607bf080681fe0fb22fa5a7319161947270fac5d31026f	reference/mean_stationary_v1__b=+06__l=3__r=3.lsg2	5f816d2a66dafd45cea47592999989ed3e9db6dee17a365cf0e9bec2e5aa4025	1842	16
lasagna2:m2.3:v1:mean_stationary_v1:b=+06:l=3:r=4	mean_stationary_v1	6	3	4	5397912304376059057	mean	0	512	cases/mean_stationary_v1__b=+06__l=3__r=4.f64le	61059db73a5ec6b4a85510cd2951a50b8a57fef148d85400db4241cd67a046ca	reference/mean_stationary_v1__b=+06__l=3__r=4.lsg2	40780df24bd2f9768845bbefd7f467ce9d6378c1da0ab42543f2678b912352c4	1842	16
lasagna2:m2.3:v1:mean_stationary_v1:b=+06:l=4:r=0	mean_stationary_v1	6	4	0	15828244702523925586	mean	0	512	cases/mean_stationary_v1__b=+06__l=4__r=0.f64le	f94beeeedd67afadc545e4f79bbe0d884e9c7e6c51e99872b17cf449cf9b1053	reference/mean_stationary_v1__b=+06__l=4__r=0.lsg2	3c0d47eb952245eba24f344acc3a98b0f1a8eb7999aa69a67420a2a8089ebe1a	1842	16
lasagna2:m2.3:v1:mean_stationary_v1:b=+06:l=4:r=1	mean_stationary_v1	6	4	1	8275618492381634171	mean	0	512	cases/mean_stationary_v1__b=+06__l=4__r=1.f64le	bf9ad130852dcf1290f060ef0e6b34a7295fc3965054209fc6020a2f6515c6f9	reference/mean_stationary_v1__b=+06__l=4__r=1.lsg2	6dfb1e348be7fef09c0da64240bc8a7ca207dfb4061da8e3c5de22e583335e98	1842	16
lasagna2:m2.3:v1:mean_stationary_v1:b=+06:l=4:r=2	mean_stationary_v1	6	4	2	8760284388358418150	mean	0	512	cases/mean_stationary_v1__b=+06__l=4__r=2.f64le	a77011fd688f30de874e7ac24be5d0e15c154ca85edda2da1f10e83aab44c75c	reference/mean_stationary_v1__b=+06__l=4__r=2.lsg2	f49e2e4e00568362e9ca7d870478532c676218597f48fe11b693e84724e91e5e	1842	16
lasagna2:m2.3:v1:mean_stationary_v1:b=+06:l=4:r=3	mean_stationary_v1	6	4	3	13041491408192349327	mean	0	512	cases/mean_stationary_v1__b=+06__l=4__r=3.f64le	6867715bb69fb18b26f4eef3e2198fb46c92bf4436ccba1076bcc64ed7689dce	reference/mean_stationary_v1__b=+06__l=4__r=3.lsg2	427b460dbc1e547443cc601f0f1bfef3c1f9fda859085de947f2c5d696305f01	1842	16
lasagna2:m2.3:v1:mean_stationary_v1:b=+06:l=4:r=4	mean_stationary_v1	6	4	4	9800573778607172986	mean	0	512	cases/mean_stationary_v1__b=+06__l=4__r=4.f64le	d1df1e1310f58511198b3d43fa1dbed1648000ccf30631737fb4fd5f610ccd1b	reference/mean_stationary_v1__b=+06__l=4__r=4.lsg2	b83e7c2fc2c0e4a8d58804670f6bfe2df5bfbb08c7abefe3478a8a7fc4186cfa	1842	16
lasagna2:m2.3:v1:mean_stationary_v1:b=+07:l=0:r=0	mean_stationary_v1	7	0	0	13524134359910327678	mean	0	512	cases/mean_stationary_v1__b=+07__l=0__r=0.f64le	3fc4ecee78215a9bc8fda2b7e31861e821bf2e7f40b21402aea792a4cbeb3c3e	reference/mean_stationary_v1__b=+07__l=0__r=0.lsg2	b3ad9f31689a63082c5b43bc21187db9e1ea636e676ed66667a3d4456c81d92c	1842	16
lasagna2:m2.3:v1:mean_stationary_v1:b=+07:l=0:r=1	mean_stationary_v1	7	0	1	16557158569468847310	mean	0	512	cases/mean_stationary_v1__b=+07__l=0__r=1.f64le	cc213f9d64dca34219711e010b76280026a8a87d133c52ea5ef99e4d0d1235d6	reference/mean_stationary_v1__b=+07__l=0__r=1.lsg2	55976457a74e023e3510c13707fb96525a04abe77634df2096bdf40c2880ea86	1842	16
lasagna2:m2.3:v1:mean_stationary_v1:b=+07:l=0:r=2	mean_stationary_v1	7	0	2	11425574532813207011	mean	0	512	cases/mean_stationary_v1__b=+07__l=0__r=2.f64le	a243e9a52af13fa1eea4f7a8afb8283a221a2fd080248066f6976b276d7a7b54	reference/mean_stationary_v1__b=+07__l=0__r=2.lsg2	3846553b08ca178f1af07e428c41737de42497ee3a47fdbb0aed5a66c114955f	1842	16
lasagna2:m2.3:v1:mean_stationary_v1:b=+07:l=0:r=3	mean_stationary_v1	7	0	3	10397729526810464205	mean	0	512	cases/mean_stationary_v1__b=+07__l=0__r=3.f64le	02f9e8e4f860f1a60d821bc64452f4bb318ab5b54878b0269e397c99176e0455	reference/mean_stationary_v1__b=+07__l=0__r=3.lsg2	ae853bb59e55f1dda30bd73e5bb7d5e18ebb7136776a8fb272322a1a64066a5d	1842	16
lasagna2:m2.3:v1:mean_stationary_v1:b=+07:l=0:r=4	mean_stationary_v1	7	0	4	7494640472805640981	mean	0	512	cases/mean_stationary_v1__b=+07__l=0__r=4.f64le	64d81adc1d2c2590447edaa08125ac618860f27b4cd4e702a17db07be891833e	reference/mean_stationary_v1__b=+07__l=0__r=4.lsg2	24c14e4b71a557e6e112b7706ba7c082dfadff3ea5715322024865589bf620e5	1842	16
lasagna2:m2.3:v1:mean_stationary_v1:b=+07:l=1:r=0	mean_stationary_v1	7	1	0	18358922713717917877	mean	0	512	cases/mean_stationary_v1__b=+07__l=1__r=0.f64le	7ceee343ff9da606f1d605d2498d1259398f09916299ecba4a277bf4f39508cb	reference/mean_stationary_v1__b=+07__l=1__r=0.lsg2	3f97d65b809979bc96ac5db2ea74e1fd9a33d59c8e0004a1f3dcd34012b6a515	1842	16
lasagna2:m2.3:v1:mean_stationary_v1:b=+07:l=1:r=1	mean_stationary_v1	7	1	1	6294201926867141327	mean	0	512	cases/mean_stationary_v1__b=+07__l=1__r=1.f64le	266cac3b567139563c212f8a23c2ac5f80a910995ad618c7aee34be0dacc9e0f	reference/mean_stationary_v1__b=+07__l=1__r=1.lsg2	7ea6aa4660b87f6cf77133865feb4576243fbe9b30e18ae0e6f4bb12c877e4cb	1842	16
lasagna2:m2.3:v1:mean_stationary_v1:b=+07:l=1:r=2	mean_stationary_v1	7	1	2	7143777699393428284	mean	0	512	cases/mean_stationary_v1__b=+07__l=1__r=2.f64le	c8d0d03d9e6128fa1cff201729508c04323b45c57c7440f98bcdca98b8eda62b	reference/mean_stationary_v1__b=+07__l=1__r=2.lsg2	5644f4523363b8bea5887c28a80cebb98b1ee136c1c2fc9c0aca5752ee281758	1842	16
lasagna2:m2.3:v1:mean_stationary_v1:b=+07:l=1:r=3	mean_stationary_v1	7	1	3	7726582902057744055	mean	0	512	cases/mean_stationary_v1__b=+07__l=1__r=3.f64le	f3aaaa8d6be298febca76e72049b91562c98fde8b03813f513a747aebc1f4490	reference/mean_stationary_v1__b=+07__l=1__r=3.lsg2	85df6e023f5bfedcf194700b216b00bfd0196f3215a471eaea49b2e73f80ebd9	1842	16
lasagna2:m2.3:v1:mean_stationary_v1:b=+07:l=1:r=4	mean_stationary_v1	7	1	4	8600891066782166396	mean	0	512	cases/mean_stationary_v1__b=+07__l=1__r=4.f64le	7a3f35862cb4900c14ab8b925d5adce823a904690e6f1f6d39c02e75da96860e	reference/mean_stationary_v1__b=+07__l=1__r=4.lsg2	d8c15423b3f959f5a5cf1ab9f4ab21a8368b28ea6e9940d5fd9a76c5ad8674e0	1842	16
lasagna2:m2.3:v1:mean_stationary_v1:b=+07:l=2:r=0	mean_stationary_v1	7	2	0	15330769775471699148	mean	0	512	cases/mean_stationary_v1__b=+07__l=2__r=0.f64le	59296b53ffc6696366112e1891b5837800dba18d778a03005dc891fd520750a4	reference/mean_stationary_v1__b=+07__l=2__r=0.lsg2	c9f77f4ad37115a6b0be56190f22c7d4f4de07c0be64af2326c1566bd6064484	1842	16
lasagna2:m2.3:v1:mean_stationary_v1:b=+07:l=2:r=1	mean_stationary_v1	7	2	1	4679064226755445810	mean	0	512	cases/mean_stationary_v1__b=+07__l=2__r=1.f64le	65f7c181ea0e4ee9d26cb0fa74497274f420023121e8ff94d2d4ff3e77ebe700	reference/mean_stationary_v1__b=+07__l=2__r=1.lsg2	6a3896f50a4be450a4252c4e93b028c638b11358f6f9eb6d730ffa86e708de9f	1842	16
lasagna2:m2.3:v1:mean_stationary_v1:b=+07:l=2:r=2	mean_stationary_v1	7	2	2	18125165697718974783	mean	0	512	cases/mean_stationary_v1__b=+07__l=2__r=2.f64le	c34fe11a13f3d08a31412da527905a633f31fd62b29e3f4f5dee653487396cbb	reference/mean_stationary_v1__b=+07__l=2__r=2.lsg2	6d588f070c01d5a946b2b1ea1c04e17295bc5a34adc3b836d17f712ccd9e22c7	1842	16
lasagna2:m2.3:v1:mean_stationary_v1:b=+07:l=2:r=3	mean_stationary_v1	7	2	3	15742198606227545125	mean	0	512	cases/mean_stationary_v1__b=+07__l=2__r=3.f64le	fcb5d89211dce8e614752728ff672d6a32709731fc7b480ce20ec57885ac2868	reference/mean_stationary_v1__b=+07__l=2__r=3.lsg2	e9bc2464a0115c303dd67ba41be54010c557125f4965aec0c185acf11bbee315	1842	16
lasagna2:m2.3:v1:mean_stationary_v1:b=+07:l=2:r=4	mean_stationary_v1	7	2	4	13100923519188125133	mean	0	512	cases/mean_stationary_v1__b=+07__l=2__r=4.f64le	1224621c80a2623d5f052e8363045c165bd8c30fe675f8e98570323f16f9cf65	reference/mean_stationary_v1__b=+07__l=2__r=4.lsg2	34a6c36668bf3f1eb787313a98f6110e7d7a42ae355e8402b9dfa489bdb8d818	1842	16
lasagna2:m2.3:v1:mean_stationary_v1:b=+07:l=3:r=0	mean_stationary_v1	7	3	0	17880865837718156135	mean	0	512	cases/mean_stationary_v1__b=+07__l=3__r=0.f64le	32fd0f9304926d9af542ec36102a194798a2d1de050258d2e32e14593dbefb46	reference/mean_stationary_v1__b=+07__l=3__r=0.lsg2	75eb987e26f0ac6684e11bb45c0907e434582a38d1a26180d88aec570c99d690	1842	16
lasagna2:m2.3:v1:mean_stationary_v1:b=+07:l=3:r=1	mean_stationary_v1	7	3	1	5081493053301055095	mean	0	512	cases/mean_stationary_v1__b=+07__l=3__r=1.f64le	099d64edf71ff119eb106f14f030ab790c9d549f9be9461491c5f14656cad43c	reference/mean_stationary_v1__b=+07__l=3__r=1.lsg2	8f5a98e373a6a7c276e37d512cad42475e85cb9eaf12e7c05e891b0723df4367	1842	16
lasagna2:m2.3:v1:mean_stationary_v1:b=+07:l=3:r=2	mean_stationary_v1	7	3	2	5182213633506122870	mean	0	512	cases/mean_stationary_v1__b=+07__l=3__r=2.f64le	23f4f702b0b9a6ac848ce79ba558a1b93d442c17cd320e464d05e95ee020ae3c	reference/mean_stationary_v1__b=+07__l=3__r=2.lsg2	af0388552a46d4316f97b166f8daf515bf0e5fc2f2fe2a475c680b2f80aea526	1842	16
lasagna2:m2.3:v1:mean_stationary_v1:b=+07:l=3:r=3	mean_stationary_v1	7	3	3	8989528219386822718	mean	0	512	cases/mean_stationary_v1__b=+07__l=3__r=3.f64le	f8751294b6897db79f869ea442664c9621723eeb018456a92ba5dcb0c17fc9b2	reference/mean_stationary_v1__b=+07__l=3__r=3.lsg2	d55c1b4ce60571e844b193de7713b39e2cf2572c1714a3701b2c1824ac682afe	1842	16
lasagna2:m2.3:v1:mean_stationary_v1:b=+07:l=3:r=4	mean_stationary_v1	7	3	4	2870565101608891495	mean	0	512	cases/mean_stationary_v1__b=+07__l=3__r=4.f64le	f7f3c29d66c4eb136a8d6bdfb806952de31a42a5ef04bca2e1f77fd91f9e10c7	reference/mean_stationary_v1__b=+07__l=3__r=4.lsg2	187aa2a95274dfd2695da3f426e126c524815e57a8d7c59991800e05a422b8ad	1842	16
lasagna2:m2.3:v1:mean_stationary_v1:b=+07:l=4:r=0	mean_stationary_v1	7	4	0	6429231203194860043	mean	0	512	cases/mean_stationary_v1__b=+07__l=4__r=0.f64le	b74d7e152824e16df2c8f55c06f465b3a33688cdb04c16480c9f4ea37773ea86	reference/mean_stationary_v1__b=+07__l=4__r=0.lsg2	37e0d3ccaf23624e041c90060316d2c8346a3c698f3cfc5466ed047ff6e37e01	1842	16
lasagna2:m2.3:v1:mean_stationary_v1:b=+07:l=4:r=1	mean_stationary_v1	7	4	1	5371277835896220892	mean	0	512	cases/mean_stationary_v1__b=+07__l=4__r=1.f64le	aeb39a003be63aba903f42dd0b0ad707d932a9ddb97b3423447eaf8d467e158f	reference/mean_stationary_v1__b=+07__l=4__r=1.lsg2	cbc3ce2632ae768d9e9e3ab136764a08b11b750207aabc128b90cc465e180ea1	1842	16
lasagna2:m2.3:v1:mean_stationary_v1:b=+07:l=4:r=2	mean_stationary_v1	7	4	2	390003276263622858	mean	0	512	cases/mean_stationary_v1__b=+07__l=4__r=2.f64le	98f5319b24ad6da05968e44e5e6c0b5e58f1f41003dfc586d23d4b8046f28fc5	reference/mean_stationary_v1__b=+07__l=4__r=2.lsg2	ab6c1f1abf1f3ede63d19e3f044061a3ed7341435be5bd751661d95571814508	1842	16
lasagna2:m2.3:v1:mean_stationary_v1:b=+07:l=4:r=3	mean_stationary_v1	7	4	3	13735348378884883154	mean	0	512	cases/mean_stationary_v1__b=+07__l=4__r=3.f64le	367408cfeb5638cf6975e4d7dcc91e4bb93a733d59ba82652f7111b0c29e9674	reference/mean_stationary_v1__b=+07__l=4__r=3.lsg2	408076478b48609389b3aac95990411be30d4404fb73ae3f5822c49ae7252d00	1842	16
lasagna2:m2.3:v1:mean_stationary_v1:b=+07:l=4:r=4	mean_stationary_v1	7	4	4	8050884300611134761	mean	0	512	cases/mean_stationary_v1__b=+07__l=4__r=4.f64le	de8f4e3eb806f55a877a6474d7de75a14f7d46351027f6d6590fe1a85831c200	reference/mean_stationary_v1__b=+07__l=4__r=4.lsg2	1f907e0a2dc726f474af8095cda43d21f7a4eb4c8c75dfecdcdd340c792ff03f	1842	16
lasagna2:m2.3:v1:mean_stationary_v1:b=+08:l=0:r=0	mean_stationary_v1	8	0	0	10986757541545624026	mean	0	512	cases/mean_stationary_v1__b=+08__l=0__r=0.f64le	3f98fa00d66ec472f5a235c0a0c5ebf95f8dbc2430334b32cb2adece69879654	reference/mean_stationary_v1__b=+08__l=0__r=0.lsg2	67066db033a94d45fdab60da4197b610fe39ec37edc0ce86b5a4ffc89188871c	1842	16
lasagna2:m2.3:v1:mean_stationary_v1:b=+08:l=0:r=1	mean_stationary_v1	8	0	1	4143555689562425862	mean	0	512	cases/mean_stationary_v1__b=+08__l=0__r=1.f64le	8549e0fe7583d9302b5a37df2c8b75eaa13031db43edf16f45bcb0b2a812784d	reference/mean_stationary_v1__b=+08__l=0__r=1.lsg2	229344187296535576a94332edeabd019c8e8067c2f62848fc36a592bd9c6794	1842	16
lasagna2:m2.3:v1:mean_stationary_v1:b=+08:l=0:r=2	mean_stationary_v1	8	0	2	1814173652524440221	mean	0	512	cases/mean_stationary_v1__b=+08__l=0__r=2.f64le	ff314513494d653577458bda7f4f6667efd7c379c7c1fd7b9972254c08bef746	reference/mean_stationary_v1__b=+08__l=0__r=2.lsg2	364c3e6acc1ee3939c2d81c8837a513cf3e0f58a39b5bb3ebabe385af7d7ed9c	1842	16
lasagna2:m2.3:v1:mean_stationary_v1:b=+08:l=0:r=3	mean_stationary_v1	8	0	3	13147748113719059304	mean	0	512	cases/mean_stationary_v1__b=+08__l=0__r=3.f64le	19b1c86b113210067d3dfb3e4336bc0c77f63eef92e31f11f60897edae7d0546	reference/mean_stationary_v1__b=+08__l=0__r=3.lsg2	84ec5162927b46951a5ef4eddbdfbee2c3dc930f5c0e4db80831df3f3313e099	1842	16
lasagna2:m2.3:v1:mean_stationary_v1:b=+08:l=0:r=4	mean_stationary_v1	8	0	4	9995229540209110954	mean	0	512	cases/mean_stationary_v1__b=+08__l=0__r=4.f64le	e1328921adbb680d562d7b4103ac99ab0003b46134d7fa16ff70a554f8469045	reference/mean_stationary_v1__b=+08__l=0__r=4.lsg2	d5908ae8bd635245c2d80988be78ae3e8b365a58151839332484056010382186	1842	16
lasagna2:m2.3:v1:mean_stationary_v1:b=+08:l=1:r=0	mean_stationary_v1	8	1	0	7347241824894777433	mean	0	512	cases/mean_stationary_v1__b=+08__l=1__r=0.f64le	fdf69bc92ce5e8bb732e7664714f896bf84015e2e3ac3307ab02cd800b88066d	reference/mean_stationary_v1__b=+08__l=1__r=0.lsg2	6d5a5f8a12da175d4d180d015a5f68d34ada4ca1fe61e059d46924fb985e6895	1842	16
lasagna2:m2.3:v1:mean_stationary_v1:b=+08:l=1:r=1	mean_stationary_v1	8	1	1	9180859361780788716	mean	0	512	cases/mean_stationary_v1__b=+08__l=1__r=1.f64le	c9fb01438f517e17f4c111ec7e265083d4fd223019dfa130e0af5373a9d80dfe	reference/mean_stationary_v1__b=+08__l=1__r=1.lsg2	1b6678b883a92f3fb5eed6acba95dcab05783624dd754cdc4fc37dd9866798c9	1842	16
lasagna2:m2.3:v1:mean_stationary_v1:b=+08:l=1:r=2	mean_stationary_v1	8	1	2	719504288712190098	mean	0	512	cases/mean_stationary_v1__b=+08__l=1__r=2.f64le	7ffd9e481388b406c29bf483b18c93ab5dd48fcdd5f0af626bd071bf6deafdeb	reference/mean_stationary_v1__b=+08__l=1__r=2.lsg2	6c6f522fa43b1ef866dd9de985e7d5e35644e17e34d8f3aff38e64542003bdb5	1842	16
lasagna2:m2.3:v1:mean_stationary_v1:b=+08:l=1:r=3	mean_stationary_v1	8	1	3	668542283188259531	mean	0	512	cases/mean_stationary_v1__b=+08__l=1__r=3.f64le	96467a734e76022f4d39c2bb6e18246121cfcdbab09c8be20afd48cfec210e16	reference/mean_stationary_v1__b=+08__l=1__r=3.lsg2	8c0c04b02fd7e4e76571a48de9752b0b04a2922472f27582d3c85d5c05b53922	1842	16
lasagna2:m2.3:v1:mean_stationary_v1:b=+08:l=1:r=4	mean_stationary_v1	8	1	4	2595664618703264118	mean	0	512	cases/mean_stationary_v1__b=+08__l=1__r=4.f64le	65f1f0ec3ab23f50614090d02a4b5a703ff23cfd92f5d97d88ccad81550b8954	reference/mean_stationary_v1__b=+08__l=1__r=4.lsg2	1010ba95ab3bc467c44a52684ffb665d4edb7eb03479c85b80a7b1ab2d035dcf	1842	16
lasagna2:m2.3:v1:mean_stationary_v1:b=+08:l=2:r=0	mean_stationary_v1	8	2	0	11398804729480619157	mean	0	512	cases/mean_stationary_v1__b=+08__l=2__r=0.f64le	b28d63747a96b9ceedcd23b483dbbc8c3675b37b66cc23bc5266ea0576314970	reference/mean_stationary_v1__b=+08__l=2__r=0.lsg2	dbd48b947d4b08ee0819c44f9d1df0cb6a4bf1606ca24547a13b8327f2ca3dbf	1842	16
lasagna2:m2.3:v1:mean_stationary_v1:b=+08:l=2:r=1	mean_stationary_v1	8	2	1	14417578233784858506	mean	0	512	cases/mean_stationary_v1__b=+08__l=2__r=1.f64le	7bcb6e92bf40c4b03c2ac3dc9e6a1036551cc26e5cfcd43f61106f644fc00b10	reference/mean_stationary_v1__b=+08__l=2__r=1.lsg2	8c0ba26140a2aef156e5746fe1445aa56f2b658ce5128691046602d694ba146d	1842	16
lasagna2:m2.3:v1:mean_stationary_v1:b=+08:l=2:r=2	mean_stationary_v1	8	2	2	517715224874234275	mean	0	512	cases/mean_stationary_v1__b=+08__l=2__r=2.f64le	d69c82de64b64d47317cd600e1807e59a61f5935c65018ec309a36b56b3ffc06	reference/mean_stationary_v1__b=+08__l=2__r=2.lsg2	d62b063de50f0fa2bfef197d35d74a2db2666ac6fc375b6e5af518352a724a56	1842	16
lasagna2:m2.3:v1:mean_stationary_v1:b=+08:l=2:r=3	mean_stationary_v1	8	2	3	14277382967069398198	mean	0	512	cases/mean_stationary_v1__b=+08__l=2__r=3.f64le	3e50795ff5ab58f37d788455a6f24bac39ebe111b1069941137b77a1cdaa3507	reference/mean_stationary_v1__b=+08__l=2__r=3.lsg2	8c90bd08cc79cb638fbd2e9e208f35c2ad049c44796d875827629701b89c4150	1842	16
lasagna2:m2.3:v1:mean_stationary_v1:b=+08:l=2:r=4	mean_stationary_v1	8	2	4	162729647124577522	mean	0	512	cases/mean_stationary_v1__b=+08__l=2__r=4.f64le	8bd802f15ada048006bdca7d70952276a5a8ee29505662b4cb706aa73725ff66	reference/mean_stationary_v1__b=+08__l=2__r=4.lsg2	62060304684b788d70d84b8eeca69819a4f62c43975611f5778fa9c14c9e694e	1842	16
lasagna2:m2.3:v1:mean_stationary_v1:b=+08:l=3:r=0	mean_stationary_v1	8	3	0	5904322645774841343	mean	0	512	cases/mean_stationary_v1__b=+08__l=3__r=0.f64le	167cf7a3f3a98caef7d71aa482120860abcfd5388b1d546b4be122c7208e815b	reference/mean_stationary_v1__b=+08__l=3__r=0.lsg2	729f10735ab2f3be875a848510556c2cd32e19ef2f37b3d795f96881cb66eb49	1842	16
lasagna2:m2.3:v1:mean_stationary_v1:b=+08:l=3:r=1	mean_stationary_v1	8	3	1	17675770377244519208	mean	0	512	cases/mean_stationary_v1__b=+08__l=3__r=1.f64le	3037dbc0858c11ced59ce8c26e1da2e989c6360d853973801c576ef4086c66d5	reference/mean_stationary_v1__b=+08__l=3__r=1.lsg2	890b213f9ae4b1790bd009729004c5fcfcd93b0e9b446bc8534771387d9dadbd	1842	16
lasagna2:m2.3:v1:mean_stationary_v1:b=+08:l=3:r=2	mean_stationary_v1	8	3	2	1927932669075500473	mean	0	512	cases/mean_stationary_v1__b=+08__l=3__r=2.f64le	49fac966bcf382f5cd919777e16c1dc6598869c93f541e21ede9d79b778fc1f8	reference/mean_stationary_v1__b=+08__l=3__r=2.lsg2	2af4f97026431f1cfdc5332ed841824754222164fbbe290c6283b26db5b0e97b	1842	16
lasagna2:m2.3:v1:mean_stationary_v1:b=+08:l=3:r=3	mean_stationary_v1	8	3	3	2791317174163758017	mean	0	512	cases/mean_stationary_v1__b=+08__l=3__r=3.f64le	aaceb151dd36b83cb383394e5e30ffc7da698225b883c877bb569afc1e4fa28a	reference/mean_stationary_v1__b=+08__l=3__r=3.lsg2	4b8d5cf20da73084f1815e52a83005f3a29e683e794d93e51aab207d472d925f	1842	16
lasagna2:m2.3:v1:mean_stationary_v1:b=+08:l=3:r=4	mean_stationary_v1	8	3	4	13932969864483544020	mean	0	512	cases/mean_stationary_v1__b=+08__l=3__r=4.f64le	99047206f5e213a19e3e4f4a93a18b6d79f92e65f554c12b0e58e45e04dfc154	reference/mean_stationary_v1__b=+08__l=3__r=4.lsg2	8b5cf137c7545a1cbb5a3ad553636c495fd010d70fce58a3fe5302d0b60bde03	1842	16
lasagna2:m2.3:v1:mean_stationary_v1:b=+08:l=4:r=0	mean_stationary_v1	8	4	0	6853134377608679522	mean	0	512	cases/mean_stationary_v1__b=+08__l=4__r=0.f64le	d5c2d70138409880f9e377bcd1c004517838288717d06dad0c832d41aa023687	reference/mean_stationary_v1__b=+08__l=4__r=0.lsg2	21ce572b45d0bd46f023f876a243bee3cfe06c87b183140485b10a2b5d0f9fc1	1842	16
lasagna2:m2.3:v1:mean_stationary_v1:b=+08:l=4:r=1	mean_stationary_v1	8	4	1	14712631982372754228	mean	0	512	cases/mean_stationary_v1__b=+08__l=4__r=1.f64le	8ec939ffcfceebf64488fb528749ce8f721c23db9c2efa1a6fcea16abb464e7d	reference/mean_stationary_v1__b=+08__l=4__r=1.lsg2	1cb717396d857bfd22b57eda9a1e9a69d993fbefd20daf387a2872d6a93b4e32	1842	16
lasagna2:m2.3:v1:mean_stationary_v1:b=+08:l=4:r=2	mean_stationary_v1	8	4	2	8826256640440401941	mean	0	512	cases/mean_stationary_v1__b=+08__l=4__r=2.f64le	c0173014e579bebbb5b733e065eddba4bac881fbf740db55b1bc919286ed8e82	reference/mean_stationary_v1__b=+08__l=4__r=2.lsg2	add9a7bfd501851ba631ef803a8cf4774aebc4fa3129becfe8ec7c888c293a86	1842	16
lasagna2:m2.3:v1:mean_stationary_v1:b=+08:l=4:r=3	mean_stationary_v1	8	4	3	5123080935342888768	mean	0	512	cases/mean_stationary_v1__b=+08__l=4__r=3.f64le	2bb93e92a9b1637984905c847628d68a7cf5e7e9d8af9c9aef2df5be86966f29	reference/mean_stationary_v1__b=+08__l=4__r=3.lsg2	33dbb6687fca864a56f79087a157ebfa922c872ca709852395bac23a02cf5dd7	1842	16
lasagna2:m2.3:v1:mean_stationary_v1:b=+08:l=4:r=4	mean_stationary_v1	8	4	4	17685359037795568080	mean	0	512	cases/mean_stationary_v1__b=+08__l=4__r=4.f64le	95e2e78a8ebd3c9fb4b2e1140db28cec12a6b73ae2950926f7063edce27bb1a2	reference/mean_stationary_v1__b=+08__l=4__r=4.lsg2	01d986cdfc66e9730f3ab686dbf11900ce6e6724ba27fc79f846f1ec32898089	1842	16
lasagna2:m2.3:v1:mean_stationary_v1:b=+09:l=0:r=0	mean_stationary_v1	9	0	0	4222618368392279949	mean	0	512	cases/mean_stationary_v1__b=+09__l=0__r=0.f64le	9c64b6c009c6ac9ac035d2f44c5cf1ed453bef333b7f2e11c01b36e16247ad7a	reference/mean_stationary_v1__b=+09__l=0__r=0.lsg2	260046d5aadc626b9a322209ececac84448fbc1f694a3a25b9011b8b8b301beb	1842	16
lasagna2:m2.3:v1:mean_stationary_v1:b=+09:l=0:r=1	mean_stationary_v1	9	0	1	12511189031788899725	mean	0	512	cases/mean_stationary_v1__b=+09__l=0__r=1.f64le	9250a77eb7abc766d6e3f6dc3f9cbadbee6c4ed4593c740937a4fa53b9fadf89	reference/mean_stationary_v1__b=+09__l=0__r=1.lsg2	12545389a952d85785519c256d1910a65d582bd9c994d44c1faaad9c8351eed1	1842	16
lasagna2:m2.3:v1:mean_stationary_v1:b=+09:l=0:r=2	mean_stationary_v1	9	0	2	1982669177049210746	mean	0	512	cases/mean_stationary_v1__b=+09__l=0__r=2.f64le	acbe0668aa4b470bcdc2740ad7d6568c461087aa99f2ed328590284d239c66b5	reference/mean_stationary_v1__b=+09__l=0__r=2.lsg2	e66338b9dbae517226d000d6e99703d241a793dc89c365eb2f8bd9238197319f	1842	16
lasagna2:m2.3:v1:mean_stationary_v1:b=+09:l=0:r=3	mean_stationary_v1	9	0	3	11754441303982829304	mean	0	512	cases/mean_stationary_v1__b=+09__l=0__r=3.f64le	4a4ba48714f3a6dc672f10a76bf7acae8ca211b69055563e0e6f085fbaebb788	reference/mean_stationary_v1__b=+09__l=0__r=3.lsg2	f82de57da59e88fb465643c0aab6333180cdcc077350eb75323b7cfceff24970	1842	16
lasagna2:m2.3:v1:mean_stationary_v1:b=+09:l=0:r=4	mean_stationary_v1	9	0	4	15342455731307824948	mean	0	512	cases/mean_stationary_v1__b=+09__l=0__r=4.f64le	6b4609b932fa80f61364922a42ca89962b6bb6b88f975002b7f18586de3b7910	reference/mean_stationary_v1__b=+09__l=0__r=4.lsg2	349dfcabf23997186774e9081c53772adec3aa824716a445e3b4a3367e63568a	1842	16
lasagna2:m2.3:v1:mean_stationary_v1:b=+09:l=1:r=0	mean_stationary_v1	9	1	0	5942712228976371121	mean	0	512	cases/mean_stationary_v1__b=+09__l=1__r=0.f64le	7e530c4f87329e213588bfe909057acc028292d0affa04a4c249e06accfd1b62	reference/mean_stationary_v1__b=+09__l=1__r=0.lsg2	f796c565665c65cc7ee79522a65fdb10c9ca134a9985791da013fcf0e18c8b15	1842	16
lasagna2:m2.3:v1:mean_stationary_v1:b=+09:l=1:r=1	mean_stationary_v1	9	1	1	5215777368334265297	mean	0	512	cases/mean_stationary_v1__b=+09__l=1__r=1.f64le	f12cd0015e94768a6bbb98ebdd56dc809a12c28f9107cfdeb43b8a3aeb5cdf51	reference/mean_stationary_v1__b=+09__l=1__r=1.lsg2	5d734f91951941e3883af0ada08053245013ddf1c8913aa62de4faae3d813002	1842	16
lasagna2:m2.3:v1:mean_stationary_v1:b=+09:l=1:r=2	mean_stationary_v1	9	1	2	4828335301438732651	mean	0	512	cases/mean_stationary_v1__b=+09__l=1__r=2.f64le	8de5fa5896f1413cd50ccd31f16ce1be41184f9787cd8c74c1d3f5a15ac80855	reference/mean_stationary_v1__b=+09__l=1__r=2.lsg2	5727131dc92c4fdde7e15a04fd35d4b71424654855919a5e2d7c4c1abee013f0	1842	16
lasagna2:m2.3:v1:mean_stationary_v1:b=+09:l=1:r=3	mean_stationary_v1	9	1	3	4762129734567638316	mean	0	512	cases/mean_stationary_v1__b=+09__l=1__r=3.f64le	9157f9a01c78f349b29618fbe6b90863939f54ce7f9236fcbc2297f94ae0c007	reference/mean_stationary_v1__b=+09__l=1__r=3.lsg2	3a19206f90e501b4c9c0bb63a25f613816ef66a83f5c16b55e74281bda5faf33	1842	16
lasagna2:m2.3:v1:mean_stationary_v1:b=+09:l=1:r=4	mean_stationary_v1	9	1	4	15047248469126403004	mean	0	512	cases/mean_stationary_v1__b=+09__l=1__r=4.f64le	7612f4a02cf058048fce48628abf1bab4ac905cb27c51902883b524fc7584b99	reference/mean_stationary_v1__b=+09__l=1__r=4.lsg2	6ec2964ecdf480c8b778adc1ae4e1b3f8be7ae0dd59e863565c1e856db4ef447	1842	16
lasagna2:m2.3:v1:mean_stationary_v1:b=+09:l=2:r=0	mean_stationary_v1	9	2	0	6114805640927805996	mean	0	512	cases/mean_stationary_v1__b=+09__l=2__r=0.f64le	c01432078288977670c7b025f06367edca705a503ed805ea32e42dc9afd2b3c5	reference/mean_stationary_v1__b=+09__l=2__r=0.lsg2	5dc756439b40afe485869738bc2fb609ff48a383ef9ad979243ff21fec5943b7	1842	16
lasagna2:m2.3:v1:mean_stationary_v1:b=+09:l=2:r=1	mean_stationary_v1	9	2	1	4596950652353667089	mean	0	512	cases/mean_stationary_v1__b=+09__l=2__r=1.f64le	e1f8e71fa37eeb25dfdfc9397f99e13713debad3d0073b01db60c1aac7581fc6	reference/mean_stationary_v1__b=+09__l=2__r=1.lsg2	83adfc09be463f1fcaf35c05253b014313c38d6a54aaf73858cc457a19077fe2	1842	16
lasagna2:m2.3:v1:mean_stationary_v1:b=+09:l=2:r=2	mean_stationary_v1	9	2	2	9047412533348839508	mean	0	512	cases/mean_stationary_v1__b=+09__l=2__r=2.f64le	96207632eedcb0d94046ffec4f24719e2f3e7af9e0d703b392b7c88685cbe1ce	reference/mean_stationary_v1__b=+09__l=2__r=2.lsg2	834ff7185bacce41cfa70a3640d2dc0b35bcc2d74b886820a0fa18c042079789	1842	16
lasagna2:m2.3:v1:mean_stationary_v1:b=+09:l=2:r=3	mean_stationary_v1	9	2	3	3454284236970499086	mean	0	512	cases/mean_stationary_v1__b=+09__l=2__r=3.f64le	57e9233523fda21a15c70e6a4b545ed1ce14ec429ca99b08194bb2f0361bd0cd	reference/mean_stationary_v1__b=+09__l=2__r=3.lsg2	0b212ecc4ed74838a9da7731fd1ad7c7305f89e13422abc6ca8cd9a938ee0903	1842	16
lasagna2:m2.3:v1:mean_stationary_v1:b=+09:l=2:r=4	mean_stationary_v1	9	2	4	6197972745025282561	mean	0	512	cases/mean_stationary_v1__b=+09__l=2__r=4.f64le	99cfa7933bce3291e72dbfad873d14d4f0eb3f1db164675bc8c2c17640e11980	reference/mean_stationary_v1__b=+09__l=2__r=4.lsg2	ca61e2795675536b5cc0e8356245bbe4837f27732f3c9e7117898df9cea778e6	1842	16
lasagna2:m2.3:v1:mean_stationary_v1:b=+09:l=3:r=0	mean_stationary_v1	9	3	0	13140288967837098011	mean	0	512	cases/mean_stationary_v1__b=+09__l=3__r=0.f64le	d09f7dee15f87d50db7838ab04707cb68e41d451247967c3053074502e3b5597	reference/mean_stationary_v1__b=+09__l=3__r=0.lsg2	f3cde357586cb48d3b270754574d26617c463a47cbd4a77339d4941d1162d71a	1842	16
lasagna2:m2.3:v1:mean_stationary_v1:b=+09:l=3:r=1	mean_stationary_v1	9	3	1	13461060100389940313	mean	0	512	cases/mean_stationary_v1__b=+09__l=3__r=1.f64le	8b66ab487bc606a11850275bf4086673507434744fffacc9a3121ad22f7247cd	reference/mean_stationary_v1__b=+09__l=3__r=1.lsg2	425c7eb42fded799d321eaf59cc6b5f16043a9fa72e46d85675d29615017a6b9	1842	16
lasagna2:m2.3:v1:mean_stationary_v1:b=+09:l=3:r=2	mean_stationary_v1	9	3	2	12229086077172717262	mean	0	512	cases/mean_stationary_v1__b=+09__l=3__r=2.f64le	61f991493f785dedba3fbf4976ce769997171f309d2610167b1ed4608bfb8f7d	reference/mean_stationary_v1__b=+09__l=3__r=2.lsg2	bba77cc42200b4d154dedfe5daa4344ffa15a4b92d3d591e2c19d135d0d14af8	1842	16
lasagna2:m2.3:v1:mean_stationary_v1:b=+09:l=3:r=3	mean_stationary_v1	9	3	3	8785062240014911488	mean	0	512	cases/mean_stationary_v1__b=+09__l=3__r=3.f64le	dc627d344a91f7557690d2efda28574dd8f5abf63d4ad98ee8b140aca83dde75	reference/mean_stationary_v1__b=+09__l=3__r=3.lsg2	66bddcbde509cae7eb51322e9b8ffe9e947684f03f1f6b5d9ebc7163457a25f5	1842	16
lasagna2:m2.3:v1:mean_stationary_v1:b=+09:l=3:r=4	mean_stationary_v1	9	3	4	4031173119173277333	mean	0	512	cases/mean_stationary_v1__b=+09__l=3__r=4.f64le	0b3cb40254bd265c6fbd0a08f12ddd76792f21ba0d5b554976a9d67d9c04b09d	reference/mean_stationary_v1__b=+09__l=3__r=4.lsg2	5aef2055edae2d26d92c9dbb8b8082215ec2fa577e917fede97ff0970f6e6624	1842	16
lasagna2:m2.3:v1:mean_stationary_v1:b=+09:l=4:r=0	mean_stationary_v1	9	4	0	3372189898990462737	mean	0	512	cases/mean_stationary_v1__b=+09__l=4__r=0.f64le	2b70b8c5179779b34e2b248c34be1e22f4f6218e114f29e281abff3d875c44e8	reference/mean_stationary_v1__b=+09__l=4__r=0.lsg2	a54a035d5ead5852b62bdf67fb64c490fb655fdc01a3eaf6daea5b4ec62cfcc9	1842	16
lasagna2:m2.3:v1:mean_stationary_v1:b=+09:l=4:r=1	mean_stationary_v1	9	4	1	1293357606731042694	mean	0	512	cases/mean_stationary_v1__b=+09__l=4__r=1.f64le	11997ea7619b16e39aecaf4ee57c5b6480df7a55c50bff7cfe6fe7f845cd3b30	reference/mean_stationary_v1__b=+09__l=4__r=1.lsg2	ffd0f4224380b35edfb0082bdd5b81fed7ebfcd00996f468c793c2d44f7f60bf	1842	16
lasagna2:m2.3:v1:mean_stationary_v1:b=+09:l=4:r=2	mean_stationary_v1	9	4	2	11661239651458060013	mean	0	512	cases/mean_stationary_v1__b=+09__l=4__r=2.f64le	b8aa42873f514c6adc505b1709a82e2d7d4baffd5a60692ed7af9f70e85b39ee	reference/mean_stationary_v1__b=+09__l=4__r=2.lsg2	1304766ec77fec642d30c89a3ebef15f0b5448f4db5530045bbbf31efada58f2	1842	16
lasagna2:m2.3:v1:mean_stationary_v1:b=+09:l=4:r=3	mean_stationary_v1	9	4	3	3617925581778144845	mean	0	512	cases/mean_stationary_v1__b=+09__l=4__r=3.f64le	3f971d48805d1e01b31ebff295afc63d99b6d9e65a2359aa99ddb014dbfdca75	reference/mean_stationary_v1__b=+09__l=4__r=3.lsg2	2749e16bd054f4def7ad7f6295218c30ef71c254720a96cfc36c493c87c6edf5	1842	16
lasagna2:m2.3:v1:mean_stationary_v1:b=+09:l=4:r=4	mean_stationary_v1	9	4	4	6082935564699274369	mean	0	512	cases/mean_stationary_v1__b=+09__l=4__r=4.f64le	119709eeecdc914e555137a5456dcff73a0ef8c3151affdc7add323663d9c935	reference/mean_stationary_v1__b=+09__l=4__r=4.lsg2	759f83c2976a78bad45e035a1616e76188654f1ea2b47aba5612b2ea6cf46044	1842	16
lasagna2:m2.3:v1:mean_stationary_v1:b=+10:l=0:r=0	mean_stationary_v1	10	0	0	10723523668394304249	mean	0	512	cases/mean_stationary_v1__b=+10__l=0__r=0.f64le	583d58822e5bec356fcc8b1d67c534074a72075935362d2b19859894d7874785	reference/mean_stationary_v1__b=+10__l=0__r=0.lsg2	3c7ad2b38264593692bdd8094f266f1cb6a3bb63839c157969573bd36109fb89	1842	16
lasagna2:m2.3:v1:mean_stationary_v1:b=+10:l=0:r=1	mean_stationary_v1	10	0	1	14863923935376060201	mean	0	512	cases/mean_stationary_v1__b=+10__l=0__r=1.f64le	4ce10f25fe48d690946c955473b44f5fd39912738944e3b278c639db5d5a23d3	reference/mean_stationary_v1__b=+10__l=0__r=1.lsg2	066bb979efe1f03fa061872180a61acc257b2103e86f29b5b1e119daa98d7e34	1842	16
lasagna2:m2.3:v1:mean_stationary_v1:b=+10:l=0:r=2	mean_stationary_v1	10	0	2	3786266940150760411	mean	0	512	cases/mean_stationary_v1__b=+10__l=0__r=2.f64le	3dd740fd638c255e24d435696f8fafa614e756c31d83aab87f3c1733ec2cb975	reference/mean_stationary_v1__b=+10__l=0__r=2.lsg2	cc57ea87b6e9d6df6f066765a8269ccb40cdf7b80dae3cd2f40521dd79ee9745	1842	16
lasagna2:m2.3:v1:mean_stationary_v1:b=+10:l=0:r=3	mean_stationary_v1	10	0	3	14971312474262409552	mean	0	512	cases/mean_stationary_v1__b=+10__l=0__r=3.f64le	cd1cf73d1ac272a00f1da67b7333722c8cc02b6eebbeecc1a80e9136c221bf95	reference/mean_stationary_v1__b=+10__l=0__r=3.lsg2	23eba7f7aaf2eebbdf10b7eacfadf97a4ccc89c80ae78354f1542c5abc133072	1842	16
lasagna2:m2.3:v1:mean_stationary_v1:b=+10:l=0:r=4	mean_stationary_v1	10	0	4	1224806514074399235	mean	0	512	cases/mean_stationary_v1__b=+10__l=0__r=4.f64le	5f0a847106bcb27bcd188db93e81884a19c2f1c367f29b6d7fb3c0a7e1381a80	reference/mean_stationary_v1__b=+10__l=0__r=4.lsg2	74aca01cfb3df038522131cfbd2ae2d902ab9c0bf80b5d5d4c0a2eb3f954fff2	1842	16
lasagna2:m2.3:v1:mean_stationary_v1:b=+10:l=1:r=0	mean_stationary_v1	10	1	0	18109606061215026747	mean	0	512	cases/mean_stationary_v1__b=+10__l=1__r=0.f64le	599ea0384273828eee80916e5a4df41645c16b8ceba5655e405a3be97939f1af	reference/mean_stationary_v1__b=+10__l=1__r=0.lsg2	210fd0e990f55df22222634a025565029e99a09c209f8ff59be7698933ded3c8	1842	16
lasagna2:m2.3:v1:mean_stationary_v1:b=+10:l=1:r=1	mean_stationary_v1	10	1	1	5565304352302400463	mean	0	512	cases/mean_stationary_v1__b=+10__l=1__r=1.f64le	1661d6ad22656a46c8ac2094ebd5c26424cab4a2793025a1e2b64d37411c97e9	reference/mean_stationary_v1__b=+10__l=1__r=1.lsg2	a9cde4834c1cc3ddd2cb0cded22693c9eb7e6c6c74ee189f698d7b252f511c87	1842	16
lasagna2:m2.3:v1:mean_stationary_v1:b=+10:l=1:r=2	mean_stationary_v1	10	1	2	6889640161694423394	mean	0	512	cases/mean_stationary_v1__b=+10__l=1__r=2.f64le	e11e3ef444555a53583fa10a8f52869361db4cdb88cf641eee797191d6a53462	reference/mean_stationary_v1__b=+10__l=1__r=2.lsg2	91a4a2037016711bba83be4867c67e7d1cf6ca4466cd281b01a5272ac6074b50	1842	16
lasagna2:m2.3:v1:mean_stationary_v1:b=+10:l=1:r=3	mean_stationary_v1	10	1	3	9276191740848619158	mean	0	512	cases/mean_stationary_v1__b=+10__l=1__r=3.f64le	3d5b74022f709cf4e7513e8714df7f586cd1fa6d458ddf618f17b4ba474ea1d9	reference/mean_stationary_v1__b=+10__l=1__r=3.lsg2	aa91c515bab8e1433afaa975cc08141250c6611bb65131dfbfb5f00d6f41604b	1842	16
lasagna2:m2.3:v1:mean_stationary_v1:b=+10:l=1:r=4	mean_stationary_v1	10	1	4	15576265840823423366	mean	0	512	cases/mean_stationary_v1__b=+10__l=1__r=4.f64le	67114630e55a3f9554fbb2e94abb876748a78e8cd0f0c8fccc103678a90e7b5f	reference/mean_stationary_v1__b=+10__l=1__r=4.lsg2	32aa17de3a2c9d62b7a121ccaa8b69f8a4109bc609af82677de2eddbf582d2bf	1842	16
lasagna2:m2.3:v1:mean_stationary_v1:b=+10:l=2:r=0	mean_stationary_v1	10	2	0	4081797901209479418	mean	0	512	cases/mean_stationary_v1__b=+10__l=2__r=0.f64le	cd812a4fafd85b94907cfa290fdbcd4a5d34de7c449f88c4f32144de5511a049	reference/mean_stationary_v1__b=+10__l=2__r=0.lsg2	59e0b499c6e7a7e551e1b92baf7584e568d9b67cb3b528273256afdaef7dfef6	1842	16
lasagna2:m2.3:v1:mean_stationary_v1:b=+10:l=2:r=1	mean_stationary_v1	10	2	1	14836164685495566354	mean	0	512	cases/mean_stationary_v1__b=+10__l=2__r=1.f64le	2deaa7a9af876fe623cc291e6d842374828fe9a1f8708176cf7558a92e142890	reference/mean_stationary_v1__b=+10__l=2__r=1.lsg2	97f228b634ad538b8941b9c0024f1d839851647309d0acf83cb67bc60060505b	1842	16
lasagna2:m2.3:v1:mean_stationary_v1:b=+10:l=2:r=2	mean_stationary_v1	10	2	2	4648724753088568561	mean	0	512	cases/mean_stationary_v1__b=+10__l=2__r=2.f64le	e01322aa3b7b2fcc7ce8cd5c01dd610877431da85bf15901929e3c81d8b7c801	reference/mean_stationary_v1__b=+10__l=2__r=2.lsg2	162110a173a18d54224387110447da5a8aaa5d9fee7fbae7b488bfcdaf5437f2	1842	16
lasagna2:m2.3:v1:mean_stationary_v1:b=+10:l=2:r=3	mean_stationary_v1	10	2	3	17741264184449664473	mean	0	512	cases/mean_stationary_v1__b=+10__l=2__r=3.f64le	1bc4aaaacd8ee708a9bcd998caf9aa5125660fd9aaf85e45956503fea822ab86	reference/mean_stationary_v1__b=+10__l=2__r=3.lsg2	29fe4ea983df4d8b5312ffe802c137389f961db2c5c78c55835370109e48010a	1842	16
lasagna2:m2.3:v1:mean_stationary_v1:b=+10:l=2:r=4	mean_stationary_v1	10	2	4	8310572923946962237	mean	0	512	cases/mean_stationary_v1__b=+10__l=2__r=4.f64le	3213078ff6b36cb67a24b22bc2129a884b3f97beb557b40ffbc71b31ffa86338	reference/mean_stationary_v1__b=+10__l=2__r=4.lsg2	16ebf4f2354c6a9ef1f4931bff1cf61797729293e367c016ce372dc0426445c1	1842	16
lasagna2:m2.3:v1:mean_stationary_v1:b=+10:l=3:r=0	mean_stationary_v1	10	3	0	3743273277012710203	mean	0	512	cases/mean_stationary_v1__b=+10__l=3__r=0.f64le	59835e3fea425c343c1439161cbe5e0ae47c0a474cc563995a5a85b1da28446f	reference/mean_stationary_v1__b=+10__l=3__r=0.lsg2	5355925792696d70838269e4ffe5ab62d6e054dcb7583650b20b45c5650c33a9	1842	16
lasagna2:m2.3:v1:mean_stationary_v1:b=+10:l=3:r=1	mean_stationary_v1	10	3	1	5790756096340395054	mean	0	512	cases/mean_stationary_v1__b=+10__l=3__r=1.f64le	7e2986dde751ffdc615e17445ab09bb133620cd295124b30a27f1d900f4d73ab	reference/mean_stationary_v1__b=+10__l=3__r=1.lsg2	616ae36fc89fe478f93ef571f1746f5c9189f6e84e06d52a8e9ff69b6e451618	1842	16
lasagna2:m2.3:v1:mean_stationary_v1:b=+10:l=3:r=2	mean_stationary_v1	10	3	2	7874900374548785350	mean	0	512	cases/mean_stationary_v1__b=+10__l=3__r=2.f64le	cb6e485e5e424b622bfbdc2e4acd4f1cd0240530b11b3fcbf7467f43a7c3be71	reference/mean_stationary_v1__b=+10__l=3__r=2.lsg2	75d1aeae257217d5af8b25ab4a8dfbf61dcfbdc6741d8d48d47086c992f59dff	1842	16
lasagna2:m2.3:v1:mean_stationary_v1:b=+10:l=3:r=3	mean_stationary_v1	10	3	3	1469087353686387504	mean	0	512	cases/mean_stationary_v1__b=+10__l=3__r=3.f64le	51126f4abe74fe3062becfa28d37ec933f074cee192e57472f34d83077390a63	reference/mean_stationary_v1__b=+10__l=3__r=3.lsg2	1e1727f6dd84bf27008b427f54f1c130988082c4c696712862acf5cfeac44042	1842	16
lasagna2:m2.3:v1:mean_stationary_v1:b=+10:l=3:r=4	mean_stationary_v1	10	3	4	12552541625000362827	mean	0	512	cases/mean_stationary_v1__b=+10__l=3__r=4.f64le	e087679a322df6e8c2d7bbaf8eaf1c27b2d5152f9ba414f2612e941d20201054	reference/mean_stationary_v1__b=+10__l=3__r=4.lsg2	93ef9f9df96a5e409a24cb5458610efc60c8a86d0563f191f200d4f708270e3d	1842	16
lasagna2:m2.3:v1:mean_stationary_v1:b=+10:l=4:r=0	mean_stationary_v1	10	4	0	13986810303404217876	mean	0	512	cases/mean_stationary_v1__b=+10__l=4__r=0.f64le	d4f22be03e1610da5db4ca758a335505551be2f9e5cb0e4c41df08c3f4edaf29	reference/mean_stationary_v1__b=+10__l=4__r=0.lsg2	f2a7324488095a6cce6b6ae6f8f51bb41a4b7ab57d1cb34756bafca5c1020582	1842	16
lasagna2:m2.3:v1:mean_stationary_v1:b=+10:l=4:r=1	mean_stationary_v1	10	4	1	12136439001732814447	mean	0	512	cases/mean_stationary_v1__b=+10__l=4__r=1.f64le	a4b930fbb84fae0a05b10a686e4448c1bc0b0659c28fc5e0ff237969dc135444	reference/mean_stationary_v1__b=+10__l=4__r=1.lsg2	40298e510a172022bd8fc3c0ccee709b585e8b46728320fe676776f051347d01	1842	16
lasagna2:m2.3:v1:mean_stationary_v1:b=+10:l=4:r=2	mean_stationary_v1	10	4	2	6108299749124724948	mean	0	512	cases/mean_stationary_v1__b=+10__l=4__r=2.f64le	80a05d08a9c09134e90477aaa3f4b326efc0480137b29bdcd638753fba055d9e	reference/mean_stationary_v1__b=+10__l=4__r=2.lsg2	e9d80beeff57c200dd25cd36141f92df23cf5033de24034d845ac6610c5d4c3d	1842	16
lasagna2:m2.3:v1:mean_stationary_v1:b=+10:l=4:r=3	mean_stationary_v1	10	4	3	13879472414084802790	mean	0	512	cases/mean_stationary_v1__b=+10__l=4__r=3.f64le	95d7ad572ebd99c9a655918c911c425e271ef6d8225f203960c3c8f64cedf27d	reference/mean_stationary_v1__b=+10__l=4__r=3.lsg2	95da76fb11ec6bece99c81ca88069e078fa3f49193a715eb5242af5c979695c9	1842	16
lasagna2:m2.3:v1:mean_stationary_v1:b=+10:l=4:r=4	mean_stationary_v1	10	4	4	936946287159873153	mean	0	512	cases/mean_stationary_v1__b=+10__l=4__r=4.f64le	5141ef7e0a3a24556d18a82ddaf5faf21ea92194665b7bdafdedbdd0ed86bc32	reference/mean_stationary_v1__b=+10__l=4__r=4.lsg2	86dd1ea5aff391122dd6e08fecf7719fba8f1b54a4bf05c9b1079784556e669d	1842	16
lasagna2:m2.3:v1:linear_trend_v1:b=-10:l=0:r=0	linear_trend_v1	-10	0	0	6697513220321758108	linear	1	512	cases/linear_trend_v1__b=-10__l=0__r=0.f64le	18cd691ded016c9467153ca81cdd8909039c5b83be5e8b8d9b944aca9624bc04	reference/linear_trend_v1__b=-10__l=0__r=0.lsg2	69aa189f154de07f1bbc16af86d9a8b6174c2bd178b8dc408f7076cf680a4364	930	4
lasagna2:m2.3:v1:linear_trend_v1:b=-10:l=0:r=1	linear_trend_v1	-10	0	1	6416731973547310647	linear	1	512	cases/linear_trend_v1__b=-10__l=0__r=1.f64le	db31d45675a0e5456627d3e9f6077e6379bcbb8ebc9be578e27983ad1b8c20c8	reference/linear_trend_v1__b=-10__l=0__r=1.lsg2	c29fbd0235cc58735a683ad0a52bdc16c3b24124bf4210654a90f816bcfe3573	930	4
lasagna2:m2.3:v1:linear_trend_v1:b=-10:l=0:r=2	linear_trend_v1	-10	0	2	15983926192325070956	linear	1	512	cases/linear_trend_v1__b=-10__l=0__r=2.f64le	5edfe60baf405140a5f970480c1de92de57fc28554e5295d457611d6a8bda2bc	reference/linear_trend_v1__b=-10__l=0__r=2.lsg2	360415f364fbec4799b001adb0bc45a0db7bf06088d2db711228088cb531e3e6	930	4
lasagna2:m2.3:v1:linear_trend_v1:b=-10:l=0:r=3	linear_trend_v1	-10	0	3	2395628249676603937	linear	1	512	cases/linear_trend_v1__b=-10__l=0__r=3.f64le	dbf9862484bde5720eb35057008f44e2b953511ec5b75eecb5097a74e35fd01e	reference/linear_trend_v1__b=-10__l=0__r=3.lsg2	086b8a4b2a7459a17f3b653f1ff7ae097ebb54444fa2e392a63f78ce909ae252	930	4
lasagna2:m2.3:v1:linear_trend_v1:b=-10:l=0:r=4	linear_trend_v1	-10	0	4	10617459273685186611	linear	1	512	cases/linear_trend_v1__b=-10__l=0__r=4.f64le	0460a65cfe488a5429b536aceb27d49932b629d38e15315ef5549bb0d05e25de	reference/linear_trend_v1__b=-10__l=0__r=4.lsg2	bd92fdfbcdd754b2f4b066b86ca0655e19a49da6584505231c89b5951594255e	930	4
lasagna2:m2.3:v1:linear_trend_v1:b=-10:l=1:r=0	linear_trend_v1	-10	1	0	11999375251748097299	linear	1	512	cases/linear_trend_v1__b=-10__l=1__r=0.f64le	79e8a43fe08d2c7f219cf16340d16aa44526f75ea72aecf1c493445a1531fc6b	reference/linear_trend_v1__b=-10__l=1__r=0.lsg2	729c7c0e803b3edb8f1df9b7e28e9100425c42701189924e0a60f5e69b332eaf	930	4
lasagna2:m2.3:v1:linear_trend_v1:b=-10:l=1:r=1	linear_trend_v1	-10	1	1	8760133097769185638	linear	1	512	cases/linear_trend_v1__b=-10__l=1__r=1.f64le	477bcf398e05560df943c8b1266133aaab0b57c32fd62ff30eac20c76881cd03	reference/linear_trend_v1__b=-10__l=1__r=1.lsg2	697b2f0e58b413e1c9b94b24823e9fc0774b5ce9a45ffbd342b96dec60586ccb	930	4
lasagna2:m2.3:v1:linear_trend_v1:b=-10:l=1:r=2	linear_trend_v1	-10	1	2	3880729215265433465	linear	1	512	cases/linear_trend_v1__b=-10__l=1__r=2.f64le	dfbf2a2c864f586fb6cddba9d1202e9145e992c4a106acd16a8a74b9e9f71d76	reference/linear_trend_v1__b=-10__l=1__r=2.lsg2	a7eb32417ac86dbdfe9b35ffd8261281d1f47e6b7f47193a467c64888b58706d	930	4
lasagna2:m2.3:v1:linear_trend_v1:b=-10:l=1:r=3	linear_trend_v1	-10	1	3	7504324661802018162	linear	1	512	cases/linear_trend_v1__b=-10__l=1__r=3.f64le	2bc066a7b71c80067874e3cae9a7a5c06a5b73d145e15c618b0350de020159a3	reference/linear_trend_v1__b=-10__l=1__r=3.lsg2	9696bd50fb792720d7881a49dbdb2149b3f6540d2a433fc6a0bc042a1f3b7eb8	930	4
lasagna2:m2.3:v1:linear_trend_v1:b=-10:l=1:r=4	linear_trend_v1	-10	1	4	9042617024208874254	linear	1	512	cases/linear_trend_v1__b=-10__l=1__r=4.f64le	c15268f90d103f220436e833daf4ba0d54bdec4b836248fab0bc30a23cfb5edd	reference/linear_trend_v1__b=-10__l=1__r=4.lsg2	dfa1e83d5a58d85dec5cfe3ab0f99b053992db36b1da48b1b6873f704bb718b1	930	4
lasagna2:m2.3:v1:linear_trend_v1:b=-10:l=2:r=0	linear_trend_v1	-10	2	0	10213939107024393010	linear	1	512	cases/linear_trend_v1__b=-10__l=2__r=0.f64le	380d2191a8f414faa6b9f62533a8e68431f1dbe7ee600ce93e1dccc77ab70531	reference/linear_trend_v1__b=-10__l=2__r=0.lsg2	9a94dea5a1135af7bc0599a143046804a387790a797b2d76179dc7bff4328ff6	930	4
lasagna2:m2.3:v1:linear_trend_v1:b=-10:l=2:r=1	linear_trend_v1	-10	2	1	9444219821019366198	linear	1	512	cases/linear_trend_v1__b=-10__l=2__r=1.f64le	9188d29467e8ebd245d5a8bd41a82eb9bc1a8dc4f3b74823e450ccddf9c28bdf	reference/linear_trend_v1__b=-10__l=2__r=1.lsg2	e280620b4756191e8837e6471605a4cbfaf513fb0f8befe9a2408c3be0c75dbd	930	4
lasagna2:m2.3:v1:linear_trend_v1:b=-10:l=2:r=2	linear_trend_v1	-10	2	2	7624942986955271311	linear	1	512	cases/linear_trend_v1__b=-10__l=2__r=2.f64le	a38290cb0e06d5c5a3a805d7f0ef0d59444e7497d4a1c120299325e10a129e68	reference/linear_trend_v1__b=-10__l=2__r=2.lsg2	02d7284ba223531138b981ac7ee6603fe125d782211855642cfd198e119baee8	930	4
lasagna2:m2.3:v1:linear_trend_v1:b=-10:l=2:r=3	linear_trend_v1	-10	2	3	12916777227531622726	linear	1	512	cases/linear_trend_v1__b=-10__l=2__r=3.f64le	2368a800f1d493cb20c1bc38c8f662b7e46b300c51c37164eb6390c3053e191a	reference/linear_trend_v1__b=-10__l=2__r=3.lsg2	43fca4bb6bfa1e79a1f20f736a996ac6ebecc52a39136e7893613e43b73d0df3	930	4
lasagna2:m2.3:v1:linear_trend_v1:b=-10:l=2:r=4	linear_trend_v1	-10	2	4	16947761376373039619	linear	1	512	cases/linear_trend_v1__b=-10__l=2__r=4.f64le	77453ed5f0dae36f09f174106d65de6dc947b35699846b28fff0fcdd9bc9d59c	reference/linear_trend_v1__b=-10__l=2__r=4.lsg2	5f24b75c40dcbda5990ab293c09c9f42dab9959cecb62862fc62ee830dacc6af	930	4
lasagna2:m2.3:v1:linear_trend_v1:b=-10:l=3:r=0	linear_trend_v1	-10	3	0	8847666657106848980	linear	1	512	cases/linear_trend_v1__b=-10__l=3__r=0.f64le	bd0e13945ef8c6a1fc14621e17ea03e04f610902184debd5ef21ddb8202f6bc4	reference/linear_trend_v1__b=-10__l=3__r=0.lsg2	78361ddbf6a4a96d31675d681f73e32f3ae972646b33910a2f755b71551594c2	930	4
lasagna2:m2.3:v1:linear_trend_v1:b=-10:l=3:r=1	linear_trend_v1	-10	3	1	9884543361292545380	linear	1	512	cases/linear_trend_v1__b=-10__l=3__r=1.f64le	225d94f8e0c0a6910283c28c380881fc0877cefc6f2fa447986013bac445a99c	reference/linear_trend_v1__b=-10__l=3__r=1.lsg2	ae1616363e844aaa87f56c421724c19b02e9842a6e67fc7d83ce2899ccdd240b	930	4
lasagna2:m2.3:v1:linear_trend_v1:b=-10:l=3:r=2	linear_trend_v1	-10	3	2	6720159202771283609	linear	1	512	cases/linear_trend_v1__b=-10__l=3__r=2.f64le	968c1987b07bd39cd66efb180975c6318228d277eb44ef4208cdbe97cb6c41f8	reference/linear_trend_v1__b=-10__l=3__r=2.lsg2	679def8642a1c480cc32429c5359b316523efd4e9413c27aa3f0b775cd27d22e	930	4
lasagna2:m2.3:v1:linear_trend_v1:b=-10:l=3:r=3	linear_trend_v1	-10	3	3	11701225305174034007	linear	1	512	cases/linear_trend_v1__b=-10__l=3__r=3.f64le	72331938931b72239457c369d0a00188c84a324b851b0ec9b86618b4f4e520b4	reference/linear_trend_v1__b=-10__l=3__r=3.lsg2	7422101b4574c42e352ee9a91fe97d4a563bbf510456f788f7d49442917d6764	930	4
lasagna2:m2.3:v1:linear_trend_v1:b=-10:l=3:r=4	linear_trend_v1	-10	3	4	3793401486097183076	linear	1	512	cases/linear_trend_v1__b=-10__l=3__r=4.f64le	c9c6d1723c44962ea35762f1635ac2a9e83df933ae846f19db6073da1d61d159	reference/linear_trend_v1__b=-10__l=3__r=4.lsg2	fba78736d498fb679425e467f590563a9d44e52d51e49c77dd28b3962626291b	930	4
lasagna2:m2.3:v1:linear_trend_v1:b=-10:l=4:r=0	linear_trend_v1	-10	4	0	5498367480311008148	linear	1	512	cases/linear_trend_v1__b=-10__l=4__r=0.f64le	033faa024660b8e99c0508ed5ee26e53b81c6abc5558971e66c71fed2a321bcf	reference/linear_trend_v1__b=-10__l=4__r=0.lsg2	993f3426ba36828f9667f2d07beb501b2a87ba405585e6c3330d81f11ca7c346	930	4
lasagna2:m2.3:v1:linear_trend_v1:b=-10:l=4:r=1	linear_trend_v1	-10	4	1	14487799687382974775	linear	1	512	cases/linear_trend_v1__b=-10__l=4__r=1.f64le	61f534adf76b51f77abd0375e0c6664743faf6f66f6d49cf885c33352754ceb8	reference/linear_trend_v1__b=-10__l=4__r=1.lsg2	b8e07f76beca0d5c5ee3386a6d091e63baef934aac5e48ee2d6c142bb6a14eae	930	4
lasagna2:m2.3:v1:linear_trend_v1:b=-10:l=4:r=2	linear_trend_v1	-10	4	2	11129939812219954999	linear	1	512	cases/linear_trend_v1__b=-10__l=4__r=2.f64le	d04ce0ec7257677a9ff0843d4ce2645283a510a97d0ea3ef48e43002792eb5a1	reference/linear_trend_v1__b=-10__l=4__r=2.lsg2	a4cc41efadb8ac13114beb16ddd7381c266abfb8fb197b69ea395a9dd242d004	930	4
lasagna2:m2.3:v1:linear_trend_v1:b=-10:l=4:r=3	linear_trend_v1	-10	4	3	5396942480706510145	linear	1	512	cases/linear_trend_v1__b=-10__l=4__r=3.f64le	2af0b7aac541c562df5357fb6976c36e0f79a3c224760e8913d3f1b5fc3c2e1f	reference/linear_trend_v1__b=-10__l=4__r=3.lsg2	96f7c7327212d5e0cadd2df59355f7c2a8501b08e3e698ab0366e2b695bb0cf7	930	4
lasagna2:m2.3:v1:linear_trend_v1:b=-10:l=4:r=4	linear_trend_v1	-10	4	4	3468365909263615864	linear	1	512	cases/linear_trend_v1__b=-10__l=4__r=4.f64le	d0ce6ca7a644360f94f66b915d927575203bf26d1de5acb40459d579c1a42ff9	reference/linear_trend_v1__b=-10__l=4__r=4.lsg2	d2d684ad0bce299784d7b051b2e7047ad4d90a8b091e22f6952569ae6bc03096	930	4
lasagna2:m2.3:v1:linear_trend_v1:b=-09:l=0:r=0	linear_trend_v1	-9	0	0	15482186331555739258	linear	1	512	cases/linear_trend_v1__b=-09__l=0__r=0.f64le	4e7f113d7bebb7b7fd7008991c1c5c8231177a07c4d2d18883f35bb7a9590d16	reference/linear_trend_v1__b=-09__l=0__r=0.lsg2	4cd697523739a6ea0cf5933f6c4e35e9f09855d91e62171ae6122feb597f8979	930	4
lasagna2:m2.3:v1:linear_trend_v1:b=-09:l=0:r=1	linear_trend_v1	-9	0	1	3939476180792097890	linear	1	512	cases/linear_trend_v1__b=-09__l=0__r=1.f64le	5b60f7c0c93fedcb593d58d70d640fb3ded33a7f8ceec50f85c68825ab85c023	reference/linear_trend_v1__b=-09__l=0__r=1.lsg2	4bbd354e86302627ecc23177f0eb0098ad762ec210faa9542d058eb0c1ddc0e2	930	4
lasagna2:m2.3:v1:linear_trend_v1:b=-09:l=0:r=2	linear_trend_v1	-9	0	2	3292165226557152818	linear	1	512	cases/linear_trend_v1__b=-09__l=0__r=2.f64le	372c9d7610febaa96fea229b23ebf838c10d64e37b780db00031f6e242c1c7f0	reference/linear_trend_v1__b=-09__l=0__r=2.lsg2	cb9a30178fde2deac06d7b439e93e9f2504154a7c954483aacaafb836d40dd0d	930	4
lasagna2:m2.3:v1:linear_trend_v1:b=-09:l=0:r=3	linear_trend_v1	-9	0	3	1863586204270699095	linear	1	512	cases/linear_trend_v1__b=-09__l=0__r=3.f64le	5a10521fb0b1179e79cf5142f73201c94bad0e86b1b1f87dbf2fe0f59e280a2f	reference/linear_trend_v1__b=-09__l=0__r=3.lsg2	2084d607fc0c4eb99b10906010145c4d0d98d1c33aa2498981150b7973d0d0d6	930	4
lasagna2:m2.3:v1:linear_trend_v1:b=-09:l=0:r=4	linear_trend_v1	-9	0	4	16987437670670744980	linear	1	512	cases/linear_trend_v1__b=-09__l=0__r=4.f64le	c9f136c045f4fcc5ccb4f357bf42941dd423434f922cdd9115e4dde656ffb6f5	reference/linear_trend_v1__b=-09__l=0__r=4.lsg2	055ba6e51b86909dc4a9dfb9bc318519ceeb4e189deae9dc38de1cde10fb118c	930	4
lasagna2:m2.3:v1:linear_trend_v1:b=-09:l=1:r=0	linear_trend_v1	-9	1	0	5185128682906204594	linear	1	512	cases/linear_trend_v1__b=-09__l=1__r=0.f64le	1955e047aa98c8a692223fd70641cbe9b1e523936c58df096518ca6d0f870080	reference/linear_trend_v1__b=-09__l=1__r=0.lsg2	d9161b0974dc853563edd442f4dbce324142b71f603cf355e276182eb28c2024	930	4
lasagna2:m2.3:v1:linear_trend_v1:b=-09:l=1:r=1	linear_trend_v1	-9	1	1	17282613764468722475	linear	1	512	cases/linear_trend_v1__b=-09__l=1__r=1.f64le	ed530aac005a7b51d5e79751d78d3b4ffa73ae04ed2c982549426a1be4e9a999	reference/linear_trend_v1__b=-09__l=1__r=1.lsg2	4b4ead448c52f1c12631ff04a02eda5441bfc29fd4402ff154a87d3b253d011d	930	4
lasagna2:m2.3:v1:linear_trend_v1:b=-09:l=1:r=2	linear_trend_v1	-9	1	2	13470864888554519328	linear	1	512	cases/linear_trend_v1__b=-09__l=1__r=2.f64le	9634129c0d5dec340a4f46acf7ed7e4bdf30ef50a383d4a541f95df49c8b07e2	reference/linear_trend_v1__b=-09__l=1__r=2.lsg2	f217c9dbb14c8cde743cab657610e832d3f45d4027ef268a0dc17f76e3e0d51f	930	4
lasagna2:m2.3:v1:linear_trend_v1:b=-09:l=1:r=3	linear_trend_v1	-9	1	3	18032726946098203888	linear	1	512	cases/linear_trend_v1__b=-09__l=1__r=3.f64le	571ab9e01775494f6e4ca735f08c0e02772e2147284fc33829a8b4e2d3cb901d	reference/linear_trend_v1__b=-09__l=1__r=3.lsg2	70fee36f8ae30367d733c9c3fee89d3374909d692d9e1d4d5e31c5e0cd99fc5e	930	4
lasagna2:m2.3:v1:linear_trend_v1:b=-09:l=1:r=4	linear_trend_v1	-9	1	4	13977072295790248015	linear	1	512	cases/linear_trend_v1__b=-09__l=1__r=4.f64le	4c53a6c86bb1e09bb20c24ffa8ca11e34309db73ff2f52a8d72932faa3665034	reference/linear_trend_v1__b=-09__l=1__r=4.lsg2	5d3a7d84c29fa77ceae64d97e3736d2e32129d4fa9cf8ced4dd5b97730b351a2	930	4
lasagna2:m2.3:v1:linear_trend_v1:b=-09:l=2:r=0	linear_trend_v1	-9	2	0	12198581492514046462	linear	1	512	cases/linear_trend_v1__b=-09__l=2__r=0.f64le	fa8a8b9a7dbde5b26388a8e64da57413cdb97faa52e529b7345770e4161a6d80	reference/linear_trend_v1__b=-09__l=2__r=0.lsg2	fb1881077a55fa731a67a622c8b1548013dfd262a103d2aab0e1ed0bbbd657f5	930	4
lasagna2:m2.3:v1:linear_trend_v1:b=-09:l=2:r=1	linear_trend_v1	-9	2	1	12850609265978080251	linear	1	512	cases/linear_trend_v1__b=-09__l=2__r=1.f64le	55cb33cce96a828470f6351df8cafcee511207cb39a8d40fcdd6cd3d8c3a20d2	reference/linear_trend_v1__b=-09__l=2__r=1.lsg2	48f8bd72777562f489c34199aabfcdf13a72e3f7d180b1835f20cedd04ef6992	930	4
lasagna2:m2.3:v1:linear_trend_v1:b=-09:l=2:r=2	linear_trend_v1	-9	2	2	14263619062244296925	linear	1	512	cases/linear_trend_v1__b=-09__l=2__r=2.f64le	998d8020c342fd32b167a49b40457cf2d43c7b096f37843dd95c45dc230309af	reference/linear_trend_v1__b=-09__l=2__r=2.lsg2	590df6e696cfeba588eb1f934de7b871ccf89cb2eaf6b70d36fe49118dade448	930	4
lasagna2:m2.3:v1:linear_trend_v1:b=-09:l=2:r=3	linear_trend_v1	-9	2	3	3315038231597892854	linear	1	512	cases/linear_trend_v1__b=-09__l=2__r=3.f64le	14389130d6521c7cb19bba11a214863901ce8c870a97315cd4c9eca190bfd68f	reference/linear_trend_v1__b=-09__l=2__r=3.lsg2	f5d88d649f9a22edebf1340f6717d7e3a00277b22ceba9b3784138796b28df11	930	4
lasagna2:m2.3:v1:linear_trend_v1:b=-09:l=2:r=4	linear_trend_v1	-9	2	4	10419616836694036156	linear	1	512	cases/linear_trend_v1__b=-09__l=2__r=4.f64le	6d4e5fa074260477768cd13e88596ca4c70587ed1f241e1bd8387441e36bd281	reference/linear_trend_v1__b=-09__l=2__r=4.lsg2	172bc50d584aca5d3223e81ee24749fe89a5fb75a31b1f08e2882cd20f59ae0a	930	4
lasagna2:m2.3:v1:linear_trend_v1:b=-09:l=3:r=0	linear_trend_v1	-9	3	0	15664786930087579247	linear	1	512	cases/linear_trend_v1__b=-09__l=3__r=0.f64le	e1cd78c7daf539adfadebc6d57353bc308ba96a63d828cd0842054991bf16fa5	reference/linear_trend_v1__b=-09__l=3__r=0.lsg2	c59fdf2754d668fc607f589f2c3670e35983f6d755058e82a1c18d7b79b2aa0e	930	4
lasagna2:m2.3:v1:linear_trend_v1:b=-09:l=3:r=1	linear_trend_v1	-9	3	1	2122113894095957834	linear	1	512	cases/linear_trend_v1__b=-09__l=3__r=1.f64le	1595d255dabc01273f2f03c008f687b2dc85862b29132fb9e8c77e93ea3f431e	reference/linear_trend_v1__b=-09__l=3__r=1.lsg2	9dd216ab2260938a4ec342b34997cd6bffc96f31d9e43a67008d559ad6966d33	930	4
lasagna2:m2.3:v1:linear_trend_v1:b=-09:l=3:r=2	linear_trend_v1	-9	3	2	12630787737623996200	linear	1	512	cases/linear_trend_v1__b=-09__l=3__r=2.f64le	fb0cc04acbc1215e28fa362a36e3ef7f1912700f9dc27aa6857945d4d973d188	reference/linear_trend_v1__b=-09__l=3__r=2.lsg2	c48186ecc178826afa791c6e578adee73a99cb4c248357a25a82f5e611947cd1	930	4
lasagna2:m2.3:v1:linear_trend_v1:b=-09:l=3:r=3	linear_trend_v1	-9	3	3	4927702521248688356	linear	1	512	cases/linear_trend_v1__b=-09__l=3__r=3.f64le	f8e3ecf6636049693e7eff6d5d8f124c6958e5e072c4655a11955db09eb57a40	reference/linear_trend_v1__b=-09__l=3__r=3.lsg2	077b861bd60308c8d6d5bc131346a788fe098d0657e0213c7a27dc59d9764093	930	4
lasagna2:m2.3:v1:linear_trend_v1:b=-09:l=3:r=4	linear_trend_v1	-9	3	4	6435488547011772140	linear	1	512	cases/linear_trend_v1__b=-09__l=3__r=4.f64le	93ab05bc564a2a0521794f3c2e96b800da51f97d1163d0c3500448d5471f3dd7	reference/linear_trend_v1__b=-09__l=3__r=4.lsg2	6d19a6a688f34b573777ef45e7f02cd516ebfa4c19727eaf7927a73564392e46	930	4
lasagna2:m2.3:v1:linear_trend_v1:b=-09:l=4:r=0	linear_trend_v1	-9	4	0	2300537222290244747	linear	1	512	cases/linear_trend_v1__b=-09__l=4__r=0.f64le	8c3fc9ab20bd84b13741a49c83d98928d21df1de26450bb7ded02c9d71cc3b91	reference/linear_trend_v1__b=-09__l=4__r=0.lsg2	0e93897d2a906c8bbb323e9abdcf418e00e519db17dd91c5790e6dd6685bd760	930	4
lasagna2:m2.3:v1:linear_trend_v1:b=-09:l=4:r=1	linear_trend_v1	-9	4	1	8940419418181030916	linear	1	512	cases/linear_trend_v1__b=-09__l=4__r=1.f64le	043e7ac1b83e69f43c3bc6dbe97eedf3aa903384178f47c7c985ab62962382d0	reference/linear_trend_v1__b=-09__l=4__r=1.lsg2	0ce1955291e83ee43097a84a9e22e70a76be0c940d8c7696e554a309d20208e8	930	4
lasagna2:m2.3:v1:linear_trend_v1:b=-09:l=4:r=2	linear_trend_v1	-9	4	2	3837605042873250716	linear	1	512	cases/linear_trend_v1__b=-09__l=4__r=2.f64le	1d41f5f64307f51d9962eada5d00663ea2dd13101ab2ed43300da944738bd267	reference/linear_trend_v1__b=-09__l=4__r=2.lsg2	36292a2b2cb0859835be51ae97216968ef336365527bd7305a96437b57bb5a0e	930	4
lasagna2:m2.3:v1:linear_trend_v1:b=-09:l=4:r=3	linear_trend_v1	-9	4	3	9388886854733880201	linear	1	512	cases/linear_trend_v1__b=-09__l=4__r=3.f64le	a6c62b90fd1c78a17cf0e5ade8cd4b9661f973208596e78062f49ec1ca6fbd81	reference/linear_trend_v1__b=-09__l=4__r=3.lsg2	98ba05d996be20b453e101b85e9f146b8dc304afceb4453e9a3186c0dab67b7c	930	4
lasagna2:m2.3:v1:linear_trend_v1:b=-09:l=4:r=4	linear_trend_v1	-9	4	4	10556876484611486849	linear	1	512	cases/linear_trend_v1__b=-09__l=4__r=4.f64le	9f09b2a26b8b585feddefcddcbf8f97d4b5a1aed897eb3494f8ef69fc9ef9f07	reference/linear_trend_v1__b=-09__l=4__r=4.lsg2	95414d22a6111c68dc9ae27e7ff960f9fc6426a382c2bbe62e7db6da2f41c872	930	4
lasagna2:m2.3:v1:linear_trend_v1:b=-08:l=0:r=0	linear_trend_v1	-8	0	0	934811584567566566	linear	1	512	cases/linear_trend_v1__b=-08__l=0__r=0.f64le	68721df882828dea584deb777a5b5ea7fea426960d509d7a6580771b21fb7af3	reference/linear_trend_v1__b=-08__l=0__r=0.lsg2	9cbfc5c900394d66c1c2daf812419755f8344ed0990e4868b5add5acae9f04a9	930	4
lasagna2:m2.3:v1:linear_trend_v1:b=-08:l=0:r=1	linear_trend_v1	-8	0	1	1339651000099237825	linear	1	512	cases/linear_trend_v1__b=-08__l=0__r=1.f64le	23123d57564fc9add795bfb25335af2b8a7e36f23cf530e80e5909b568e28601	reference/linear_trend_v1__b=-08__l=0__r=1.lsg2	7d95982a1d25a8a9ed5bd7d564a4e9e5aa2054083dac9302b49ab6851ac70ad8	930	4
lasagna2:m2.3:v1:linear_trend_v1:b=-08:l=0:r=2	linear_trend_v1	-8	0	2	7977060182807653391	linear	1	512	cases/linear_trend_v1__b=-08__l=0__r=2.f64le	7bda9651e0a5e85cac7a2b539907bbc98096164e4627314848b5f483c3499594	reference/linear_trend_v1__b=-08__l=0__r=2.lsg2	8f8a5f9dafd407c1967678e0f6d8e73eab0ca59ce2c43da44a35331846e77ced	930	4
lasagna2:m2.3:v1:linear_trend_v1:b=-08:l=0:r=3	linear_trend_v1	-8	0	3	16948950699818671780	linear	1	512	cases/linear_trend_v1__b=-08__l=0__r=3.f64le	5ca7924069f645e0c79295d84e34d8bc529079c9fab5b0ee6d063258a8645483	reference/linear_trend_v1__b=-08__l=0__r=3.lsg2	56005a282cef0474389472b184dc6928ab813e95e71abc2ed4c58a601f9badfb	930	4
lasagna2:m2.3:v1:linear_trend_v1:b=-08:l=0:r=4	linear_trend_v1	-8	0	4	18412933271844201025	linear	1	512	cases/linear_trend_v1__b=-08__l=0__r=4.f64le	6eccd428e3dc42453014155f2a2589395c4c7d6833beb6c72583fd1e45c52c91	reference/linear_trend_v1__b=-08__l=0__r=4.lsg2	0e1300baa2e54888e610270d2e696c0edf7b20253945473af5521ae9359f4172	930	4
lasagna2:m2.3:v1:linear_trend_v1:b=-08:l=1:r=0	linear_trend_v1	-8	1	0	18441406226066771137	linear	1	512	cases/linear_trend_v1__b=-08__l=1__r=0.f64le	1c7f5454c1fbd53a1a2ab907daf75d006a5bf28aabf8e9a1fa6b9f665ffe810d	reference/linear_trend_v1__b=-08__l=1__r=0.lsg2	503e2a0bf83d5ccb41d3b656ec5f7bc9ea1d5cfee909e7c068f9378609f4ff8c	930	4
lasagna2:m2.3:v1:linear_trend_v1:b=-08:l=1:r=1	linear_trend_v1	-8	1	1	2281273107115963187	linear	1	512	cases/linear_trend_v1__b=-08__l=1__r=1.f64le	7b280c82e6c6a5590294da613b3e397dbd1ae5a2d65571c201179d056b5c923e	reference/linear_trend_v1__b=-08__l=1__r=1.lsg2	8c09941689ebe77f0d80be11710bda819145c83d6b5203b23722de28be55c5fd	930	4
lasagna2:m2.3:v1:linear_trend_v1:b=-08:l=1:r=2	linear_trend_v1	-8	1	2	12519252251893530265	linear	1	512	cases/linear_trend_v1__b=-08__l=1__r=2.f64le	c738b136fa4874d37e339a968c71b78e693933de4787871cfa1fa24b9f009eca	reference/linear_trend_v1__b=-08__l=1__r=2.lsg2	bcb973b7d3503c521c04529aebc0c809cdf650b753f0539574d0d82ae6a6a769	930	4
lasagna2:m2.3:v1:linear_trend_v1:b=-08:l=1:r=3	linear_trend_v1	-8	1	3	4020766482527327379	linear	1	512	cases/linear_trend_v1__b=-08__l=1__r=3.f64le	7aab3db8f229e6289a325a4ab77a889dddeade2a09d1a4d91104c578076d435a	reference/linear_trend_v1__b=-08__l=1__r=3.lsg2	e2e21e55926678a61d05bda1e85bd124f3015d7cd5d53887600b191f4c08bc4a	930	4
lasagna2:m2.3:v1:linear_trend_v1:b=-08:l=1:r=4	linear_trend_v1	-8	1	4	8793934866123969931	linear	1	512	cases/linear_trend_v1__b=-08__l=1__r=4.f64le	8f2fba068428ef91d0ead6e016f1aaedd400966fda95892938270976d970b297	reference/linear_trend_v1__b=-08__l=1__r=4.lsg2	1f8e5cc0a9d6a418c476d2a5f3b15f7934ec7e999c313e73d3ef510dfd12e99d	930	4
lasagna2:m2.3:v1:linear_trend_v1:b=-08:l=2:r=0	linear_trend_v1	-8	2	0	13268582583886259755	linear	1	512	cases/linear_trend_v1__b=-08__l=2__r=0.f64le	6cf354f78a10ee9f04a984865b149cefb1eedfc39916fc47658cd02e811cac44	reference/linear_trend_v1__b=-08__l=2__r=0.lsg2	796bcc8208d549015e64163a256bad67ea6fbe74aa939e90911d595ae22fd920	930	4
lasagna2:m2.3:v1:linear_trend_v1:b=-08:l=2:r=1	linear_trend_v1	-8	2	1	10869906867581696477	linear	1	512	cases/linear_trend_v1__b=-08__l=2__r=1.f64le	49af85f3a3d1a013ea6e47abf52512e785df0317425a8d250f3d355253f00ec8	reference/linear_trend_v1__b=-08__l=2__r=1.lsg2	1a2fe3e4b144b9590a554e5c8c9672b44d91ea509ac93e7159c9cbddb23309b0	930	4
lasagna2:m2.3:v1:linear_trend_v1:b=-08:l=2:r=2	linear_trend_v1	-8	2	2	2993155261193273712	linear	1	512	cases/linear_trend_v1__b=-08__l=2__r=2.f64le	7d1b06a2116e1dd491d0fccb07ea9b684eefd13f6d18945404bc04d19f9a0719	reference/linear_trend_v1__b=-08__l=2__r=2.lsg2	b738c538c8397b7e756cc40fa9cf8b9a3ae8f53e79d3fa244bdc0c6c57660c1f	930	4
lasagna2:m2.3:v1:linear_trend_v1:b=-08:l=2:r=3	linear_trend_v1	-8	2	3	13225187809126913265	linear	1	512	cases/linear_trend_v1__b=-08__l=2__r=3.f64le	fe7ff0c10142e9064c8060d0f4a9ef3ad554d48d7e11f0d77ec69fc244708baa	reference/linear_trend_v1__b=-08__l=2__r=3.lsg2	b1333cd8bba6992e39dae06522ef145b1bd39fda32d8734da4db8161c65cd93c	930	4
lasagna2:m2.3:v1:linear_trend_v1:b=-08:l=2:r=4	linear_trend_v1	-8	2	4	15257296651778414980	linear	1	512	cases/linear_trend_v1__b=-08__l=2__r=4.f64le	f732aa2f2fe98e8716fb20de2d1899604cb0c1f617ea4ba9b1c34e2afa0de2ed	reference/linear_trend_v1__b=-08__l=2__r=4.lsg2	c92b9fe64e45ffb100739d4dada92599771bfcc55b9175839439c4c51481948c	930	4
lasagna2:m2.3:v1:linear_trend_v1:b=-08:l=3:r=0	linear_trend_v1	-8	3	0	7972174213894609391	linear	1	512	cases/linear_trend_v1__b=-08__l=3__r=0.f64le	772409a94b6d43ca9e6a9af1dcc2c67d521804b0435b28ad41f4857bad2c0132	reference/linear_trend_v1__b=-08__l=3__r=0.lsg2	7913f2107724b3733ad58306d7f8e15362b5d7eeaaffdb6646922a9faca51289	930	4
lasagna2:m2.3:v1:linear_trend_v1:b=-08:l=3:r=1	linear_trend_v1	-8	3	1	16876247523868049418	linear	1	512	cases/linear_trend_v1__b=-08__l=3__r=1.f64le	bac0ae86cf9cdb574f01f8c0eef45f179c9126c23107580e492c07345844b0cb	reference/linear_trend_v1__b=-08__l=3__r=1.lsg2	807731ee90ecddad77c7aa6c847af82537cf54f381ad65adf38706a92e4fe0ce	930	4
lasagna2:m2.3:v1:linear_trend_v1:b=-08:l=3:r=2	linear_trend_v1	-8	3	2	6978675975850310755	linear	1	512	cases/linear_trend_v1__b=-08__l=3__r=2.f64le	a782621441c2525726aa96624cafb6d502efdabdf12b5563f9d72591805374a5	reference/linear_trend_v1__b=-08__l=3__r=2.lsg2	787d42533e2af1d178e558daf224b52fbec1155fdf817731b514a59d51ce6a26	930	4
lasagna2:m2.3:v1:linear_trend_v1:b=-08:l=3:r=3	linear_trend_v1	-8	3	3	2307382727556937512	linear	1	512	cases/linear_trend_v1__b=-08__l=3__r=3.f64le	414652219a47201c23ffbffc53ed9fc9a6c5b77557e90c005ea4f1af87078e2f	reference/linear_trend_v1__b=-08__l=3__r=3.lsg2	aad3d7236392093439c5ea7cf2f0e6ad3361713991bf71966a922a46c03b53a0	930	4
lasagna2:m2.3:v1:linear_trend_v1:b=-08:l=3:r=4	linear_trend_v1	-8	3	4	762389839701761963	linear	1	512	cases/linear_trend_v1__b=-08__l=3__r=4.f64le	4e99908fefcbb8137ce9f651798fc64b4b87f037ddb9071d15d16f8b380af5bf	reference/linear_trend_v1__b=-08__l=3__r=4.lsg2	bfc0104443b5be67b0bdb47d86574c8a0d8d190d71cc7fa90ec85e1f0348c61b	930	4
lasagna2:m2.3:v1:linear_trend_v1:b=-08:l=4:r=0	linear_trend_v1	-8	4	0	17921633654829749120	linear	1	512	cases/linear_trend_v1__b=-08__l=4__r=0.f64le	356aecca7d15290bb955acb77b2c75ba62b22994ad5e033338d30194d8a576e2	reference/linear_trend_v1__b=-08__l=4__r=0.lsg2	787f7b3f7af2998bb42b87c5817182a481796ecdc2e9d0641c8821d9e072a921	930	4
lasagna2:m2.3:v1:linear_trend_v1:b=-08:l=4:r=1	linear_trend_v1	-8	4	1	9131852931519662960	linear	1	512	cases/linear_trend_v1__b=-08__l=4__r=1.f64le	074d05e0245baddb4123e32ec7848f78591d4e4090d33a9649433245ffa19af5	reference/linear_trend_v1__b=-08__l=4__r=1.lsg2	d0e34548c16b7887b8db498eecd52efe3d6ed9cc825600ea8eda69e57beb6325	930	4
lasagna2:m2.3:v1:linear_trend_v1:b=-08:l=4:r=2	linear_trend_v1	-8	4	2	12007385557969604916	linear	1	512	cases/linear_trend_v1__b=-08__l=4__r=2.f64le	99f8af08d48930380d2b39d7a042bbe0fb6d2937d6c3bc7b015dae79a35fcf8a	reference/linear_trend_v1__b=-08__l=4__r=2.lsg2	6d7ec367c70ada11af9f9560159120643ac0d0a1b39f0cf259efa10ac7a3cd8e	930	4
lasagna2:m2.3:v1:linear_trend_v1:b=-08:l=4:r=3	linear_trend_v1	-8	4	3	2301018152042826644	linear	1	512	cases/linear_trend_v1__b=-08__l=4__r=3.f64le	859f3e4a4305bbcce2a1bac6141e9ee5887448420c8d0e6defff589b0e5e6b84	reference/linear_trend_v1__b=-08__l=4__r=3.lsg2	7300580a37c7c4ffb407f11a374904c6b6f51f302d8fae29f09b5b6d23a32a3a	930	4
lasagna2:m2.3:v1:linear_trend_v1:b=-08:l=4:r=4	linear_trend_v1	-8	4	4	14249019177882329532	linear	1	512	cases/linear_trend_v1__b=-08__l=4__r=4.f64le	87dae988919b9d8822a6cf402f4bb342627755b47ee2b8bdedf98e268760a79f	reference/linear_trend_v1__b=-08__l=4__r=4.lsg2	62dd8de97747500e1e4b5194bfff135aac6bc5e36bf13570f5481c8ec30f35a4	930	4
lasagna2:m2.3:v1:linear_trend_v1:b=-07:l=0:r=0	linear_trend_v1	-7	0	0	16397605822272477421	linear	1	512	cases/linear_trend_v1__b=-07__l=0__r=0.f64le	897ff5fa8fc4c6faa4059ad6a84c5516d69110cf7a2a5e57c2e8e4c5047f4788	reference/linear_trend_v1__b=-07__l=0__r=0.lsg2	a3a633dba7b87d7934c604813e42eff2b0f04ee072d4904b6bc202623fe9daed	930	4
lasagna2:m2.3:v1:linear_trend_v1:b=-07:l=0:r=1	linear_trend_v1	-7	0	1	10942356455668536314	linear	1	512	cases/linear_trend_v1__b=-07__l=0__r=1.f64le	daccb3ddfe532d6c374d03c8620caca2426eb34e70ce170ba0916b27057575c5	reference/linear_trend_v1__b=-07__l=0__r=1.lsg2	015cde745b995cdc0adf5a3859885ee19af28eee4d08bdd08416ed55aa449ced	930	4
lasagna2:m2.3:v1:linear_trend_v1:b=-07:l=0:r=2	linear_trend_v1	-7	0	2	6482458045084967928	linear	1	512	cases/linear_trend_v1__b=-07__l=0__r=2.f64le	69791e3b749e6855e5db6e00abf6efe0ae3e8ba4f72477bc1a415675ddb7f537	reference/linear_trend_v1__b=-07__l=0__r=2.lsg2	2dbfa5bf94f499ffa1613d5ccd9a2ea6aba8100f7b244d683ad4846315031177	930	4
lasagna2:m2.3:v1:linear_trend_v1:b=-07:l=0:r=3	linear_trend_v1	-7	0	3	9297096667592360574	linear	1	512	cases/linear_trend_v1__b=-07__l=0__r=3.f64le	b6859a919d0292afdca92392fa09c73b270d68f737231ece7ffb92ed1ef49c98	reference/linear_trend_v1__b=-07__l=0__r=3.lsg2	3b7f8d5642f7675b773ddbba101bf651e4802cfd8ef0ffa663561ea00b5dee2d	930	4
lasagna2:m2.3:v1:linear_trend_v1:b=-07:l=0:r=4	linear_trend_v1	-7	0	4	3987293094349816634	linear	1	512	cases/linear_trend_v1__b=-07__l=0__r=4.f64le	be1bfbdb4c751059fb40e1d315c26776789b14453c8a1fe1b6be2259624365a3	reference/linear_trend_v1__b=-07__l=0__r=4.lsg2	9312ae2d680d99f1cd55761ce615a079d7ccd48bee7302543df55da03553113e	930	4
lasagna2:m2.3:v1:linear_trend_v1:b=-07:l=1:r=0	linear_trend_v1	-7	1	0	4869695880711907006	linear	1	512	cases/linear_trend_v1__b=-07__l=1__r=0.f64le	1c0e7a93c2d25c78017ed87047e710663b9f0e0d21c44c921456b2e20d8cd730	reference/linear_trend_v1__b=-07__l=1__r=0.lsg2	d0f73c70ef3cbe1e22a79371c3e639571c7c99b4ed990825d4be01d5f8dfdce2	930	4
lasagna2:m2.3:v1:linear_trend_v1:b=-07:l=1:r=1	linear_trend_v1	-7	1	1	10438553856505884006	linear	1	512	cases/linear_trend_v1__b=-07__l=1__r=1.f64le	d799493351bafe567d8a856ffaf69b6ac450866be496f2bb1c45ca485030d97b	reference/linear_trend_v1__b=-07__l=1__r=1.lsg2	244d2aef265ce38b8fbce1fe50f4188bb9fd21fc316d6c7da790b1294a89c505	930	4
lasagna2:m2.3:v1:linear_trend_v1:b=-07:l=1:r=2	linear_trend_v1	-7	1	2	8847255710040347043	linear	1	512	cases/linear_trend_v1__b=-07__l=1__r=2.f64le	1bcc17084562d39124e56aa0bdc4244db6e38bfe132cace0dec641d74762236e	reference/linear_trend_v1__b=-07__l=1__r=2.lsg2	1f0bc18d5ddce4b4331ece87b9d9ea4e7b9ce6a0f8d046f5a425a2d71930ab7c	930	4
lasagna2:m2.3:v1:linear_trend_v1:b=-07:l=1:r=3	linear_trend_v1	-7	1	3	3352404909803027759	linear	1	512	cases/linear_trend_v1__b=-07__l=1__r=3.f64le	ab96b82e02951492bd9e19d00e18ce749caa3e511cc2de0d2209a1f506c07735	reference/linear_trend_v1__b=-07__l=1__r=3.lsg2	2d6b4fda3caa7561d5377cae78b41de72f8c11ebbc918b073f90791acc53d31d	930	4
lasagna2:m2.3:v1:linear_trend_v1:b=-07:l=1:r=4	linear_trend_v1	-7	1	4	9875437580539149455	linear	1	512	cases/linear_trend_v1__b=-07__l=1__r=4.f64le	1ef37983bf24868d7d56ad5f887ea27abcf19ab5196774fb0604d180c1aff0f3	reference/linear_trend_v1__b=-07__l=1__r=4.lsg2	1f34d01b5f07190ca0ee63b877a7fb4b763f3275a7877e2ed49da043a7d5407e	930	4
lasagna2:m2.3:v1:linear_trend_v1:b=-07:l=2:r=0	linear_trend_v1	-7	2	0	4141493400190053425	linear	1	512	cases/linear_trend_v1__b=-07__l=2__r=0.f64le	826ac038c4f1b3150211bd9a03007a80577c4a5f9a5589d39395a4a1dced07a7	reference/linear_trend_v1__b=-07__l=2__r=0.lsg2	7b8600a06b906c0e581370cf2bd64ffbc14bc95fb8c8001a691944d8b47222f7	930	4
lasagna2:m2.3:v1:linear_trend_v1:b=-07:l=2:r=1	linear_trend_v1	-7	2	1	17230607482052258563	linear	1	512	cases/linear_trend_v1__b=-07__l=2__r=1.f64le	e53a0d0b481dd0928590c66a58b51005c555a6d495d78c2504b699bd1b3a38b6	reference/linear_trend_v1__b=-07__l=2__r=1.lsg2	f5136b975421d1f420ed9ca06c95ca9efe92abc6b7270f97ddca4019d31cb85e	930	4
lasagna2:m2.3:v1:linear_trend_v1:b=-07:l=2:r=2	linear_trend_v1	-7	2	2	16482909207480520585	linear	1	512	cases/linear_trend_v1__b=-07__l=2__r=2.f64le	9ca2c7bf1c3eaadcb76ab5140092e6d7efbd190593adf4bb462aa89688600f14	reference/linear_trend_v1__b=-07__l=2__r=2.lsg2	671f8f24cb47571bf4ceabd868efea0aba6a925a9b6b82b0deb47f2b2c211a14	930	4
lasagna2:m2.3:v1:linear_trend_v1:b=-07:l=2:r=3	linear_trend_v1	-7	2	3	15157776730676368966	linear	1	512	cases/linear_trend_v1__b=-07__l=2__r=3.f64le	764c9db8643dbb42921c9f68083c4bb3f6df3dea268d2f1c13a5f9eda3500d10	reference/linear_trend_v1__b=-07__l=2__r=3.lsg2	063e0b1d634faed8276998ef937b3b98fa70e36d82518a68f674ba389dcbf832	930	4
lasagna2:m2.3:v1:linear_trend_v1:b=-07:l=2:r=4	linear_trend_v1	-7	2	4	3402518229281993692	linear	1	512	cases/linear_trend_v1__b=-07__l=2__r=4.f64le	da6e5b3081488d573bbb2d0af7f5d07abea45495a00c757e9e35ca151d203ece	reference/linear_trend_v1__b=-07__l=2__r=4.lsg2	96eea55bca46f069868554e08765ac7773616d724e2f8106bc7a434feb9b9711	930	4
lasagna2:m2.3:v1:linear_trend_v1:b=-07:l=3:r=0	linear_trend_v1	-7	3	0	2342408941445371620	linear	1	512	cases/linear_trend_v1__b=-07__l=3__r=0.f64le	be49cfc653fdabf878c85ef61df22bb62193ca8003cf1d9888f70ec5d8f6b110	reference/linear_trend_v1__b=-07__l=3__r=0.lsg2	08a13920e34580e641387cd3ed2ddf1f803115e7152285c673aa1d1c0c5f533f	930	4
lasagna2:m2.3:v1:linear_trend_v1:b=-07:l=3:r=1	linear_trend_v1	-7	3	1	10125765571513078918	linear	1	512	cases/linear_trend_v1__b=-07__l=3__r=1.f64le	4050a7dfc4b25003e3a001b3314a07788b21cb69a64798b6d108a0b540db62ce	reference/linear_trend_v1__b=-07__l=3__r=1.lsg2	9bf25f1354eeb3377ebc57cdd4f878ca2c55f65893ce0718f6b116eba2467c6c	930	4
lasagna2:m2.3:v1:linear_trend_v1:b=-07:l=3:r=2	linear_trend_v1	-7	3	2	11716933082048403945	linear	1	512	cases/linear_trend_v1__b=-07__l=3__r=2.f64le	54975448d674a993492b0bf6fc34072d78518153ef37beab9cb9c3ea56a9f8ce	reference/linear_trend_v1__b=-07__l=3__r=2.lsg2	60f1532f042057c8066165a6c0ccfa5e6d51e57e58861620e3714b48b7d4736b	930	4
lasagna2:m2.3:v1:linear_trend_v1:b=-07:l=3:r=3	linear_trend_v1	-7	3	3	7293895058776044428	linear	1	512	cases/linear_trend_v1__b=-07__l=3__r=3.f64le	b75f97260db9e8cdf1b7a76119eb4d907846b3aa972c8c82045829169745a5a6	reference/linear_trend_v1__b=-07__l=3__r=3.lsg2	badfabcb6f714a90a9ecdd80d11e86c8f66bacbadcca342da9ec32ea8d36171a	930	4
lasagna2:m2.3:v1:linear_trend_v1:b=-07:l=3:r=4	linear_trend_v1	-7	3	4	15103042771113542854	linear	1	512	cases/linear_trend_v1__b=-07__l=3__r=4.f64le	204c7123190d0a12626167be8c539ca2070ff0db31fd007eb1095e2d2d7dd11b	reference/linear_trend_v1__b=-07__l=3__r=4.lsg2	81fd37d416b29d75b132dd489de1a45a795d17214cd168023315e410d9923ccc	930	4
lasagna2:m2.3:v1:linear_trend_v1:b=-07:l=4:r=0	linear_trend_v1	-7	4	0	9517475356533802120	linear	1	512	cases/linear_trend_v1__b=-07__l=4__r=0.f64le	270c4e32255f4d806cda18102bfd2ad10e804fadddfc205f65b2af8caf2f4d7a	reference/linear_trend_v1__b=-07__l=4__r=0.lsg2	74e92f3acbcfed00a301b82dca390a49e12236bbef9b738e885a9109ce099e86	930	4
lasagna2:m2.3:v1:linear_trend_v1:b=-07:l=4:r=1	linear_trend_v1	-7	4	1	12866563879112476530	linear	1	512	cases/linear_trend_v1__b=-07__l=4__r=1.f64le	abf6fb80ddc5f22d8b482d4d0a940b8c0839a08b016ec79664469f53da53e1c0	reference/linear_trend_v1__b=-07__l=4__r=1.lsg2	73d9599f1ef9f793f04463cf9d166887091ed1f620e30a6a9e253db298bbf4c6	930	4
lasagna2:m2.3:v1:linear_trend_v1:b=-07:l=4:r=2	linear_trend_v1	-7	4	2	11715769261016674187	linear	1	512	cases/linear_trend_v1__b=-07__l=4__r=2.f64le	f8f5a45b711bca16e9951a57f934a2541b1d50cd12880aa3746ea5649b1f2671	reference/linear_trend_v1__b=-07__l=4__r=2.lsg2	9572a09b0d4567474eeeefc170ea7d6fb414d1edc852610198ddfc6b69071cb6	930	4
lasagna2:m2.3:v1:linear_trend_v1:b=-07:l=4:r=3	linear_trend_v1	-7	4	3	16787258529069058461	linear	1	512	cases/linear_trend_v1__b=-07__l=4__r=3.f64le	03aa93e851ae2285ad131476c3963b2a426782a7696a0ce79876419fd608d11c	reference/linear_trend_v1__b=-07__l=4__r=3.lsg2	e47b639fa1c4646e590f033e7648259dd3bb7c062c9ed543c3878a5083161737	930	4
lasagna2:m2.3:v1:linear_trend_v1:b=-07:l=4:r=4	linear_trend_v1	-7	4	4	14231160958631718012	linear	1	512	cases/linear_trend_v1__b=-07__l=4__r=4.f64le	4997ccf9dc0cbed81cc370e037a5881841cfdb86f4df08ad2eb7e0cfe9cfcc40	reference/linear_trend_v1__b=-07__l=4__r=4.lsg2	a27320a5682007d7ab4915446c198873539d1bfcd2aa43c585af56294d6cf837	930	4
lasagna2:m2.3:v1:linear_trend_v1:b=-06:l=0:r=0	linear_trend_v1	-6	0	0	17355537051577500189	linear	1	512	cases/linear_trend_v1__b=-06__l=0__r=0.f64le	ece8a2d2d05101c752e5b908a6833a2173a67565b18ebd4858fee01fb56f7cfd	reference/linear_trend_v1__b=-06__l=0__r=0.lsg2	03331d9fb9fb9ed1a348106b04ee2ce36adcaa54735d98448218db0acbe213ba	930	4
lasagna2:m2.3:v1:linear_trend_v1:b=-06:l=0:r=1	linear_trend_v1	-6	0	1	15560865120356808402	linear	1	512	cases/linear_trend_v1__b=-06__l=0__r=1.f64le	bf40c5e5df7fce0677bd5588ec8f80fef16b5f80a8c4a3e12765ad2959afe63d	reference/linear_trend_v1__b=-06__l=0__r=1.lsg2	31fa4e0a98c8cef18a95af7824ff916897a3ff84c471b72f679dfeb54251434f	930	4
lasagna2:m2.3:v1:linear_trend_v1:b=-06:l=0:r=2	linear_trend_v1	-6	0	2	14989247140514061551	linear	1	512	cases/linear_trend_v1__b=-06__l=0__r=2.f64le	1ecaabe6d2dc5711eabbce71e35c9396cd00b6950faccc0c2898602f0b9690c2	reference/linear_trend_v1__b=-06__l=0__r=2.lsg2	3049b058432d48132481e0a08656d911fe2b65f119010e41d96ba20d5c7ad411	930	4
lasagna2:m2.3:v1:linear_trend_v1:b=-06:l=0:r=3	linear_trend_v1	-6	0	3	11952227734408651701	linear	1	512	cases/linear_trend_v1__b=-06__l=0__r=3.f64le	8b9e1a557cfd9040b89b9a198770fcab9366d5e0dd19ff25ec1531fa2dd78a10	reference/linear_trend_v1__b=-06__l=0__r=3.lsg2	db569b7610b7232b4308272776cfdd6c3f113014f20c5e98c6ebc8eeb6c942dd	930	4
lasagna2:m2.3:v1:linear_trend_v1:b=-06:l=0:r=4	linear_trend_v1	-6	0	4	3955378539384763376	linear	1	512	cases/linear_trend_v1__b=-06__l=0__r=4.f64le	bca44ed63671fcf637c3069223baa67497ae4ac261631584e85ea271166d1aee	reference/linear_trend_v1__b=-06__l=0__r=4.lsg2	073aef332c0aa072ab4bf1a0375fa98088d253c10fc29a9cf96fa03410fb3f62	930	4
lasagna2:m2.3:v1:linear_trend_v1:b=-06:l=1:r=0	linear_trend_v1	-6	1	0	10512555006359061824	linear	1	512	cases/linear_trend_v1__b=-06__l=1__r=0.f64le	ee009bd839abafb601be4ead32685dc79064cdaf5a7c95c9864f436d255e71eb	reference/linear_trend_v1__b=-06__l=1__r=0.lsg2	250459be4e9dfba1eedacc73d66cdae9e911f394a3794ab5d8cada1dd28c18c6	930	4
lasagna2:m2.3:v1:linear_trend_v1:b=-06:l=1:r=1	linear_trend_v1	-6	1	1	3012930761966445298	linear	1	512	cases/linear_trend_v1__b=-06__l=1__r=1.f64le	4e411eab6324de20f339e73868f8e5f2609fa8990cd9bdb7f48212f5c059cb97	reference/linear_trend_v1__b=-06__l=1__r=1.lsg2	9b4797cc4dedd032a7afcd61804c9d0b68dd2a1f2e672da31942da03b9fd6df3	930	4
lasagna2:m2.3:v1:linear_trend_v1:b=-06:l=1:r=2	linear_trend_v1	-6	1	2	7764373420734704245	linear	1	512	cases/linear_trend_v1__b=-06__l=1__r=2.f64le	2dcade28a2ef7042f177ed3a31608ab18d58d923aa1c3c6833c25e8a0b531135	reference/linear_trend_v1__b=-06__l=1__r=2.lsg2	cf51adb9ff0954f531f87ad8ae8b8613ac2dc7310623cb2e3feec2ca3a818518	930	4
lasagna2:m2.3:v1:linear_trend_v1:b=-06:l=1:r=3	linear_trend_v1	-6	1	3	7798755344936007741	linear	1	512	cases/linear_trend_v1__b=-06__l=1__r=3.f64le	11b615b0454d7b110aff93efb9ba66c9c1d82ea0c5dc319cd61b8733c1e97dab	reference/linear_trend_v1__b=-06__l=1__r=3.lsg2	2a41538a0bc0d5095e2ab1e30ca0e13edeb320851874982e183a9d1744816f65	930	4
lasagna2:m2.3:v1:linear_trend_v1:b=-06:l=1:r=4	linear_trend_v1	-6	1	4	6976158350449929853	linear	1	512	cases/linear_trend_v1__b=-06__l=1__r=4.f64le	3326f60ccf48d91bc595b0a64d2f5b9239286f523932024ce13c3b744275f489	reference/linear_trend_v1__b=-06__l=1__r=4.lsg2	ce8d89fb6503d1fe3ea1278c14b0e65a2e015830ec75794d2b398902632fe28d	930	4
lasagna2:m2.3:v1:linear_trend_v1:b=-06:l=2:r=0	linear_trend_v1	-6	2	0	16793874419513008657	linear	1	512	cases/linear_trend_v1__b=-06__l=2__r=0.f64le	31715ed713e2dce307f28e1d2c4d3c08a51a80ebf1469b3d14fe28aba0373455	reference/linear_trend_v1__b=-06__l=2__r=0.lsg2	5651daefd4b17813f8f0bff60733c3960786500d82b4537a1ce676d6db326fae	930	4
lasagna2:m2.3:v1:linear_trend_v1:b=-06:l=2:r=1	linear_trend_v1	-6	2	1	10599811621143743352	linear	1	512	cases/linear_trend_v1__b=-06__l=2__r=1.f64le	ade06197af262e1b39ebb5de0b38db0ed84b363fa92822e96bd51ddd81158410	reference/linear_trend_v1__b=-06__l=2__r=1.lsg2	2a9f39afdc00a9698c849280bc425a2fa804a6b7f4c45fe183c597e20c741175	930	4
lasagna2:m2.3:v1:linear_trend_v1:b=-06:l=2:r=2	linear_trend_v1	-6	2	2	5639757391176171889	linear	1	512	cases/linear_trend_v1__b=-06__l=2__r=2.f64le	78e7c7be79e2f0ecb0c4c0d106dbcc40a7e9cf51a1f5420a1f043e1fc0593faa	reference/linear_trend_v1__b=-06__l=2__r=2.lsg2	ad679b7fb967ecf4170ebdcc5e46419952347b3c721edb4f0a393334fc9abeeb	930	4
lasagna2:m2.3:v1:linear_trend_v1:b=-06:l=2:r=3	linear_trend_v1	-6	2	3	1800021672336347378	linear	1	512	cases/linear_trend_v1__b=-06__l=2__r=3.f64le	03e0ce0e5e86e426f4935644484508c63069aa4731d2d414b2a20fa005031041	reference/linear_trend_v1__b=-06__l=2__r=3.lsg2	cc21c78b27392df415f4c44e62f64dcb17c654e5422f24f7f9a435644fba1375	930	4
lasagna2:m2.3:v1:linear_trend_v1:b=-06:l=2:r=4	linear_trend_v1	-6	2	4	13865429125375763756	linear	1	512	cases/linear_trend_v1__b=-06__l=2__r=4.f64le	bdbae8e3edd87f37ba5bcf96845d0922d4431d0642da7d2cb7adc6e066f70f16	reference/linear_trend_v1__b=-06__l=2__r=4.lsg2	8e8b767835b96031201c19682e4432bc80a490fbccd6d1d2c778330cf5c1ab2d	930	4
lasagna2:m2.3:v1:linear_trend_v1:b=-06:l=3:r=0	linear_trend_v1	-6	3	0	14441626185100366649	linear	1	512	cases/linear_trend_v1__b=-06__l=3__r=0.f64le	cd0f4019f695db6c98916ad779edfb34fe715da03aa752acc2cd0a6e2b4dda66	reference/linear_trend_v1__b=-06__l=3__r=0.lsg2	2037a08aca4ec1db9e5d62b0aaa31c1d57fea976c07fac0a685b73494ad72a49	930	4
lasagna2:m2.3:v1:linear_trend_v1:b=-06:l=3:r=1	linear_trend_v1	-6	3	1	1474317132769573932	linear	1	512	cases/linear_trend_v1__b=-06__l=3__r=1.f64le	aac98563ff7f2c372b94e10f43d4e2d053bfb0b7dd02bb7b04742d5fabcc6eb7	reference/linear_trend_v1__b=-06__l=3__r=1.lsg2	ca5db5709e607400f89982bfb67ca620e20b65de367696475fe640229cdd4ff5	930	4
lasagna2:m2.3:v1:linear_trend_v1:b=-06:l=3:r=2	linear_trend_v1	-6	3	2	639225579888673981	linear	1	512	cases/linear_trend_v1__b=-06__l=3__r=2.f64le	82a27f70ac72816e37ee622458e6892787c8e9d97b914b61ea1d17a22b25d147	reference/linear_trend_v1__b=-06__l=3__r=2.lsg2	c4585882d56c43506103220a82bd3571361fc14c7f45abf99b86bc5d2115fa01	930	4
lasagna2:m2.3:v1:linear_trend_v1:b=-06:l=3:r=3	linear_trend_v1	-6	3	3	5266183358845472190	linear	1	512	cases/linear_trend_v1__b=-06__l=3__r=3.f64le	8482ca57cbb5e80daf8248ddd7fba4eb8c8bd6847703f0fd8437a969e18ad0c9	reference/linear_trend_v1__b=-06__l=3__r=3.lsg2	3695555b2b603e96dfec6778ea48fa0820f7f55d7b60cc460aab0d0f8486bca5	930	4
lasagna2:m2.3:v1:linear_trend_v1:b=-06:l=3:r=4	linear_trend_v1	-6	3	4	7413795933006870172	linear	1	512	cases/linear_trend_v1__b=-06__l=3__r=4.f64le	9f7ba6883e7ef22297b1cd318ffbf2d94bc2f0d9b549b085d495c276adc9c652	reference/linear_trend_v1__b=-06__l=3__r=4.lsg2	89fcf84eb571eaee063c8a5df0044d492d87078c6cbf90d42c893bb03e8d0b70	930	4
lasagna2:m2.3:v1:linear_trend_v1:b=-06:l=4:r=0	linear_trend_v1	-6	4	0	17411009708057244625	linear	1	512	cases/linear_trend_v1__b=-06__l=4__r=0.f64le	1d1dddb50b5624fcd86b37b7620335508cafa83f3e758345eddccad2bb4d01b9	reference/linear_trend_v1__b=-06__l=4__r=0.lsg2	f8578205740cab7de1aa79d2a055ad59f9c10da16b20fd8cec72ae94c1a3ef91	930	4
lasagna2:m2.3:v1:linear_trend_v1:b=-06:l=4:r=1	linear_trend_v1	-6	4	1	18126133528741921634	linear	1	512	cases/linear_trend_v1__b=-06__l=4__r=1.f64le	1ba7b01dd8e223411b607d6421c8e123d34b4550767e4f613997c3066ba3dbac	reference/linear_trend_v1__b=-06__l=4__r=1.lsg2	0b6792d4fd8812f779f5e7c8633a1b5439bde41ad926e89d1ae4e26e1f2eb323	930	4
lasagna2:m2.3:v1:linear_trend_v1:b=-06:l=4:r=2	linear_trend_v1	-6	4	2	3357019305670462528	linear	1	512	cases/linear_trend_v1__b=-06__l=4__r=2.f64le	ea09f5cff9e788c76510434a92ec66651df401a822a124ecbbe634965b7f3683	reference/linear_trend_v1__b=-06__l=4__r=2.lsg2	e73e92b04047b7b7207722949bc2ef8f600f19a5cd8f811a501d4758016cd6ff	930	4
lasagna2:m2.3:v1:linear_trend_v1:b=-06:l=4:r=3	linear_trend_v1	-6	4	3	8592350021143673996	linear	1	512	cases/linear_trend_v1__b=-06__l=4__r=3.f64le	d15c3011ab728cbeacfaeaa810e5631648673afbb8dc72fe68696bf2f43104f1	reference/linear_trend_v1__b=-06__l=4__r=3.lsg2	23bf66484c72f878a0fcdc299b196e8d9c9dbee81cc4867fb9f4ef60e565fa32	930	4
lasagna2:m2.3:v1:linear_trend_v1:b=-06:l=4:r=4	linear_trend_v1	-6	4	4	13419141212162988757	linear	1	512	cases/linear_trend_v1__b=-06__l=4__r=4.f64le	0cb442fed476005dd4553cb695a2312145842b7ea639e6c605ddae89b08c1c65	reference/linear_trend_v1__b=-06__l=4__r=4.lsg2	663ff6475976d83e5c5696e837d7a1bef363421ec80463cb9f534fbb2de74866	930	4
lasagna2:m2.3:v1:linear_trend_v1:b=-05:l=0:r=0	linear_trend_v1	-5	0	0	8171597095263324827	linear	1	512	cases/linear_trend_v1__b=-05__l=0__r=0.f64le	f400119e0e73c29f8503c27cdd8c6870e4116109457dd76a9ce4879cdaa9f13a	reference/linear_trend_v1__b=-05__l=0__r=0.lsg2	402f7fa8b89fe3510cd1cfffcdaa67203c3fce5c623614da449108e5d7f40768	930	4
lasagna2:m2.3:v1:linear_trend_v1:b=-05:l=0:r=1	linear_trend_v1	-5	0	1	5652091466735714543	linear	1	512	cases/linear_trend_v1__b=-05__l=0__r=1.f64le	8d92dfae0792d61c1e279ca5df5a206b43ef47499ce0022b46cec3626e9001f4	reference/linear_trend_v1__b=-05__l=0__r=1.lsg2	1fbb2541d85e6deb4b66d32923eb204e9422bca5b4b09a288ade4ef703162d4c	930	4
lasagna2:m2.3:v1:linear_trend_v1:b=-05:l=0:r=2	linear_trend_v1	-5	0	2	17005826829646675753	linear	1	512	cases/linear_trend_v1__b=-05__l=0__r=2.f64le	903006f0a2fa34fc6bf65c255487178b3008e93e5f09af76652dc03c8ee12e96	reference/linear_trend_v1__b=-05__l=0__r=2.lsg2	416e13098bf386b6c1a2eb469d76f42b0db2ce4f8dc1538d1e78684e868a1cab	930	4
lasagna2:m2.3:v1:linear_trend_v1:b=-05:l=0:r=3	linear_trend_v1	-5	0	3	18267841105153342233	linear	1	512	cases/linear_trend_v1__b=-05__l=0__r=3.f64le	a0d574d42ad4b1541d4d10ede1bb411a3bb9c4733eeefe765e158af7c6b44258	reference/linear_trend_v1__b=-05__l=0__r=3.lsg2	336c6033397d58d98f73ff5e1007e900f56c700828f0a74e501227985cc1a92a	930	4
lasagna2:m2.3:v1:linear_trend_v1:b=-05:l=0:r=4	linear_trend_v1	-5	0	4	16351205137836899297	linear	1	512	cases/linear_trend_v1__b=-05__l=0__r=4.f64le	ec2a40d8b700b3d37b353ebba5bb728f6366d79abe14b140bd3af1e298fb9188	reference/linear_trend_v1__b=-05__l=0__r=4.lsg2	948f3d5d322ad456febe3031ebdf8bb89b998816fe4464e028b7389821d4ecbf	930	4
lasagna2:m2.3:v1:linear_trend_v1:b=-05:l=1:r=0	linear_trend_v1	-5	1	0	4759720938877436919	linear	1	512	cases/linear_trend_v1__b=-05__l=1__r=0.f64le	33a6ca104818291f5fee2d87bb01a96399c14b1517f3b8602de6c0c3445b4fd1	reference/linear_trend_v1__b=-05__l=1__r=0.lsg2	affc4ccf6cb864361fdd49b0e8405ba977e12f8a0cb61f41c4b0da29a40bc1ae	930	4
lasagna2:m2.3:v1:linear_trend_v1:b=-05:l=1:r=1	linear_trend_v1	-5	1	1	7530637350680388672	linear	1	512	cases/linear_trend_v1__b=-05__l=1__r=1.f64le	5c24280e01bfae3e48a4fe5ed988354af2b321e7abb41c616322a2fbb5971030	reference/linear_trend_v1__b=-05__l=1__r=1.lsg2	396fe34c94d10fa3d36f7c91d2a8afc8167912a4ba51e72a3ce6580119f124f9	930	4
lasagna2:m2.3:v1:linear_trend_v1:b=-05:l=1:r=2	linear_trend_v1	-5	1	2	625203824524743437	linear	1	512	cases/linear_trend_v1__b=-05__l=1__r=2.f64le	03dcba89b9bc306888e56a30046dba9c755c5117fe24e10d402da4378789712a	reference/linear_trend_v1__b=-05__l=1__r=2.lsg2	3965dc99a91fc1b5c18bbbf259a45e6e79c431ffe5b6c07696c7b86a1bdf33ec	930	4
lasagna2:m2.3:v1:linear_trend_v1:b=-05:l=1:r=3	linear_trend_v1	-5	1	3	13342890842526664914	linear	1	512	cases/linear_trend_v1__b=-05__l=1__r=3.f64le	b628bf244ee1970b459f3ee689a53c21d897f71c348b76bb8067c2b83ef95ee0	reference/linear_trend_v1__b=-05__l=1__r=3.lsg2	564d82ca74535a09de90a2305f64d519ab36ead24b94450b81be84a6c812d257	930	4
lasagna2:m2.3:v1:linear_trend_v1:b=-05:l=1:r=4	linear_trend_v1	-5	1	4	11819710129976956697	linear	1	512	cases/linear_trend_v1__b=-05__l=1__r=4.f64le	d7e3d3dc8b56b059790cd2ef4a289f75b867f9874b9b30b7a14952cd43226e51	reference/linear_trend_v1__b=-05__l=1__r=4.lsg2	36a3d5e6f9d35ec3d08369812577b6a3538a11e0fdb1ff342c551cdb923211ad	930	4
lasagna2:m2.3:v1:linear_trend_v1:b=-05:l=2:r=0	linear_trend_v1	-5	2	0	12879022672525183283	linear	1	512	cases/linear_trend_v1__b=-05__l=2__r=0.f64le	c057de8b19f3022af14d80d038409b2d3e1bc6f3eddc9942e87eb9d4176cfaad	reference/linear_trend_v1__b=-05__l=2__r=0.lsg2	f852cd32bf91a42f572e26a460c1a572301aa9998c9080bbb1b56153e3c0620e	930	4
lasagna2:m2.3:v1:linear_trend_v1:b=-05:l=2:r=1	linear_trend_v1	-5	2	1	12676856805261572142	linear	1	512	cases/linear_trend_v1__b=-05__l=2__r=1.f64le	186de3026ce441dc2c611fcb032c2f0d79a7965d36e3a5beca38210a87215c52	reference/linear_trend_v1__b=-05__l=2__r=1.lsg2	b1b34c7b97a78965a5d9e55761a58716293b094baf8d620f837e40bec2871e84	930	4
lasagna2:m2.3:v1:linear_trend_v1:b=-05:l=2:r=2	linear_trend_v1	-5	2	2	14254300230853531934	linear	1	512	cases/linear_trend_v1__b=-05__l=2__r=2.f64le	540b45ed5add366af8663842626bddf6de6ae21479f3c39b182df9b014463b60	reference/linear_trend_v1__b=-05__l=2__r=2.lsg2	06195fa0b3b7b2d29f2fdf31e3ca13fd8e84f58250dfc4c6cd640e063bcd273e	930	4
lasagna2:m2.3:v1:linear_trend_v1:b=-05:l=2:r=3	linear_trend_v1	-5	2	3	4140085059128638585	linear	1	512	cases/linear_trend_v1__b=-05__l=2__r=3.f64le	af86f66ec6e2151b69131742dcbe28ee671f27baefb304dcf23d4cce08e5d772	reference/linear_trend_v1__b=-05__l=2__r=3.lsg2	2c66e49c74e1e18296ee5ceb438bdb885c219237858b768296cd538b68349918	930	4
lasagna2:m2.3:v1:linear_trend_v1:b=-05:l=2:r=4	linear_trend_v1	-5	2	4	4478319399408242323	linear	1	512	cases/linear_trend_v1__b=-05__l=2__r=4.f64le	9aaf73251326e450657f8df8dc97c7ab44a140ffd85f0edad77aafb44f7c8a1a	reference/linear_trend_v1__b=-05__l=2__r=4.lsg2	3bf0eda7ca35507384e2a11501e13de11da7e9903884d7f840bd3ee2dfdb24bd	930	4
lasagna2:m2.3:v1:linear_trend_v1:b=-05:l=3:r=0	linear_trend_v1	-5	3	0	8561516411840082641	linear	1	512	cases/linear_trend_v1__b=-05__l=3__r=0.f64le	14cd23968196c881379932e27253167cf663b6b13685fef2b27499bd3acc99cc	reference/linear_trend_v1__b=-05__l=3__r=0.lsg2	cd83abbb84a064b0559a917763cf6fd969d0976b9376032633e597205c586757	930	4
lasagna2:m2.3:v1:linear_trend_v1:b=-05:l=3:r=1	linear_trend_v1	-5	3	1	18184757325141274957	linear	1	512	cases/linear_trend_v1__b=-05__l=3__r=1.f64le	8268c2ea38cae873a662972b1fca26d010d0d41887aeffcd25e2baf95a88ce9e	reference/linear_trend_v1__b=-05__l=3__r=1.lsg2	901767b3bb808ea8f3376b642135a68905691fca960e0def87e287e8a54d78f1	930	4
lasagna2:m2.3:v1:linear_trend_v1:b=-05:l=3:r=2	linear_trend_v1	-5	3	2	4100202937234005383	linear	1	512	cases/linear_trend_v1__b=-05__l=3__r=2.f64le	a84b9a5d37fffe57337684ebe7382f928ba1c60e04555e53124ab6a0953c9b24	reference/linear_trend_v1__b=-05__l=3__r=2.lsg2	fb92e9c9f17f234d1871cba81e075e99521e1fd3c267fa54f287c432a5c300e7	930	4
lasagna2:m2.3:v1:linear_trend_v1:b=-05:l=3:r=3	linear_trend_v1	-5	3	3	12673778879432491305	linear	1	512	cases/linear_trend_v1__b=-05__l=3__r=3.f64le	061132a53ffe69aab3718a8b9bd6a2b1e9fdc3923e9083519c13b4c22a4f4c48	reference/linear_trend_v1__b=-05__l=3__r=3.lsg2	1df63b17cde45e30f0fa2981f13508fdb82a0cf6c2e4eb3152d28f754d8306f4	930	4
lasagna2:m2.3:v1:linear_trend_v1:b=-05:l=3:r=4	linear_trend_v1	-5	3	4	17921394594562010649	linear	1	512	cases/linear_trend_v1__b=-05__l=3__r=4.f64le	572feeb08d632f9fc466bc8676b76067c2507228c9e4ea0b24099312982cfdca	reference/linear_trend_v1__b=-05__l=3__r=4.lsg2	440e69efa191a76ddd82e9cf4387fca4b576d99aff9dbe8a6c236aec412b2ba0	930	4
lasagna2:m2.3:v1:linear_trend_v1:b=-05:l=4:r=0	linear_trend_v1	-5	4	0	4546178945063001884	linear	1	512	cases/linear_trend_v1__b=-05__l=4__r=0.f64le	1099718c9239e5ca1d46265e82a8e983731274b65c3be1a8d65e2bbcfef32e9b	reference/linear_trend_v1__b=-05__l=4__r=0.lsg2	b653565c36a22a1d958a5c2d84e61f21846f6c9888d5e99712c6fd72ec508787	930	4
lasagna2:m2.3:v1:linear_trend_v1:b=-05:l=4:r=1	linear_trend_v1	-5	4	1	9942968010949820731	linear	1	512	cases/linear_trend_v1__b=-05__l=4__r=1.f64le	94e569c36f6e220804fe011020108c4258443045d252464dbc5673ce08562c4e	reference/linear_trend_v1__b=-05__l=4__r=1.lsg2	19c9ffa34c21117812a9eb4e857ae1da4b113c2362f5f989944968e42872cd00	930	4
lasagna2:m2.3:v1:linear_trend_v1:b=-05:l=4:r=2	linear_trend_v1	-5	4	2	9667133123358118194	linear	1	512	cases/linear_trend_v1__b=-05__l=4__r=2.f64le	989909ee92260f4b188ebf05f43f652e52d954a552470d1263a352702f567415	reference/linear_trend_v1__b=-05__l=4__r=2.lsg2	7e29350fa8a2d91f167bb751d5eb777af49caf9b2e6c1523d8581ffdd9cf9609	930	4
lasagna2:m2.3:v1:linear_trend_v1:b=-05:l=4:r=3	linear_trend_v1	-5	4	3	8367724413343073720	linear	1	512	cases/linear_trend_v1__b=-05__l=4__r=3.f64le	c025ba56017ba88d95a6636e2594870368c08c0addfea7396b9baa39decd5018	reference/linear_trend_v1__b=-05__l=4__r=3.lsg2	f25b4045cf89dcb47ad639b5b0082922aa5f26715a1a46e4b3fb702078fe370c	930	4
lasagna2:m2.3:v1:linear_trend_v1:b=-05:l=4:r=4	linear_trend_v1	-5	4	4	6958643176451238184	linear	1	512	cases/linear_trend_v1__b=-05__l=4__r=4.f64le	9bc370c3c7351696512575b8220c3c12f8e631b90541bd8f6f684aa211d17c9b	reference/linear_trend_v1__b=-05__l=4__r=4.lsg2	df77af42309aae8a0e35b220a466cf19202889c1a6cef5fa2d3d06f2bb074fe9	930	4
lasagna2:m2.3:v1:linear_trend_v1:b=-04:l=0:r=0	linear_trend_v1	-4	0	0	8843342033699483221	linear	1	512	cases/linear_trend_v1__b=-04__l=0__r=0.f64le	a1cc21772e25feadfb52025ff37c2dc1b304e161491070782933a22b0481fe0f	reference/linear_trend_v1__b=-04__l=0__r=0.lsg2	6d709f26d1431d3ca362ee7c55a470a652261e673bf489e3c547d13de1a2ab78	930	4
lasagna2:m2.3:v1:linear_trend_v1:b=-04:l=0:r=1	linear_trend_v1	-4	0	1	10405927482912525555	linear	1	512	cases/linear_trend_v1__b=-04__l=0__r=1.f64le	37a7e72d773512eaccd401afcfd535da3706bb6ed46dc460607ac94274631f30	reference/linear_trend_v1__b=-04__l=0__r=1.lsg2	f6fe7d23bf76314c7434a4c1539bfdeb5a11c46f294a3fe789a6b0b758a19186	930	4
lasagna2:m2.3:v1:linear_trend_v1:b=-04:l=0:r=2	linear_trend_v1	-4	0	2	12333664588777087565	linear	1	512	cases/linear_trend_v1__b=-04__l=0__r=2.f64le	056b9e47c9e73131e953672970bf3673f26235b839ddd3ef900ace4d652c852d	reference/linear_trend_v1__b=-04__l=0__r=2.lsg2	f35652979a038c61726220be99a1e45f4ff72033b45efe4add1275a0dc05154e	930	4
lasagna2:m2.3:v1:linear_trend_v1:b=-04:l=0:r=3	linear_trend_v1	-4	0	3	7488034796472941068	linear	1	512	cases/linear_trend_v1__b=-04__l=0__r=3.f64le	d90a582c5863c06a000987e0f09b2fecb8619923c6cfd5682ad8b175d5cf5fee	reference/linear_trend_v1__b=-04__l=0__r=3.lsg2	adca2cf920341acc87b38f345db7a7e417b9f2956a8f2cd7116bf383f012e438	930	4
lasagna2:m2.3:v1:linear_trend_v1:b=-04:l=0:r=4	linear_trend_v1	-4	0	4	14205730563139272232	linear	1	512	cases/linear_trend_v1__b=-04__l=0__r=4.f64le	646f268ad233c268ca98a9324a0fb7a0034ac6e81a006495b1731fb241b93c99	reference/linear_trend_v1__b=-04__l=0__r=4.lsg2	2b6707a560850275f50ad2f8c6ebc239981f32a1a9e4fe75b30d410d3ef7efdf	930	4
lasagna2:m2.3:v1:linear_trend_v1:b=-04:l=1:r=0	linear_trend_v1	-4	1	0	5464758260378273001	linear	1	512	cases/linear_trend_v1__b=-04__l=1__r=0.f64le	b4445ffbd4bb7eee6bb20342dc05bac0bf1f93a00b23dc09ec0bd7f0df72f835	reference/linear_trend_v1__b=-04__l=1__r=0.lsg2	fc42a022b6c8b0ef861cddb7b35eb28e3532641e136e90bfda924e8b0a7cf837	930	4
lasagna2:m2.3:v1:linear_trend_v1:b=-04:l=1:r=1	linear_trend_v1	-4	1	1	15764885983435622049	linear	1	512	cases/linear_trend_v1__b=-04__l=1__r=1.f64le	cc38b878c8e9e75e020811ea60466e2f24d5b3847ec650819c2b8ee3d646f28b	reference/linear_trend_v1__b=-04__l=1__r=1.lsg2	450a55f57db43c69f7e508c7516d8773177e58de05d228871d92cba42bb9a15f	930	4
lasagna2:m2.3:v1:linear_trend_v1:b=-04:l=1:r=2	linear_trend_v1	-4	1	2	17342125281029049877	linear	1	512	cases/linear_trend_v1__b=-04__l=1__r=2.f64le	59c08431330fc272f880b8ea77673422536dffcb5a5a7b60939432475a00d7eb	reference/linear_trend_v1__b=-04__l=1__r=2.lsg2	58c145575fa0b7908ebb15762c4ec7e213361e91d6e01c13c4e467130e0af5b6	930	4
lasagna2:m2.3:v1:linear_trend_v1:b=-04:l=1:r=3	linear_trend_v1	-4	1	3	13281997919093151716	linear	1	512	cases/linear_trend_v1__b=-04__l=1__r=3.f64le	7b70c7dce542421c910f980e57285aba39cf73769cc86342b536a7818d2a2194	reference/linear_trend_v1__b=-04__l=1__r=3.lsg2	78204d27ee3c806d3aeff50afc56566ed0aacb92f61127701eb7b35a75ac6758	930	4
lasagna2:m2.3:v1:linear_trend_v1:b=-04:l=1:r=4	linear_trend_v1	-4	1	4	12614709891192528731	linear	1	512	cases/linear_trend_v1__b=-04__l=1__r=4.f64le	e73280ecebf7f48cfc0adff46d2c0f35cbb5c86e24c462ea78dfbcefe3db5ada	reference/linear_trend_v1__b=-04__l=1__r=4.lsg2	4b5b47f9024d7ac091847c7869d7e3e7f0a9d73fdcf8350aa45f1a09b37c0779	930	4
lasagna2:m2.3:v1:linear_trend_v1:b=-04:l=2:r=0	linear_trend_v1	-4	2	0	15389754779227626551	linear	1	512	cases/linear_trend_v1__b=-04__l=2__r=0.f64le	e84883297d5a153041e938f325f53ff9d853bdd4a385eb1ddd09c6f9d2bfa64b	reference/linear_trend_v1__b=-04__l=2__r=0.lsg2	33ba191a3f8702b8b433401b05d2c3585a52b3c0c00b057053b2efa201f4785a	930	4
lasagna2:m2.3:v1:linear_trend_v1:b=-04:l=2:r=1	linear_trend_v1	-4	2	1	3978707106718565471	linear	1	512	cases/linear_trend_v1__b=-04__l=2__r=1.f64le	a012cbe1e7a1047fd3db865632e0c5be07d5983c67305b109f87be92aa734373	reference/linear_trend_v1__b=-04__l=2__r=1.lsg2	903c1a788550f81427f1e493a5a8d0caa0e9c1c0d3bcb1c346008f6b937b590d	930	4
lasagna2:m2.3:v1:linear_trend_v1:b=-04:l=2:r=2	linear_trend_v1	-4	2	2	6024919047416611128	linear	1	512	cases/linear_trend_v1__b=-04__l=2__r=2.f64le	dc251366d876e1dd86f9cfe2661168c6cba9fe861bdf48a8c0a899651662a8f4	reference/linear_trend_v1__b=-04__l=2__r=2.lsg2	f1de8b5607de68e08940850e95cf061a2c502c0a5e65b66800b8685dceb61afd	930	4
lasagna2:m2.3:v1:linear_trend_v1:b=-04:l=2:r=3	linear_trend_v1	-4	2	3	10617175391168418262	linear	1	512	cases/linear_trend_v1__b=-04__l=2__r=3.f64le	085c7bc6508d0dc2df4e7d771b860bc68dac28f1d9dfff1d989a6018ceeaac6b	reference/linear_trend_v1__b=-04__l=2__r=3.lsg2	c84a1458a1870b52eb502091d45f0723f5db6ce4fb5b7693bb68dc92e60ebc96	930	4
lasagna2:m2.3:v1:linear_trend_v1:b=-04:l=2:r=4	linear_trend_v1	-4	2	4	8413593633990212168	linear	1	512	cases/linear_trend_v1__b=-04__l=2__r=4.f64le	28e11a13fe0295c2253d23b7491a90fdffa500b05b98d4d9b2578b92c6f5a80b	reference/linear_trend_v1__b=-04__l=2__r=4.lsg2	5a98929e96b5b675218b8a78ae621987b1b24d9cb450a9d3f323d82e2964dcbd	930	4
lasagna2:m2.3:v1:linear_trend_v1:b=-04:l=3:r=0	linear_trend_v1	-4	3	0	7384821813776347877	linear	1	512	cases/linear_trend_v1__b=-04__l=3__r=0.f64le	32be48299a84f61565d506d03dd49a82d3782ac24828b7ca62d3dadf3b96be47	reference/linear_trend_v1__b=-04__l=3__r=0.lsg2	b8cd240acaeedfa9fab096a7d511426d41255645fae86ef61fb12161f2ea862f	930	4
lasagna2:m2.3:v1:linear_trend_v1:b=-04:l=3:r=1	linear_trend_v1	-4	3	1	9723570913812307723	linear	1	512	cases/linear_trend_v1__b=-04__l=3__r=1.f64le	4db227350795b4b525d371daaf83b0cb057e3139976fdf08c549ce885349d9d4	reference/linear_trend_v1__b=-04__l=3__r=1.lsg2	953a3e04125f4c5a652cf0b583602cb4be380c1b5260d9f19c447b19ca937fb0	930	4
lasagna2:m2.3:v1:linear_trend_v1:b=-04:l=3:r=2	linear_trend_v1	-4	3	2	4424699384149909455	linear	1	512	cases/linear_trend_v1__b=-04__l=3__r=2.f64le	688f3be91a2b98000cf3a9d48ab99f7a639a92ac180412b965d985115c28de5a	reference/linear_trend_v1__b=-04__l=3__r=2.lsg2	46e0582c8d7138b87cf66ff423e6f60274d72ec9328107adadd46679230c0b58	930	4
lasagna2:m2.3:v1:linear_trend_v1:b=-04:l=3:r=3	linear_trend_v1	-4	3	3	13748506710165206353	linear	1	512	cases/linear_trend_v1__b=-04__l=3__r=3.f64le	42da222aa7fc1297420b724a45f89ddb7ec022a43787f6b61fb137790f8bfec7	reference/linear_trend_v1__b=-04__l=3__r=3.lsg2	c87f693eec20beb8c42d191ac9367228fbd13996f7fe241e34e1f4078f8986d3	930	4
lasagna2:m2.3:v1:linear_trend_v1:b=-04:l=3:r=4	linear_trend_v1	-4	3	4	484511295351433528	linear	1	512	cases/linear_trend_v1__b=-04__l=3__r=4.f64le	f7f0034429faf4ed2c5c9b49ed9d03c37ae6455941fcd6955d9ef551295600d9	reference/linear_trend_v1__b=-04__l=3__r=4.lsg2	af9c5f83e115085e1171b403d5514d7c36931856f6ea17b19776bcc042bf2341	930	4
lasagna2:m2.3:v1:linear_trend_v1:b=-04:l=4:r=0	linear_trend_v1	-4	4	0	10635566279946704176	linear	1	512	cases/linear_trend_v1__b=-04__l=4__r=0.f64le	7403d98b2065772158f9d973ff377c0b1300c7cd6f019e095458f5844a6dae33	reference/linear_trend_v1__b=-04__l=4__r=0.lsg2	1c2d2693a5a563ab76cc85ba2964583e9130e630106731ea7be8fe06767fbe2b	930	4
lasagna2:m2.3:v1:linear_trend_v1:b=-04:l=4:r=1	linear_trend_v1	-4	4	1	5065471413162810728	linear	1	512	cases/linear_trend_v1__b=-04__l=4__r=1.f64le	9b1a3da7f033c47083439a2137e03bb9b1106a281e89b6a7752cb270b9c44396	reference/linear_trend_v1__b=-04__l=4__r=1.lsg2	a759804e9882e3f2396c4a73a9f77a5cc098be5a1229a9b9827da6ca8514c3c7	930	4
lasagna2:m2.3:v1:linear_trend_v1:b=-04:l=4:r=2	linear_trend_v1	-4	4	2	3027986606925070677	linear	1	512	cases/linear_trend_v1__b=-04__l=4__r=2.f64le	7d411cf09ab49fed30a6ae5a8ebc964223eeee89a95e4f485eff662d11567fe6	reference/linear_trend_v1__b=-04__l=4__r=2.lsg2	eec1a7a0480b26a7039717530593f60ad9482c621c24a1d4214161305933af89	930	4
lasagna2:m2.3:v1:linear_trend_v1:b=-04:l=4:r=3	linear_trend_v1	-4	4	3	5097642233035254288	linear	1	512	cases/linear_trend_v1__b=-04__l=4__r=3.f64le	fa0ce224567d75cedfd24d08135cdbefbd8d7da1af3a06d6cf6212385df0fbe8	reference/linear_trend_v1__b=-04__l=4__r=3.lsg2	d29e0cdc8f3e870b8aa4daeda074b7a36c9f74b48e88c42a83a385a2a2211467	930	4
lasagna2:m2.3:v1:linear_trend_v1:b=-04:l=4:r=4	linear_trend_v1	-4	4	4	17468887781147749876	linear	1	512	cases/linear_trend_v1__b=-04__l=4__r=4.f64le	31239f350b808a1ffe85e1d12605fa014abd6503a7e7e4f773531aea3bc590a4	reference/linear_trend_v1__b=-04__l=4__r=4.lsg2	d65064bc064efd807accd80f41fd739ebd339f6e3fad678a02453d5235854a55	930	4
lasagna2:m2.3:v1:linear_trend_v1:b=-03:l=0:r=0	linear_trend_v1	-3	0	0	16250491793156201561	linear	1	512	cases/linear_trend_v1__b=-03__l=0__r=0.f64le	886bf320f009d6ee3c562a0688d34cc9a352d7fe320133c94646776877b9491a	reference/linear_trend_v1__b=-03__l=0__r=0.lsg2	afe2ee07c1d5e8b8076d7d633984a0e0ef9ddc93d970444be7e36eb11e78fa8d	930	4
lasagna2:m2.3:v1:linear_trend_v1:b=-03:l=0:r=1	linear_trend_v1	-3	0	1	11014731650416570476	linear	1	512	cases/linear_trend_v1__b=-03__l=0__r=1.f64le	dcafecad8dc04b4c9d62170ac56885880fa5b4b11aed8cce38cc1a883793c7b6	reference/linear_trend_v1__b=-03__l=0__r=1.lsg2	d912a18de243ae07522e00e09eed9f188b9a11b76a47707bcd54ce73d626e850	930	4
lasagna2:m2.3:v1:linear_trend_v1:b=-03:l=0:r=2	linear_trend_v1	-3	0	2	7349906246856159100	linear	1	512	cases/linear_trend_v1__b=-03__l=0__r=2.f64le	b737ff59e15382edae218a8e7f5f980176e05dc63cddf83e47a6a9f016992b30	reference/linear_trend_v1__b=-03__l=0__r=2.lsg2	d74f9b1a5c42b05cf34cbd4f709e953215fa28845d5d0706127c89b146319401	930	4
lasagna2:m2.3:v1:linear_trend_v1:b=-03:l=0:r=3	linear_trend_v1	-3	0	3	13196983373232639430	linear	1	512	cases/linear_trend_v1__b=-03__l=0__r=3.f64le	80f582ab4075d5da28862d62afa3d649d253d0d0b4b2a9b1073380e0c88663a5	reference/linear_trend_v1__b=-03__l=0__r=3.lsg2	62b6e905ef9cfa248350e0560a4a1368c0fb728fcade6ab3fb67ad869543701a	930	4
lasagna2:m2.3:v1:linear_trend_v1:b=-03:l=0:r=4	linear_trend_v1	-3	0	4	17260854875480677366	linear	1	512	cases/linear_trend_v1__b=-03__l=0__r=4.f64le	bee0b4146782962b8102c238332ea28e4f0bbd19ff66182526b5ae9452209dfb	reference/linear_trend_v1__b=-03__l=0__r=4.lsg2	bce33ee2f45ea05d66b9ec1ebbd90a384a8f9fae30968e7d59aa1231b0d32f62	930	4
lasagna2:m2.3:v1:linear_trend_v1:b=-03:l=1:r=0	linear_trend_v1	-3	1	0	9594006476108370318	linear	1	512	cases/linear_trend_v1__b=-03__l=1__r=0.f64le	b2ad42bf447fb33eef6ebcecce5aa25523ba6fd05e3e7bed504d3bcf5b2c3094	reference/linear_trend_v1__b=-03__l=1__r=0.lsg2	ca09ab5c9e0161fe8cfb0c2a237c4a796b86db4dd28ac9bde108f4f60dbb3031	930	4
lasagna2:m2.3:v1:linear_trend_v1:b=-03:l=1:r=1	linear_trend_v1	-3	1	1	15613094136893125355	linear	1	512	cases/linear_trend_v1__b=-03__l=1__r=1.f64le	84f14b99b548e40462422b2d861e0897afa656b8239fdf69a7ad8e417e95a487	reference/linear_trend_v1__b=-03__l=1__r=1.lsg2	94e764134e57f96d8ae5eb5ac191bda697b587ebcded09bc357094b097eab1c6	930	4
lasagna2:m2.3:v1:linear_trend_v1:b=-03:l=1:r=2	linear_trend_v1	-3	1	2	9376227094656303513	linear	1	512	cases/linear_trend_v1__b=-03__l=1__r=2.f64le	deb526fe2b3d9a99de00c682e4d7d6c34b9770f37eef670e1a8661eda80fce95	reference/linear_trend_v1__b=-03__l=1__r=2.lsg2	09b3b6de52d4773c358467607dc12c5eca8998fd80fdd989623f8c6b9867a234	930	4
lasagna2:m2.3:v1:linear_trend_v1:b=-03:l=1:r=3	linear_trend_v1	-3	1	3	18246776745422866533	linear	1	512	cases/linear_trend_v1__b=-03__l=1__r=3.f64le	779bf40a5ee16a631eeb734ddeaa4f66ffa648509dd58b8c15ceb316c087af16	reference/linear_trend_v1__b=-03__l=1__r=3.lsg2	5f30082e0b31d06bc76ea3ebb2598325cc0b46c71c7f57629ef313b098cb1125	930	4
lasagna2:m2.3:v1:linear_trend_v1:b=-03:l=1:r=4	linear_trend_v1	-3	1	4	2124361275189448765	linear	1	512	cases/linear_trend_v1__b=-03__l=1__r=4.f64le	9321d4cba05c1e3fc5a5a40bdb946caa7827a5e050e975f6c7f725f0a44ab933	reference/linear_trend_v1__b=-03__l=1__r=4.lsg2	78175080206072db550308a5085a2a33d3915867d46768b8e0e774726a8e00f6	930	4
lasagna2:m2.3:v1:linear_trend_v1:b=-03:l=2:r=0	linear_trend_v1	-3	2	0	5231660621900529663	linear	1	512	cases/linear_trend_v1__b=-03__l=2__r=0.f64le	70517335d7761834aff468be406ab19110737943c8631de0d5d44cd96f69a2c9	reference/linear_trend_v1__b=-03__l=2__r=0.lsg2	44298370648bd3a7ee60344dc9ad1331a0dfbbc84d02e4203fb95fbccab3f112	930	4
lasagna2:m2.3:v1:linear_trend_v1:b=-03:l=2:r=1	linear_trend_v1	-3	2	1	8460094627210783319	linear	1	512	cases/linear_trend_v1__b=-03__l=2__r=1.f64le	32fef12ea3f2b8ae7c0141759515af7a2a04b871f21734e2a4e30fcd951ccbfb	reference/linear_trend_v1__b=-03__l=2__r=1.lsg2	b1914f139741351d85c559125d3876befe83260602d9e422847b66bddf79a7c4	930	4
lasagna2:m2.3:v1:linear_trend_v1:b=-03:l=2:r=2	linear_trend_v1	-3	2	2	12330815441386504265	linear	1	512	cases/linear_trend_v1__b=-03__l=2__r=2.f64le	2eb76973951909ff3e73acd0f247208cb79461b83d4649f6f31cb227de383b28	reference/linear_trend_v1__b=-03__l=2__r=2.lsg2	e9b49e9f3302e3541edc89d4cc85898bdd27a738d518dc58ba04db53149c8ad2	930	4
lasagna2:m2.3:v1:linear_trend_v1:b=-03:l=2:r=3	linear_trend_v1	-3	2	3	17981142054355075110	linear	1	512	cases/linear_trend_v1__b=-03__l=2__r=3.f64le	34d3dc325433292ddf40ccd8c40a140740314aef0d4714d7106bcf3a20c307a5	reference/linear_trend_v1__b=-03__l=2__r=3.lsg2	fcac7086a0afcb5a2740dbc6d98c8e391dd709c9f6f9349d1ed05ddb19413357	930	4
lasagna2:m2.3:v1:linear_trend_v1:b=-03:l=2:r=4	linear_trend_v1	-3	2	4	132010802461846542	linear	1	512	cases/linear_trend_v1__b=-03__l=2__r=4.f64le	2af9db968061de117f5fed638fd540a2390011a727bcac936b4916670b0e7de2	reference/linear_trend_v1__b=-03__l=2__r=4.lsg2	7c843ef7434f781d2e68584c0a1355307c82042f9b8738b19dab04443996d12e	930	4
lasagna2:m2.3:v1:linear_trend_v1:b=-03:l=3:r=0	linear_trend_v1	-3	3	0	3441503141134198232	linear	1	512	cases/linear_trend_v1__b=-03__l=3__r=0.f64le	423eaa0887ff9d7de179c6f18d5587faf732e3f1e3494f324bdbdb0f13467bed	reference/linear_trend_v1__b=-03__l=3__r=0.lsg2	ef818b6246fb73b559541594517d1f84cbceae8b93dfdd025af49b39db8a35d8	930	4
lasagna2:m2.3:v1:linear_trend_v1:b=-03:l=3:r=1	linear_trend_v1	-3	3	1	4985326945086963391	linear	1	512	cases/linear_trend_v1__b=-03__l=3__r=1.f64le	e8893d0ec61f245ce67eb9d17c4156245ac40467376c84493fcb89efe01ad24e	reference/linear_trend_v1__b=-03__l=3__r=1.lsg2	bd9301469bf883467fe3d5d3e805354ced70198eeccc375a038d3d49919f956e	930	4
lasagna2:m2.3:v1:linear_trend_v1:b=-03:l=3:r=2	linear_trend_v1	-3	3	2	8722185957777034791	linear	1	512	cases/linear_trend_v1__b=-03__l=3__r=2.f64le	c6d66da59e353bcb3f6d26d3f846530bea22d4d32e12973022b4441acdd56034	reference/linear_trend_v1__b=-03__l=3__r=2.lsg2	649237496c4cde542f791e1773e3c4d49102d9309712fcccee8e99141f364d61	930	4
lasagna2:m2.3:v1:linear_trend_v1:b=-03:l=3:r=3	linear_trend_v1	-3	3	3	6942051925692710751	linear	1	512	cases/linear_trend_v1__b=-03__l=3__r=3.f64le	b726624adb56696a9516d5093c479c0cba5b833615fb336aa0b0fc7c4559859b	reference/linear_trend_v1__b=-03__l=3__r=3.lsg2	e21e976c8a120058e97b994553a6e8e9580674460aed5a64410dd44c72394de9	930	4
lasagna2:m2.3:v1:linear_trend_v1:b=-03:l=3:r=4	linear_trend_v1	-3	3	4	4602709733529415896	linear	1	512	cases/linear_trend_v1__b=-03__l=3__r=4.f64le	53c1c96ab5517c50a445a0e84bf031664644363825695a180b0a19828a5ab2bf	reference/linear_trend_v1__b=-03__l=3__r=4.lsg2	aa3a555a1bd5fd26a3b8adb7c7ee7fdb0e89b9356eac165978a4c016d821f010	930	4
lasagna2:m2.3:v1:linear_trend_v1:b=-03:l=4:r=0	linear_trend_v1	-3	4	0	7902987048278279682	linear	1	512	cases/linear_trend_v1__b=-03__l=4__r=0.f64le	bc1ded98ad148ab0deb4d78f464bc0a62eb2b069d51446a7f191505f7df9470c	reference/linear_trend_v1__b=-03__l=4__r=0.lsg2	80c16386316873f236dd222227b47ceae8d518d327d5e1819a7a2d89d811b17b	930	4
lasagna2:m2.3:v1:linear_trend_v1:b=-03:l=4:r=1	linear_trend_v1	-3	4	1	17720792378217616545	linear	1	512	cases/linear_trend_v1__b=-03__l=4__r=1.f64le	4ae43dbf2d206aee1bf4f31afd1bec998e9385c1a523e415c3faf7dfca3d1f14	reference/linear_trend_v1__b=-03__l=4__r=1.lsg2	5f9ef9ecbc3e5491f0ee284971cfaf9a94fa0270116a836f371c64ebb1775154	930	4
lasagna2:m2.3:v1:linear_trend_v1:b=-03:l=4:r=2	linear_trend_v1	-3	4	2	17534833244675204747	linear	1	512	cases/linear_trend_v1__b=-03__l=4__r=2.f64le	9b113840c41ba2bb783db5b1bce3485b2ec5b5d4324fed5570ff8e124285514d	reference/linear_trend_v1__b=-03__l=4__r=2.lsg2	46e19114728f1f9d2dfbfbc39128a81fffd601b03df56f9cc2cd877157559c30	930	4
lasagna2:m2.3:v1:linear_trend_v1:b=-03:l=4:r=3	linear_trend_v1	-3	4	3	3917678380255362289	linear	1	512	cases/linear_trend_v1__b=-03__l=4__r=3.f64le	a2c3acd6aa17433ff26da2e33095b34062986a2812d5fc8f7895cc881aae9b0e	reference/linear_trend_v1__b=-03__l=4__r=3.lsg2	bc776653713e6bf9ea937a79a3545b845bc3506cf6c96705b0d04f14434820c2	930	4
lasagna2:m2.3:v1:linear_trend_v1:b=-03:l=4:r=4	linear_trend_v1	-3	4	4	14556310606118588925	linear	1	512	cases/linear_trend_v1__b=-03__l=4__r=4.f64le	1cbe6ea5d4a7a518cc36946e55e35ba20167eb2124374745b2317a31b21ba8bb	reference/linear_trend_v1__b=-03__l=4__r=4.lsg2	629b4fee66f630f5ae875253d0d852abee7605b690b34be35dc40b9b7f3a37fc	930	4
lasagna2:m2.3:v1:linear_trend_v1:b=-02:l=0:r=0	linear_trend_v1	-2	0	0	24066840459704265	linear	1	512	cases/linear_trend_v1__b=-02__l=0__r=0.f64le	213c2126888ead9446e55fcd154f6322f8083919b1f34b3457e494b771c55dff	reference/linear_trend_v1__b=-02__l=0__r=0.lsg2	9f0ac43a989e028688377b4ea9484788a3ebf3e0314697eff09fcff4958bf86c	930	4
lasagna2:m2.3:v1:linear_trend_v1:b=-02:l=0:r=1	linear_trend_v1	-2	0	1	5178995174499850100	linear	1	512	cases/linear_trend_v1__b=-02__l=0__r=1.f64le	5c51df785579517fd75bc2e0491cbd03aff1b54819a7194de9b0e69c6f2f374a	reference/linear_trend_v1__b=-02__l=0__r=1.lsg2	33feeccb99594d9a5424df694c7c0eefa7f77fa4c04ee6f252d1cb970642a13e	930	4
lasagna2:m2.3:v1:linear_trend_v1:b=-02:l=0:r=2	linear_trend_v1	-2	0	2	2317710500081765819	linear	1	512	cases/linear_trend_v1__b=-02__l=0__r=2.f64le	624bf63fd2676da3d80f636fb08ff3f13b55a48aa47b64cf6df003bc57aee884	reference/linear_trend_v1__b=-02__l=0__r=2.lsg2	2417984c01d5ed68725886a1324c190e0204a8f288544995b25735d394c53887	930	4
lasagna2:m2.3:v1:linear_trend_v1:b=-02:l=0:r=3	linear_trend_v1	-2	0	3	15269688794813124589	linear	1	512	cases/linear_trend_v1__b=-02__l=0__r=3.f64le	5073d72a328b2cda67cf4e5f634a117cf023f4c112aba546739f3b3820ee99a3	reference/linear_trend_v1__b=-02__l=0__r=3.lsg2	dcf867fca07d9190eddd1b346875ce4f40c4e1f8a979454f4c18c300c6493adf	930	4
lasagna2:m2.3:v1:linear_trend_v1:b=-02:l=0:r=4	linear_trend_v1	-2	0	4	2370101854483027248	linear	1	512	cases/linear_trend_v1__b=-02__l=0__r=4.f64le	f8b48d1fa53718c21d90cc9f433188d024ffdbbfcf63844ce65f0d7e0f876b69	reference/linear_trend_v1__b=-02__l=0__r=4.lsg2	e38f1b21e098bf8fad4b365d55350235b810f64e73e57a2bd7464f1d29e5cda0	930	4
lasagna2:m2.3:v1:linear_trend_v1:b=-02:l=1:r=0	linear_trend_v1	-2	1	0	7369152289305217145	linear	1	512	cases/linear_trend_v1__b=-02__l=1__r=0.f64le	4a2e0c8369e9d98fff40ac2771f4afb65c0ea06911d69a4cb615fb7594f391ee	reference/linear_trend_v1__b=-02__l=1__r=0.lsg2	68926b7d372adbb1542f5094d57f2a82afd25a5f59f09a7f2015a559f640749f	930	4
lasagna2:m2.3:v1:linear_trend_v1:b=-02:l=1:r=1	linear_trend_v1	-2	1	1	2482753796257570823	linear	1	512	cases/linear_trend_v1__b=-02__l=1__r=1.f64le	e91b6bb54d7049d2117d121f0a22229ef598fe90515392a7823278e3bda7ea0e	reference/linear_trend_v1__b=-02__l=1__r=1.lsg2	e989a2bbfce4d0ddb74cf10f9cd8b6939e1cce694b0ded36dc43c5f9378329f7	930	4
lasagna2:m2.3:v1:linear_trend_v1:b=-02:l=1:r=2	linear_trend_v1	-2	1	2	17805929946733689616	linear	1	512	cases/linear_trend_v1__b=-02__l=1__r=2.f64le	7b19925f4279735165f2176df043fb37a9b20f39607b3b8da5bbc5153379d196	reference/linear_trend_v1__b=-02__l=1__r=2.lsg2	34efe48a926fca95d86d887a3299c4c185b8ba5a0f761e1af69cccb2cd28ede4	930	4
lasagna2:m2.3:v1:linear_trend_v1:b=-02:l=1:r=3	linear_trend_v1	-2	1	3	14905441821354476386	linear	1	512	cases/linear_trend_v1__b=-02__l=1__r=3.f64le	cf0ff5666b40c9bce08a4428bb1a09570e77519f01ed992aa8b85a5e30fcd9d6	reference/linear_trend_v1__b=-02__l=1__r=3.lsg2	14a2edc0b6222a4df72ed919037e5dc2a0ee656acca233459130b7f4d5388bad	930	4
lasagna2:m2.3:v1:linear_trend_v1:b=-02:l=1:r=4	linear_trend_v1	-2	1	4	12160991691783165192	linear	1	512	cases/linear_trend_v1__b=-02__l=1__r=4.f64le	30262e3186151c2f725b736c7879c5b15800307106024449100bf3a2542a04a4	reference/linear_trend_v1__b=-02__l=1__r=4.lsg2	a7408e4f3cda22eaa7acec9756743a4657d23bbf85c1fa161542535f6604bca8	930	4
lasagna2:m2.3:v1:linear_trend_v1:b=-02:l=2:r=0	linear_trend_v1	-2	2	0	9077870408033247114	linear	1	512	cases/linear_trend_v1__b=-02__l=2__r=0.f64le	9a030c8ee8f900e332c14615f1893c00a09fac7ff0c5ebd81c0e2f9ee87fdbe0	reference/linear_trend_v1__b=-02__l=2__r=0.lsg2	de8d0a4c36cf4590550329c5644df40ca967b583f175eae539b200a555c6bfff	930	4
lasagna2:m2.3:v1:linear_trend_v1:b=-02:l=2:r=1	linear_trend_v1	-2	2	1	17541058556112659662	linear	1	512	cases/linear_trend_v1__b=-02__l=2__r=1.f64le	c3cfb2a6a7514ba1ece646b5836d2bf17844e11ec593a3f18ae2f07dd1fd6c1d	reference/linear_trend_v1__b=-02__l=2__r=1.lsg2	fd89d3ac21fa613821873b568218c601330f0369e149278ff6593233e970fc9a	930	4
lasagna2:m2.3:v1:linear_trend_v1:b=-02:l=2:r=2	linear_trend_v1	-2	2	2	16555552196006515307	linear	1	512	cases/linear_trend_v1__b=-02__l=2__r=2.f64le	0255d7d35e9e8d5bc7a6725c93c1ca4af79dc764fcc13cf1ad2f10bf0ba07fcd	reference/linear_trend_v1__b=-02__l=2__r=2.lsg2	b0c2c343fb5aef890b5dafc3e55c43ab30d174d7009d6903dcdf80a11cf2f181	930	4
lasagna2:m2.3:v1:linear_trend_v1:b=-02:l=2:r=3	linear_trend_v1	-2	2	3	4062687397672649798	linear	1	512	cases/linear_trend_v1__b=-02__l=2__r=3.f64le	ac69ff3085ca92819b8005af45dd2c8bcfa58a254eb042e265a1dd5d3160fe6a	reference/linear_trend_v1__b=-02__l=2__r=3.lsg2	46a7b5563adc228b0d1f08f94c5b3ee031ee54b3389c37de7cda46688ee48bf4	930	4
lasagna2:m2.3:v1:linear_trend_v1:b=-02:l=2:r=4	linear_trend_v1	-2	2	4	11044929543881025450	linear	1	512	cases/linear_trend_v1__b=-02__l=2__r=4.f64le	85f37cd93f98d0f169e6c29f4e4af578ae81a5c79e25920707add82de591d439	reference/linear_trend_v1__b=-02__l=2__r=4.lsg2	8bb64898e0d125400f9a9d1eeed8749bb8af70da76152c24755c51f59eed110c	930	4
lasagna2:m2.3:v1:linear_trend_v1:b=-02:l=3:r=0	linear_trend_v1	-2	3	0	11683350433879451020	linear	1	512	cases/linear_trend_v1__b=-02__l=3__r=0.f64le	f89f4e510bb592bd86d6a148b201df18fba5b8f884f8ca26c7656dbe7afd364b	reference/linear_trend_v1__b=-02__l=3__r=0.lsg2	dcfc963c1d63eeac5a3389257a8586b9f2d48cb735c2873ffcf2623aa00ab442	930	4
lasagna2:m2.3:v1:linear_trend_v1:b=-02:l=3:r=1	linear_trend_v1	-2	3	1	4999236586318715782	linear	1	512	cases/linear_trend_v1__b=-02__l=3__r=1.f64le	c2e0f8bd772e239df6510106bd6c7efc39f5ae96db0262cd336c16698f1590d2	reference/linear_trend_v1__b=-02__l=3__r=1.lsg2	6dc8daa4ea3822a83bdb39fdfa4238d55fea08434d49801361368fa9c017fc11	930	4
lasagna2:m2.3:v1:linear_trend_v1:b=-02:l=3:r=2	linear_trend_v1	-2	3	2	15507553540211433689	linear	1	512	cases/linear_trend_v1__b=-02__l=3__r=2.f64le	163ef01f52cb3d9d48916a595f8e71f300106025c07996514ff6a0d0bf5ece07	reference/linear_trend_v1__b=-02__l=3__r=2.lsg2	a18f30259f57ddf114c89e46aa1f7d19c4ae265fe6de25568adbd382ec403936	930	4
lasagna2:m2.3:v1:linear_trend_v1:b=-02:l=3:r=3	linear_trend_v1	-2	3	3	13920973096565330276	linear	1	512	cases/linear_trend_v1__b=-02__l=3__r=3.f64le	926259e5e380536726b063ab31af5a91f7fe041d2fc3c054e08abf47099ac5bf	reference/linear_trend_v1__b=-02__l=3__r=3.lsg2	011333fbaf6ff0f6b9bd032ebeb6d2aa10f9bd228acc69552ce4f4c50fd65f76	930	4
lasagna2:m2.3:v1:linear_trend_v1:b=-02:l=3:r=4	linear_trend_v1	-2	3	4	14550966543249194361	linear	1	512	cases/linear_trend_v1__b=-02__l=3__r=4.f64le	e0ede7220092e6435fe2235d9f5661cc95e41572701362c79e0b367905dde728	reference/linear_trend_v1__b=-02__l=3__r=4.lsg2	999507342429e1190ee8cc2cd051a788fea8bab05d137c201064494b2a3307cc	930	4
lasagna2:m2.3:v1:linear_trend_v1:b=-02:l=4:r=0	linear_trend_v1	-2	4	0	10689057271751419509	linear	1	512	cases/linear_trend_v1__b=-02__l=4__r=0.f64le	cfa7e90814e17c94beea5133c782495bef5a152b7f17da5db612cc45e2255d17	reference/linear_trend_v1__b=-02__l=4__r=0.lsg2	eb2d61f53f3439141a07043b754d594e80e0e28d1650aa075eaedb6ccacf0c86	930	4
lasagna2:m2.3:v1:linear_trend_v1:b=-02:l=4:r=1	linear_trend_v1	-2	4	1	14637939628059146352	linear	1	512	cases/linear_trend_v1__b=-02__l=4__r=1.f64le	11b81406f9be90d4047e6b23fbf6580b0651695bc08b20e659ea35d6293d126e	reference/linear_trend_v1__b=-02__l=4__r=1.lsg2	9eb90d25dcf3a51a4d15aeb6a8f69527518d8388989d775fdb130b36a3b96ed9	930	4
lasagna2:m2.3:v1:linear_trend_v1:b=-02:l=4:r=2	linear_trend_v1	-2	4	2	14171473685381492820	linear	1	512	cases/linear_trend_v1__b=-02__l=4__r=2.f64le	e868110b70d52e807ef69c5b318c0b665b5c8b3b41a238b68e28c5d557273901	reference/linear_trend_v1__b=-02__l=4__r=2.lsg2	d66285f35365a99f0f4d014158ee74604294a753112e6ea8dc4348b846dc4309	930	4
lasagna2:m2.3:v1:linear_trend_v1:b=-02:l=4:r=3	linear_trend_v1	-2	4	3	5434676393583344971	linear	1	512	cases/linear_trend_v1__b=-02__l=4__r=3.f64le	b43001b7b745b31a6e5cb7369db20ec011c958896fb7b85651a381448676d025	reference/linear_trend_v1__b=-02__l=4__r=3.lsg2	1e0b81c16e5acc77622fc14482485005d96054192020a447b64686a6c381549f	930	4
lasagna2:m2.3:v1:linear_trend_v1:b=-02:l=4:r=4	linear_trend_v1	-2	4	4	289233002511241259	linear	1	512	cases/linear_trend_v1__b=-02__l=4__r=4.f64le	83cc1c1ddb1e7bfa6070623205112d148d5ef93f7cd0c63f246c0231b595d1a0	reference/linear_trend_v1__b=-02__l=4__r=4.lsg2	4133385f27618cc49d8ebbbbf40cbe3157d21ee4fec94693f6deb96eceb292cc	930	4
lasagna2:m2.3:v1:linear_trend_v1:b=-01:l=0:r=0	linear_trend_v1	-1	0	0	17145728181138968592	linear	1	512	cases/linear_trend_v1__b=-01__l=0__r=0.f64le	0451034879661be82d2947c553bc18d3282f8e4d8d933114781b8e914506aeeb	reference/linear_trend_v1__b=-01__l=0__r=0.lsg2	43acb3e87ef0534fb87f155e11fb321ed9dc675972d87889778f8fe40a1614e9	930	4
lasagna2:m2.3:v1:linear_trend_v1:b=-01:l=0:r=1	linear_trend_v1	-1	0	1	4332008545740756044	linear	1	512	cases/linear_trend_v1__b=-01__l=0__r=1.f64le	0ec225722cf15277edefaa551b39c17e5c7e69f2cd7018d79aae93aabd6ddb1f	reference/linear_trend_v1__b=-01__l=0__r=1.lsg2	4437a20477c34476952c5b03b0dae105ba8cdf2b56955c299c99433e4e187c4c	930	4
lasagna2:m2.3:v1:linear_trend_v1:b=-01:l=0:r=2	linear_trend_v1	-1	0	2	8704742375150610980	linear	1	512	cases/linear_trend_v1__b=-01__l=0__r=2.f64le	a9bf5fc5910c2ad79dd63798e5134237b973b39d2ab1b300e8688a2a4ffed96c	reference/linear_trend_v1__b=-01__l=0__r=2.lsg2	308f0c7179bfebf90aef75b58394f86a1bccdb3243c16cafed770068b15826e9	930	4
lasagna2:m2.3:v1:linear_trend_v1:b=-01:l=0:r=3	linear_trend_v1	-1	0	3	17540731644661561538	linear	1	512	cases/linear_trend_v1__b=-01__l=0__r=3.f64le	ff5a4fd8ebf9fae28e825f6fd48dd19b862d2d12cc212dfe85e66a6dafced248	reference/linear_trend_v1__b=-01__l=0__r=3.lsg2	5965d94f48dca8ad684a53114617880fb3422b5321dc614aafd230fc41c2798d	930	4
lasagna2:m2.3:v1:linear_trend_v1:b=-01:l=0:r=4	linear_trend_v1	-1	0	4	4215220511895930980	linear	1	512	cases/linear_trend_v1__b=-01__l=0__r=4.f64le	8b9080dd3e0e064b97959ff446dee92d776fe6eddf76b585b840254db09cd297	reference/linear_trend_v1__b=-01__l=0__r=4.lsg2	0312342b28790ccd0c4d5cd148c163cda0a402f823bb8a4bfc2986c3761f6e9a	930	4
lasagna2:m2.3:v1:linear_trend_v1:b=-01:l=1:r=0	linear_trend_v1	-1	1	0	4721758504050992847	linear	1	512	cases/linear_trend_v1__b=-01__l=1__r=0.f64le	59b6f76082da54152ffd131697808342e19e40c7ec96409f3050184af2326aa2	reference/linear_trend_v1__b=-01__l=1__r=0.lsg2	9ecb4b6ebce58a28c8f4840ee8c2eb5133daaa66ccea7e072b270cbcdfee046c	930	4
lasagna2:m2.3:v1:linear_trend_v1:b=-01:l=1:r=1	linear_trend_v1	-1	1	1	10600524109054346449	linear	1	512	cases/linear_trend_v1__b=-01__l=1__r=1.f64le	4e0bc8ef8786499efd157df346aea7e00fe5d5b6b830d7d17ebd38f37ea455db	reference/linear_trend_v1__b=-01__l=1__r=1.lsg2	552d98d7c318e4c39c51ec8a99c80d454cceff807ff1bcf64406839955ae5c39	930	4
lasagna2:m2.3:v1:linear_trend_v1:b=-01:l=1:r=2	linear_trend_v1	-1	1	2	10070359720124133402	linear	1	512	cases/linear_trend_v1__b=-01__l=1__r=2.f64le	d7729898d0b6133fc0161172c9086299df769e7bac0800d39c74025efe7c2316	reference/linear_trend_v1__b=-01__l=1__r=2.lsg2	575cfbb3acaad8ed3e01e83de96ed2a458f1d672a86939a64a06ada7db4d54e8	930	4
lasagna2:m2.3:v1:linear_trend_v1:b=-01:l=1:r=3	linear_trend_v1	-1	1	3	10938614952272759183	linear	1	512	cases/linear_trend_v1__b=-01__l=1__r=3.f64le	438099f1ba85b87a2bad92f68b41bc879cb1d66da88f07f61cb22d34114da7aa	reference/linear_trend_v1__b=-01__l=1__r=3.lsg2	1fc9afde73716a8b64d2216567ef469f28253604cb957221f346afd5801cb65e	930	4
lasagna2:m2.3:v1:linear_trend_v1:b=-01:l=1:r=4	linear_trend_v1	-1	1	4	2868665103840632259	linear	1	512	cases/linear_trend_v1__b=-01__l=1__r=4.f64le	78f8738d71cda00e3e2d33a1de3ae931b2b0c0c07a67592db93748dedec631ec	reference/linear_trend_v1__b=-01__l=1__r=4.lsg2	f9957f576d52c47d97d553f36e33e7f754daa91c6ab9e5dad1b6499e20e10bd9	930	4
lasagna2:m2.3:v1:linear_trend_v1:b=-01:l=2:r=0	linear_trend_v1	-1	2	0	10928432434967307899	linear	1	512	cases/linear_trend_v1__b=-01__l=2__r=0.f64le	eb5b2f6bd45b7bf3ed8be7e6d7c6ab4cb3a6a4f354946f6eb836f24b279a64d2	reference/linear_trend_v1__b=-01__l=2__r=0.lsg2	6647e41c444f6ca4f7192bf4b1cfb56bc6ee2eb10aa180c973b37ffc7afa19fa	930	4
lasagna2:m2.3:v1:linear_trend_v1:b=-01:l=2:r=1	linear_trend_v1	-1	2	1	3495051329093587104	linear	1	512	cases/linear_trend_v1__b=-01__l=2__r=1.f64le	52ac7f1cabcbbcfede0f3c3ad46a70afb38cfcf65c9dd34ad4a449893cb0a46b	reference/linear_trend_v1__b=-01__l=2__r=1.lsg2	fc1dcaff44960c603234e137bdfa90ad4a8af325da455eba56eb44b195b2c793	930	4
lasagna2:m2.3:v1:linear_trend_v1:b=-01:l=2:r=2	linear_trend_v1	-1	2	2	17831631715743456483	linear	1	512	cases/linear_trend_v1__b=-01__l=2__r=2.f64le	aac7297f1988e98d265cd9618230eeabd4f40ea7a9391b8bb5a8269c79abe3de	reference/linear_trend_v1__b=-01__l=2__r=2.lsg2	0195062580b85b2d4288b58feb49ebbc4a255c02c07c52c725afa55428fcb423	930	4
lasagna2:m2.3:v1:linear_trend_v1:b=-01:l=2:r=3	linear_trend_v1	-1	2	3	10581936485201525947	linear	1	512	cases/linear_trend_v1__b=-01__l=2__r=3.f64le	9d4870599002ec751ea2bfa31d19e3eda9ce1db436e6e7489530d202b51021dd	reference/linear_trend_v1__b=-01__l=2__r=3.lsg2	9f4110818cb4b2f261604c7adea6bfc4780b53fb1e6bd245bf8c00f54d3d7234	930	4
lasagna2:m2.3:v1:linear_trend_v1:b=-01:l=2:r=4	linear_trend_v1	-1	2	4	14431902108448204273	linear	1	512	cases/linear_trend_v1__b=-01__l=2__r=4.f64le	c83623367d7913cbbad093e9b78239e0fc1ad5501fb86909d7cc559690841397	reference/linear_trend_v1__b=-01__l=2__r=4.lsg2	2816662f0a36bea19d539d3f4b13b4330296770ad1dbe5c84e5369108d68eea2	930	4
lasagna2:m2.3:v1:linear_trend_v1:b=-01:l=3:r=0	linear_trend_v1	-1	3	0	5244131165497914855	linear	1	512	cases/linear_trend_v1__b=-01__l=3__r=0.f64le	9b40258ac462cdb89be47fdf307e41e15c69d4cfd2c33ea4b343e0c4fa6c0c04	reference/linear_trend_v1__b=-01__l=3__r=0.lsg2	4106f18c44950efbb5b29b71b3396fe4510894a3c17b18efdd60d8a06c90ca06	930	4
lasagna2:m2.3:v1:linear_trend_v1:b=-01:l=3:r=1	linear_trend_v1	-1	3	1	6027625236414021215	linear	1	512	cases/linear_trend_v1__b=-01__l=3__r=1.f64le	ab87898858252ff7c35a598d2ca498d47520732ba3bf804cd84eab3c38408355	reference/linear_trend_v1__b=-01__l=3__r=1.lsg2	e3f5082c7407d2122ffdf1aba57afa2f91b221989ae06b25b783f05a2c56a102	930	4
lasagna2:m2.3:v1:linear_trend_v1:b=-01:l=3:r=2	linear_trend_v1	-1	3	2	7831842068537636360	linear	1	512	cases/linear_trend_v1__b=-01__l=3__r=2.f64le	7dae30690eea63a9ede59fb4349423d89c06e68fdc9f01e013169ab8abe17a48	reference/linear_trend_v1__b=-01__l=3__r=2.lsg2	6574fbc8e4c93c3d28b865cc5f18d5c0b2436ce7045deeab62c5bdce9748de9d	930	4
lasagna2:m2.3:v1:linear_trend_v1:b=-01:l=3:r=3	linear_trend_v1	-1	3	3	10665048129399784120	linear	1	512	cases/linear_trend_v1__b=-01__l=3__r=3.f64le	55a3316532f209190dea6f8d082a31be6d1516cd5211f08946553215f75fec6d	reference/linear_trend_v1__b=-01__l=3__r=3.lsg2	346fef2e0ce07243213fe14a98d340e39781f46067ee32606a39a59235c9092a	930	4
lasagna2:m2.3:v1:linear_trend_v1:b=-01:l=3:r=4	linear_trend_v1	-1	3	4	6676213539055027054	linear	1	512	cases/linear_trend_v1__b=-01__l=3__r=4.f64le	2bc12ead204643211ccf15c5c2749dc73c20bac93f0ee46a40595b66f7c097dc	reference/linear_trend_v1__b=-01__l=3__r=4.lsg2	f7c0858fed7c8962bf1f93bc592c848fcb035e4de0cf1dac96a17a59b8f6c7e5	930	4
lasagna2:m2.3:v1:linear_trend_v1:b=-01:l=4:r=0	linear_trend_v1	-1	4	0	12295539737205665287	linear	1	512	cases/linear_trend_v1__b=-01__l=4__r=0.f64le	94c781e4b84e0050558293f5ab705da9c41926ee8603b60866ca72a8cf899679	reference/linear_trend_v1__b=-01__l=4__r=0.lsg2	783db4e34f1a6f9d97ef32a807e8f6f26f10cb78a61a1173331d4e846992b32a	930	4
lasagna2:m2.3:v1:linear_trend_v1:b=-01:l=4:r=1	linear_trend_v1	-1	4	1	598537696818186447	linear	1	512	cases/linear_trend_v1__b=-01__l=4__r=1.f64le	b2d398cac781b2111c7e4c59b7180d9a8696a7a5f5844144851bff5d04f0113d	reference/linear_trend_v1__b=-01__l=4__r=1.lsg2	6886b1904672f4ad9a6640c1ce8bfc38157c1649d6d1657f25f51a74df0ae55e	930	4
lasagna2:m2.3:v1:linear_trend_v1:b=-01:l=4:r=2	linear_trend_v1	-1	4	2	18017408510443211423	linear	1	512	cases/linear_trend_v1__b=-01__l=4__r=2.f64le	3bc8a9840bc188435a4034e618b83dcc7e433881ae5615224848b9b4b7f24895	reference/linear_trend_v1__b=-01__l=4__r=2.lsg2	2d2b78a13b38003cb09e7c2b4e7cc729add0baa6a840748d576f0130f9cc7f31	930	4
lasagna2:m2.3:v1:linear_trend_v1:b=-01:l=4:r=3	linear_trend_v1	-1	4	3	6684521903185555469	linear	1	512	cases/linear_trend_v1__b=-01__l=4__r=3.f64le	79869961b6b3662c7554f50a55f9a3e8d8e1ce69da9176cc2d185c02c0e5d4be	reference/linear_trend_v1__b=-01__l=4__r=3.lsg2	d4f97d3bd4bb17fe3d50e9b6079c09a41ebd296fb77bb9d0ab260230bf15d43b	930	4
lasagna2:m2.3:v1:linear_trend_v1:b=-01:l=4:r=4	linear_trend_v1	-1	4	4	6625092053414918552	linear	1	512	cases/linear_trend_v1__b=-01__l=4__r=4.f64le	105b4824b10bed93db2e9644241683ba0fec5ac1d52c323aca6287a471dc0202	reference/linear_trend_v1__b=-01__l=4__r=4.lsg2	59265fcaaaffd0ee4aeb4f5ddd450ececafe103c21ad14d2e1c9e18d77787e1a	930	4
lasagna2:m2.3:v1:linear_trend_v1:b=+00:l=0:r=0	linear_trend_v1	0	0	0	6892843879521914278	linear	1	512	cases/linear_trend_v1__b=+00__l=0__r=0.f64le	65bfc541bb95bfda336ac1bea23dc448858318da4836a2f0456b4d87667a105c	reference/linear_trend_v1__b=+00__l=0__r=0.lsg2	3a57caf4f62969e57af8759211100e84de1b5b3a1af2d89f592068a7690b814c	930	4
lasagna2:m2.3:v1:linear_trend_v1:b=+00:l=0:r=1	linear_trend_v1	0	0	1	15327290378303278545	linear	1	512	cases/linear_trend_v1__b=+00__l=0__r=1.f64le	332a201dafd40d97d2d7b931ddb0bddeabd799c6dbf8366f6a5e90f35bea2741	reference/linear_trend_v1__b=+00__l=0__r=1.lsg2	f3f10e4c7d5b2f62c3048dd04cf566a8935c88f1ed3e8a2e52aeb0966a86cc92	930	4
lasagna2:m2.3:v1:linear_trend_v1:b=+00:l=0:r=2	linear_trend_v1	0	0	2	17380754310534692667	linear	1	512	cases/linear_trend_v1__b=+00__l=0__r=2.f64le	5231954a0ae6aa57ea0516bd84decc9133ca95000fa6b189216c648cea77c50d	reference/linear_trend_v1__b=+00__l=0__r=2.lsg2	acb5c05e8a111da7ef2cf65f4d9012c39e78236f16b480240d500095e56e3b08	930	4
lasagna2:m2.3:v1:linear_trend_v1:b=+00:l=0:r=3	linear_trend_v1	0	0	3	13012244146326207414	linear	1	512	cases/linear_trend_v1__b=+00__l=0__r=3.f64le	96cc25d501543ef779cfb69244835617570e10643787422465bb3ebc31ea2c5b	reference/linear_trend_v1__b=+00__l=0__r=3.lsg2	89fb2c1171b0a06ee728232711f9fc36f2a3e7234526937996b5b32941fe032c	930	4
lasagna2:m2.3:v1:linear_trend_v1:b=+00:l=0:r=4	linear_trend_v1	0	0	4	8267895537165294974	linear	1	512	cases/linear_trend_v1__b=+00__l=0__r=4.f64le	4ba08152890be6d66262bfa98ced3e5260a5fa3c8bfc4f53503fc65baf667a73	reference/linear_trend_v1__b=+00__l=0__r=4.lsg2	64e68354cf22b9674fc66090e0c2b3fff553bc0465860ea933e6b8e7a6294446	930	4
lasagna2:m2.3:v1:linear_trend_v1:b=+00:l=1:r=0	linear_trend_v1	0	1	0	8473029703341113135	linear	1	512	cases/linear_trend_v1__b=+00__l=1__r=0.f64le	f2b29ff1634ca78514d285c4ee9e720a76114f2fed6cca7d7f935d971566ce43	reference/linear_trend_v1__b=+00__l=1__r=0.lsg2	415ee35fc67a7bba26d37b689161ace366178916662e9df5a24b52fe4fc69d09	930	4
lasagna2:m2.3:v1:linear_trend_v1:b=+00:l=1:r=1	linear_trend_v1	0	1	1	2897733473052714271	linear	1	512	cases/linear_trend_v1__b=+00__l=1__r=1.f64le	01c2cc7b45d6a304af97a55dd69954626282face0ca7cd5e877dfaaea14e53f7	reference/linear_trend_v1__b=+00__l=1__r=1.lsg2	a1542586456765e6dd09e877133e688e270968caed7eae79b5bbbbb8345e4335	930	4
lasagna2:m2.3:v1:linear_trend_v1:b=+00:l=1:r=2	linear_trend_v1	0	1	2	1510076098208408180	linear	1	512	cases/linear_trend_v1__b=+00__l=1__r=2.f64le	1f7fe39737e690fa5d70e41a15a1d4dd2b9f0c73fd0869fc8c8fa90e81118cb8	reference/linear_trend_v1__b=+00__l=1__r=2.lsg2	14bda7e329271ec684363ae951b9ee3f6b61e014784e6044af8da8fd9c3e1a59	930	4
lasagna2:m2.3:v1:linear_trend_v1:b=+00:l=1:r=3	linear_trend_v1	0	1	3	12202426715072200928	linear	1	512	cases/linear_trend_v1__b=+00__l=1__r=3.f64le	9bed6fa4d71a3b35914dc236bd1c3771684401d59329352558ffa90b9fdcda2f	reference/linear_trend_v1__b=+00__l=1__r=3.lsg2	d3e94392b9dda21a3fd3db7ca19c0f70741f99a60db8b1832ef5225ed8f584f6	930	4
lasagna2:m2.3:v1:linear_trend_v1:b=+00:l=1:r=4	linear_trend_v1	0	1	4	15060201952184654389	linear	1	512	cases/linear_trend_v1__b=+00__l=1__r=4.f64le	ccfe2d695c49fbfcd45743f79b9ece55e084ee7cce5236d71c63d4e77290f3c6	reference/linear_trend_v1__b=+00__l=1__r=4.lsg2	1d78096e650eb03c1ce5aed66e76e519adbac5987f245705cca59576302ec73e	930	4
lasagna2:m2.3:v1:linear_trend_v1:b=+00:l=2:r=0	linear_trend_v1	0	2	0	16979853445123247181	linear	1	512	cases/linear_trend_v1__b=+00__l=2__r=0.f64le	8725cdbd15cedb9f8d566e3d888c847cb78295d604bc688d3f56d975a9967fce	reference/linear_trend_v1__b=+00__l=2__r=0.lsg2	26f1d5e9444d8cf748e4e704265182c910bb35ad8ac2564c39c3c2cd681b8139	930	4
lasagna2:m2.3:v1:linear_trend_v1:b=+00:l=2:r=1	linear_trend_v1	0	2	1	5620522246472067662	linear	1	512	cases/linear_trend_v1__b=+00__l=2__r=1.f64le	6a58835529c4aed890b9d165a184e9815960f3066a250f08fed2cd74dc48505d	reference/linear_trend_v1__b=+00__l=2__r=1.lsg2	af277b353b21acc331f8fa5e38395a4bfc3eae65e62d1ba94c8d9211043ee59b	930	4
lasagna2:m2.3:v1:linear_trend_v1:b=+00:l=2:r=2	linear_trend_v1	0	2	2	7193826487968433649	linear	1	512	cases/linear_trend_v1__b=+00__l=2__r=2.f64le	e62857c89aace3fb0fa1cae54a098ea439b84f3d1522e40c5f6588bf48efa67c	reference/linear_trend_v1__b=+00__l=2__r=2.lsg2	a2a8c57db20b835ea0f2cd54085a9f75fe14a7f3b579fa44abd97abe509051e7	930	4
lasagna2:m2.3:v1:linear_trend_v1:b=+00:l=2:r=3	linear_trend_v1	0	2	3	5828959036164328686	linear	1	512	cases/linear_trend_v1__b=+00__l=2__r=3.f64le	1492b1770b3a0f7084681386f2fc6cd45d6f6889344bccf73c3801b6b83f6521	reference/linear_trend_v1__b=+00__l=2__r=3.lsg2	c6efe0358fc5e7fddb08ff3de57066a102407ef8a2953b4d1c934830ddeb075e	930	4
lasagna2:m2.3:v1:linear_trend_v1:b=+00:l=2:r=4	linear_trend_v1	0	2	4	18238174530155044900	linear	1	512	cases/linear_trend_v1__b=+00__l=2__r=4.f64le	f97457b746398f7bf7425d3ba9274a5d48ac9a0c1b8ea279a69120ebf9d464c0	reference/linear_trend_v1__b=+00__l=2__r=4.lsg2	bb577424f0e16a6db69be6cf3bbae06a114c52a66a7ff11d8c3f5ccf6a599d0f	930	4
lasagna2:m2.3:v1:linear_trend_v1:b=+00:l=3:r=0	linear_trend_v1	0	3	0	14986226258516015292	linear	1	512	cases/linear_trend_v1__b=+00__l=3__r=0.f64le	3d20a6d2ef7cef71176bd1910f8ab1fb905525096eb94c76e629ebaeb09fbd5a	reference/linear_trend_v1__b=+00__l=3__r=0.lsg2	7a65d7c49d0a16678897084f51115da5411df44024923c0c532de848b4f0c4aa	930	4
lasagna2:m2.3:v1:linear_trend_v1:b=+00:l=3:r=1	linear_trend_v1	0	3	1	2029280524717881668	linear	1	512	cases/linear_trend_v1__b=+00__l=3__r=1.f64le	6250e905c094099ef8973e3a31617df6d1860041c110ccfc848c2df4ae2e750f	reference/linear_trend_v1__b=+00__l=3__r=1.lsg2	f5ada7259090ef43706e2ee9dd413e1e3f50c8305578f394f84e5aa298c4f664	930	4
lasagna2:m2.3:v1:linear_trend_v1:b=+00:l=3:r=2	linear_trend_v1	0	3	2	18116625066318377545	linear	1	512	cases/linear_trend_v1__b=+00__l=3__r=2.f64le	c0643dc24bd85a74a08be0236fce621d192d57384139d09dfe1e34e911fce645	reference/linear_trend_v1__b=+00__l=3__r=2.lsg2	5c6cce6ce479403f58ace9d072b14a3785fa9b0b60b0c09b8e27d390dc9d12cf	930	4
lasagna2:m2.3:v1:linear_trend_v1:b=+00:l=3:r=3	linear_trend_v1	0	3	3	5714609270655849829	linear	1	512	cases/linear_trend_v1__b=+00__l=3__r=3.f64le	4c1eb9fd1526d624ccfd94fe2efae16478af6be51158b9e1716c3361711cd6f9	reference/linear_trend_v1__b=+00__l=3__r=3.lsg2	9c97df33df1425ac7465986333aa986989bac7685c334f7cd0bf23754f05a4f2	930	4
lasagna2:m2.3:v1:linear_trend_v1:b=+00:l=3:r=4	linear_trend_v1	0	3	4	3552971812940585999	linear	1	512	cases/linear_trend_v1__b=+00__l=3__r=4.f64le	042c1fd5037c5a9aceee3100b59aae696df9e1dbed9728b111dce85d3176f458	reference/linear_trend_v1__b=+00__l=3__r=4.lsg2	fa777739551166d154cf3c0c09513be063eb16c9b1fea9bbc8cc1ae0c55de049	930	4
lasagna2:m2.3:v1:linear_trend_v1:b=+00:l=4:r=0	linear_trend_v1	0	4	0	2393164668801919419	linear	1	512	cases/linear_trend_v1__b=+00__l=4__r=0.f64le	c324334d4ed5a09d942d6c669f61bd6d3cf40c6a23115ff9191b0e7d782984e1	reference/linear_trend_v1__b=+00__l=4__r=0.lsg2	bd9d718aa2231822282bc225f3432248fa0be660efb0391e251b360ebbdcc1a6	930	4
lasagna2:m2.3:v1:linear_trend_v1:b=+00:l=4:r=1	linear_trend_v1	0	4	1	5110876168482414172	linear	1	512	cases/linear_trend_v1__b=+00__l=4__r=1.f64le	96edc6741155c68ade046282d5939177d17d7985beb1536ccde5ff5f24373810	reference/linear_trend_v1__b=+00__l=4__r=1.lsg2	45b4904ea7cfe15a781dfcf8ba6b091e132a86747c7438fc55f16bc66338e439	930	4
lasagna2:m2.3:v1:linear_trend_v1:b=+00:l=4:r=2	linear_trend_v1	0	4	2	5548309415114904214	linear	1	512	cases/linear_trend_v1__b=+00__l=4__r=2.f64le	fe6d56850c135da09f4dc478aaafa1d9c9932b2fef1a9c73a55324db2adb7645	reference/linear_trend_v1__b=+00__l=4__r=2.lsg2	2df94f10153eb538aba7fa332342426618955e0453cf4fc52647e800bb9efe9a	930	4
lasagna2:m2.3:v1:linear_trend_v1:b=+00:l=4:r=3	linear_trend_v1	0	4	3	15414198339352186854	linear	1	512	cases/linear_trend_v1__b=+00__l=4__r=3.f64le	16b3cd9a87af8b005b7508c5d4a8ce0a20304f240575b0e07b961db324023e03	reference/linear_trend_v1__b=+00__l=4__r=3.lsg2	1194fea0d918ae6251232a5c678ea746dddfe3f9f2314418631f9bc13f703db1	930	4
lasagna2:m2.3:v1:linear_trend_v1:b=+00:l=4:r=4	linear_trend_v1	0	4	4	793198569203796954	linear	1	512	cases/linear_trend_v1__b=+00__l=4__r=4.f64le	9b548b1c3a0757954cc7b798829ef348687b755bf97882c68b44fb16aecfe73c	reference/linear_trend_v1__b=+00__l=4__r=4.lsg2	73848aa9c9d77d429ab7d564f5b820b7b8adde20147a0a5239df8096bdb5316f	930	4
lasagna2:m2.3:v1:linear_trend_v1:b=+01:l=0:r=0	linear_trend_v1	1	0	0	4502689746735012638	linear	1	512	cases/linear_trend_v1__b=+01__l=0__r=0.f64le	91593f6085b799fad007cdae600dac95f4210da24ff183a8e1246e90b270bece	reference/linear_trend_v1__b=+01__l=0__r=0.lsg2	296c5a8bf0ec32c9004db4621d61741df5986720e3756213196719688052f02e	930	4
lasagna2:m2.3:v1:linear_trend_v1:b=+01:l=0:r=1	linear_trend_v1	1	0	1	11373026588159690914	linear	1	512	cases/linear_trend_v1__b=+01__l=0__r=1.f64le	2de47dd743c6b0175a7daf56b877fc2989748289799774d7e3e80e82eca271c3	reference/linear_trend_v1__b=+01__l=0__r=1.lsg2	c5af80412ae02ba1f2973c223c83bae3793608dbb823fb3920d2226fa50cf47e	930	4
lasagna2:m2.3:v1:linear_trend_v1:b=+01:l=0:r=2	linear_trend_v1	1	0	2	6881304806908891483	linear	1	512	cases/linear_trend_v1__b=+01__l=0__r=2.f64le	82b41d032b0ba331282cf7a86ec258dc3fd2d19b50049a7e4d617f5e4b2d032a	reference/linear_trend_v1__b=+01__l=0__r=2.lsg2	f247574ae5ce48737d655a703102455365d8f1cf358243b0343232c32f9c3945	930	4
lasagna2:m2.3:v1:linear_trend_v1:b=+01:l=0:r=3	linear_trend_v1	1	0	3	15759695470372360688	linear	1	512	cases/linear_trend_v1__b=+01__l=0__r=3.f64le	8d586182f7a1cdeaefa9dd50a09429fe8d6657bef5730f400734118ce8f8069d	reference/linear_trend_v1__b=+01__l=0__r=3.lsg2	5632bc8edbf4dc9309f61bce633a17682c18a28dbce0b948ecba228a575631d9	930	4
lasagna2:m2.3:v1:linear_trend_v1:b=+01:l=0:r=4	linear_trend_v1	1	0	4	14157071285761577705	linear	1	512	cases/linear_trend_v1__b=+01__l=0__r=4.f64le	685b84c0872dc4583c8628a8a8bad858e583ce3b99adc137547152f9b8293717	reference/linear_trend_v1__b=+01__l=0__r=4.lsg2	d2cae4764d2ce3a251df7dfc2724b61e6583b9800da0df5af46e3d6eef11ea9d	930	4
lasagna2:m2.3:v1:linear_trend_v1:b=+01:l=1:r=0	linear_trend_v1	1	1	0	6972349662800977100	linear	1	512	cases/linear_trend_v1__b=+01__l=1__r=0.f64le	36198bbd1eb3afade55c3f5b4e0e6c69138832b14e5a1b8ed9141f691964553f	reference/linear_trend_v1__b=+01__l=1__r=0.lsg2	feac9d586db716ec504a972b11b3ee43ebc98bbcfe6f5dd3bf0358d9583c4a1b	930	4
lasagna2:m2.3:v1:linear_trend_v1:b=+01:l=1:r=1	linear_trend_v1	1	1	1	5215449736684096218	linear	1	512	cases/linear_trend_v1__b=+01__l=1__r=1.f64le	1cd99b463aaf97c8f428ae3ee5660ec99ec033da50d15160b90b56f28de4f2ad	reference/linear_trend_v1__b=+01__l=1__r=1.lsg2	1c561fc02e1669d43f77d53033dd458e54f35c68e75f4c53dedd068c03b3a2bb	930	4
lasagna2:m2.3:v1:linear_trend_v1:b=+01:l=1:r=2	linear_trend_v1	1	1	2	6607251972529320391	linear	1	512	cases/linear_trend_v1__b=+01__l=1__r=2.f64le	cf2a63c003df8b096f182c84181eabd10d0fa4a71c0b60a04770488247329d27	reference/linear_trend_v1__b=+01__l=1__r=2.lsg2	1c8c0db6c8883545a62fcbe9d75a6424fd940e332f1f2d902deeb138383a19fc	930	4
lasagna2:m2.3:v1:linear_trend_v1:b=+01:l=1:r=3	linear_trend_v1	1	1	3	13964511075615488140	linear	1	512	cases/linear_trend_v1__b=+01__l=1__r=3.f64le	f75e8bc1c1ee67be50c00d42c70e13c8274e765b23c765d4affb65db173e5eb6	reference/linear_trend_v1__b=+01__l=1__r=3.lsg2	3660897921da303e6a142393243245abc502b80cf0d32feb419d72d5b6cdb35a	930	4
lasagna2:m2.3:v1:linear_trend_v1:b=+01:l=1:r=4	linear_trend_v1	1	1	4	11571151525146740308	linear	1	512	cases/linear_trend_v1__b=+01__l=1__r=4.f64le	9ea3ebce7b781f135509ea200d08077ba21eeda3c450fa9a42b91803b168c9fd	reference/linear_trend_v1__b=+01__l=1__r=4.lsg2	c74112ce1d227217ed895d2c2a1c2a364e6e2796c71dc87b39bc8e03547b5c7c	930	4
lasagna2:m2.3:v1:linear_trend_v1:b=+01:l=2:r=0	linear_trend_v1	1	2	0	14400290231896282823	linear	1	512	cases/linear_trend_v1__b=+01__l=2__r=0.f64le	57dc272917dee7362e11ea7a614d7f7be7d215fd35ae729b021748eddc7bd175	reference/linear_trend_v1__b=+01__l=2__r=0.lsg2	7b30542ea9a803d21d65fce43589bb7e4997b2d1d777109de67a31c4d07694f6	930	4
lasagna2:m2.3:v1:linear_trend_v1:b=+01:l=2:r=1	linear_trend_v1	1	2	1	7266761620476712232	linear	1	512	cases/linear_trend_v1__b=+01__l=2__r=1.f64le	2bb7fc7cedb79b511efe663b43d0eff7d9ce9f67ca4d788e63bd2eb37e6b5026	reference/linear_trend_v1__b=+01__l=2__r=1.lsg2	b4d648102a3a4afa4d5182f7e28fbb19824e6862cc63d94f353fc049581d3a04	930	4
lasagna2:m2.3:v1:linear_trend_v1:b=+01:l=2:r=2	linear_trend_v1	1	2	2	10854430457983431952	linear	1	512	cases/linear_trend_v1__b=+01__l=2__r=2.f64le	f4e9247a3f70252e67ccd4ad9cce272de8bf48064c597f5855cd2e0feb5d4948	reference/linear_trend_v1__b=+01__l=2__r=2.lsg2	ee12c395e3acd0b04dbf3738c9f066f15181c15e810c57f8e15badb98aedb117	930	4
lasagna2:m2.3:v1:linear_trend_v1:b=+01:l=2:r=3	linear_trend_v1	1	2	3	5028768204831084458	linear	1	512	cases/linear_trend_v1__b=+01__l=2__r=3.f64le	61e3d907433588e16c87ea95dd13b6d5ee9ff150e87b28fced1b24bd3047c1e0	reference/linear_trend_v1__b=+01__l=2__r=3.lsg2	fc12b4ee2134497a9562e8f9193e1a2a2e49decac981247d0e4363e24f0e3391	930	4
lasagna2:m2.3:v1:linear_trend_v1:b=+01:l=2:r=4	linear_trend_v1	1	2	4	8071896581856094799	linear	1	512	cases/linear_trend_v1__b=+01__l=2__r=4.f64le	007b3f9a56f0746a4df8e127f1802830c404d6aea08aec0c4dbb92a849f2652f	reference/linear_trend_v1__b=+01__l=2__r=4.lsg2	a6107c42f1e68ba295c9894e216649774749d6bc0d87c77f1a716baaf7e2db30	930	4
lasagna2:m2.3:v1:linear_trend_v1:b=+01:l=3:r=0	linear_trend_v1	1	3	0	3532908754347447725	linear	1	512	cases/linear_trend_v1__b=+01__l=3__r=0.f64le	c47adc4f52b789b261462d813455f267758ebb5846bdfc19896c5aee2999ef7b	reference/linear_trend_v1__b=+01__l=3__r=0.lsg2	7a56350ed57f4d24a0cbe3bfb5ecf145962d27fc81046a19edcd7a8a49fe4291	930	4
lasagna2:m2.3:v1:linear_trend_v1:b=+01:l=3:r=1	linear_trend_v1	1	3	1	17447965288235007640	linear	1	512	cases/linear_trend_v1__b=+01__l=3__r=1.f64le	00d9d36645368a07e4e8eeb42d6e0225a308b1dad34da4873e4ee883b5f569b1	reference/linear_trend_v1__b=+01__l=3__r=1.lsg2	31f9074e823460d26f01e36f87bf576df5a719cef6d8ea3b13c6f43d44eefea8	930	4
lasagna2:m2.3:v1:linear_trend_v1:b=+01:l=3:r=2	linear_trend_v1	1	3	2	18413123810308915803	linear	1	512	cases/linear_trend_v1__b=+01__l=3__r=2.f64le	9f0d33fba8be6ce752222e27646ee60dd3dbb1e34fa65fdd62ee921bc1866af1	reference/linear_trend_v1__b=+01__l=3__r=2.lsg2	465eaa2ac7b276fd8ab1e9ce44b2ab5b91bbbcf63104ca2d201c50d6eb251955	930	4
lasagna2:m2.3:v1:linear_trend_v1:b=+01:l=3:r=3	linear_trend_v1	1	3	3	6307436057549924164	linear	1	512	cases/linear_trend_v1__b=+01__l=3__r=3.f64le	a9d83e9e59a252358ef9cdb4c90fe31207d0d6d0f1b77571fb68fcea93c7cad7	reference/linear_trend_v1__b=+01__l=3__r=3.lsg2	1a8bce4d0af38f6f4773a67514f287ba6237b17ea1b9025e2e9d7c76c87ba16e	930	4
lasagna2:m2.3:v1:linear_trend_v1:b=+01:l=3:r=4	linear_trend_v1	1	3	4	14032290973419650865	linear	1	512	cases/linear_trend_v1__b=+01__l=3__r=4.f64le	d539cd44093f426ef5ae6aa87ae9b72a742bfe34618b3bec84c683f055281b25	reference/linear_trend_v1__b=+01__l=3__r=4.lsg2	e0fc93f8c8e99d83d30795e1f7730abf946c22229e6171b25fc55432d328a488	930	4
lasagna2:m2.3:v1:linear_trend_v1:b=+01:l=4:r=0	linear_trend_v1	1	4	0	14787222059281060504	linear	1	512	cases/linear_trend_v1__b=+01__l=4__r=0.f64le	6bbd5e4c42ae7c7fa187bfeb093c85de22399e64babf507338f52f0105863438	reference/linear_trend_v1__b=+01__l=4__r=0.lsg2	5330f94516ff3cbbc3b1a3a6a642522438353742d8cbed75a1043582360b371c	930	4
lasagna2:m2.3:v1:linear_trend_v1:b=+01:l=4:r=1	linear_trend_v1	1	4	1	13824480381453747339	linear	1	512	cases/linear_trend_v1__b=+01__l=4__r=1.f64le	cfbd8f1514bcf500bc7186bfad1eddd1e5027791dd36164018453464fdf85f05	reference/linear_trend_v1__b=+01__l=4__r=1.lsg2	fdc7f9452a443a1f6588067ebbaeb06cc7a70defa7a503c7b279b774e3a7daeb	930	4
lasagna2:m2.3:v1:linear_trend_v1:b=+01:l=4:r=2	linear_trend_v1	1	4	2	14914009720847634609	linear	1	512	cases/linear_trend_v1__b=+01__l=4__r=2.f64le	a1c944d7813c0ae35c55e5e40e4082998319779e274b6bcc284d8f7a5fdc98f5	reference/linear_trend_v1__b=+01__l=4__r=2.lsg2	554e9b0b10d0813a5d8fd08ba20a516ff74568a2897fe9461111b7e384f7e09f	930	4
lasagna2:m2.3:v1:linear_trend_v1:b=+01:l=4:r=3	linear_trend_v1	1	4	3	11624994318576954619	linear	1	512	cases/linear_trend_v1__b=+01__l=4__r=3.f64le	41838c76dbf4c5e6fda324026b6e0c992e00148b230c898c90ea0a806a813aca	reference/linear_trend_v1__b=+01__l=4__r=3.lsg2	2bbf238a552148e5393df3bd6f807f2e9937ab84046123bcbccc6b9de7e388bf	930	4
lasagna2:m2.3:v1:linear_trend_v1:b=+01:l=4:r=4	linear_trend_v1	1	4	4	5945889303533543653	linear	1	512	cases/linear_trend_v1__b=+01__l=4__r=4.f64le	ae4f8079ab5f2a8d99092ff585ed0a0e294f339e8af0a5328c097cc2c8ff6593	reference/linear_trend_v1__b=+01__l=4__r=4.lsg2	a09f00ef443d3375ab93e7bbb676bc842e201eda4431aa03cecde4cab974e73f	930	4
lasagna2:m2.3:v1:linear_trend_v1:b=+02:l=0:r=0	linear_trend_v1	2	0	0	13608017563501261558	linear	1	512	cases/linear_trend_v1__b=+02__l=0__r=0.f64le	d16538c11ffdd80535d8395960538f6c258dcd78a22fb80c18976e1207a9c4cf	reference/linear_trend_v1__b=+02__l=0__r=0.lsg2	579fd45454df8e21ff6484eb32ee13b29e5723060c124a54896f9731ed2dae78	930	4
lasagna2:m2.3:v1:linear_trend_v1:b=+02:l=0:r=1	linear_trend_v1	2	0	1	8195422887555228820	linear	1	512	cases/linear_trend_v1__b=+02__l=0__r=1.f64le	507b8f2864f15234f2b83d2b94f842be4b55df3e877d1327ae0741dc463529a2	reference/linear_trend_v1__b=+02__l=0__r=1.lsg2	e80713f9374ee26672f6dfb30b4ae7bea8271b36198f650ebecefdb4330ff104	930	4
lasagna2:m2.3:v1:linear_trend_v1:b=+02:l=0:r=2	linear_trend_v1	2	0	2	8124182361947977849	linear	1	512	cases/linear_trend_v1__b=+02__l=0__r=2.f64le	0eca6ed7731ee166446b2124dc2d8405f07117d1bb72a06a98da69faa4431d7b	reference/linear_trend_v1__b=+02__l=0__r=2.lsg2	c94eb5468214e7e207a0c83f65a52a6246e47b1f8dace8dc3ec72bdc9653915a	930	4
lasagna2:m2.3:v1:linear_trend_v1:b=+02:l=0:r=3	linear_trend_v1	2	0	3	4848754169689212540	linear	1	512	cases/linear_trend_v1__b=+02__l=0__r=3.f64le	5d4f42acc03814635363f669e8ec618fb91a9332ce2e101b64bbe551dc1e457f	reference/linear_trend_v1__b=+02__l=0__r=3.lsg2	b009858ebe233fbc88bfa7d51f7c2f577c4ec3c788b8e97702cec54104924470	930	4
lasagna2:m2.3:v1:linear_trend_v1:b=+02:l=0:r=4	linear_trend_v1	2	0	4	11213230981545212701	linear	1	512	cases/linear_trend_v1__b=+02__l=0__r=4.f64le	b06ceb46dcb15a4371a380ce20cce5cec3077916e0f6c486bc9978bcc42af680	reference/linear_trend_v1__b=+02__l=0__r=4.lsg2	c95903ba3d7a5dd3faf380aaf2ace73c40648bcbae888f3e4c72aee0ddf0e940	930	4
lasagna2:m2.3:v1:linear_trend_v1:b=+02:l=1:r=0	linear_trend_v1	2	1	0	18289915143254062886	linear	1	512	cases/linear_trend_v1__b=+02__l=1__r=0.f64le	ff5ba01f0e63e0e5b1bc62ac3d19124bc8501c1160c7d22da92d97cab68bfc72	reference/linear_trend_v1__b=+02__l=1__r=0.lsg2	cad6ae58fab5de27b46ca529d6494d6934efb7ffa9277bab2d9b6ec0441e0fb0	930	4
lasagna2:m2.3:v1:linear_trend_v1:b=+02:l=1:r=1	linear_trend_v1	2	1	1	4860060789507615785	linear	1	512	cases/linear_trend_v1__b=+02__l=1__r=1.f64le	d1be6eae4f543afea068c2dcbe1adf794ad234d901409b4315b1ad2c0c519532	reference/linear_trend_v1__b=+02__l=1__r=1.lsg2	903723fcc285e701bdbdd5dbf58406edc787a79fcf074ded880655c427a74df2	930	4
lasagna2:m2.3:v1:linear_trend_v1:b=+02:l=1:r=2	linear_trend_v1	2	1	2	4469987764333840659	linear	1	512	cases/linear_trend_v1__b=+02__l=1__r=2.f64le	a329113c894ca44564effe3f5876f7e4bc5f633cd75b15db2864da3bc14ac924	reference/linear_trend_v1__b=+02__l=1__r=2.lsg2	423022549016a63d4310e0f3156a5f95f58da0ed581a1478eb42a2b1217b75c2	930	4
lasagna2:m2.3:v1:linear_trend_v1:b=+02:l=1:r=3	linear_trend_v1	2	1	3	3384619420746806122	linear	1	512	cases/linear_trend_v1__b=+02__l=1__r=3.f64le	d7c20ea06939c59ba3bf1ed36c49ea416f67be92ceff17b59a08a9c42f9d191a	reference/linear_trend_v1__b=+02__l=1__r=3.lsg2	a498a0111d2e833f19cff8420c64f2db00d9807d32f4950a952e1657647b0fde	930	4
lasagna2:m2.3:v1:linear_trend_v1:b=+02:l=1:r=4	linear_trend_v1	2	1	4	5611995367426134774	linear	1	512	cases/linear_trend_v1__b=+02__l=1__r=4.f64le	ef9ace66f1b6915d1c54e5bb6449b68d31da1effb49e60f4ee1a4945c0ce3771	reference/linear_trend_v1__b=+02__l=1__r=4.lsg2	ea431da4bf805c5cfb19b86a6505aa7860277fce70f7df88531dba59c0aaa60a	930	4
lasagna2:m2.3:v1:linear_trend_v1:b=+02:l=2:r=0	linear_trend_v1	2	2	0	13202743862570849413	linear	1	512	cases/linear_trend_v1__b=+02__l=2__r=0.f64le	62c10755966b40cce8f7bfa2820d515f833a6db1ba443e83bca8cebaed446cde	reference/linear_trend_v1__b=+02__l=2__r=0.lsg2	1365035b8b391b0fd180a241524756b79c82a340c4c99c50304f67f7ee86c261	930	4
lasagna2:m2.3:v1:linear_trend_v1:b=+02:l=2:r=1	linear_trend_v1	2	2	1	15192730581450011689	linear	1	512	cases/linear_trend_v1__b=+02__l=2__r=1.f64le	f41c247a83e452fa8bca8297fd7138ca3cc7bb67a201f0509c14066b8f3def47	reference/linear_trend_v1__b=+02__l=2__r=1.lsg2	4633d1ae56bf3335882f24f2197b0e636b1a05276162ad9703afa8307ea001ca	930	4
lasagna2:m2.3:v1:linear_trend_v1:b=+02:l=2:r=2	linear_trend_v1	2	2	2	12853859764613433587	linear	1	512	cases/linear_trend_v1__b=+02__l=2__r=2.f64le	3dab2fb0e52629ea07fc7d1afaaacde724dcd0caa6b5edf9560d4019a92d2000	reference/linear_trend_v1__b=+02__l=2__r=2.lsg2	be345a78f9de1d36f37b50d236e0ee85c59f88aba5c10c1609e8fad9784d0d8c	930	4
lasagna2:m2.3:v1:linear_trend_v1:b=+02:l=2:r=3	linear_trend_v1	2	2	3	8935476966353715824	linear	1	512	cases/linear_trend_v1__b=+02__l=2__r=3.f64le	dc66bc27a9f5280fb7b0e382fff521fd602485fadd0eb18882230101ad9d69af	reference/linear_trend_v1__b=+02__l=2__r=3.lsg2	178aef13f53c967807795cff1ff29dea6342122376e34bff6a721f5d4e1de316	930	4
lasagna2:m2.3:v1:linear_trend_v1:b=+02:l=2:r=4	linear_trend_v1	2	2	4	12361708364610927556	linear	1	512	cases/linear_trend_v1__b=+02__l=2__r=4.f64le	a3478b51c89be0510541eec1159932943d3af760f21f6af604ebe6825140f26f	reference/linear_trend_v1__b=+02__l=2__r=4.lsg2	80502a0d73c51aebba391e136dc20da4bd0001fe9760cb530e5741c0c9d8036a	930	4
lasagna2:m2.3:v1:linear_trend_v1:b=+02:l=3:r=0	linear_trend_v1	2	3	0	5856114602227454707	linear	1	512	cases/linear_trend_v1__b=+02__l=3__r=0.f64le	296573fd72851d873f99cb0903bad3c03da8ede813f55317916f091dba2ea539	reference/linear_trend_v1__b=+02__l=3__r=0.lsg2	0bd2b0481687114a4531fced6cf777b8cc661191c693ec36cdb13586c281e009	930	4
lasagna2:m2.3:v1:linear_trend_v1:b=+02:l=3:r=1	linear_trend_v1	2	3	1	130546221881731675	linear	1	512	cases/linear_trend_v1__b=+02__l=3__r=1.f64le	a0bad6217310d2f035552eb0e992220f68fa1dfce82813b1ac44223d2bea7f05	reference/linear_trend_v1__b=+02__l=3__r=1.lsg2	641a269e30e57316b51ef28f95b08f7c7996a3d525f5b662100567112bfac12a	930	4
lasagna2:m2.3:v1:linear_trend_v1:b=+02:l=3:r=2	linear_trend_v1	2	3	2	17003892040397974530	linear	1	512	cases/linear_trend_v1__b=+02__l=3__r=2.f64le	8c1d022b86f60a3f13f57eb46fcdf7c61f2b9bde24af95081e6bc3f41e51f67f	reference/linear_trend_v1__b=+02__l=3__r=2.lsg2	ad1cb4316ab671010e7ac9a373e185c1afe54e7de24d60deec8188b18c63fad5	930	4
lasagna2:m2.3:v1:linear_trend_v1:b=+02:l=3:r=3	linear_trend_v1	2	3	3	6336825073967235059	linear	1	512	cases/linear_trend_v1__b=+02__l=3__r=3.f64le	88bf36ffc594055ca26ec1508f8c52ea306c980a89496d6f5a1d6257d207b6b1	reference/linear_trend_v1__b=+02__l=3__r=3.lsg2	4d02a16a6c2aeb8df74de57a621fab232a64a6242ddca72ee3fcf7b4a9d736bf	930	4
lasagna2:m2.3:v1:linear_trend_v1:b=+02:l=3:r=4	linear_trend_v1	2	3	4	7273974745748578972	linear	1	512	cases/linear_trend_v1__b=+02__l=3__r=4.f64le	f177ab438519f25f6d5f4c239a4a88f79bae303a4cb2ba67e5eef00d10005114	reference/linear_trend_v1__b=+02__l=3__r=4.lsg2	90bf13331a27a724b39c91ca28c58a18bc439b48cfdd605aab25e68707baaf8a	930	4
lasagna2:m2.3:v1:linear_trend_v1:b=+02:l=4:r=0	linear_trend_v1	2	4	0	8524813198595229227	linear	1	512	cases/linear_trend_v1__b=+02__l=4__r=0.f64le	6a835ab47019c7521b73d7bd9ba71bc82d8334f955685cce0b2a422a7fdc53a6	reference/linear_trend_v1__b=+02__l=4__r=0.lsg2	50b7c96a95c42e0f39a17557c65010c7420d75ae6caa0d12913c63ce336ca988	930	4
lasagna2:m2.3:v1:linear_trend_v1:b=+02:l=4:r=1	linear_trend_v1	2	4	1	9125172039361329902	linear	1	512	cases/linear_trend_v1__b=+02__l=4__r=1.f64le	28d2972f75fe6b734d28eeb33e367bb1eb0de4eae9cb4c7d6aebe4d07b9e90a5	reference/linear_trend_v1__b=+02__l=4__r=1.lsg2	c05355e82fe2aa2a3a0ab99b3aa7a2149fa221035373d52133d8388d695439f4	930	4
lasagna2:m2.3:v1:linear_trend_v1:b=+02:l=4:r=2	linear_trend_v1	2	4	2	8661173735901835080	linear	1	512	cases/linear_trend_v1__b=+02__l=4__r=2.f64le	1b0044de11ba03f86bb06c122f6e813c237c56b7e6a30fde0b319c1a0cfaaf46	reference/linear_trend_v1__b=+02__l=4__r=2.lsg2	0bb3737142a4315f536127190a24bef4375cb12b38d34cbbd9d1bc59fdb84b76	930	4
lasagna2:m2.3:v1:linear_trend_v1:b=+02:l=4:r=3	linear_trend_v1	2	4	3	14058029888886140007	linear	1	512	cases/linear_trend_v1__b=+02__l=4__r=3.f64le	867abb1758717ec33ee62b3954b5e55556736f333f75127676f76167892e8bc1	reference/linear_trend_v1__b=+02__l=4__r=3.lsg2	34b577d4ef1979c9b71681f08c9bbf6cf98560297c58a0901d2c66dc0e4cf19e	930	4
lasagna2:m2.3:v1:linear_trend_v1:b=+02:l=4:r=4	linear_trend_v1	2	4	4	11615089928896145833	linear	1	512	cases/linear_trend_v1__b=+02__l=4__r=4.f64le	e1f2d64e4555ae756bc3b58cff22ac5444c3bf423bb04ddbdd41300ad3c576ba	reference/linear_trend_v1__b=+02__l=4__r=4.lsg2	703c7d7de2c186fedcc46053ee09180bcb77fbe8e26b57d69b0f7efe75b2defe	930	4
lasagna2:m2.3:v1:linear_trend_v1:b=+03:l=0:r=0	linear_trend_v1	3	0	0	3553641130767214351	linear	1	512	cases/linear_trend_v1__b=+03__l=0__r=0.f64le	4c399cf8b7fd9c3ea8964a26dff615aaee479d474f199b152c66288fcfbba6d2	reference/linear_trend_v1__b=+03__l=0__r=0.lsg2	608e6e2052acef6ddcc479a85d12507be7adc85947a5df3031658488bc0b5aa8	930	4
lasagna2:m2.3:v1:linear_trend_v1:b=+03:l=0:r=1	linear_trend_v1	3	0	1	9274168166656631712	linear	1	512	cases/linear_trend_v1__b=+03__l=0__r=1.f64le	5360c829bf2328f40d2992233ff239da2d902d82c25475788803e61d454aef3b	reference/linear_trend_v1__b=+03__l=0__r=1.lsg2	eae6213279fe493777782798b6748ea30e206c60e31c53faa7deef01736ed3d1	930	4
lasagna2:m2.3:v1:linear_trend_v1:b=+03:l=0:r=2	linear_trend_v1	3	0	2	9149079099855781122	linear	1	512	cases/linear_trend_v1__b=+03__l=0__r=2.f64le	da9abcbe5b0920debc26908af6f8e5d998ef35341b4420bbc4d17ce33e4d289c	reference/linear_trend_v1__b=+03__l=0__r=2.lsg2	1da9898a526450c7ce2dbe8a60df57c39b60bbb6ab52acbb44c74d69b87439c4	930	4
lasagna2:m2.3:v1:linear_trend_v1:b=+03:l=0:r=3	linear_trend_v1	3	0	3	12914214611338822995	linear	1	512	cases/linear_trend_v1__b=+03__l=0__r=3.f64le	7a2627bc218099738d656c9acdbc2b40bb05c22fcc1e8395456a44ee240e3119	reference/linear_trend_v1__b=+03__l=0__r=3.lsg2	3286884d6c705cceb5af1003eea707ccc57374780cd9d768a5f42b427e691752	930	4
lasagna2:m2.3:v1:linear_trend_v1:b=+03:l=0:r=4	linear_trend_v1	3	0	4	3892285012678640190	linear	1	512	cases/linear_trend_v1__b=+03__l=0__r=4.f64le	a620b1b1af2e4457d23697e1f789b7bd5cdf5e194bef9379fd4cee0a362a942e	reference/linear_trend_v1__b=+03__l=0__r=4.lsg2	7c3da089e0f3bac2edf6bbf884a729f258d7dca0258a6194ff020dbbd84345e6	930	4
lasagna2:m2.3:v1:linear_trend_v1:b=+03:l=1:r=0	linear_trend_v1	3	1	0	16549226991742052862	linear	1	512	cases/linear_trend_v1__b=+03__l=1__r=0.f64le	0149bcb31193eb82211b9e0699da6750183debba6936061a0784d15d98735246	reference/linear_trend_v1__b=+03__l=1__r=0.lsg2	52ceae80d6b9d8cc329a358a072ae6254807d0c33c7a986bdc1378f42b398dc4	930	4
lasagna2:m2.3:v1:linear_trend_v1:b=+03:l=1:r=1	linear_trend_v1	3	1	1	17007796100886278028	linear	1	512	cases/linear_trend_v1__b=+03__l=1__r=1.f64le	0230892a06b82385b91684643ae0cb0537fca063d04182e8f8ab520a8ca56749	reference/linear_trend_v1__b=+03__l=1__r=1.lsg2	de42a849d0fb3c6dd7a0692ec7d5ff6959e52a06c29ac1914427b90856133d14	930	4
lasagna2:m2.3:v1:linear_trend_v1:b=+03:l=1:r=2	linear_trend_v1	3	1	2	15518514834471139800	linear	1	512	cases/linear_trend_v1__b=+03__l=1__r=2.f64le	e0cd577b40bbcb839c3729f6ea77be825447fcb7de591d221befdd3c83f2ecc4	reference/linear_trend_v1__b=+03__l=1__r=2.lsg2	da5210af905d8bd271b45055f12f6f134509ee41d3e242867808ac4cf9d62110	930	4
lasagna2:m2.3:v1:linear_trend_v1:b=+03:l=1:r=3	linear_trend_v1	3	1	3	10192663579309164771	linear	1	512	cases/linear_trend_v1__b=+03__l=1__r=3.f64le	f9445c08e1ad38a5ff5995bcd0e65ad56c0a8aa9d7f6a629c62e30a57cc826ba	reference/linear_trend_v1__b=+03__l=1__r=3.lsg2	6bc94e1c81a26e08dc4d61993099df9c69a15592e72b8bd814d5a3b7fa249df0	930	4
lasagna2:m2.3:v1:linear_trend_v1:b=+03:l=1:r=4	linear_trend_v1	3	1	4	11051798087853523271	linear	1	512	cases/linear_trend_v1__b=+03__l=1__r=4.f64le	cfcbe5f0be212ceae0890d7b1e1a3b65c8f96cb0f3d7d57e5a087a5f199add3d	reference/linear_trend_v1__b=+03__l=1__r=4.lsg2	e631443d1125a64b4a72d1163abac554c5aaf20871f17ce0b538801745983805	930	4
lasagna2:m2.3:v1:linear_trend_v1:b=+03:l=2:r=0	linear_trend_v1	3	2	0	9355935751591809098	linear	1	512	cases/linear_trend_v1__b=+03__l=2__r=0.f64le	5b3150c1b8a511a4565e62b5e6f7410d5cc4cd4fb2da5b89c9d0fdc970eec7eb	reference/linear_trend_v1__b=+03__l=2__r=0.lsg2	709909a6495f45b25ecee89185483df4478413626ba71e3b85428e5e847484f7	930	4
lasagna2:m2.3:v1:linear_trend_v1:b=+03:l=2:r=1	linear_trend_v1	3	2	1	13188465892225560147	linear	1	512	cases/linear_trend_v1__b=+03__l=2__r=1.f64le	646e977bb6841348f7f2e49cb5c56b77e5422b954e68872c738692b6a0a0b3fc	reference/linear_trend_v1__b=+03__l=2__r=1.lsg2	b60f65b0d51ff8f8d108963abec523d214f5401b97174e887deb81c6726a7b7a	930	4
lasagna2:m2.3:v1:linear_trend_v1:b=+03:l=2:r=2	linear_trend_v1	3	2	2	37148745300563816	linear	1	512	cases/linear_trend_v1__b=+03__l=2__r=2.f64le	02cbe4fff5f3b1242f14250533d2e481f580dd881301faf143770b73bb81a02f	reference/linear_trend_v1__b=+03__l=2__r=2.lsg2	f11944574ac773ae57dac12913173faa3bd153190caa3182ea8bab7aec1522fd	930	4
lasagna2:m2.3:v1:linear_trend_v1:b=+03:l=2:r=3	linear_trend_v1	3	2	3	1563780521847103799	linear	1	512	cases/linear_trend_v1__b=+03__l=2__r=3.f64le	a1526f199224ea8f714f8336e2ff83ce054999d0a126c81bdbf851057bff3516	reference/linear_trend_v1__b=+03__l=2__r=3.lsg2	6b80882db592f10488d651a3828a877b14fb52b40848c60c56fa95807e477015	930	4
lasagna2:m2.3:v1:linear_trend_v1:b=+03:l=2:r=4	linear_trend_v1	3	2	4	15863255643595770387	linear	1	512	cases/linear_trend_v1__b=+03__l=2__r=4.f64le	183b3c707f18dcf9d9b7d67b08032ed5a6b39a66f2185903f6083f9d23259534	reference/linear_trend_v1__b=+03__l=2__r=4.lsg2	b08b6b4f88eb11a52dd57cd3825d63bdbcee196e1dc8ce197e97b0b622094172	930	4
lasagna2:m2.3:v1:linear_trend_v1:b=+03:l=3:r=0	linear_trend_v1	3	3	0	12512705605678682268	linear	1	512	cases/linear_trend_v1__b=+03__l=3__r=0.f64le	d9b1fa5fd9269e97cd59ef00f176df003b17f07592bbc7632d4e570fef5c81ec	reference/linear_trend_v1__b=+03__l=3__r=0.lsg2	f9fda255fbaca06de61cff192f1b9e702c80c1fdd963aa9dc3083fe0541351ca	930	4
lasagna2:m2.3:v1:linear_trend_v1:b=+03:l=3:r=1	linear_trend_v1	3	3	1	7963533202627153770	linear	1	512	cases/linear_trend_v1__b=+03__l=3__r=1.f64le	09812ce512d7a191a59f42632b8cd6e011ab3066a258637e8b5e636895f333ca	reference/linear_trend_v1__b=+03__l=3__r=1.lsg2	72564fa50097bb9d7e4bd566ebabe03b2b8d3ca563869046873235866985afb3	930	4
lasagna2:m2.3:v1:linear_trend_v1:b=+03:l=3:r=2	linear_trend_v1	3	3	2	14075597038339963874	linear	1	512	cases/linear_trend_v1__b=+03__l=3__r=2.f64le	24d6c8270e646d8eb55171fdf1c7c1b8c61f39bb12ebc5aa9607a425bba17550	reference/linear_trend_v1__b=+03__l=3__r=2.lsg2	2841758c279ec45b86693b0bd740d506e6cad5d5ffdb5dcc653877cebd6f0f56	930	4
lasagna2:m2.3:v1:linear_trend_v1:b=+03:l=3:r=3	linear_trend_v1	3	3	3	4084103720037965686	linear	1	512	cases/linear_trend_v1__b=+03__l=3__r=3.f64le	faa67d852a3f6afdc06c5144c703dc2e97452456c23e26a034c7aa26afec692c	reference/linear_trend_v1__b=+03__l=3__r=3.lsg2	a6c801188b14573b247645297acc2286fa36134c04874d6235d80238b123ee33	930	4
lasagna2:m2.3:v1:linear_trend_v1:b=+03:l=3:r=4	linear_trend_v1	3	3	4	1895632596800279961	linear	1	512	cases/linear_trend_v1__b=+03__l=3__r=4.f64le	503323a734d94762342a544fc061bf52cf33d2130d5d9e94a2af1aa79eae50b4	reference/linear_trend_v1__b=+03__l=3__r=4.lsg2	bf55237d679bb1a2a8c6bc4423c695f1fb5eae4bb1cfcc13a7c3d7373cc84c69	930	4
lasagna2:m2.3:v1:linear_trend_v1:b=+03:l=4:r=0	linear_trend_v1	3	4	0	4936749812626328788	linear	1	512	cases/linear_trend_v1__b=+03__l=4__r=0.f64le	6e5f13f0d80c7e1f9785e61ecefbe2432846bc473e9b13ba5f4ef3ccfdafc78d	reference/linear_trend_v1__b=+03__l=4__r=0.lsg2	f4f00b487903cde5126814122a94e89fdb4ad51569a75b6e8201f9c4655af97f	1842	16
lasagna2:m2.3:v1:linear_trend_v1:b=+03:l=4:r=1	linear_trend_v1	3	4	1	7573929850152868119	linear	1	512	cases/linear_trend_v1__b=+03__l=4__r=1.f64le	ed8d9d1b116f7b170e330319cd2e2ba5f8ce03a6f7e3a68c15c8fbb346c48285	reference/linear_trend_v1__b=+03__l=4__r=1.lsg2	16cdef137749eca664b510d76d53a30f55ef01601d0cf8999abd9447ad4ba46b	1842	16
lasagna2:m2.3:v1:linear_trend_v1:b=+03:l=4:r=2	linear_trend_v1	3	4	2	10548901913869593238	linear	1	512	cases/linear_trend_v1__b=+03__l=4__r=2.f64le	5704e1ab1150b58f7f8eec5865f5f4596865cf0c89ba10fe3eb0fa2d9b62475b	reference/linear_trend_v1__b=+03__l=4__r=2.lsg2	c35d6df3a2de9e5a702f9906319519ea3b526046819d9352298bb5e8b64d9ca3	1842	16
lasagna2:m2.3:v1:linear_trend_v1:b=+03:l=4:r=3	linear_trend_v1	3	4	3	2843981270308995912	linear	1	512	cases/linear_trend_v1__b=+03__l=4__r=3.f64le	ae590b63a57c2917587ecb44d65d1b85ce685910c471026669cb98bb36a9be59	reference/linear_trend_v1__b=+03__l=4__r=3.lsg2	fcb30223348ef6f9cf9b0a004351dc8bb4fe962236a8a9da0f0029850ab4f0c2	1842	16
lasagna2:m2.3:v1:linear_trend_v1:b=+03:l=4:r=4	linear_trend_v1	3	4	4	130066456618023362	linear	1	512	cases/linear_trend_v1__b=+03__l=4__r=4.f64le	673475b1f08e2d8326ae43dee42453494391ef34b9bd92cba5245d809995be0c	reference/linear_trend_v1__b=+03__l=4__r=4.lsg2	f9ac505c1037281b06fbd74e16696090226f114aec886264d6b65b02991a7b7d	1842	16
lasagna2:m2.3:v1:linear_trend_v1:b=+04:l=0:r=0	linear_trend_v1	4	0	0	8462165540699116090	linear	1	512	cases/linear_trend_v1__b=+04__l=0__r=0.f64le	aae043c3894d3e0441a74771dd59e2aa2765dffcc44f2b60d8a5890c2e2e7f42	reference/linear_trend_v1__b=+04__l=0__r=0.lsg2	888b2ae15f46de1b2a772a487d69a5e18ba245eda61f8d6d909aef6396e38e93	930	4
lasagna2:m2.3:v1:linear_trend_v1:b=+04:l=0:r=1	linear_trend_v1	4	0	1	5794194433532367157	linear	1	512	cases/linear_trend_v1__b=+04__l=0__r=1.f64le	f16b80b4eee0e2bd4c4a6181d7e3eccf8d57348692f574b94c53a45b530fd969	reference/linear_trend_v1__b=+04__l=0__r=1.lsg2	7ea80666c1fbb175c80f0fbac67328ad44b9468877dba7d40f34ca46372d234d	930	4
lasagna2:m2.3:v1:linear_trend_v1:b=+04:l=0:r=2	linear_trend_v1	4	0	2	14234931125947853455	linear	1	512	cases/linear_trend_v1__b=+04__l=0__r=2.f64le	246bf21fd5637c6714947f905b49f76ffe4684a4b5d3ca82f5695b62d687c8e5	reference/linear_trend_v1__b=+04__l=0__r=2.lsg2	20dd6dc0a6e76aa87d709cb693933b7bc4c180494175b470c1c3cbcc2735b786	930	4
lasagna2:m2.3:v1:linear_trend_v1:b=+04:l=0:r=3	linear_trend_v1	4	0	3	8654797125008877698	linear	1	512	cases/linear_trend_v1__b=+04__l=0__r=3.f64le	55355f477e8c9604fa15bbfba818c99530116591f7f2e159adccb28131dbe839	reference/linear_trend_v1__b=+04__l=0__r=3.lsg2	4d6e188b3d39a625dcfc292193aea7e9e17eacbcc56616b0992fa080a648acf4	930	4
lasagna2:m2.3:v1:linear_trend_v1:b=+04:l=0:r=4	linear_trend_v1	4	0	4	10310401089216107041	linear	1	512	cases/linear_trend_v1__b=+04__l=0__r=4.f64le	8fa9b4448e547b445bc8c9e45c20f041bb56d8a2028d9e29aa6eaa3d8f97de89	reference/linear_trend_v1__b=+04__l=0__r=4.lsg2	178f638f77d8b4a5cf0031be9a0f5af6d6a8217abb0704f97f6e310e1e087944	930	4
lasagna2:m2.3:v1:linear_trend_v1:b=+04:l=1:r=0	linear_trend_v1	4	1	0	15758683785352280034	linear	1	512	cases/linear_trend_v1__b=+04__l=1__r=0.f64le	1b3c90d9c700f1953c368926b763e35e2d68b6e8274a957d94ff4c03566fb87e	reference/linear_trend_v1__b=+04__l=1__r=0.lsg2	dd60daa0067b3fbc813c36903cd8fb1a31f34d2b8943a755b68c71dbba229880	930	4
lasagna2:m2.3:v1:linear_trend_v1:b=+04:l=1:r=1	linear_trend_v1	4	1	1	13254861145822185092	linear	1	512	cases/linear_trend_v1__b=+04__l=1__r=1.f64le	916c478bbac3676b1bd5ffc9faeceb60325816a1e1425f2f15485b13a8c042ae	reference/linear_trend_v1__b=+04__l=1__r=1.lsg2	bf104bd43c773e92102ef8e1128f200f7ef529c64a6a82e373bebc22c9f52834	930	4
lasagna2:m2.3:v1:linear_trend_v1:b=+04:l=1:r=2	linear_trend_v1	4	1	2	8700462901621344490	linear	1	512	cases/linear_trend_v1__b=+04__l=1__r=2.f64le	f7d6c8859ab78b2c24412e5904da85e2e0adbac3b368a1879cc6ceb6e3611cb6	reference/linear_trend_v1__b=+04__l=1__r=2.lsg2	8afeb5d41a9185fdd0b8942a76e38e0f54513c11594f04235a27d8b85d2d1643	930	4
lasagna2:m2.3:v1:linear_trend_v1:b=+04:l=1:r=3	linear_trend_v1	4	1	3	10264715601440502250	linear	1	512	cases/linear_trend_v1__b=+04__l=1__r=3.f64le	3512fd2f86e242c5b052aad538d1da079360a84ee2ae21298c096d326541c537	reference/linear_trend_v1__b=+04__l=1__r=3.lsg2	6e05563ed385ef5de4b0807b1c3925c9c053c9f692a1b4cb2c66b7e14d42b147	930	4
lasagna2:m2.3:v1:linear_trend_v1:b=+04:l=1:r=4	linear_trend_v1	4	1	4	10494425495615083249	linear	1	512	cases/linear_trend_v1__b=+04__l=1__r=4.f64le	5a79d9d1ab22374aceb90a9ca75a20fa56431a589d3f1a120346277ec8861dd4	reference/linear_trend_v1__b=+04__l=1__r=4.lsg2	73aad0ebc340ca1f3656c839851f8d53b933ee52a5737daf673f8b7eb48438fa	930	4
lasagna2:m2.3:v1:linear_trend_v1:b=+04:l=2:r=0	linear_trend_v1	4	2	0	6237454747713302524	linear	1	512	cases/linear_trend_v1__b=+04__l=2__r=0.f64le	3938112def53be609a4bcd9ed746886358d761e5d8df8881ed0a051724d3c957	reference/linear_trend_v1__b=+04__l=2__r=0.lsg2	42ab9d15a2fcb62157268ebe654a39f82e3fac95aa6bfd6eeeb7bc19b34fd96a	930	4
lasagna2:m2.3:v1:linear_trend_v1:b=+04:l=2:r=1	linear_trend_v1	4	2	1	6550240215575643419	linear	1	512	cases/linear_trend_v1__b=+04__l=2__r=1.f64le	94441aa572ad866164aeb80ef8adf2dc37cbcb81ab8315be4c2c673a3f385a60	reference/linear_trend_v1__b=+04__l=2__r=1.lsg2	cb3263bce9b43a7eccdb509e4786a162ccd866f99105b9bf86d572722f0f8922	930	4
lasagna2:m2.3:v1:linear_trend_v1:b=+04:l=2:r=2	linear_trend_v1	4	2	2	15798101433232068082	linear	1	512	cases/linear_trend_v1__b=+04__l=2__r=2.f64le	362d57255e0f469c6ae02e9161ec0ddf065954f246b17f23df210b8ce87c8976	reference/linear_trend_v1__b=+04__l=2__r=2.lsg2	a2030205df021f92433c1e1c752f2cb2c3b43a13dbe45472c8e82c39f92098f9	930	4
lasagna2:m2.3:v1:linear_trend_v1:b=+04:l=2:r=3	linear_trend_v1	4	2	3	6029152958991693642	linear	1	512	cases/linear_trend_v1__b=+04__l=2__r=3.f64le	50de476d6b6f9ff356eff81f4e2c7ac931ae4306bfe83699e60bcc89b08a5fff	reference/linear_trend_v1__b=+04__l=2__r=3.lsg2	8cc42f242b91d262d1e8000ea42e18003190dcff39446568780222276fd712a6	930	4
lasagna2:m2.3:v1:linear_trend_v1:b=+04:l=2:r=4	linear_trend_v1	4	2	4	4145326117159421397	linear	1	512	cases/linear_trend_v1__b=+04__l=2__r=4.f64le	4f05af35a612e15ebce563442ff44c9e74f7b356b7811510a825251ab04a64c7	reference/linear_trend_v1__b=+04__l=2__r=4.lsg2	0aba29e37c0aece38f6e30fc0c083e7f45de10093bb4ef82dfb6f13708715b54	930	4
lasagna2:m2.3:v1:linear_trend_v1:b=+04:l=3:r=0	linear_trend_v1	4	3	0	5778991324453655423	linear	1	512	cases/linear_trend_v1__b=+04__l=3__r=0.f64le	a18cbe74c12c2fc2fd68dfed486b8703e988bf5b019a503be7f17c08a2e06da2	reference/linear_trend_v1__b=+04__l=3__r=0.lsg2	010321f510ea5e3b7911eff19e0310a983032db07b0a26ac44a4f31757626daa	1842	16
lasagna2:m2.3:v1:linear_trend_v1:b=+04:l=3:r=1	linear_trend_v1	4	3	1	13110474802704372078	linear	1	512	cases/linear_trend_v1__b=+04__l=3__r=1.f64le	e854e2b201c573c0c79c5bca2c36dc71c0ed34e5c0162291fca1647dcc5b8b03	reference/linear_trend_v1__b=+04__l=3__r=1.lsg2	87e0b8a86b2b28bc31201a763b113920e7e17fd975d0cd111c9f34a32411aed7	1842	16
lasagna2:m2.3:v1:linear_trend_v1:b=+04:l=3:r=2	linear_trend_v1	4	3	2	16940969526922204748	linear	1	512	cases/linear_trend_v1__b=+04__l=3__r=2.f64le	f4aef43c8eacb9cb6dfa750e8e224f349d8f9d892bab8c5c3e75bea764e58c06	reference/linear_trend_v1__b=+04__l=3__r=2.lsg2	17d23a3afb6d893cc6617a5368046bc3bd2905b3d6fdc20139c96cc72c58dacb	1842	16
lasagna2:m2.3:v1:linear_trend_v1:b=+04:l=3:r=3	linear_trend_v1	4	3	3	16510524307862603129	linear	1	512	cases/linear_trend_v1__b=+04__l=3__r=3.f64le	a4b17c8afde9ff1c38fd99d0d1198c010745d6463c5b33c264f4712b7ec1dccb	reference/linear_trend_v1__b=+04__l=3__r=3.lsg2	faa2d935115df15290c54878c03bcf0500af13dcff954242c57d9767723eb07a	1842	16
lasagna2:m2.3:v1:linear_trend_v1:b=+04:l=3:r=4	linear_trend_v1	4	3	4	12196995603828363643	linear	1	512	cases/linear_trend_v1__b=+04__l=3__r=4.f64le	9d04ab4a043c2e979c522b48d04a9951a15321ab8e26d28deed2901345e69f6f	reference/linear_trend_v1__b=+04__l=3__r=4.lsg2	7d482d14bf41b72f2cfab6d33402b2374d48c45da90fced6055905553a2c53d9	1842	16
lasagna2:m2.3:v1:linear_trend_v1:b=+04:l=4:r=0	linear_trend_v1	4	4	0	5407732039651516623	linear	1	512	cases/linear_trend_v1__b=+04__l=4__r=0.f64le	774e859ec60fdcb98177cbe4fec3955e3b017f97a8c8fa7f4a0541737508815f	reference/linear_trend_v1__b=+04__l=4__r=0.lsg2	c277a095e2b390bff29322795b114af1939411d10ef3915c0946abc6084724be	1842	16
lasagna2:m2.3:v1:linear_trend_v1:b=+04:l=4:r=1	linear_trend_v1	4	4	1	14037757680206830920	linear	1	512	cases/linear_trend_v1__b=+04__l=4__r=1.f64le	7e1f2779c2323011d9df12af44f5ed09f39b192580b44b2324b90b183145052d	reference/linear_trend_v1__b=+04__l=4__r=1.lsg2	d72feab68d60a218d80e8f8a0bd842137284af900e572626f4048f09307344ba	1842	16
lasagna2:m2.3:v1:linear_trend_v1:b=+04:l=4:r=2	linear_trend_v1	4	4	2	11034484510436702360	linear	1	512	cases/linear_trend_v1__b=+04__l=4__r=2.f64le	8b124a86c9fb23a3e47e215108db5b0b189bb2ad136dc7dffaa41d3a856bd8a0	reference/linear_trend_v1__b=+04__l=4__r=2.lsg2	4b2a0914d74d29ca08e0a870cfaa55bec71da92565c5535ee22bcc99acf1af2d	1842	16
lasagna2:m2.3:v1:linear_trend_v1:b=+04:l=4:r=3	linear_trend_v1	4	4	3	5133366256030173460	linear	1	512	cases/linear_trend_v1__b=+04__l=4__r=3.f64le	badf24b99ffd442e7be50ecb9821464467840cd23e72e8fe98d8ff6c375829c2	reference/linear_trend_v1__b=+04__l=4__r=3.lsg2	6dedd39d1b227566e8cd7a12e15f362b25856fd04a46ed57ec8aaecd673ead37	1842	16
lasagna2:m2.3:v1:linear_trend_v1:b=+04:l=4:r=4	linear_trend_v1	4	4	4	7556325230025121732	linear	1	512	cases/linear_trend_v1__b=+04__l=4__r=4.f64le	dd49c4094d2eedbfc986437e83c3e2a9c5ef43ae4a5584e8ae6e13ab993c979b	reference/linear_trend_v1__b=+04__l=4__r=4.lsg2	9483d94159ebb8741a45e36d48494f37f0a82d58eaa70583b781b5fd2df3db55	1842	16
lasagna2:m2.3:v1:linear_trend_v1:b=+05:l=0:r=0	linear_trend_v1	5	0	0	1262070764232174345	linear	1	512	cases/linear_trend_v1__b=+05__l=0__r=0.f64le	e4043c994138c25835829b10a331b161955dc3b90fa7390ad9a7ea721c3c39fa	reference/linear_trend_v1__b=+05__l=0__r=0.lsg2	7fb5616539b0cec962b4766d90344be39d08fc8baf8185f249a627d578802d18	930	4
lasagna2:m2.3:v1:linear_trend_v1:b=+05:l=0:r=1	linear_trend_v1	5	0	1	12581308263764901455	linear	1	512	cases/linear_trend_v1__b=+05__l=0__r=1.f64le	5ad2e8419864af19b619dc629a547542c805480a55067b49cdae2fd1b0cece18	reference/linear_trend_v1__b=+05__l=0__r=1.lsg2	2080a7754f8516c8b6419d4dac567e91cbf505762d2f81e00086c77cd2ca474d	930	4
lasagna2:m2.3:v1:linear_trend_v1:b=+05:l=0:r=2	linear_trend_v1	5	0	2	11545985116041856198	linear	1	512	cases/linear_trend_v1__b=+05__l=0__r=2.f64le	3ac8678f83716681fa1d2d4f793e0d112e249b62759b5b3a8a13015ccbb60b4d	reference/linear_trend_v1__b=+05__l=0__r=2.lsg2	778ab81afbaa55b3f2a5579e2b8cc40fd716d2a47d570d7bb57b323d878edd04	930	4
lasagna2:m2.3:v1:linear_trend_v1:b=+05:l=0:r=3	linear_trend_v1	5	0	3	17423996259323920677	linear	1	512	cases/linear_trend_v1__b=+05__l=0__r=3.f64le	66df4ed74b3e53fab9e95e03397b8bc8be11ec86536ac6a62f3faf1e183293e3	reference/linear_trend_v1__b=+05__l=0__r=3.lsg2	1ca8175f131a4643a4c869ec95e1391909faf0b73b6d63bb5049f9f246729214	930	4
lasagna2:m2.3:v1:linear_trend_v1:b=+05:l=0:r=4	linear_trend_v1	5	0	4	16121769442098860796	linear	1	512	cases/linear_trend_v1__b=+05__l=0__r=4.f64le	6930c3d1e6f56223b97d9f988aa943ced605af98d5aa9f14f50b5aff3b7c88c4	reference/linear_trend_v1__b=+05__l=0__r=4.lsg2	d099706bcb400029b1bcd213fac9b281b7d1bab3ee58bfa83b89cfce0e2d5781	930	4
lasagna2:m2.3:v1:linear_trend_v1:b=+05:l=1:r=0	linear_trend_v1	5	1	0	15042005226309568258	linear	1	512	cases/linear_trend_v1__b=+05__l=1__r=0.f64le	dc574c7927ad8465de63ac62a08349e5c85b58590624ec110a064dff3ab07989	reference/linear_trend_v1__b=+05__l=1__r=0.lsg2	155e1f4a48a25fc39fef9252d75957545a16c0728b1f7b5c7bf894b8d3dcca58	930	4
lasagna2:m2.3:v1:linear_trend_v1:b=+05:l=1:r=1	linear_trend_v1	5	1	1	6052173131915596088	linear	1	512	cases/linear_trend_v1__b=+05__l=1__r=1.f64le	2b45d9bd0cd559a328edc0819aa1e59fcdd7acf7046c8f45aaa636ceab09bb85	reference/linear_trend_v1__b=+05__l=1__r=1.lsg2	af349a3b639367a26cc4494e2304c135c71ab729dbd3ccda1a8cd760d77ce5fd	930	4
lasagna2:m2.3:v1:linear_trend_v1:b=+05:l=1:r=2	linear_trend_v1	5	1	2	6042501659874209798	linear	1	512	cases/linear_trend_v1__b=+05__l=1__r=2.f64le	13ced1b9593d1f491bf25071324fc6436423ff3622e4ddf3a05fb2cb79ae7092	reference/linear_trend_v1__b=+05__l=1__r=2.lsg2	6b405756fd8f82f193aa18e2cafd7a6e39437ef1b2a87558c590b33c7408cc61	930	4
lasagna2:m2.3:v1:linear_trend_v1:b=+05:l=1:r=3	linear_trend_v1	5	1	3	10887599322849811811	linear	1	512	cases/linear_trend_v1__b=+05__l=1__r=3.f64le	eb45dce3778fea3dffb37bb5ec0d4fad7df99be6d45586c6f075861bc757b7f8	reference/linear_trend_v1__b=+05__l=1__r=3.lsg2	e1e9bc305f97cbd079317481b8f21c6bdbc24e64cf09cb409ee6525dc532162d	930	4
lasagna2:m2.3:v1:linear_trend_v1:b=+05:l=1:r=4	linear_trend_v1	5	1	4	1226473902054269419	linear	1	512	cases/linear_trend_v1__b=+05__l=1__r=4.f64le	af4c1d4d91f85f6b52d1e3f2ce922d693e8f488eddd6ad41ced14aaff5e159ff	reference/linear_trend_v1__b=+05__l=1__r=4.lsg2	d32ae438150925b4b6177fe076e88df1c397819c56107b2953a81782f4394874	930	4
lasagna2:m2.3:v1:linear_trend_v1:b=+05:l=2:r=0	linear_trend_v1	5	2	0	13081116930383431592	linear	1	512	cases/linear_trend_v1__b=+05__l=2__r=0.f64le	05e7d6cd65c7a97b69177ba5bd9ce0593ab6117f5e80a440e6ab9d153752aa20	reference/linear_trend_v1__b=+05__l=2__r=0.lsg2	790f7fe9dc04f831436603ea88cd7e5131c1748c0e9f170dcfe0bc76d7c268c3	1842	16
lasagna2:m2.3:v1:linear_trend_v1:b=+05:l=2:r=1	linear_trend_v1	5	2	1	10175178808241104167	linear	1	512	cases/linear_trend_v1__b=+05__l=2__r=1.f64le	ab13c11da579bdd31120ca5b62cfdf1edff8ccb27f7aca68480104b51834b987	reference/linear_trend_v1__b=+05__l=2__r=1.lsg2	fca983994f5264afb51b6b33005980ec8ef00310c3e0dfb1e161da1648828d2a	1842	16
lasagna2:m2.3:v1:linear_trend_v1:b=+05:l=2:r=2	linear_trend_v1	5	2	2	18183074667983363544	linear	1	512	cases/linear_trend_v1__b=+05__l=2__r=2.f64le	e73535ae833aae732acdb192d40a9c1cc68b2efdab4a57f4ed1cb5362b3977c6	reference/linear_trend_v1__b=+05__l=2__r=2.lsg2	c89e9d154b29759326a9f049f195638cb36763d6fdb1855d509657a1d1f8a43c	1842	16
lasagna2:m2.3:v1:linear_trend_v1:b=+05:l=2:r=3	linear_trend_v1	5	2	3	9184447939738657488	linear	1	512	cases/linear_trend_v1__b=+05__l=2__r=3.f64le	8c6f86d86dc33f84a1adaca83cd56bca1d5a68a506f572a2aeb0d0240ac8c178	reference/linear_trend_v1__b=+05__l=2__r=3.lsg2	5d32b333c8bc3326816a023f28ce2799e493b1dc9f5b344979cd77d2da89679a	1842	16
lasagna2:m2.3:v1:linear_trend_v1:b=+05:l=2:r=4	linear_trend_v1	5	2	4	15049610653347996764	linear	1	512	cases/linear_trend_v1__b=+05__l=2__r=4.f64le	0543d0781b43f66789c563f571f7d69e2a4f87727cb99df40fccc272c32251fe	reference/linear_trend_v1__b=+05__l=2__r=4.lsg2	f5b3245c5e4d3754253f71924222bc7b3a6300b69d8aba55b643abe49c65e08d	1842	16
lasagna2:m2.3:v1:linear_trend_v1:b=+05:l=3:r=0	linear_trend_v1	5	3	0	13188089318429413327	linear	1	512	cases/linear_trend_v1__b=+05__l=3__r=0.f64le	142477bfb653760e96575838b597889c9f499da3691a1e3b9aad58655339006f	reference/linear_trend_v1__b=+05__l=3__r=0.lsg2	c7bf9b2557c8eeac1d9af0d0b0488b4bcfd54f36a8380f30d8b3994975377380	1842	16
lasagna2:m2.3:v1:linear_trend_v1:b=+05:l=3:r=1	linear_trend_v1	5	3	1	8640691847336620023	linear	1	512	cases/linear_trend_v1__b=+05__l=3__r=1.f64le	cce577e6c65b7e74372463e8e334b61e137ae21eff253cc982f675174baf1463	reference/linear_trend_v1__b=+05__l=3__r=1.lsg2	a14b34280b7830b6dd70a37fa8d38c023cea95ce0f0abbeefbff2caa17ab695f	1842	16
lasagna2:m2.3:v1:linear_trend_v1:b=+05:l=3:r=2	linear_trend_v1	5	3	2	15678130182172012520	linear	1	512	cases/linear_trend_v1__b=+05__l=3__r=2.f64le	6b75cc36ff15bf2be5284f27895bfd552fbc9d073b846e315128ca30021408cc	reference/linear_trend_v1__b=+05__l=3__r=2.lsg2	4b0c6e5959ddfbb1be34d61fe2d8ea4d4adc0d9254cc365ce44186e2587bf046	1842	16
lasagna2:m2.3:v1:linear_trend_v1:b=+05:l=3:r=3	linear_trend_v1	5	3	3	16145193468185968504	linear	1	512	cases/linear_trend_v1__b=+05__l=3__r=3.f64le	edbdc2047d355b6241d56cd1d87091da3f958d10474a8e91706bc02e4eaadd3d	reference/linear_trend_v1__b=+05__l=3__r=3.lsg2	eddf359e7b3fba2d748c4ff30905cfa1adef0ab9676eb46799ce7c2f73529e90	1842	16
lasagna2:m2.3:v1:linear_trend_v1:b=+05:l=3:r=4	linear_trend_v1	5	3	4	7170562582810126223	linear	1	512	cases/linear_trend_v1__b=+05__l=3__r=4.f64le	9ea87eb36796a19216b1ea71ef0e70c0920f448731caa83035c632664ad9aa08	reference/linear_trend_v1__b=+05__l=3__r=4.lsg2	aee9fe4f7fddd6b5721210388ba6c5d56c19feac580616b2ef10913c14f54fa9	1842	16
lasagna2:m2.3:v1:linear_trend_v1:b=+05:l=4:r=0	linear_trend_v1	5	4	0	15702433370871610681	linear	1	512	cases/linear_trend_v1__b=+05__l=4__r=0.f64le	3a0dec87cd32b3e465c736701d6236c207035b7e40cd4fd3275c95bf5debd224	reference/linear_trend_v1__b=+05__l=4__r=0.lsg2	415e044e878f36c6d3569b66f354086e3f07248471a297e67fc3b33c0561b832	1842	16
lasagna2:m2.3:v1:linear_trend_v1:b=+05:l=4:r=1	linear_trend_v1	5	4	1	3588351500516788739	linear	1	512	cases/linear_trend_v1__b=+05__l=4__r=1.f64le	cc752a5dac6a16f0f64f61aa4c9f3962ddd45afeab0f7e77029b3929937fd0cb	reference/linear_trend_v1__b=+05__l=4__r=1.lsg2	02ee71ca2aedd5e121f9e9e99b9f6f6c4cd3ab3ff1c8d46ea87a20b120aaa586	1842	16
lasagna2:m2.3:v1:linear_trend_v1:b=+05:l=4:r=2	linear_trend_v1	5	4	2	4138081333727145652	linear	1	512	cases/linear_trend_v1__b=+05__l=4__r=2.f64le	833f4e1723d802fdb26dbebacaecb474cd4b6453c33bd09d4461b57f5748192e	reference/linear_trend_v1__b=+05__l=4__r=2.lsg2	36ac416ce75ad0a731381af9606e7592f59ff267da3ef2df3efe2cc90bc65766	1842	16
lasagna2:m2.3:v1:linear_trend_v1:b=+05:l=4:r=3	linear_trend_v1	5	4	3	801892583516710250	linear	1	512	cases/linear_trend_v1__b=+05__l=4__r=3.f64le	f8ce61489e1245263eda83c95220d37e854e5fd1918e85381b8ffaa9d5fe326b	reference/linear_trend_v1__b=+05__l=4__r=3.lsg2	e3fb02065b50200cd0417a184c7047a9db3e938ae7c96d3c5ffac0efba280f51	1842	16
lasagna2:m2.3:v1:linear_trend_v1:b=+05:l=4:r=4	linear_trend_v1	5	4	4	9068851935004471858	linear	1	512	cases/linear_trend_v1__b=+05__l=4__r=4.f64le	0e0d144462940a233ba9786a5a38929693e92b1c2c69ad341b75bff7194526c7	reference/linear_trend_v1__b=+05__l=4__r=4.lsg2	b9373eb506afb9b6bc7132eee90e9edf3d8c6b63df7934a47a00dff8e4954a9f	1842	16
lasagna2:m2.3:v1:linear_trend_v1:b=+06:l=0:r=0	linear_trend_v1	6	0	0	9335469247864383031	linear	1	512	cases/linear_trend_v1__b=+06__l=0__r=0.f64le	039eb6624b4b6b4db4ebe22430bd2ba290d0be4863f5d26b5cb0051a8e550717	reference/linear_trend_v1__b=+06__l=0__r=0.lsg2	7aabcd1854bf0f05664174c47d736f52c67f119e911c433f232fbd17222173ac	930	4
lasagna2:m2.3:v1:linear_trend_v1:b=+06:l=0:r=1	linear_trend_v1	6	0	1	14239821164454931210	linear	1	512	cases/linear_trend_v1__b=+06__l=0__r=1.f64le	e882fd2aab9f91622f167b3c6c717e2425f26dd3a523d818c637296ab6a9b1bd	reference/linear_trend_v1__b=+06__l=0__r=1.lsg2	6f2e84174b9f91c9c3d78954670a5f9f915ca7b64ae92771e78006424499425a	930	4
lasagna2:m2.3:v1:linear_trend_v1:b=+06:l=0:r=2	linear_trend_v1	6	0	2	6542266923665272515	linear	1	512	cases/linear_trend_v1__b=+06__l=0__r=2.f64le	1e14984441b4046b4993c7cf342305289365468511ba19506b4c3df3218a97da	reference/linear_trend_v1__b=+06__l=0__r=2.lsg2	66a3e0aab7dde0eeb364c369a056859ee2e32aa34c6d5f1c98d1330393d7a3fb	930	4
lasagna2:m2.3:v1:linear_trend_v1:b=+06:l=0:r=3	linear_trend_v1	6	0	3	5732515995866351799	linear	1	512	cases/linear_trend_v1__b=+06__l=0__r=3.f64le	5d4f535237a081f2734d39b524b7a98479008e43c89d7ff5fed33c62cff5ac73	reference/linear_trend_v1__b=+06__l=0__r=3.lsg2	7560601304084dc8de48317b6d0755658d8882c105bd9db95486a334d2ce6536	930	4
lasagna2:m2.3:v1:linear_trend_v1:b=+06:l=0:r=4	linear_trend_v1	6	0	4	8654596562510757087	linear	1	512	cases/linear_trend_v1__b=+06__l=0__r=4.f64le	53da95ee86e5c096c38fcc66ccf1f7fa78b73a7b92d78ef83a099d0f0a465a9a	reference/linear_trend_v1__b=+06__l=0__r=4.lsg2	807b3a5feadcd60c70f04cfa62a010172839204a963401fb0cc6413452776b45	930	4
lasagna2:m2.3:v1:linear_trend_v1:b=+06:l=1:r=0	linear_trend_v1	6	1	0	17065342320580624165	linear	1	512	cases/linear_trend_v1__b=+06__l=1__r=0.f64le	5e31b956634668e6dcc34ecd1546346fdb283d4e62933c01054adfa4ba2c44ee	reference/linear_trend_v1__b=+06__l=1__r=0.lsg2	6c84b69c867f7fa8ff77cde0d438482469354eb6a520b44e6ca6d8275b6bc37e	1842	16
lasagna2:m2.3:v1:linear_trend_v1:b=+06:l=1:r=1	linear_trend_v1	6	1	1	3986920087048914445	linear	1	512	cases/linear_trend_v1__b=+06__l=1__r=1.f64le	b8726909953cc17976a2495f015401c26fce1f9ae741e950903e886c37bcd2ee	reference/linear_trend_v1__b=+06__l=1__r=1.lsg2	3baf2681f23a1620be83e70692f538bc599414df211545ce472f9b3ec1f50254	1842	16
lasagna2:m2.3:v1:linear_trend_v1:b=+06:l=1:r=2	linear_trend_v1	6	1	2	2925272053534610943	linear	1	512	cases/linear_trend_v1__b=+06__l=1__r=2.f64le	7686a8a62182e9f24e43dfbc118b799d4c050670f58b743ddedaf35555b16788	reference/linear_trend_v1__b=+06__l=1__r=2.lsg2	933423d954ac5099293d3bb9aebed93b28d4859586464e7ca4457f0c26a082a9	1842	16
lasagna2:m2.3:v1:linear_trend_v1:b=+06:l=1:r=3	linear_trend_v1	6	1	3	8359169100991442044	linear	1	512	cases/linear_trend_v1__b=+06__l=1__r=3.f64le	7a52ec3d957f997253549ae7ca6c1cedcb504d1271cb6f7705ae4ca4e79f74d4	reference/linear_trend_v1__b=+06__l=1__r=3.lsg2	ac061b0cda15c1285e1d9b5b50407ebe73b5ad9fa676ec29f50f93d3513a0e60	1842	16
lasagna2:m2.3:v1:linear_trend_v1:b=+06:l=1:r=4	linear_trend_v1	6	1	4	464697377542361719	linear	1	512	cases/linear_trend_v1__b=+06__l=1__r=4.f64le	2916defbe507bba0188f578d26203903636cda5e3ae705c7ba039b73592df880	reference/linear_trend_v1__b=+06__l=1__r=4.lsg2	12b82a31c6cffbea320d0761f0bc7f15d1be5998a31ae4f928a9b12d0ac9e713	1842	16
lasagna2:m2.3:v1:linear_trend_v1:b=+06:l=2:r=0	linear_trend_v1	6	2	0	4895375546602525886	linear	1	512	cases/linear_trend_v1__b=+06__l=2__r=0.f64le	2794f04f602e917263916fe4c5501fce17ef16a712f62b85eb0851de1882e738	reference/linear_trend_v1__b=+06__l=2__r=0.lsg2	c77f7190c394d1bc6eea48ccd35217583e71dfa00d12783bf3286bf72ac75821	1842	16
lasagna2:m2.3:v1:linear_trend_v1:b=+06:l=2:r=1	linear_trend_v1	6	2	1	746321227318390601	linear	1	512	cases/linear_trend_v1__b=+06__l=2__r=1.f64le	99bea65ffcdd232b6f7b579b7dac7238bd9e92639799ccd79300ece6433a6101	reference/linear_trend_v1__b=+06__l=2__r=1.lsg2	ae386db2709ba1aae49347d229a8d0f701eb72673fa6e7125777f57f7a020dcd	1842	16
lasagna2:m2.3:v1:linear_trend_v1:b=+06:l=2:r=2	linear_trend_v1	6	2	2	17462563775784778639	linear	1	512	cases/linear_trend_v1__b=+06__l=2__r=2.f64le	eaa34a701f1133f937e7bea4a15d64a52a8b550b17b4287d420ce40771157b10	reference/linear_trend_v1__b=+06__l=2__r=2.lsg2	b40b5bef0210fe70b71bdfb14dbf0429e85d8fa43bd63b379b2fb714c5668b41	1842	16
lasagna2:m2.3:v1:linear_trend_v1:b=+06:l=2:r=3	linear_trend_v1	6	2	3	8039156148889543489	linear	1	512	cases/linear_trend_v1__b=+06__l=2__r=3.f64le	a1d836db9649de51dd9e5af474bc01fcf4c1f74fe57b880a75f10148c688238f	reference/linear_trend_v1__b=+06__l=2__r=3.lsg2	88b73a80bcb78f9fa00df8fd8c88bddde8155958a789596a952895d0dc442559	1842	16
lasagna2:m2.3:v1:linear_trend_v1:b=+06:l=2:r=4	linear_trend_v1	6	2	4	6382624472940937709	linear	1	512	cases/linear_trend_v1__b=+06__l=2__r=4.f64le	da15115f522aa6471cafb00d47a50d9c71ddbba124d7f6a934d6e1b0e768aa1c	reference/linear_trend_v1__b=+06__l=2__r=4.lsg2	45cd1fe7cbddb9f1c9788bc2661cb4ca03c86b5d4c0042927c8259bcae14e375	1842	16
lasagna2:m2.3:v1:linear_trend_v1:b=+06:l=3:r=0	linear_trend_v1	6	3	0	11525861069934229846	linear	1	512	cases/linear_trend_v1__b=+06__l=3__r=0.f64le	4e5a0eb17e18ec4183c84a0f4c24af7dfd07cced7098e728831d14ed7ee3a831	reference/linear_trend_v1__b=+06__l=3__r=0.lsg2	c611bafaf210a25cb5242b079338491e123b18282246f89a86974122d116c021	1842	16
lasagna2:m2.3:v1:linear_trend_v1:b=+06:l=3:r=1	linear_trend_v1	6	3	1	13877590977995522379	linear	1	512	cases/linear_trend_v1__b=+06__l=3__r=1.f64le	c6ed18a35052624fadf2364b95821abd36f71495e6ccb34f828436343fe306a7	reference/linear_trend_v1__b=+06__l=3__r=1.lsg2	8795cd20e6b35278192d40cedf79530fbb3d0152ad82451343bd85dea4233145	1842	16
lasagna2:m2.3:v1:linear_trend_v1:b=+06:l=3:r=2	linear_trend_v1	6	3	2	18246078501184001032	linear	1	512	cases/linear_trend_v1__b=+06__l=3__r=2.f64le	054105e11e033e739dc5d235950176e714bed16ef5174ec1c9588714c52222e2	reference/linear_trend_v1__b=+06__l=3__r=2.lsg2	5878455f87f4cca2c424209d8e7a28bae2018c7a6dfba071037ce1a855cfa224	1842	16
lasagna2:m2.3:v1:linear_trend_v1:b=+06:l=3:r=3	linear_trend_v1	6	3	3	10261177256240500223	linear	1	512	cases/linear_trend_v1__b=+06__l=3__r=3.f64le	4bbba768494528478d08f905930f917279e0a9a2e8993c14a79f653d48e3adfc	reference/linear_trend_v1__b=+06__l=3__r=3.lsg2	769e6d79bd6a9fc72e21e4bd15834c3bb273a4559dde2837174e23a7b5aade97	1842	16
lasagna2:m2.3:v1:linear_trend_v1:b=+06:l=3:r=4	linear_trend_v1	6	3	4	8138763766778218822	linear	1	512	cases/linear_trend_v1__b=+06__l=3__r=4.f64le	6c9433e2bd09331c0a15bd5e19125fd5e009e653c53b4045187da73b4911bc56	reference/linear_trend_v1__b=+06__l=3__r=4.lsg2	9c95d1b4fc9f95c4391f993d8fd0abdb6b9af6b30bfe06c26f60ae4a592f5fe8	1842	16
lasagna2:m2.3:v1:linear_trend_v1:b=+06:l=4:r=0	linear_trend_v1	6	4	0	1656381937151395794	linear	1	512	cases/linear_trend_v1__b=+06__l=4__r=0.f64le	e9ef6cd987f3153a01e0b1d337a5ef6a70d571edb55b60518ce3896c05e2f28a	reference/linear_trend_v1__b=+06__l=4__r=0.lsg2	c886204c28e8e155a40c9bbc32ddf27f2597df661295e296eb429e7922d0aeb6	1842	16
lasagna2:m2.3:v1:linear_trend_v1:b=+06:l=4:r=1	linear_trend_v1	6	4	1	581767149338831156	linear	1	512	cases/linear_trend_v1__b=+06__l=4__r=1.f64le	7d662a317a1aa83aaaa7f6e66cb24eb3f628c45a5e5fa9cfb5c8b42ee97a3777	reference/linear_trend_v1__b=+06__l=4__r=1.lsg2	f86f07792d620d424efefb5db343d500350999c48717565584bb70f49b3cfa17	1842	16
lasagna2:m2.3:v1:linear_trend_v1:b=+06:l=4:r=2	linear_trend_v1	6	4	2	1725576681612378133	linear	1	512	cases/linear_trend_v1__b=+06__l=4__r=2.f64le	7ef3ee2800e0bc37fdf9307a895a756f8ad6e829e36f9eb57adeffc162cd70a9	reference/linear_trend_v1__b=+06__l=4__r=2.lsg2	98b0527d2ca9290985e9c57d672379befa6d3b5c40027b0c93ef9a16402c9895	1842	16
lasagna2:m2.3:v1:linear_trend_v1:b=+06:l=4:r=3	linear_trend_v1	6	4	3	3322553825604374569	linear	1	512	cases/linear_trend_v1__b=+06__l=4__r=3.f64le	27487ce858f0ad88aa3c06229d68808652d17430932dd263e63341a86a66eb0b	reference/linear_trend_v1__b=+06__l=4__r=3.lsg2	410af1d94ef59d332269b355995edc732d2c8a79180a3f1ee386f07dcf302707	1842	16
lasagna2:m2.3:v1:linear_trend_v1:b=+06:l=4:r=4	linear_trend_v1	6	4	4	2928771275879007512	linear	1	512	cases/linear_trend_v1__b=+06__l=4__r=4.f64le	a688a88968a8860329da1fafd30b32f7380ad6694dc0cf487542621bb76b1d49	reference/linear_trend_v1__b=+06__l=4__r=4.lsg2	fb78847cea60a2fe14eb52a4367799ea9b9664fc7f759dbe30f998edff1e5c8f	1842	16
lasagna2:m2.3:v1:linear_trend_v1:b=+07:l=0:r=0	linear_trend_v1	7	0	0	2876458028853458739	linear	1	512	cases/linear_trend_v1__b=+07__l=0__r=0.f64le	ca57c833c26dc6a98cfb59b2300e4acfb289c2a55c5976b8cd392be74a15a3e2	reference/linear_trend_v1__b=+07__l=0__r=0.lsg2	c93b4338b3141e83f68c9e19acd24fc69c2adf8d63856c0f633e7e3dea6d9151	1842	16
lasagna2:m2.3:v1:linear_trend_v1:b=+07:l=0:r=1	linear_trend_v1	7	0	1	1685263641555228366	linear	1	512	cases/linear_trend_v1__b=+07__l=0__r=1.f64le	c1d1646b36ed2852c8ed865632be053e19c7166d407a8c697d28fcb300a0d28f	reference/linear_trend_v1__b=+07__l=0__r=1.lsg2	c97a341324a1cf92d69af5f7b9177897b62b614595c73d86716b495ea8088852	1842	16
lasagna2:m2.3:v1:linear_trend_v1:b=+07:l=0:r=2	linear_trend_v1	7	0	2	1424672541254416844	linear	1	512	cases/linear_trend_v1__b=+07__l=0__r=2.f64le	0c71582287f37b50b94e2c9aabbc4acd89e0173f0a7f1e09c50c6295af1ceb68	reference/linear_trend_v1__b=+07__l=0__r=2.lsg2	322c531511b8a23cf4c7a7b6f19311fe044ff24e5f578ced231a55bb9e26823d	1842	16
lasagna2:m2.3:v1:linear_trend_v1:b=+07:l=0:r=3	linear_trend_v1	7	0	3	9759196211353287325	linear	1	512	cases/linear_trend_v1__b=+07__l=0__r=3.f64le	9f13d67fcf025b003d21a78b6d1d4a9b4d372f499f60f5543f467cee5e99e655	reference/linear_trend_v1__b=+07__l=0__r=3.lsg2	f5e9f3bc18fb98bdc14ec4a1726fd5f205d4b58872b430a703d9bdc889f65b18	1842	16
lasagna2:m2.3:v1:linear_trend_v1:b=+07:l=0:r=4	linear_trend_v1	7	0	4	4214265414589398695	linear	1	512	cases/linear_trend_v1__b=+07__l=0__r=4.f64le	86c4b2d759b935bd40110e62ae3160814a6f399bafe8d6ca56b1505019e8242a	reference/linear_trend_v1__b=+07__l=0__r=4.lsg2	22c0f1eb13e183eb8c36feea502ce1130cf758be65f57b7fc855e2834fa131d4	1842	16
lasagna2:m2.3:v1:linear_trend_v1:b=+07:l=1:r=0	linear_trend_v1	7	1	0	8962241191802975522	linear	1	512	cases/linear_trend_v1__b=+07__l=1__r=0.f64le	64e8c420a4195ef83fc035a5f43d0d3950ebd65c38ccdc758653aa0194bcc34a	reference/linear_trend_v1__b=+07__l=1__r=0.lsg2	330558bdbf17928ca01c0939e95a9ff5be1224c09360b3e0e8e04f79011b8af9	1842	16
lasagna2:m2.3:v1:linear_trend_v1:b=+07:l=1:r=1	linear_trend_v1	7	1	1	11906809191748331768	linear	1	512	cases/linear_trend_v1__b=+07__l=1__r=1.f64le	14c07fbc1c7d8f2e74bea40f2a56095c51e5bf356ac117efe79ab5c9fe666174	reference/linear_trend_v1__b=+07__l=1__r=1.lsg2	2fee380ed1aa949f39968c40a24f3b100623e8f6d8158337f875004cab705856	1842	16
lasagna2:m2.3:v1:linear_trend_v1:b=+07:l=1:r=2	linear_trend_v1	7	1	2	284274555338835559	linear	1	512	cases/linear_trend_v1__b=+07__l=1__r=2.f64le	1179b9817b00b76a180025105cc4143fd9e3b109ca3701a652d933d2ffa09e4f	reference/linear_trend_v1__b=+07__l=1__r=2.lsg2	94a01aea6f6e7881857f14ef884e083bd3f4b025ed2637d5a6f650d9fccd7f2a	1842	16
lasagna2:m2.3:v1:linear_trend_v1:b=+07:l=1:r=3	linear_trend_v1	7	1	3	14332120591894128891	linear	1	512	cases/linear_trend_v1__b=+07__l=1__r=3.f64le	60c162c1cb566659ec01c12a2d24795c80400f8a44f90e31669ed09b280194cb	reference/linear_trend_v1__b=+07__l=1__r=3.lsg2	4aec3d95fb9bbcf9d0069c79baf55c0f1d9de7a9d2a2de2bac63d296abdf1a4e	1842	16
lasagna2:m2.3:v1:linear_trend_v1:b=+07:l=1:r=4	linear_trend_v1	7	1	4	5063310341675624862	linear	1	512	cases/linear_trend_v1__b=+07__l=1__r=4.f64le	ae3077b470e21605b2ac84a2b22ecf10ab4e900134f2739e8e7916fa5356cc34	reference/linear_trend_v1__b=+07__l=1__r=4.lsg2	3f569d128196c95091b94e56b20b8fbbde7faf3743bdef5543f9e115e5bec1be	1842	16
lasagna2:m2.3:v1:linear_trend_v1:b=+07:l=2:r=0	linear_trend_v1	7	2	0	17467128756956562871	linear	1	512	cases/linear_trend_v1__b=+07__l=2__r=0.f64le	790c74ecfe9b31c84898eb02a3ffe86b02277f79d55cabe1162a62ec78d238df	reference/linear_trend_v1__b=+07__l=2__r=0.lsg2	be22e2c31beb998f0bcf1f309212a6201f64ef23a0cafd3433243558ab76c61d	1842	16
lasagna2:m2.3:v1:linear_trend_v1:b=+07:l=2:r=1	linear_trend_v1	7	2	1	16649641058507702383	linear	1	512	cases/linear_trend_v1__b=+07__l=2__r=1.f64le	0c8187710147a431bee9c0f4d8390cb767b9853ff27fb6ad9667bbb52c143412	reference/linear_trend_v1__b=+07__l=2__r=1.lsg2	12fc8c9d31efd1b617004865659369b9570451a879a56861debf9fe0a8e3bb47	1842	16
lasagna2:m2.3:v1:linear_trend_v1:b=+07:l=2:r=2	linear_trend_v1	7	2	2	10856481127786469404	linear	1	512	cases/linear_trend_v1__b=+07__l=2__r=2.f64le	655237a505b8ad5f0cebc288b1f673c3f8a0ff0564e5c2ca184e34637e2c6bb1	reference/linear_trend_v1__b=+07__l=2__r=2.lsg2	ad16d46cebce312df314d34d1f19f4891460c9f4422f68b15b50145b9836b113	1842	16
lasagna2:m2.3:v1:linear_trend_v1:b=+07:l=2:r=3	linear_trend_v1	7	2	3	8270918382047396665	linear	1	512	cases/linear_trend_v1__b=+07__l=2__r=3.f64le	ee07c22f6f4d0a970ee0ceb4a28d0209b787bc5e164487e178d767228bb4ebd8	reference/linear_trend_v1__b=+07__l=2__r=3.lsg2	fe532929a917bb84d28fce60952d91f82d7f281fc872c6020eb15b110d64ecd9	1842	16
lasagna2:m2.3:v1:linear_trend_v1:b=+07:l=2:r=4	linear_trend_v1	7	2	4	1426151413943997056	linear	1	512	cases/linear_trend_v1__b=+07__l=2__r=4.f64le	cc586a2d003e1eada0daed27bcd4f3fb0a0079e55f10361d44c775010924bd44	reference/linear_trend_v1__b=+07__l=2__r=4.lsg2	fb8649ded200e054f17f54c4b333cd8e6a71b72fa9f3e1f2b82996e48b8a35b5	1842	16
lasagna2:m2.3:v1:linear_trend_v1:b=+07:l=3:r=0	linear_trend_v1	7	3	0	1443566628184465238	linear	1	512	cases/linear_trend_v1__b=+07__l=3__r=0.f64le	86d476a58523706d8b2b7aedd514f2f812356529e67298f9259ec62ca952fd8e	reference/linear_trend_v1__b=+07__l=3__r=0.lsg2	5845b37c8de572c76bbad252de648ca01ccb6eec195b8158c23ef32e8c37ddb9	1842	16
lasagna2:m2.3:v1:linear_trend_v1:b=+07:l=3:r=1	linear_trend_v1	7	3	1	1217762624751210076	linear	1	512	cases/linear_trend_v1__b=+07__l=3__r=1.f64le	11752c6371975e05fbaf31c1cc8217c928f4343d3ab5aa219841f74b86ed02d3	reference/linear_trend_v1__b=+07__l=3__r=1.lsg2	8c05b7f4c02d363bd2960a2f3edcbe78e455e44dd2471009cccdaf2a5b3db81d	1842	16
lasagna2:m2.3:v1:linear_trend_v1:b=+07:l=3:r=2	linear_trend_v1	7	3	2	11817726659696605459	linear	1	512	cases/linear_trend_v1__b=+07__l=3__r=2.f64le	51d8b5dd546c0be628488cd30c1aa6393e499ea00432b440ff45db613e31da5d	reference/linear_trend_v1__b=+07__l=3__r=2.lsg2	a964be09242cdef6e0fd0d4e33b1f20a296d1999c49d0218cf6fd6ebc7304a8c	1842	16
lasagna2:m2.3:v1:linear_trend_v1:b=+07:l=3:r=3	linear_trend_v1	7	3	3	18422167127275246026	linear	1	512	cases/linear_trend_v1__b=+07__l=3__r=3.f64le	c32d6ad55cddf1e104cb2dda389c4bf4ee14990627476fa70a91b39d39e76e49	reference/linear_trend_v1__b=+07__l=3__r=3.lsg2	ec8032415cb10c034460a2d3de1447417b0e3e395416367c19eb522adff0db18	1842	16
lasagna2:m2.3:v1:linear_trend_v1:b=+07:l=3:r=4	linear_trend_v1	7	3	4	3447235283890900870	linear	1	512	cases/linear_trend_v1__b=+07__l=3__r=4.f64le	d924ca0739c5add9504f22bd29fa140042dd3e8aab5539b1c0e03feaf552b9a5	reference/linear_trend_v1__b=+07__l=3__r=4.lsg2	4bd3a16e558f48c934bf3a4bdda882b05d5e5bc065b8d89379290555ed6495bc	1842	16
lasagna2:m2.3:v1:linear_trend_v1:b=+07:l=4:r=0	linear_trend_v1	7	4	0	4664371419028262779	linear	1	512	cases/linear_trend_v1__b=+07__l=4__r=0.f64le	a9d8b1708ea3873b155c5c501e2623e5ef26ff916b25d26498f4a6cee1f2eae9	reference/linear_trend_v1__b=+07__l=4__r=0.lsg2	b434c5566f5c0f32c7b059f924569a82ae1b16fea5856c2c31aafea445191650	1842	16
lasagna2:m2.3:v1:linear_trend_v1:b=+07:l=4:r=1	linear_trend_v1	7	4	1	6394590642875143164	linear	1	512	cases/linear_trend_v1__b=+07__l=4__r=1.f64le	7ed5a073e62df90eb11713f39cfab56c9e68bdb032e1c79c633f07dac29d4cc9	reference/linear_trend_v1__b=+07__l=4__r=1.lsg2	3c5c5f4178ddc8d5d013d11304d4f8a01b67fbbc325fefb87a7ad7d39b8f40ea	1842	16
lasagna2:m2.3:v1:linear_trend_v1:b=+07:l=4:r=2	linear_trend_v1	7	4	2	17935600112830090821	linear	1	512	cases/linear_trend_v1__b=+07__l=4__r=2.f64le	9ef208d0e08c65179efb7e9651ebb53c64240332b7c0129ffa8c28c56e9bb00a	reference/linear_trend_v1__b=+07__l=4__r=2.lsg2	d2e6a047c689683f5cd9f95a7293f89578a3d9f06a0cf7fe2614c9a36217ecc1	1842	16
lasagna2:m2.3:v1:linear_trend_v1:b=+07:l=4:r=3	linear_trend_v1	7	4	3	6681256666471174638	linear	1	512	cases/linear_trend_v1__b=+07__l=4__r=3.f64le	f8ae0da963580fe2e87306d4a73e47d1b599acfa33f3eb19d1b68a1543ab81fa	reference/linear_trend_v1__b=+07__l=4__r=3.lsg2	c8802bcc16bfde78ef82740f16d8ca191a60149043ea53fa12b05ccb013ef3f9	1842	16
lasagna2:m2.3:v1:linear_trend_v1:b=+07:l=4:r=4	linear_trend_v1	7	4	4	12227528096065067183	linear	1	512	cases/linear_trend_v1__b=+07__l=4__r=4.f64le	df619338d458a703de83674c0168017b10377e9671ae1ff6cdaf159c579611ca	reference/linear_trend_v1__b=+07__l=4__r=4.lsg2	5fc48e5baa684e90962c36314c985805e702576daa88db17a386cf0e6befd39b	1842	16
lasagna2:m2.3:v1:linear_trend_v1:b=+08:l=0:r=0	linear_trend_v1	8	0	0	14955171537614467588	linear	1	512	cases/linear_trend_v1__b=+08__l=0__r=0.f64le	500cc858cc42e0fa4f023355f0e317fd4fc2c29d746cbc9a4d9acbf5058bcca3	reference/linear_trend_v1__b=+08__l=0__r=0.lsg2	ad3f3a6380d4648dc85dd094dfa1cb4cb268a0e220c3dd2b355d2aca2b102dd4	1842	16
lasagna2:m2.3:v1:linear_trend_v1:b=+08:l=0:r=1	linear_trend_v1	8	0	1	11733886986115356451	linear	1	512	cases/linear_trend_v1__b=+08__l=0__r=1.f64le	16dbba70f6012d0b50b6f3e56c4fcb54a299dd9d00976cbcc1fedde5ce1a6f90	reference/linear_trend_v1__b=+08__l=0__r=1.lsg2	d059d06bd3382de52fea8f7ed58593b01e49396f43949a4d92e0e9881ab1b087	1842	16
lasagna2:m2.3:v1:linear_trend_v1:b=+08:l=0:r=2	linear_trend_v1	8	0	2	2955327716087106651	linear	1	512	cases/linear_trend_v1__b=+08__l=0__r=2.f64le	324521b844f2670de2a5db34ddd784ff59a0193dcd90ce38079c5eae84e5c837	reference/linear_trend_v1__b=+08__l=0__r=2.lsg2	6ca99885eab03e1db00a3f4b23c93f0701242e4bc3273e0fe78889e58a418066	1842	16
lasagna2:m2.3:v1:linear_trend_v1:b=+08:l=0:r=3	linear_trend_v1	8	0	3	14739258351550092701	linear	1	512	cases/linear_trend_v1__b=+08__l=0__r=3.f64le	bf225a059809da410e0a27252f405abff55d7ed4c2582200e8ae241e0e1ca5a2	reference/linear_trend_v1__b=+08__l=0__r=3.lsg2	12185f8fa38c4f01fd8eb8b412485824574f1bbe36f11e175b3f3fb38af5039e	1842	16
lasagna2:m2.3:v1:linear_trend_v1:b=+08:l=0:r=4	linear_trend_v1	8	0	4	16199594004661536656	linear	1	512	cases/linear_trend_v1__b=+08__l=0__r=4.f64le	bd8eb71caf9fb6d9aedc54d0f1354703bc54571e4e5ca314dad111a3061f823c	reference/linear_trend_v1__b=+08__l=0__r=4.lsg2	a4a1cf084df3668127a51fe6747d4e423668f23d3d5d77f6e9ed0ae967a49f5b	1842	16
lasagna2:m2.3:v1:linear_trend_v1:b=+08:l=1:r=0	linear_trend_v1	8	1	0	16194903093420228417	linear	1	512	cases/linear_trend_v1__b=+08__l=1__r=0.f64le	aecaa908103d3ffa96eb9121ee877b51ee3d970f8735c359e0b2d2562231f0c5	reference/linear_trend_v1__b=+08__l=1__r=0.lsg2	a41d0e2718996d41532df650db160abdc86a44f98d2302312cc956eb23286cb5	1842	16
lasagna2:m2.3:v1:linear_trend_v1:b=+08:l=1:r=1	linear_trend_v1	8	1	1	6261752350724308510	linear	1	512	cases/linear_trend_v1__b=+08__l=1__r=1.f64le	c082437201643e97e0f9c343f0a76cec5b66b61cf28107d4601990ab111c6018	reference/linear_trend_v1__b=+08__l=1__r=1.lsg2	62bb5ee42ebcdeb554353a1387f7a433611bb18013b8cf68d1811f79b7a5ae9c	1842	16
lasagna2:m2.3:v1:linear_trend_v1:b=+08:l=1:r=2	linear_trend_v1	8	1	2	8471630784617001125	linear	1	512	cases/linear_trend_v1__b=+08__l=1__r=2.f64le	a5a461c45af40f91ed5a5592d37c8f5f4f9051b5232465ccae3d730f9206e2f0	reference/linear_trend_v1__b=+08__l=1__r=2.lsg2	6452dabe1c38dd38454a5145a07497270d6debeeba89cacbfd651d69c550a971	1842	16
lasagna2:m2.3:v1:linear_trend_v1:b=+08:l=1:r=3	linear_trend_v1	8	1	3	5916303001650384167	linear	1	512	cases/linear_trend_v1__b=+08__l=1__r=3.f64le	6c64fb8a42e66b9a1b9d759bbc0b7a748d6ac13572e15b5e1df3f5efabd72ef0	reference/linear_trend_v1__b=+08__l=1__r=3.lsg2	e5defc4f71810f269eda3f7b1c04bce0ae85890b07e4b8d7f2cc7044f43f3531	1842	16
lasagna2:m2.3:v1:linear_trend_v1:b=+08:l=1:r=4	linear_trend_v1	8	1	4	8086384916675183744	linear	1	512	cases/linear_trend_v1__b=+08__l=1__r=4.f64le	29df52639299f20a90765042d68d9bd90c1b12acd7295045efa04f5419c0e741	reference/linear_trend_v1__b=+08__l=1__r=4.lsg2	5ffe905e3c3df1926ef5a6e46e6251334b2effcc8a330fae765a101587de18ce	1842	16
lasagna2:m2.3:v1:linear_trend_v1:b=+08:l=2:r=0	linear_trend_v1	8	2	0	10638225210098827992	linear	1	512	cases/linear_trend_v1__b=+08__l=2__r=0.f64le	9c18ccd60bea70fd26c021310e03b5834e315b3022cfa526f5491e33b0418ed2	reference/linear_trend_v1__b=+08__l=2__r=0.lsg2	2ec646a3a9c70939a3fc8da58a4d3a4650cdb24727b6601e1791e98087bae664	1842	16
lasagna2:m2.3:v1:linear_trend_v1:b=+08:l=2:r=1	linear_trend_v1	8	2	1	16784551925987785213	linear	1	512	cases/linear_trend_v1__b=+08__l=2__r=1.f64le	55833f937a3480b5616ef454e0a17493cabe159470ba6668137fa0a8fd3aa3bb	reference/linear_trend_v1__b=+08__l=2__r=1.lsg2	118b9e19304f9ef3ade1a7510646f56fdeba9ace0955a6884fce48d11d53fd80	1842	16
lasagna2:m2.3:v1:linear_trend_v1:b=+08:l=2:r=2	linear_trend_v1	8	2	2	12644303551381711861	linear	1	512	cases/linear_trend_v1__b=+08__l=2__r=2.f64le	0ec418eee43ec9d6a3f3741588fe5ef1ed1cadb34d06c9196debf0dbfdba858d	reference/linear_trend_v1__b=+08__l=2__r=2.lsg2	b0ff5e2446524ac8df8b2f54a690b84e90ae0020f8c2b3402ab25ccb625a4dbc	1842	16
lasagna2:m2.3:v1:linear_trend_v1:b=+08:l=2:r=3	linear_trend_v1	8	2	3	17955750414935646417	linear	1	512	cases/linear_trend_v1__b=+08__l=2__r=3.f64le	0eb8fabb681be2a01376b253c0a6c91b34e269de9485997b5e44fc8b0ccbcff3	reference/linear_trend_v1__b=+08__l=2__r=3.lsg2	32ac435b0d657290c4b27529d4fd7ec4b6a38092c6de94cac6ecf025678ec68e	1842	16
lasagna2:m2.3:v1:linear_trend_v1:b=+08:l=2:r=4	linear_trend_v1	8	2	4	13882126589763929121	linear	1	512	cases/linear_trend_v1__b=+08__l=2__r=4.f64le	71f372cc99de940d65bc77a6fcf8d566a8f4e4347c3a14c7776066eaafc5bd7f	reference/linear_trend_v1__b=+08__l=2__r=4.lsg2	658f52ee6b265d7e05715630cd3062bd419c869874204d7ee633e6fe9e53fa92	1842	16
lasagna2:m2.3:v1:linear_trend_v1:b=+08:l=3:r=0	linear_trend_v1	8	3	0	7693726055540776607	linear	1	512	cases/linear_trend_v1__b=+08__l=3__r=0.f64le	7949bfd9a443a6efece7ed8ddcc8d50c0fe98683a4b7b22bebe2e0a236646614	reference/linear_trend_v1__b=+08__l=3__r=0.lsg2	f048b7b4aebd56177c037daaa3a0c0af2614ba1299c0db328531888a9cc49fd4	1842	16
lasagna2:m2.3:v1:linear_trend_v1:b=+08:l=3:r=1	linear_trend_v1	8	3	1	17323289667708027193	linear	1	512	cases/linear_trend_v1__b=+08__l=3__r=1.f64le	6fbfd5ed0822136b387e1c2b2d27e9fa735b5f106ac1e189ccb200863526e50b	reference/linear_trend_v1__b=+08__l=3__r=1.lsg2	7f1e9860fe15c79249fe78ac5bd99a730ca4a6d09e7edc049ad6a398704617aa	1842	16
lasagna2:m2.3:v1:linear_trend_v1:b=+08:l=3:r=2	linear_trend_v1	8	3	2	5523013025087011217	linear	1	512	cases/linear_trend_v1__b=+08__l=3__r=2.f64le	07dc136671652a51521da9f5b672f3859ed03ae9177b736dacfe31ddf4646eff	reference/linear_trend_v1__b=+08__l=3__r=2.lsg2	47692f5f53835a683ce22f6d9ec0a1aec51b80259c1469df1eab582c4afc5217	1842	16
lasagna2:m2.3:v1:linear_trend_v1:b=+08:l=3:r=3	linear_trend_v1	8	3	3	16521116285800159846	linear	1	512	cases/linear_trend_v1__b=+08__l=3__r=3.f64le	1b0777a26460894accd100a36d996acc59a8dfee857840d870c47caafde69a1f	reference/linear_trend_v1__b=+08__l=3__r=3.lsg2	ac75440ed52c96adae5c24808004d5108a71b4fa1ac31f3ebb7e63faa08c002e	1842	16
lasagna2:m2.3:v1:linear_trend_v1:b=+08:l=3:r=4	linear_trend_v1	8	3	4	4037272232864598304	linear	1	512	cases/linear_trend_v1__b=+08__l=3__r=4.f64le	4d7f267a0e0136822df009931a772a98c53a49a3f2c30baeb4d98b567d7df75a	reference/linear_trend_v1__b=+08__l=3__r=4.lsg2	5bc0b04a213cd0e01cacb0540ca87c510924a86223e871a64dfaea4820ef203a	1842	16
lasagna2:m2.3:v1:linear_trend_v1:b=+08:l=4:r=0	linear_trend_v1	8	4	0	18269121318547241142	linear	1	512	cases/linear_trend_v1__b=+08__l=4__r=0.f64le	4100aafa8d20c70e812c5f5ba2d902ea4bbf5267a94eb929bce1e717838b7d6e	reference/linear_trend_v1__b=+08__l=4__r=0.lsg2	063444426c1bffe9d39a48391edcd50f49d60a363ecae560134d2d2f7a469d72	1842	16
lasagna2:m2.3:v1:linear_trend_v1:b=+08:l=4:r=1	linear_trend_v1	8	4	1	5376896378915373314	linear	1	512	cases/linear_trend_v1__b=+08__l=4__r=1.f64le	763bc6be4616547000cb0b7ab72c9e0b8313a12007ebc279d3060124b79e6579	reference/linear_trend_v1__b=+08__l=4__r=1.lsg2	592d2e33161b13d00b88eb9013b34c1acc9a920f8d205c6414ae8863678659b6	1842	16
lasagna2:m2.3:v1:linear_trend_v1:b=+08:l=4:r=2	linear_trend_v1	8	4	2	137263797860233489	linear	1	512	cases/linear_trend_v1__b=+08__l=4__r=2.f64le	968b1afa33099ee16f7ea495babfe81f31cc4579cff66ae183f37eb95f6ec5f5	reference/linear_trend_v1__b=+08__l=4__r=2.lsg2	699c5a504e2af3a14f2f13be19a22c86f01c655464e5238341694616bb3c5e6a	1842	16
lasagna2:m2.3:v1:linear_trend_v1:b=+08:l=4:r=3	linear_trend_v1	8	4	3	9065524939762358952	linear	1	512	cases/linear_trend_v1__b=+08__l=4__r=3.f64le	7171b8982d8c640f3c27cfd218a5787b7f44ca717cc93275b817bba15055519c	reference/linear_trend_v1__b=+08__l=4__r=3.lsg2	c40ff5a7ba56dd248730b67cc943e79bf75a94918e8c5a8e19a473eb3ed24e54	1842	16
lasagna2:m2.3:v1:linear_trend_v1:b=+08:l=4:r=4	linear_trend_v1	8	4	4	3009227933440504084	linear	1	512	cases/linear_trend_v1__b=+08__l=4__r=4.f64le	294a9e33c0a30d76aa62c3c1eecae8372c09337d3e51b486a8d768595fcbd7f0	reference/linear_trend_v1__b=+08__l=4__r=4.lsg2	7fc2fbf90aa54021855fa4ed42b08064b9939132ff0f01a632cc1c992383ae78	1842	16
lasagna2:m2.3:v1:linear_trend_v1:b=+09:l=0:r=0	linear_trend_v1	9	0	0	6081130928505598703	linear	1	512	cases/linear_trend_v1__b=+09__l=0__r=0.f64le	9f2d8fe7d5f66f5656a9271833b4b06351ca625028c04b1c728bc599db0e33b4	reference/linear_trend_v1__b=+09__l=0__r=0.lsg2	90a245679c11212a11964e081f30ad16699a5b2d95f049a882e38d25298ce1c9	1842	16
lasagna2:m2.3:v1:linear_trend_v1:b=+09:l=0:r=1	linear_trend_v1	9	0	1	16473188981708397038	linear	1	512	cases/linear_trend_v1__b=+09__l=0__r=1.f64le	7fc620525854acc920afcab1848694b2b0db7f693f8715862d215c44fca37ab5	reference/linear_trend_v1__b=+09__l=0__r=1.lsg2	56901d196267b82b8d8a25732ae4d241d990788f70abbdbe54b93deee971f167	1842	16
lasagna2:m2.3:v1:linear_trend_v1:b=+09:l=0:r=2	linear_trend_v1	9	0	2	18263185908382223169	linear	1	512	cases/linear_trend_v1__b=+09__l=0__r=2.f64le	1c854bcd9809841358cab391d9b2156a027958d99b29deb0180c575b916db987	reference/linear_trend_v1__b=+09__l=0__r=2.lsg2	39dd0d44bd93c03a6e8b3f954424f4235b46beb045e94aa86c118df773f7fcf4	1842	16
lasagna2:m2.3:v1:linear_trend_v1:b=+09:l=0:r=3	linear_trend_v1	9	0	3	5802380444901164267	linear	1	512	cases/linear_trend_v1__b=+09__l=0__r=3.f64le	afc305237d0fc7a17f85920f9298b600deef6256015a066a4e2251477f5c87e0	reference/linear_trend_v1__b=+09__l=0__r=3.lsg2	82cd97810d4cd8c53ddb96a2ac632c29a4bf6c3a2f2f9cb531e8f84c6001a63c	1842	16
lasagna2:m2.3:v1:linear_trend_v1:b=+09:l=0:r=4	linear_trend_v1	9	0	4	454846878291537006	linear	1	512	cases/linear_trend_v1__b=+09__l=0__r=4.f64le	0b44024e83c811456fa703741b8b2012a543592094a4a084f202b225a8d01e69	reference/linear_trend_v1__b=+09__l=0__r=4.lsg2	d3e275eedd2dc55ca68655b91ea48060468c528539d1b448c70996051cd2a828	1842	16
lasagna2:m2.3:v1:linear_trend_v1:b=+09:l=1:r=0	linear_trend_v1	9	1	0	547205903278947547	linear	1	512	cases/linear_trend_v1__b=+09__l=1__r=0.f64le	1c8a2412ba51d1ea0d11068784fde9ff4fdeba90f51eced9f29249f735c0148e	reference/linear_trend_v1__b=+09__l=1__r=0.lsg2	7f61754b3ced8ac3625674ccbfecf9c478e7937e8bcd9c8e0ad5d120fce5b154	1842	16
lasagna2:m2.3:v1:linear_trend_v1:b=+09:l=1:r=1	linear_trend_v1	9	1	1	18101666828266002395	linear	1	512	cases/linear_trend_v1__b=+09__l=1__r=1.f64le	cabbec2a95353da118bc15128bf5b209f13b537adaf79490bc8e831323923285	reference/linear_trend_v1__b=+09__l=1__r=1.lsg2	2594d9422b76dfa0eabe707900e482a90631964e24dd9aca16f5bae1ed0607f2	1842	16
lasagna2:m2.3:v1:linear_trend_v1:b=+09:l=1:r=2	linear_trend_v1	9	1	2	8337188212376066288	linear	1	512	cases/linear_trend_v1__b=+09__l=1__r=2.f64le	f843db1e669214f9da0a1f7036a43bba42cd7f8078890eb32ee7df09dc6c8333	reference/linear_trend_v1__b=+09__l=1__r=2.lsg2	566d201f6fef3d1fb57cbde3fc9d68e2e4d844d266088f9c1bbe18f7577416b5	1842	16
lasagna2:m2.3:v1:linear_trend_v1:b=+09:l=1:r=3	linear_trend_v1	9	1	3	835435438094999388	linear	1	512	cases/linear_trend_v1__b=+09__l=1__r=3.f64le	4adcd7e33be3dd401fd50a63c74a0c45badd9a82cacf08342104eb72bc412ace	reference/linear_trend_v1__b=+09__l=1__r=3.lsg2	9e72efd00ecf8b238cf79746abb1886feb64f0820829d725fd7c2049e25dd3bd	1842	16
lasagna2:m2.3:v1:linear_trend_v1:b=+09:l=1:r=4	linear_trend_v1	9	1	4	17460052825353901252	linear	1	512	cases/linear_trend_v1__b=+09__l=1__r=4.f64le	47e98ef16d89238c761f52646c320d7ee6230f428bf15afc08caaf5d5b1d2bf9	reference/linear_trend_v1__b=+09__l=1__r=4.lsg2	80aeedac74aaa99ab3bc8a248dcb86a8578f7459da1e3d14fab3e244e2c4171b	1842	16
lasagna2:m2.3:v1:linear_trend_v1:b=+09:l=2:r=0	linear_trend_v1	9	2	0	11708997767209423817	linear	1	512	cases/linear_trend_v1__b=+09__l=2__r=0.f64le	e348f37cc002c139fa16d88f7e23a6c6575f7cd3019497540a4eb296e2523b29	reference/linear_trend_v1__b=+09__l=2__r=0.lsg2	04d9f288b91e3c0745c632a314b9337e5cf8cc2a4f630ce4448555807efb830f	1842	16
lasagna2:m2.3:v1:linear_trend_v1:b=+09:l=2:r=1	linear_trend_v1	9	2	1	6264864616617740112	linear	1	512	cases/linear_trend_v1__b=+09__l=2__r=1.f64le	ee0466d44343ea04f8179150d80004b5d331f20182010a903b0938a6f743a062	reference/linear_trend_v1__b=+09__l=2__r=1.lsg2	1cc36c3c469b7014cf22d623e308d6e75e57a826ec039d3070b245b46308c6db	1842	16
lasagna2:m2.3:v1:linear_trend_v1:b=+09:l=2:r=2	linear_trend_v1	9	2	2	3703263532579340675	linear	1	512	cases/linear_trend_v1__b=+09__l=2__r=2.f64le	ad0f46280ec57045a5d1c75a5851212c87272eef402aa80b12de5fa915e6cdce	reference/linear_trend_v1__b=+09__l=2__r=2.lsg2	355e2f4576362bc756c55fb89de03495c5c75a756631c0345b905b9742c7e0d9	1842	16
lasagna2:m2.3:v1:linear_trend_v1:b=+09:l=2:r=3	linear_trend_v1	9	2	3	3657334707866869561	linear	1	512	cases/linear_trend_v1__b=+09__l=2__r=3.f64le	7254522dc6ca3449418c4e01dbeb2b683ad3fc12ed773ec77381fc72cca4b4d6	reference/linear_trend_v1__b=+09__l=2__r=3.lsg2	0a52c29cf03f5beab1fd285d05e9c9f8b9a3e29d4c89da6dc7ed45e6764f8b78	1842	16
lasagna2:m2.3:v1:linear_trend_v1:b=+09:l=2:r=4	linear_trend_v1	9	2	4	777049928421078556	linear	1	512	cases/linear_trend_v1__b=+09__l=2__r=4.f64le	e474169ba94750d46c9f6f785e301285b32dd53a8c1dae8847f96b906f3c4298	reference/linear_trend_v1__b=+09__l=2__r=4.lsg2	6ba0cd6c3f2723f9781895e945e5ca7ca5bd668a7c26e1750315dba1ed360a37	1842	16
lasagna2:m2.3:v1:linear_trend_v1:b=+09:l=3:r=0	linear_trend_v1	9	3	0	9152541345648665466	linear	1	512	cases/linear_trend_v1__b=+09__l=3__r=0.f64le	421a4acf273078865b2aa3fe7ba85e2a0976b0b7bf2bba01293281e1afc87910	reference/linear_trend_v1__b=+09__l=3__r=0.lsg2	9c96d1997f287fe3d512191a69cf4ba1be193cd4522d4633f156827675fba1fa	1842	16
lasagna2:m2.3:v1:linear_trend_v1:b=+09:l=3:r=1	linear_trend_v1	9	3	1	4152187523407802335	linear	1	512	cases/linear_trend_v1__b=+09__l=3__r=1.f64le	1688e9141a6ac8ad96aaea3068da6eee3b2394c960ea47aa9676842f8d81f1e5	reference/linear_trend_v1__b=+09__l=3__r=1.lsg2	1325a587d0751f4c5feab008af9320c7db5d2e3114bd5d3f3667ed520b981211	1842	16
lasagna2:m2.3:v1:linear_trend_v1:b=+09:l=3:r=2	linear_trend_v1	9	3	2	444089363180022765	linear	1	512	cases/linear_trend_v1__b=+09__l=3__r=2.f64le	ff46fda5fe566ea4aa38dd8f45893312258c287285c591bab757c07ef774f4f2	reference/linear_trend_v1__b=+09__l=3__r=2.lsg2	45e8ba20a7b7b4d191f57b658cbe0ba006c786e483e913c1e5227d3a79440181	1842	16
lasagna2:m2.3:v1:linear_trend_v1:b=+09:l=3:r=3	linear_trend_v1	9	3	3	5300762002881273758	linear	1	512	cases/linear_trend_v1__b=+09__l=3__r=3.f64le	3ee262daa389f97766f6965a7b8a6989fd501e5c33708a60b4ddf45959afc4d0	reference/linear_trend_v1__b=+09__l=3__r=3.lsg2	a4b840a9faf4d5d04704345e26121bed94f454bf11de6e3cd280eefea10c6c61	1842	16
lasagna2:m2.3:v1:linear_trend_v1:b=+09:l=3:r=4	linear_trend_v1	9	3	4	11122121574838174122	linear	1	512	cases/linear_trend_v1__b=+09__l=3__r=4.f64le	a321f6b9d8a38b1ae6a257cd815ec64748b1a7bba0aa7caf884f77a02e96a438	reference/linear_trend_v1__b=+09__l=3__r=4.lsg2	e398b3320ab561aaa368c0cf3c2e8bb48895e7294d49ba9c1fa228d61ea8dec7	1842	16
lasagna2:m2.3:v1:linear_trend_v1:b=+09:l=4:r=0	linear_trend_v1	9	4	0	13389983475418290079	linear	1	512	cases/linear_trend_v1__b=+09__l=4__r=0.f64le	10e64b1afa86a480f5df56e14b82df1be5a43db5b5ee7af269975a2023b39d3c	reference/linear_trend_v1__b=+09__l=4__r=0.lsg2	78bc69d3119d04d0c368b768a285bae4eb33dfe1c56b0d20f50b40d558d12dac	1842	16
lasagna2:m2.3:v1:linear_trend_v1:b=+09:l=4:r=1	linear_trend_v1	9	4	1	18300240245661645601	linear	1	512	cases/linear_trend_v1__b=+09__l=4__r=1.f64le	4ee68ad6bcf18f83708c17a4564e2bc1d5a4d4e0961ad4eb8381fa477d0075db	reference/linear_trend_v1__b=+09__l=4__r=1.lsg2	6a5b5f77447a1382c9cba7b16d2220799728e28c193f62121b7dfdc83c418d55	1842	16
lasagna2:m2.3:v1:linear_trend_v1:b=+09:l=4:r=2	linear_trend_v1	9	4	2	12040118886757274607	linear	1	512	cases/linear_trend_v1__b=+09__l=4__r=2.f64le	111620f23cadbf49660dbf3e74f2de4ed411ab300cf4f2e2a607fb542bc59e33	reference/linear_trend_v1__b=+09__l=4__r=2.lsg2	e86d7595dbf257b4319caecd04c9a2bbed56277125964b17e25bb8e70b075bab	1842	16
lasagna2:m2.3:v1:linear_trend_v1:b=+09:l=4:r=3	linear_trend_v1	9	4	3	4843315916617683260	linear	1	512	cases/linear_trend_v1__b=+09__l=4__r=3.f64le	087588fdb8e70680c2106e75aaf3c7b9e6abb444ff9370c92e66a0a2d590a9f9	reference/linear_trend_v1__b=+09__l=4__r=3.lsg2	87678af120946654c7ec0f95205668e2f4f0d4cbf62335998d0654a06b151f69	1842	16
lasagna2:m2.3:v1:linear_trend_v1:b=+09:l=4:r=4	linear_trend_v1	9	4	4	8165995200183605005	linear	1	512	cases/linear_trend_v1__b=+09__l=4__r=4.f64le	35070e1e10fbecdd3be337bba5e4126a516d42a1a406197d04ca6afc27514b84	reference/linear_trend_v1__b=+09__l=4__r=4.lsg2	2b1d8e3215621c7fe87612779f09b9a49dc3c4a921e67b79b581e1ca0bf887eb	1842	16
lasagna2:m2.3:v1:linear_trend_v1:b=+10:l=0:r=0	linear_trend_v1	10	0	0	9415143209245565875	linear	1	512	cases/linear_trend_v1__b=+10__l=0__r=0.f64le	c5d09f40f84897c28ef3b2eb9c0c437dc340edb9fe6a57f2b35e310f1de59abb	reference/linear_trend_v1__b=+10__l=0__r=0.lsg2	346edd2afcc64dbf40bd81453524525d92a69a661b670ef5e9391e9c4691872c	1842	16
lasagna2:m2.3:v1:linear_trend_v1:b=+10:l=0:r=1	linear_trend_v1	10	0	1	6539878415482281654	linear	1	512	cases/linear_trend_v1__b=+10__l=0__r=1.f64le	b9f06751342161647921fa84388993119db0027a6f770d28be19bff5c4796722	reference/linear_trend_v1__b=+10__l=0__r=1.lsg2	c24121bc0dd3b06712d0b9249a2b910ea2e421d3878907119f52cfac7e562314	1842	16
lasagna2:m2.3:v1:linear_trend_v1:b=+10:l=0:r=2	linear_trend_v1	10	0	2	2544156296327959907	linear	1	512	cases/linear_trend_v1__b=+10__l=0__r=2.f64le	9ecd1d7242645ebbd007a112da8af4f4686d0c346d638e5c44be0516f19f05ca	reference/linear_trend_v1__b=+10__l=0__r=2.lsg2	31740275bd85bb8e10843ba4e98ee572af95022b46c885997f9f18954da94c19	1842	16
lasagna2:m2.3:v1:linear_trend_v1:b=+10:l=0:r=3	linear_trend_v1	10	0	3	15230827096212277244	linear	1	512	cases/linear_trend_v1__b=+10__l=0__r=3.f64le	78261e7c9ee1a133877a0f1c5cbfbe69d1bf3a35753cce4a8741e56ae12be901	reference/linear_trend_v1__b=+10__l=0__r=3.lsg2	11063e03c02a52c9bd7aee8703887163ed671efb74a5a07228121f0884fd55a5	1842	16
lasagna2:m2.3:v1:linear_trend_v1:b=+10:l=0:r=4	linear_trend_v1	10	0	4	5769146750242967202	linear	1	512	cases/linear_trend_v1__b=+10__l=0__r=4.f64le	80fd5b3b6172be5c307a5a3314c6bbf1ac2d025cfc070b63a81816793abd5332	reference/linear_trend_v1__b=+10__l=0__r=4.lsg2	bf20ddf33d9ce891ebdefbca97e20297999a62ca599a226bb8414717dc75e864	1842	16
lasagna2:m2.3:v1:linear_trend_v1:b=+10:l=1:r=0	linear_trend_v1	10	1	0	12222908496464534384	linear	1	512	cases/linear_trend_v1__b=+10__l=1__r=0.f64le	5f473130b0a19b7eba6e8d07ff4a213341515ef4bc9366291061fc0283f6e3df	reference/linear_trend_v1__b=+10__l=1__r=0.lsg2	27277d0988cc8c03b05f2f3adc9910f575662df47369a82b384165deabd13efc	1842	16
lasagna2:m2.3:v1:linear_trend_v1:b=+10:l=1:r=1	linear_trend_v1	10	1	1	15352217665888310858	linear	1	512	cases/linear_trend_v1__b=+10__l=1__r=1.f64le	bbffc06ba5addf0bb62655b6bd5adad5bf222e6fec03980eac926003fcf944e8	reference/linear_trend_v1__b=+10__l=1__r=1.lsg2	ac577c5276dea96c77cd8e707354cc9411b2341e3906accc7500231488a423b4	1842	16
lasagna2:m2.3:v1:linear_trend_v1:b=+10:l=1:r=2	linear_trend_v1	10	1	2	2094435103982545722	linear	1	512	cases/linear_trend_v1__b=+10__l=1__r=2.f64le	8891fb5c5adaa3906808bec4e3826a524aa3a23f7fe9c6ab3ce62524de073bad	reference/linear_trend_v1__b=+10__l=1__r=2.lsg2	49a78e46e2245569aa12817f94e604e49d60ec172a5e409f96160a7dcc403899	1842	16
lasagna2:m2.3:v1:linear_trend_v1:b=+10:l=1:r=3	linear_trend_v1	10	1	3	6678158005898256891	linear	1	512	cases/linear_trend_v1__b=+10__l=1__r=3.f64le	ba1443945aa8c83c0eb44d7d49d10a56efbd5663bd3175971dcfe15a6a5ce015	reference/linear_trend_v1__b=+10__l=1__r=3.lsg2	a87da855fc95cb45315f6ce6740dde27a7653fc3a83b514827f3455bc38b614c	1842	16
lasagna2:m2.3:v1:linear_trend_v1:b=+10:l=1:r=4	linear_trend_v1	10	1	4	6788795384715566207	linear	1	512	cases/linear_trend_v1__b=+10__l=1__r=4.f64le	c7cf150005831b8977eb4ee2c7bd1a980b361adf9ef6f9fd4362bd7e997bc3fb	reference/linear_trend_v1__b=+10__l=1__r=4.lsg2	1bf8461bde4b45222b68ffa6cd0c8f87b337c6c6de1a403e184794973ed114b4	1842	16
lasagna2:m2.3:v1:linear_trend_v1:b=+10:l=2:r=0	linear_trend_v1	10	2	0	14523893214381688917	linear	1	512	cases/linear_trend_v1__b=+10__l=2__r=0.f64le	de72fc0f910e7118623e70cef24f971448726a62819f1e0b6f6967bc93b60bb4	reference/linear_trend_v1__b=+10__l=2__r=0.lsg2	86578714ecf58d61d77b7b9caf8c4bb23c9659967a827509d71c210cb82a7121	1842	16
lasagna2:m2.3:v1:linear_trend_v1:b=+10:l=2:r=1	linear_trend_v1	10	2	1	2998607712818365719	linear	1	512	cases/linear_trend_v1__b=+10__l=2__r=1.f64le	c6fde7ededa59b92315f5a6ae2f6bbdb9b5f0fec170868e85d71f35ddee441d9	reference/linear_trend_v1__b=+10__l=2__r=1.lsg2	ba0148f13290f6234b56edf078aa700357cbd8277f85d77be8a65e3d3e64d541	1842	16
lasagna2:m2.3:v1:linear_trend_v1:b=+10:l=2:r=2	linear_trend_v1	10	2	2	11959594063477666238	linear	1	512	cases/linear_trend_v1__b=+10__l=2__r=2.f64le	88ef4cfd6897f69e4d215b791214314d2098fba8ea3e79aca4846417f2c9f898	reference/linear_trend_v1__b=+10__l=2__r=2.lsg2	77611baa412d41cfa04ffe56b168d09933456b848f05508287e1775b4c434f59	1842	16
lasagna2:m2.3:v1:linear_trend_v1:b=+10:l=2:r=3	linear_trend_v1	10	2	3	13644327609616428875	linear	1	512	cases/linear_trend_v1__b=+10__l=2__r=3.f64le	3a52f917c1035761c75eaf4f670df59ceeecb85bf84b780d66f46c15f6a0ad41	reference/linear_trend_v1__b=+10__l=2__r=3.lsg2	e4d2ad6378b868cf28d97b2c76977a998af403d409082a79722f64762d14922b	1842	16
lasagna2:m2.3:v1:linear_trend_v1:b=+10:l=2:r=4	linear_trend_v1	10	2	4	11836141850335967381	linear	1	512	cases/linear_trend_v1__b=+10__l=2__r=4.f64le	390b4057807aa777411ac7784b477a454d6e7ff5f2e44390ae8f0c35c43dd839	reference/linear_trend_v1__b=+10__l=2__r=4.lsg2	7c39456cecdeef9f76d97f1fa05a7d4a661fec1a8902c79672a4c4e6e46b04b0	1842	16
lasagna2:m2.3:v1:linear_trend_v1:b=+10:l=3:r=0	linear_trend_v1	10	3	0	6653379536299824493	linear	1	512	cases/linear_trend_v1__b=+10__l=3__r=0.f64le	a92b0d50dae5cb7c4c7e3ed4fe4a4c617a96a2d28ea16e9f93d8006722b8bcd6	reference/linear_trend_v1__b=+10__l=3__r=0.lsg2	068e0ecaef9e8df508c76887f59a429d4edf7a6981d78442ac6732fec54eeadd	1842	16
lasagna2:m2.3:v1:linear_trend_v1:b=+10:l=3:r=1	linear_trend_v1	10	3	1	10886838413125083014	linear	1	512	cases/linear_trend_v1__b=+10__l=3__r=1.f64le	4c7be7fdb96933e3f5f422ef674f7588203fb79e077f96379d81eff2e7ddf172	reference/linear_trend_v1__b=+10__l=3__r=1.lsg2	cd30cec49e7168bb2467f9fbb2113a15e1c93e1f68a8fad8f8a3d9abb3b6dff9	1842	16
lasagna2:m2.3:v1:linear_trend_v1:b=+10:l=3:r=2	linear_trend_v1	10	3	2	17211558264274686423	linear	1	512	cases/linear_trend_v1__b=+10__l=3__r=2.f64le	4405ef5ad160ee13b3062fef7444e81b2893a14eeb101817d1c745354c598826	reference/linear_trend_v1__b=+10__l=3__r=2.lsg2	7b8465e2729b381f4d1cf157ea835fc4d14a637f11e40876491ae6a54a4cfc3d	1842	16
lasagna2:m2.3:v1:linear_trend_v1:b=+10:l=3:r=3	linear_trend_v1	10	3	3	13593929349176013277	linear	1	512	cases/linear_trend_v1__b=+10__l=3__r=3.f64le	6ef04bb29671b7f0a82c9ec1b31855bb3df1bcaff2b613d54922758b70fce1a7	reference/linear_trend_v1__b=+10__l=3__r=3.lsg2	7825b6add61a9c67deac9fed4dcb072a5e65b9987f2989940b361e1037588b3f	1842	16
lasagna2:m2.3:v1:linear_trend_v1:b=+10:l=3:r=4	linear_trend_v1	10	3	4	15477019711691770945	linear	1	512	cases/linear_trend_v1__b=+10__l=3__r=4.f64le	3f333b820b8e6c0d454048f358307632bdc3e8c1dd9b1b5d0557d98300cf2108	reference/linear_trend_v1__b=+10__l=3__r=4.lsg2	acdb41efda6b6e3335e6fbcabecf0ae5caad54a29bb28783615667d2bfdbf871	1842	16
lasagna2:m2.3:v1:linear_trend_v1:b=+10:l=4:r=0	linear_trend_v1	10	4	0	12097963154578535491	linear	1	512	cases/linear_trend_v1__b=+10__l=4__r=0.f64le	6f908bf7a7e3f8e8056d05064638a40266e4f2a57794449624de2829ad6513c0	reference/linear_trend_v1__b=+10__l=4__r=0.lsg2	b1246a07683267ce073f81f6da9c53957bf4c50feb5e3d370d358c837cf85c2d	1842	16
lasagna2:m2.3:v1:linear_trend_v1:b=+10:l=4:r=1	linear_trend_v1	10	4	1	2948081183121976786	linear	1	512	cases/linear_trend_v1__b=+10__l=4__r=1.f64le	cfc119a1297dd302aee3442b13684a26c9e483ca5dd102183f0c907c80b6ce16	reference/linear_trend_v1__b=+10__l=4__r=1.lsg2	24fec6af041d21d50aa53cfbb461de1604c1714a4a893fc919296f921222cea5	1842	16
lasagna2:m2.3:v1:linear_trend_v1:b=+10:l=4:r=2	linear_trend_v1	10	4	2	10189030129314745671	linear	1	512	cases/linear_trend_v1__b=+10__l=4__r=2.f64le	81e5128002e74903aa2ea0147e83c5910c944f3820d574a5faafe8fe45655d64	reference/linear_trend_v1__b=+10__l=4__r=2.lsg2	47bc761a01b14dab6817c1dcf93460a2d9046a67c8e6da9508062a068ce83ee7	1842	16
lasagna2:m2.3:v1:linear_trend_v1:b=+10:l=4:r=3	linear_trend_v1	10	4	3	18394016355586134872	linear	1	512	cases/linear_trend_v1__b=+10__l=4__r=3.f64le	a7a63d4fa2bb7bce51e7564250fc1159e6cd0f18b1c7e1036a9ee95acfdc9c95	reference/linear_trend_v1__b=+10__l=4__r=3.lsg2	a9439335f8e2d360fef26ef810149fd2d1ab18dcd889ac3251ad807c8fe47d69	1842	16
lasagna2:m2.3:v1:linear_trend_v1:b=+10:l=4:r=4	linear_trend_v1	10	4	4	14811248439526111047	linear	1	512	cases/linear_trend_v1__b=+10__l=4__r=4.f64le	db11289824339ecfee0cc3bf5b6894b410c4eb845dbb84dac59ead05a4a2f0bc	reference/linear_trend_v1__b=+10__l=4__r=4.lsg2	1b9c7953a80407cca33003a104ed1b2a4bd2b650f629c17f18475bc0d07faa2e	1842	16
lasagna2:m2.3:v1:random_walk_v1:b=-10:l=0:r=0	random_walk_v1	-10	0	0	5796604687637524063	rw	2	512	cases/random_walk_v1__b=-10__l=0__r=0.f64le	0207636fccf01dcc56677e124812e050c731c54a17235a6793fdfb6fa10d67cf	reference/random_walk_v1__b=-10__l=0__r=0.lsg2	7bae0aca44966695f94c810a11592844eb9aed49d5a426424046c63786dce3a4	930	4
lasagna2:m2.3:v1:random_walk_v1:b=-10:l=0:r=1	random_walk_v1	-10	0	1	8184280803144532979	rw	2	512	cases/random_walk_v1__b=-10__l=0__r=1.f64le	e20298bcd0ef16f942d248e429aa8126a393dc8c10ae2adb99e49b510037f884	reference/random_walk_v1__b=-10__l=0__r=1.lsg2	4d27e55263c503fb14f0c18942a1d616743e1834bcffd70d3cf977e1cfa7b97e	930	4
lasagna2:m2.3:v1:random_walk_v1:b=-10:l=0:r=2	random_walk_v1	-10	0	2	3310376405556922565	rw	2	512	cases/random_walk_v1__b=-10__l=0__r=2.f64le	2168f17db937b6b92220fd85b03038b6f2f34a0f92fe4f5206348e1b51fd90d4	reference/random_walk_v1__b=-10__l=0__r=2.lsg2	609573ac9330b2b9969e2ca549b80ed31deb0e51f4ca82c9a25c501604418881	930	4
lasagna2:m2.3:v1:random_walk_v1:b=-10:l=0:r=3	random_walk_v1	-10	0	3	12657453320609573910	rw	2	512	cases/random_walk_v1__b=-10__l=0__r=3.f64le	e20061d59e4764691a49b2f9781bb900edc8a770179d03052f414979bb030148	reference/random_walk_v1__b=-10__l=0__r=3.lsg2	bf1451a5712e522011212930b04525c75db2cbc35445b6fccba4d1fe83fb60ac	930	4
lasagna2:m2.3:v1:random_walk_v1:b=-10:l=0:r=4	random_walk_v1	-10	0	4	11712472414415033007	rw	2	512	cases/random_walk_v1__b=-10__l=0__r=4.f64le	d0e25e845c5a3ace774ceb83b4922e50673b6efb196d0ec0e16c3b0d287b91d2	reference/random_walk_v1__b=-10__l=0__r=4.lsg2	0403df2660d74901d1bbd24cff170ac6948bfe4844c5096af6e8981a65b9771a	930	4
lasagna2:m2.3:v1:random_walk_v1:b=-10:l=1:r=0	random_walk_v1	-10	1	0	14904859883369819119	rw	2	512	cases/random_walk_v1__b=-10__l=1__r=0.f64le	16214faf72cb0e6405fa38effd15b1e94bc12fc022ea3770848e949e88e7b25d	reference/random_walk_v1__b=-10__l=1__r=0.lsg2	2099f94aa17a1e23916da049f007ab13db6dc7af08e8284a0a823bd72c484dc9	930	4
lasagna2:m2.3:v1:random_walk_v1:b=-10:l=1:r=1	random_walk_v1	-10	1	1	11210228118458954941	rw	2	512	cases/random_walk_v1__b=-10__l=1__r=1.f64le	1cb95f50348518b705ad07f500b66f223580c597a6efa54a02a78faf51e48555	reference/random_walk_v1__b=-10__l=1__r=1.lsg2	7641ac07bde90d4ff162c24fb9e9eba4b759c9a200b655da0c9d91ef052ae4d2	930	4
lasagna2:m2.3:v1:random_walk_v1:b=-10:l=1:r=2	random_walk_v1	-10	1	2	1261087366384648351	rw	2	512	cases/random_walk_v1__b=-10__l=1__r=2.f64le	7ddc4fed399a6e290dd6c9a7558a0352a6f2dfe6b7e3770706a57f647500f4e0	reference/random_walk_v1__b=-10__l=1__r=2.lsg2	6d54ead6a6ddd9bfb4bf2d79f82225c5bc4f27697a267adf7de2dec5ba44dd26	930	4
lasagna2:m2.3:v1:random_walk_v1:b=-10:l=1:r=3	random_walk_v1	-10	1	3	4473529312020040960	rw	2	512	cases/random_walk_v1__b=-10__l=1__r=3.f64le	be3d803f38c242f4ef7afffccfa188b4c3010193898f318ccda50600522efb97	reference/random_walk_v1__b=-10__l=1__r=3.lsg2	faee20957490bef0ef9821e5bdfa51db494a0ada6aacd1c1e66433363a18f476	930	4
lasagna2:m2.3:v1:random_walk_v1:b=-10:l=1:r=4	random_walk_v1	-10	1	4	16184256135217176818	rw	2	512	cases/random_walk_v1__b=-10__l=1__r=4.f64le	1237a84021286a7ff658558c42e63847d03455b6020fab81e1229dff2a1fc036	reference/random_walk_v1__b=-10__l=1__r=4.lsg2	0a044e02c5a314370eae266df70a8cce9b901a1dfeb90d326ce1234d71fb0ec5	930	4
lasagna2:m2.3:v1:random_walk_v1:b=-10:l=2:r=0	random_walk_v1	-10	2	0	303061319469957354	rw	2	512	cases/random_walk_v1__b=-10__l=2__r=0.f64le	8296e7efc67d470664a7e7fc6b6ffda1b0975053b01e31a031887bc07e420bca	reference/random_walk_v1__b=-10__l=2__r=0.lsg2	7db700e312ecce9a0db91a61c434f4ee146da714c0de78566038e79b47df299f	930	4
lasagna2:m2.3:v1:random_walk_v1:b=-10:l=2:r=1	random_walk_v1	-10	2	1	8898984668770991526	rw	2	512	cases/random_walk_v1__b=-10__l=2__r=1.f64le	8f3cb87c8d8f67a5864e6405eeb4ef1e955d2824e5a440cc6e3e74d873fedd17	reference/random_walk_v1__b=-10__l=2__r=1.lsg2	4f0e793551307580421cdd1abec142753a48e66d524da8943a7c3199a55a78af	930	4
lasagna2:m2.3:v1:random_walk_v1:b=-10:l=2:r=2	random_walk_v1	-10	2	2	17827689746213399323	rw	2	512	cases/random_walk_v1__b=-10__l=2__r=2.f64le	33450b81eb494db8805af00f1a59338c72d926eeab56c85194dab9800ecce632	reference/random_walk_v1__b=-10__l=2__r=2.lsg2	7846297f4b87a5be95cdea253be217588ac8e958488c9f9b2268baba742ec8c3	930	4
lasagna2:m2.3:v1:random_walk_v1:b=-10:l=2:r=3	random_walk_v1	-10	2	3	14505701519432913496	rw	2	512	cases/random_walk_v1__b=-10__l=2__r=3.f64le	c9a28018ca540269ad25d6e43463d1dede0d3d7408cbd42cb3a85948f1b78758	reference/random_walk_v1__b=-10__l=2__r=3.lsg2	dd8955bd2505e3d3c64dca4f12aa9e89a3092e5028597f8eae2980466dda3ad5	930	4
lasagna2:m2.3:v1:random_walk_v1:b=-10:l=2:r=4	random_walk_v1	-10	2	4	4515709448478480629	rw	2	512	cases/random_walk_v1__b=-10__l=2__r=4.f64le	b103bc1445e499b03abdbcf3a887d2f2574bb5b30d5d55a4a378e7c664dfc6cf	reference/random_walk_v1__b=-10__l=2__r=4.lsg2	0e8c4c4617d527cae9240f07b46b6cc220538847c3702e8bb76fbccd343440bd	930	4
lasagna2:m2.3:v1:random_walk_v1:b=-10:l=3:r=0	random_walk_v1	-10	3	0	12517234900519664951	rw	2	512	cases/random_walk_v1__b=-10__l=3__r=0.f64le	5639537c7206e1623582759f931889adc2809f57d49d0e90d40ebf8c297dde83	reference/random_walk_v1__b=-10__l=3__r=0.lsg2	3deee262e7b00bd9f7a62b30bfbf24bf33f8b57cf9917591c27ac07d550d371b	930	4
lasagna2:m2.3:v1:random_walk_v1:b=-10:l=3:r=1	random_walk_v1	-10	3	1	15585227071551983343	rw	2	512	cases/random_walk_v1__b=-10__l=3__r=1.f64le	e333e29acf236efc2f98d46b26b1af6ea25b70b0dbd306e7bb6102f9351dda7a	reference/random_walk_v1__b=-10__l=3__r=1.lsg2	79cc167149ae7cebe9f7bb10da12d74edc1458ca716cdcc743b798aacfa83cfa	930	4
lasagna2:m2.3:v1:random_walk_v1:b=-10:l=3:r=2	random_walk_v1	-10	3	2	7602110740427112022	rw	2	512	cases/random_walk_v1__b=-10__l=3__r=2.f64le	df39ae4b9ce98e0b7d1cebc5f8abc3d667e2e5bda9e60a09ed59c283eed73726	reference/random_walk_v1__b=-10__l=3__r=2.lsg2	66e4e828243434cbd8fb2166da8b0a9f1bcf41a0ad261f5e9d2e5fb988fbcd03	930	4
lasagna2:m2.3:v1:random_walk_v1:b=-10:l=3:r=3	random_walk_v1	-10	3	3	2680949517175261186	rw	2	512	cases/random_walk_v1__b=-10__l=3__r=3.f64le	8c3bce9927ca31842ae16f1bce585e16def93dfdb5e5a174b32c705427203705	reference/random_walk_v1__b=-10__l=3__r=3.lsg2	8c6b2e55c04da93282bdc134418fdf2b6e8da6d8ec8e339582cc628cd7cb160d	930	4
lasagna2:m2.3:v1:random_walk_v1:b=-10:l=3:r=4	random_walk_v1	-10	3	4	10519328698309314819	rw	2	512	cases/random_walk_v1__b=-10__l=3__r=4.f64le	37eee5d0539b6f18873d77b436bbfc2ba3f6e683185c80042ac2dd0d42f6507c	reference/random_walk_v1__b=-10__l=3__r=4.lsg2	dd732a341a0215c09561b84c0958a5391c8e2a700716afc674e2183ce2740133	930	4
lasagna2:m2.3:v1:random_walk_v1:b=-10:l=4:r=0	random_walk_v1	-10	4	0	11977930265209803691	rw	2	512	cases/random_walk_v1__b=-10__l=4__r=0.f64le	e6202ca051cab280197729f421c2b099793e056b30b50f0529887e28b3522da1	reference/random_walk_v1__b=-10__l=4__r=0.lsg2	b14918c34310da133ff468d1c13154d7f4b98c219868078842dca3500bf746c5	930	4
lasagna2:m2.3:v1:random_walk_v1:b=-10:l=4:r=1	random_walk_v1	-10	4	1	6911825033336647211	rw	2	512	cases/random_walk_v1__b=-10__l=4__r=1.f64le	ea486259d2f9220d55e566d4340ad67a45197928d191c3a1929d91ce052aa877	reference/random_walk_v1__b=-10__l=4__r=1.lsg2	419bbc114891f0ccd0e09aea3a1900265683c23b1b0ae000777213ecd91da96c	930	4
lasagna2:m2.3:v1:random_walk_v1:b=-10:l=4:r=2	random_walk_v1	-10	4	2	6412195096091697699	rw	2	512	cases/random_walk_v1__b=-10__l=4__r=2.f64le	450edf9aa0d205179f5683cb2f7ee47462dadfb7a6c6defb7f9bed675b98b915	reference/random_walk_v1__b=-10__l=4__r=2.lsg2	1232d80c99545df5920ea10c68dd4e6578ac69aa60ead4f111f307ef60cafaae	930	4
lasagna2:m2.3:v1:random_walk_v1:b=-10:l=4:r=3	random_walk_v1	-10	4	3	9586323784032652901	rw	2	512	cases/random_walk_v1__b=-10__l=4__r=3.f64le	f0f8090a7298628af0b92a0d1aee021272ad69a5296ddcb58240eff135330f4d	reference/random_walk_v1__b=-10__l=4__r=3.lsg2	57052fc4d6c256dc24ccb7c78195821050aba53fef3decacde451b3627403bda	930	4
lasagna2:m2.3:v1:random_walk_v1:b=-10:l=4:r=4	random_walk_v1	-10	4	4	1076960143501286155	rw	2	512	cases/random_walk_v1__b=-10__l=4__r=4.f64le	d078742d4a862a7acc900f7268c5c4c82e50f080f3ce212a5092fafc8298b4cc	reference/random_walk_v1__b=-10__l=4__r=4.lsg2	a76bb3ffca412413d206b7e97fc00d1f398c8cbb9b331ce90ed4b7d7f6267cd0	930	4
lasagna2:m2.3:v1:random_walk_v1:b=-09:l=0:r=0	random_walk_v1	-9	0	0	17384687049494987416	rw	2	512	cases/random_walk_v1__b=-09__l=0__r=0.f64le	f0641c771c164a1484e557b779c74498e2e8d08cb443719970949733b637094a	reference/random_walk_v1__b=-09__l=0__r=0.lsg2	2f26833d807f804f15123e850865bc2c221f3b5db3c6f53ea35f5816c0f4d374	930	4
lasagna2:m2.3:v1:random_walk_v1:b=-09:l=0:r=1	random_walk_v1	-9	0	1	16086519509077237657	rw	2	512	cases/random_walk_v1__b=-09__l=0__r=1.f64le	ed056cd199681ed95a4e961535509f2945600c6acc32808740bef8cbbec5e8a3	reference/random_walk_v1__b=-09__l=0__r=1.lsg2	9d346fcc2225803f1ac73f4ead9e858088ae865c0915b474f1ca782c5297f16a	930	4
lasagna2:m2.3:v1:random_walk_v1:b=-09:l=0:r=2	random_walk_v1	-9	0	2	16282272870113848907	rw	2	512	cases/random_walk_v1__b=-09__l=0__r=2.f64le	305979ce995cdc379b1291c2911cf2c4f2b54e602489bffebb3deb4b97e60667	reference/random_walk_v1__b=-09__l=0__r=2.lsg2	43556ded8db0303874e7ba7f3faa9e62520a8395def940c3879cfda1aa7a9efa	930	4
lasagna2:m2.3:v1:random_walk_v1:b=-09:l=0:r=3	random_walk_v1	-9	0	3	3234474330677984917	rw	2	512	cases/random_walk_v1__b=-09__l=0__r=3.f64le	47db348be4b48d0372979e33affaf599d42190c609b2c62170de006d61061b50	reference/random_walk_v1__b=-09__l=0__r=3.lsg2	2b5ba5fa235a0f86b0c4ab92c85c6857338f688d8080f0b8c8ef7f1d7e0eaaa5	930	4
lasagna2:m2.3:v1:random_walk_v1:b=-09:l=0:r=4	random_walk_v1	-9	0	4	7581236566002917427	rw	2	512	cases/random_walk_v1__b=-09__l=0__r=4.f64le	49dafbc4cb2b98c9a76eca5d0f6cd07ad9911e96e3238645fb95034aa856dc51	reference/random_walk_v1__b=-09__l=0__r=4.lsg2	242bff5a96ea4d7f5b7b39edfc237ea0b9b75f2c5b6fa1b0983ed534890055f3	930	4
lasagna2:m2.3:v1:random_walk_v1:b=-09:l=1:r=0	random_walk_v1	-9	1	0	6589069826421728842	rw	2	512	cases/random_walk_v1__b=-09__l=1__r=0.f64le	78ccc78ddb562e66dcd86dc0e845c91f7807746a6f5ace26287f1a0738238964	reference/random_walk_v1__b=-09__l=1__r=0.lsg2	89ec51a20c8803fdb851a02d7a3bd73729c85923ab10a50466fb35f521cb68d7	930	4
lasagna2:m2.3:v1:random_walk_v1:b=-09:l=1:r=1	random_walk_v1	-9	1	1	3709440157191551871	rw	2	512	cases/random_walk_v1__b=-09__l=1__r=1.f64le	9173e84d13a36e81f8bab71b371b4c42f3845c6820bbe701cfa049cbef2dd33f	reference/random_walk_v1__b=-09__l=1__r=1.lsg2	9908e87c44c85d3e4d2fb587a3629383ab9e09c8db020521e9794cf40f46b646	930	4
lasagna2:m2.3:v1:random_walk_v1:b=-09:l=1:r=2	random_walk_v1	-9	1	2	15580805646052050683	rw	2	512	cases/random_walk_v1__b=-09__l=1__r=2.f64le	bb6e8bb8827f16f86fa0ca96484df614b6b55e5827c4cbb0ab01812ac77ec89b	reference/random_walk_v1__b=-09__l=1__r=2.lsg2	e9c7f02d09d5c496bd9c4ba60e011e31cfe5e7996b6ee6240802be67f5b226b5	930	4
lasagna2:m2.3:v1:random_walk_v1:b=-09:l=1:r=3	random_walk_v1	-9	1	3	14479988166469171434	rw	2	512	cases/random_walk_v1__b=-09__l=1__r=3.f64le	e85f3db15f40d910768d67722c6eba65dd941c5f2b2db8e58d564a8d985aa979	reference/random_walk_v1__b=-09__l=1__r=3.lsg2	b028a6bb02344f58af8872b06b75a2cc4d6edaa89629825d82d90f69b61e7b5b	930	4
lasagna2:m2.3:v1:random_walk_v1:b=-09:l=1:r=4	random_walk_v1	-9	1	4	8673621223905104767	rw	2	512	cases/random_walk_v1__b=-09__l=1__r=4.f64le	356acb8c5a376e2fc10a02914de4fc573394204f7541ee24ea5729fbbea2f2d8	reference/random_walk_v1__b=-09__l=1__r=4.lsg2	3dba89b5b10427d194a858c3431c1e2f81aa724fd63471e4707a5d109f74c31b	930	4
lasagna2:m2.3:v1:random_walk_v1:b=-09:l=2:r=0	random_walk_v1	-9	2	0	1245225847164127099	rw	2	512	cases/random_walk_v1__b=-09__l=2__r=0.f64le	02ad42d91d5fdeb3f97c4c56984fb97a6c9a7ddbe552f8367fae740faad922a6	reference/random_walk_v1__b=-09__l=2__r=0.lsg2	1666f82c498f7eb295f54637b0d03964600cc8695f5baa6505bea5b72880a821	930	4
lasagna2:m2.3:v1:random_walk_v1:b=-09:l=2:r=1	random_walk_v1	-9	2	1	14387732389973137072	rw	2	512	cases/random_walk_v1__b=-09__l=2__r=1.f64le	ecd0119dab65d4000db53195b8e18352c737d001e56154295c7c78dd82e763ad	reference/random_walk_v1__b=-09__l=2__r=1.lsg2	fee8e61d20465e13455135170ff4463d66d67e882cf8b6506c6406c8c9a8cab5	930	4
lasagna2:m2.3:v1:random_walk_v1:b=-09:l=2:r=2	random_walk_v1	-9	2	2	8626155784195098976	rw	2	512	cases/random_walk_v1__b=-09__l=2__r=2.f64le	a7fcb3bc2dffc0da5205fa3514c1e33f86da19fb8b1cc8b21cbe55220c9551e9	reference/random_walk_v1__b=-09__l=2__r=2.lsg2	12b202ee7d139ef0cb3189d2c982c01fc8b75e7d1948bd083bcac603d3c39a12	930	4
lasagna2:m2.3:v1:random_walk_v1:b=-09:l=2:r=3	random_walk_v1	-9	2	3	6862320743001678832	rw	2	512	cases/random_walk_v1__b=-09__l=2__r=3.f64le	71c859ccf6330a1d307606ae42c8570293f8856958903c7809a08bed5bcb2aff	reference/random_walk_v1__b=-09__l=2__r=3.lsg2	391195e617fed4abf5b03449738f828ad163e3e833a8e3c87cefbce0a0d54710	930	4
lasagna2:m2.3:v1:random_walk_v1:b=-09:l=2:r=4	random_walk_v1	-9	2	4	18331880528548900130	rw	2	512	cases/random_walk_v1__b=-09__l=2__r=4.f64le	e55cb99b5db8bc9340991d28dc4cd79c733e38a96dd5b0c7e446ae2ff1c8fdb7	reference/random_walk_v1__b=-09__l=2__r=4.lsg2	a989089a64bbcd5bb13fdb8ae82683d0619be6882fa4320d2c3dbf860cc94ee8	930	4
lasagna2:m2.3:v1:random_walk_v1:b=-09:l=3:r=0	random_walk_v1	-9	3	0	11036992428295679131	rw	2	512	cases/random_walk_v1__b=-09__l=3__r=0.f64le	05fd8eb4f347bc133aa2e95d0f209273a5c5e610141ef11c42f885533fb26617	reference/random_walk_v1__b=-09__l=3__r=0.lsg2	cc3a71dd347d80ad1d92002ba7c540a6e1012a5537f7dde14dce7ae2a8ba54e5	930	4
lasagna2:m2.3:v1:random_walk_v1:b=-09:l=3:r=1	random_walk_v1	-9	3	1	10522021563079588546	rw	2	512	cases/random_walk_v1__b=-09__l=3__r=1.f64le	0c53627238b873b16628333aab0fd8a7fc13aa2bc7de404604ab5a62f514c6e3	reference/random_walk_v1__b=-09__l=3__r=1.lsg2	7cfadb2b0b7169306d492e61f6f1e144c37aee758dcc7441f0df11a22355fc89	930	4
lasagna2:m2.3:v1:random_walk_v1:b=-09:l=3:r=2	random_walk_v1	-9	3	2	5468381086429005835	rw	2	512	cases/random_walk_v1__b=-09__l=3__r=2.f64le	42c99e15af18fed09658672288cd21fcf3b47cba69a92195bc6c17ad6f21539a	reference/random_walk_v1__b=-09__l=3__r=2.lsg2	0330729763d94184a0e5b5bfbbe342e37f7bc1cd51b2da36506605a106f801a0	930	4
lasagna2:m2.3:v1:random_walk_v1:b=-09:l=3:r=3	random_walk_v1	-9	3	3	7655166633158550261	rw	2	512	cases/random_walk_v1__b=-09__l=3__r=3.f64le	af4b8edbc8d47eb9d4e58252ff0aac459a1a472e247abffbb74399ee2e7ba851	reference/random_walk_v1__b=-09__l=3__r=3.lsg2	8a403ad75db68f943eedb2f5d8c2eb1672a00e457989abaa44e48bdb93499c41	930	4
lasagna2:m2.3:v1:random_walk_v1:b=-09:l=3:r=4	random_walk_v1	-9	3	4	15610727788373405514	rw	2	512	cases/random_walk_v1__b=-09__l=3__r=4.f64le	2b40a2569ee28eaa81da5ec5242397dbd7f4f040a3fad949dba0186787e3cfb2	reference/random_walk_v1__b=-09__l=3__r=4.lsg2	c062677b6063ba3218eb6a938c1cb6769c221044d49071b38fd924e23e445f50	930	4
lasagna2:m2.3:v1:random_walk_v1:b=-09:l=4:r=0	random_walk_v1	-9	4	0	6350773155276944239	rw	2	512	cases/random_walk_v1__b=-09__l=4__r=0.f64le	e178d5520121554538e96d8cb086ed0f558f021c8fe54e2e7980c3bf852993c7	reference/random_walk_v1__b=-09__l=4__r=0.lsg2	49919adea67bd6a28e9df2478c21e58fa5084f53602f0b6370ae0a5fe8a463f5	930	4
lasagna2:m2.3:v1:random_walk_v1:b=-09:l=4:r=1	random_walk_v1	-9	4	1	684619955518215945	rw	2	512	cases/random_walk_v1__b=-09__l=4__r=1.f64le	4e63243be7eee9e22a527259cb3f9fe0a65a44f324a0050124c91cb1da2d772f	reference/random_walk_v1__b=-09__l=4__r=1.lsg2	8901bcf3d6d7a2a75ed33db121a46d004258722719ef9ab3bf288ffc9db472f6	930	4
lasagna2:m2.3:v1:random_walk_v1:b=-09:l=4:r=2	random_walk_v1	-9	4	2	7206610781624603888	rw	2	512	cases/random_walk_v1__b=-09__l=4__r=2.f64le	eba4a664c3593f6ee61cc4587d5e222f73e036564a5247f4671cc3276dfd0ac9	reference/random_walk_v1__b=-09__l=4__r=2.lsg2	236d22c9bb4db58d149e1c3bf9d819704ae227b1fe43da4f6aeb6765eeb8ca9c	930	4
lasagna2:m2.3:v1:random_walk_v1:b=-09:l=4:r=3	random_walk_v1	-9	4	3	18401693219147025216	rw	2	512	cases/random_walk_v1__b=-09__l=4__r=3.f64le	26edd2783f9446785d46c8ff814fa89e5f07ce27c40750a842d6c9dece767eb0	reference/random_walk_v1__b=-09__l=4__r=3.lsg2	12277670b0a281ad7b347cbde55923a86192928e0e55563660d09ce359354408	930	4
lasagna2:m2.3:v1:random_walk_v1:b=-09:l=4:r=4	random_walk_v1	-9	4	4	5911316733493720030	rw	2	512	cases/random_walk_v1__b=-09__l=4__r=4.f64le	69300b04947c98c286a6208d8c4274ed754b8e095809503e15c17b78edb424f2	reference/random_walk_v1__b=-09__l=4__r=4.lsg2	79ee65c712e3ea015e4e2ab36b7eeeb7fdc3bfa7f7e490d139fa3fa699229af6	930	4
lasagna2:m2.3:v1:random_walk_v1:b=-08:l=0:r=0	random_walk_v1	-8	0	0	2451355206792768661	rw	2	512	cases/random_walk_v1__b=-08__l=0__r=0.f64le	5d5fd9714c4de135da27869a8c6fa355cd3ac1a19a743a0fa96b374183c55ff7	reference/random_walk_v1__b=-08__l=0__r=0.lsg2	b69ed49f19b6ff8f3865f71e8dd65ce2fc5d6897ab2c8750e2170b3ca34125ea	930	4
lasagna2:m2.3:v1:random_walk_v1:b=-08:l=0:r=1	random_walk_v1	-8	0	1	7114090697993435261	rw	2	512	cases/random_walk_v1__b=-08__l=0__r=1.f64le	121bb784b38760bb620b812aaf8d8a9dc2d5fb96099e88c097cdb3c4c4f73c30	reference/random_walk_v1__b=-08__l=0__r=1.lsg2	c70e82d040346b438cd894ba4af187f71c0507d40a1ea2e6a4575eccc9abdbf8	930	4
lasagna2:m2.3:v1:random_walk_v1:b=-08:l=0:r=2	random_walk_v1	-8	0	2	4549267282161524326	rw	2	512	cases/random_walk_v1__b=-08__l=0__r=2.f64le	216d4ebfcb0f2c8d686f97857f83457c2a24458b38c879a047d32295ada1f59e	reference/random_walk_v1__b=-08__l=0__r=2.lsg2	c12f6a8c8cb4957d9badd7e9e90aa92bc5cafa8728c38601e270939b8e1cb47a	930	4
lasagna2:m2.3:v1:random_walk_v1:b=-08:l=0:r=3	random_walk_v1	-8	0	3	17033887537087648238	rw	2	512	cases/random_walk_v1__b=-08__l=0__r=3.f64le	2b82742a1407f3aefa335521c357516ba470f3f64f5900729f88f6d4b2680b75	reference/random_walk_v1__b=-08__l=0__r=3.lsg2	822e25fccf2295bac04cd9f55c79ba3534bfad6e652c1ea96ad80da8b207bb30	930	4
lasagna2:m2.3:v1:random_walk_v1:b=-08:l=0:r=4	random_walk_v1	-8	0	4	16343382167679377796	rw	2	512	cases/random_walk_v1__b=-08__l=0__r=4.f64le	ad6241a5de715a122a9c5e8a5d48b2344735c10d13dc785ccebdaab42007ce3c	reference/random_walk_v1__b=-08__l=0__r=4.lsg2	6afb73f6f02429ed130df15da4fdfc45f4cb769b097d5356834910bf150acabb	930	4
lasagna2:m2.3:v1:random_walk_v1:b=-08:l=1:r=0	random_walk_v1	-8	1	0	16100980706911536947	rw	2	512	cases/random_walk_v1__b=-08__l=1__r=0.f64le	dd1d73108d0773759669d1a6b9f304d970c15cb682e59ba5be4a9b6fc59d3206	reference/random_walk_v1__b=-08__l=1__r=0.lsg2	3e910971a4cc8d659941e39b7b52618a68eff1aec9c8b230b36f4eb125472851	930	4
lasagna2:m2.3:v1:random_walk_v1:b=-08:l=1:r=1	random_walk_v1	-8	1	1	14283676559297300739	rw	2	512	cases/random_walk_v1__b=-08__l=1__r=1.f64le	edf697a856d75b392c57fc6baa3c6004508fb588a10366cc17d63172dbccb9c2	reference/random_walk_v1__b=-08__l=1__r=1.lsg2	980fa7ecf45b7f8b72ea7c73370243f253970555d9fc93752fc8bb8b4058519f	930	4
lasagna2:m2.3:v1:random_walk_v1:b=-08:l=1:r=2	random_walk_v1	-8	1	2	7449117507399939433	rw	2	512	cases/random_walk_v1__b=-08__l=1__r=2.f64le	833384db00d9fd8b6da3c7774f0760b788a344efdee64ceb1ce9795b7f590915	reference/random_walk_v1__b=-08__l=1__r=2.lsg2	67d7a7db8d2ba763e7eb0329fcd2efa64b178b5c8f7d38e36bc2d9c60a2e1b91	930	4
lasagna2:m2.3:v1:random_walk_v1:b=-08:l=1:r=3	random_walk_v1	-8	1	3	3635900899052037449	rw	2	512	cases/random_walk_v1__b=-08__l=1__r=3.f64le	e9a7abc7050674e103761e94673c0b25de7976f5003648df642c7ac29edeb956	reference/random_walk_v1__b=-08__l=1__r=3.lsg2	5add322eb9596e6ed150ba7977e431301a008ee983b6eb5a8b32715d6260f890	930	4
lasagna2:m2.3:v1:random_walk_v1:b=-08:l=1:r=4	random_walk_v1	-8	1	4	9200207317469641512	rw	2	512	cases/random_walk_v1__b=-08__l=1__r=4.f64le	b34af01ab08cde2ba21f2e31060b1bce23a512549d284a06a415feefec4fe584	reference/random_walk_v1__b=-08__l=1__r=4.lsg2	55ef2a925dfc33b5656a40fdd7481d5fc547012030d41027a0e1641cc539e7d7	930	4
lasagna2:m2.3:v1:random_walk_v1:b=-08:l=2:r=0	random_walk_v1	-8	2	0	10175585486929757619	rw	2	512	cases/random_walk_v1__b=-08__l=2__r=0.f64le	1d22d8946ce33b32a7d3f83fce30b5d5a3026dc30736b1ce2cdba23ff4d9a0d1	reference/random_walk_v1__b=-08__l=2__r=0.lsg2	4cf0824e8af55c12b82d80e29d5d8af130d9963f9b156111dfa4548aae8eb956	930	4
lasagna2:m2.3:v1:random_walk_v1:b=-08:l=2:r=1	random_walk_v1	-8	2	1	1230975301432915965	rw	2	512	cases/random_walk_v1__b=-08__l=2__r=1.f64le	5648b4978586f12aa9bc0ef72d545a8d4795bb328a2f98d65671b5a218602506	reference/random_walk_v1__b=-08__l=2__r=1.lsg2	69d362b0aa5b82747d5f959e52804ddcf0868a9aeb39c909c66f28369191a472	930	4
lasagna2:m2.3:v1:random_walk_v1:b=-08:l=2:r=2	random_walk_v1	-8	2	2	7915954668801422587	rw	2	512	cases/random_walk_v1__b=-08__l=2__r=2.f64le	9b847362054631f02a9a21e0584c31fe7bd165f44472210ea4f2212e9535a41f	reference/random_walk_v1__b=-08__l=2__r=2.lsg2	1a1490597697a8fd04212a8aebfb2fb40606d0865bb25ee30b855e6c25eb4a4b	930	4
lasagna2:m2.3:v1:random_walk_v1:b=-08:l=2:r=3	random_walk_v1	-8	2	3	22108298634589113	rw	2	512	cases/random_walk_v1__b=-08__l=2__r=3.f64le	a452a5d8ab90f697cb21c5a73543ed79cbbeea168ddaf0a5ea287afe657321e8	reference/random_walk_v1__b=-08__l=2__r=3.lsg2	c3d6b06097660513e401984f7b2dac2784a33811f478885d35ea67c7c14d3c5e	930	4
lasagna2:m2.3:v1:random_walk_v1:b=-08:l=2:r=4	random_walk_v1	-8	2	4	17842004926228238812	rw	2	512	cases/random_walk_v1__b=-08__l=2__r=4.f64le	321666dcd43d06bdb5429b1265671017fe40fcba5ffc2e0494913e688c88e1c4	reference/random_walk_v1__b=-08__l=2__r=4.lsg2	335b306636d8e3a56b57555e01c6bcc6f84f71e4ef65738377b201da11db0c0c	930	4
lasagna2:m2.3:v1:random_walk_v1:b=-08:l=3:r=0	random_walk_v1	-8	3	0	17403000408916775685	rw	2	512	cases/random_walk_v1__b=-08__l=3__r=0.f64le	082403e2b8a920134f10e24190a8dead30792855c7cbba5fe9cd0f518750b145	reference/random_walk_v1__b=-08__l=3__r=0.lsg2	8d6069627dbc7ccdef97a1c550177387fa2510aa4f32e078f86b49ad5f840ff1	930	4
lasagna2:m2.3:v1:random_walk_v1:b=-08:l=3:r=1	random_walk_v1	-8	3	1	1914185539303088980	rw	2	512	cases/random_walk_v1__b=-08__l=3__r=1.f64le	a4a1dad115bd4abb94f2f0d7c3cab708ef6065d8abef9e33c556101bdcd5f848	reference/random_walk_v1__b=-08__l=3__r=1.lsg2	a97efc67a8ddab2177c156ebdfff06072611c4a56f4814def8f36f0364954738	930	4
lasagna2:m2.3:v1:random_walk_v1:b=-08:l=3:r=2	random_walk_v1	-8	3	2	5482276996821176022	rw	2	512	cases/random_walk_v1__b=-08__l=3__r=2.f64le	c0497d07463406ee7551b6e5aa224d95dd1d61055285b60b72373f0336553178	reference/random_walk_v1__b=-08__l=3__r=2.lsg2	ba499bdaf0786b5a9e0018c3d495d3a850aa205d4c89d3bbee133b0f9a3a6a5d	930	4
lasagna2:m2.3:v1:random_walk_v1:b=-08:l=3:r=3	random_walk_v1	-8	3	3	4123858241316675929	rw	2	512	cases/random_walk_v1__b=-08__l=3__r=3.f64le	3ce5dc9d88b2aeea1e3e6471a349ca70057d3a978b65f6ef45bca1f3c8629192	reference/random_walk_v1__b=-08__l=3__r=3.lsg2	4ed33d199469e848379296182f4408e55b25e59f7e46780570b20b6a0fa47dcc	930	4
lasagna2:m2.3:v1:random_walk_v1:b=-08:l=3:r=4	random_walk_v1	-8	3	4	15153053401634033608	rw	2	512	cases/random_walk_v1__b=-08__l=3__r=4.f64le	2ccee53f592559753060c41a53391c8d0cbe508b93083b261deee3b529d0f937	reference/random_walk_v1__b=-08__l=3__r=4.lsg2	f1327c9be16ebfed4024280fd8644a08a82d0d5da5edd5bcd6ec979d5932b527	930	4
lasagna2:m2.3:v1:random_walk_v1:b=-08:l=4:r=0	random_walk_v1	-8	4	0	11144258455834861182	rw	2	512	cases/random_walk_v1__b=-08__l=4__r=0.f64le	2d43d5b8c59d3e8a5200c10ed68dc463ec65f295494f17791f839205a8515622	reference/random_walk_v1__b=-08__l=4__r=0.lsg2	716bf9a93200231900f4cc38727509bbd6304ecaa7429fdc7059f48df16e03f2	930	4
lasagna2:m2.3:v1:random_walk_v1:b=-08:l=4:r=1	random_walk_v1	-8	4	1	14054742502094232037	rw	2	512	cases/random_walk_v1__b=-08__l=4__r=1.f64le	665f9a6e7bcaa600cc05f8175002e967f0d6dfd521707e31dd306348e659edba	reference/random_walk_v1__b=-08__l=4__r=1.lsg2	0549359086e55710e8e43c15bb380bb8b7f4d626017701861e340884c0d1bf0e	930	4
lasagna2:m2.3:v1:random_walk_v1:b=-08:l=4:r=2	random_walk_v1	-8	4	2	1865652015695071993	rw	2	512	cases/random_walk_v1__b=-08__l=4__r=2.f64le	59eac35bdc5bd2019999e66a43d656dad7cc21c5851b461f52f9e1b496961d48	reference/random_walk_v1__b=-08__l=4__r=2.lsg2	4f8087198e8f4f3edcd66cb132ca7e2d095b682c583f4ac40c9836bb95cbf138	930	4
lasagna2:m2.3:v1:random_walk_v1:b=-08:l=4:r=3	random_walk_v1	-8	4	3	11637452292555124478	rw	2	512	cases/random_walk_v1__b=-08__l=4__r=3.f64le	7ae763c57ac5d35a63bfd338dba3a9e91df07a8c71bca776f47f2bc64f1a0926	reference/random_walk_v1__b=-08__l=4__r=3.lsg2	86be98b41c6fe79e0147b2c984618b436308f6995377e0d63f4f0b18b04870f2	930	4
lasagna2:m2.3:v1:random_walk_v1:b=-08:l=4:r=4	random_walk_v1	-8	4	4	10773438435108109186	rw	2	512	cases/random_walk_v1__b=-08__l=4__r=4.f64le	1142bd81f384d010f3c4edf2c103fee9a616dcc0fcd70b969dcaaab2c03fa253	reference/random_walk_v1__b=-08__l=4__r=4.lsg2	e8ae3bc76f767f95a4cfda4ea6eb572cd91487520c0b4b5a699ecea65b5426b2	930	4
lasagna2:m2.3:v1:random_walk_v1:b=-07:l=0:r=0	random_walk_v1	-7	0	0	561277717900606256	rw	2	512	cases/random_walk_v1__b=-07__l=0__r=0.f64le	ab20f45cdeb2e559c7fe9169523354d9762bd168b8cd889af7d04d82070f27fa	reference/random_walk_v1__b=-07__l=0__r=0.lsg2	5c6e0e9f5e555b127d6f24ba8be0e11f4f2c9b936f28db25f9582efd8116b43e	930	4
lasagna2:m2.3:v1:random_walk_v1:b=-07:l=0:r=1	random_walk_v1	-7	0	1	14369635553272482748	rw	2	512	cases/random_walk_v1__b=-07__l=0__r=1.f64le	2bc0bdd59c5eeec24039b8bcd80cafaa0745bbdf01a136c37d253a511b57986c	reference/random_walk_v1__b=-07__l=0__r=1.lsg2	737a506ed2b79b91b279c285a3846e9934ab29c36e8cc9ae629271ad57e4737e	930	4
lasagna2:m2.3:v1:random_walk_v1:b=-07:l=0:r=2	random_walk_v1	-7	0	2	13251011924112650875	rw	2	512	cases/random_walk_v1__b=-07__l=0__r=2.f64le	1d17d2046da87baebe073fa573f9a543d0c5dd49b64cc1c67123d1b1d08e52dd	reference/random_walk_v1__b=-07__l=0__r=2.lsg2	4a57737add0407ae5cbf045dea1bfd8a9fe89bbbdc03ff74d9363000367a0272	930	4
lasagna2:m2.3:v1:random_walk_v1:b=-07:l=0:r=3	random_walk_v1	-7	0	3	17979740828212241857	rw	2	512	cases/random_walk_v1__b=-07__l=0__r=3.f64le	d20980d866ae1b29dd3022f081611fbed295e7aa199b65bfcd1c3220d1d9129f	reference/random_walk_v1__b=-07__l=0__r=3.lsg2	93b38de4efccfa49b53d0ac90850919f6df1a98dc8e7fe984de35f965270637b	930	4
lasagna2:m2.3:v1:random_walk_v1:b=-07:l=0:r=4	random_walk_v1	-7	0	4	9093846854118457503	rw	2	512	cases/random_walk_v1__b=-07__l=0__r=4.f64le	bef88d493b59632da330ec01d8c48e97e99fea10d97c281132647629bc1a25b7	reference/random_walk_v1__b=-07__l=0__r=4.lsg2	f05e0bd5bfd70ba7124c61fda08816a76fd34844d7d6001849a417211f4340e7	930	4
lasagna2:m2.3:v1:random_walk_v1:b=-07:l=1:r=0	random_walk_v1	-7	1	0	3290192153072024445	rw	2	512	cases/random_walk_v1__b=-07__l=1__r=0.f64le	1d4e0d558589720c6b266a7d21dadd9e429155fc608320f77d7fe36ed7a77b82	reference/random_walk_v1__b=-07__l=1__r=0.lsg2	243e2ddf56b5848393faf714616194aec3bd2845f34e94c3ce6203991ec94667	930	4
lasagna2:m2.3:v1:random_walk_v1:b=-07:l=1:r=1	random_walk_v1	-7	1	1	15293770736671167915	rw	2	512	cases/random_walk_v1__b=-07__l=1__r=1.f64le	2a59bd4ee183f4d1d7739319ec77bc4d92dae46b427ab2d90e7938b78cab0a70	reference/random_walk_v1__b=-07__l=1__r=1.lsg2	73d262d7f3586e5b6ffa1d75f9234d0ea1676e7a1859b961821006cfac479f63	930	4
lasagna2:m2.3:v1:random_walk_v1:b=-07:l=1:r=2	random_walk_v1	-7	1	2	8094423005570341814	rw	2	512	cases/random_walk_v1__b=-07__l=1__r=2.f64le	28efb4e58fe4196b8ad925e5f902d8c9e69126b53c6561ed8918342c2af8d5e8	reference/random_walk_v1__b=-07__l=1__r=2.lsg2	aa579e5fb415d39baf17a1a91594c5de0d04a595fad68a8f68072e897d50ee33	930	4
lasagna2:m2.3:v1:random_walk_v1:b=-07:l=1:r=3	random_walk_v1	-7	1	3	14871948108485544783	rw	2	512	cases/random_walk_v1__b=-07__l=1__r=3.f64le	93c11acc0f92d59802b9ee5b1028787ac993b65b6657da589c8119630a6bcfdd	reference/random_walk_v1__b=-07__l=1__r=3.lsg2	b0c6062e1d42ef39f6dc9a2d1f4f241891cef73b47a685c20ef1354ba118edcb	930	4
lasagna2:m2.3:v1:random_walk_v1:b=-07:l=1:r=4	random_walk_v1	-7	1	4	14292294457297917367	rw	2	512	cases/random_walk_v1__b=-07__l=1__r=4.f64le	b8b8356055c675403444fdd4533aadafc42cb12a674cb28b388be8a3d12c7042	reference/random_walk_v1__b=-07__l=1__r=4.lsg2	cbce942a97904dfce708b42615a96e961eec529403ca62f67cde191b58c292ff	930	4
lasagna2:m2.3:v1:random_walk_v1:b=-07:l=2:r=0	random_walk_v1	-7	2	0	5465308014817019729	rw	2	512	cases/random_walk_v1__b=-07__l=2__r=0.f64le	af57ba82e12b8023ac90113d37962d014f8dc7a5ef58a50756417bddf5367f8c	reference/random_walk_v1__b=-07__l=2__r=0.lsg2	6c6a0803cae64e3901cd4e6ddf130dfe145d104c62e28b7279b7e92ac0bc48b1	930	4
lasagna2:m2.3:v1:random_walk_v1:b=-07:l=2:r=1	random_walk_v1	-7	2	1	9811604614029350351	rw	2	512	cases/random_walk_v1__b=-07__l=2__r=1.f64le	881c7d5b9647b3764e1f877a78d9693f4e21bec1774c7841e0f5dc18057eed12	reference/random_walk_v1__b=-07__l=2__r=1.lsg2	1bdae369a5e1eed2d8cce327b9472c99800e5dbc79b805e56566e3605c04ccbf	930	4
lasagna2:m2.3:v1:random_walk_v1:b=-07:l=2:r=2	random_walk_v1	-7	2	2	1174729635917321172	rw	2	512	cases/random_walk_v1__b=-07__l=2__r=2.f64le	33fb260d9c96e4f2d946f592ef0a842d6ecf3c5a291b6989520c5da5c007e3c3	reference/random_walk_v1__b=-07__l=2__r=2.lsg2	84bdc734c1981dadbab4353187b2efb8449e8e5f3483f9d59c03923d84d7966a	930	4
lasagna2:m2.3:v1:random_walk_v1:b=-07:l=2:r=3	random_walk_v1	-7	2	3	8857502746364186453	rw	2	512	cases/random_walk_v1__b=-07__l=2__r=3.f64le	dbcc8627e4d5e47e70da4f66a9a45a17e2fc652daee5aa88572300dbdcf96674	reference/random_walk_v1__b=-07__l=2__r=3.lsg2	5b54ced86a54cda63ef6315df6b48123cd6356ed4a8f860a3f12e4296480a06f	930	4
lasagna2:m2.3:v1:random_walk_v1:b=-07:l=2:r=4	random_walk_v1	-7	2	4	15007403541370935449	rw	2	512	cases/random_walk_v1__b=-07__l=2__r=4.f64le	3353d041de56e875f1b673c10c7d9dc5df499bea402933f0a79516958553b1a0	reference/random_walk_v1__b=-07__l=2__r=4.lsg2	3b9be9ce0bc21bc1ea963b0e822ccb2fd2bf3fdae8a965a87eaa215953603353	930	4
lasagna2:m2.3:v1:random_walk_v1:b=-07:l=3:r=0	random_walk_v1	-7	3	0	3630282383580549823	rw	2	512	cases/random_walk_v1__b=-07__l=3__r=0.f64le	7a1e289b084fddc68066878b4602a674baa2ed91f8ccdbd005173f508eaed7f1	reference/random_walk_v1__b=-07__l=3__r=0.lsg2	0571486de2b87e20802cd6f52aa0ea7c214d27d665e9f8b3967762ca3b9228d5	930	4
lasagna2:m2.3:v1:random_walk_v1:b=-07:l=3:r=1	random_walk_v1	-7	3	1	3185594525519097361	rw	2	512	cases/random_walk_v1__b=-07__l=3__r=1.f64le	b2a540f431e132ea983e94631dbdf640b5c2d09429407a2c801b23146b459842	reference/random_walk_v1__b=-07__l=3__r=1.lsg2	b66e8b99feff8f85506e8e13942b2ab9e9e6e2716c324bb36ae0b07129569142	930	4
lasagna2:m2.3:v1:random_walk_v1:b=-07:l=3:r=2	random_walk_v1	-7	3	2	7096377511434215088	rw	2	512	cases/random_walk_v1__b=-07__l=3__r=2.f64le	4fa36ba0d76304ab0307a0453d4d57eacdc81ac0b573709a8d80cb2e2c76de09	reference/random_walk_v1__b=-07__l=3__r=2.lsg2	aad864b62152f658f86622964b0d2010198cb3805d8cf369cedae2dbeb888098	930	4
lasagna2:m2.3:v1:random_walk_v1:b=-07:l=3:r=3	random_walk_v1	-7	3	3	4816536593283825641	rw	2	512	cases/random_walk_v1__b=-07__l=3__r=3.f64le	4103961d8ea182d9f78aaedf609fb47f9cad5d820cdff5bfb3e7ad1188626351	reference/random_walk_v1__b=-07__l=3__r=3.lsg2	d7695679f9539f3cdc6950a50b273d230eaf8b65e82ded5f8da9eeafe6db1608	930	4
lasagna2:m2.3:v1:random_walk_v1:b=-07:l=3:r=4	random_walk_v1	-7	3	4	10439903186970373741	rw	2	512	cases/random_walk_v1__b=-07__l=3__r=4.f64le	37a1f5ebfe1c9dbcb7df67197977da28725427f8b0c169f22fc98790d982536e	reference/random_walk_v1__b=-07__l=3__r=4.lsg2	42b3b5dd6cecad5f58c58b29ffc3f5161a43f55ea30e92d5d3e2239803ef74c8	930	4
lasagna2:m2.3:v1:random_walk_v1:b=-07:l=4:r=0	random_walk_v1	-7	4	0	7646664947477608643	rw	2	512	cases/random_walk_v1__b=-07__l=4__r=0.f64le	248887fef39d4e4c13d4e48f6e2ecb941929b44b854b655faf8487a486bbb1ed	reference/random_walk_v1__b=-07__l=4__r=0.lsg2	f2e22eec191932113a07be42ea628c56c096246f8a9e208da33b51220d5f0ad7	930	4
lasagna2:m2.3:v1:random_walk_v1:b=-07:l=4:r=1	random_walk_v1	-7	4	1	14138321434332756292	rw	2	512	cases/random_walk_v1__b=-07__l=4__r=1.f64le	e13377e8c5887215f6534fc3a5ab577186ce27b96e25efedeeada71a8b6e6561	reference/random_walk_v1__b=-07__l=4__r=1.lsg2	528157aa4e037607112c01bca6a2eada14bc06b61c13e4fb001c64d8d0572e2e	930	4
lasagna2:m2.3:v1:random_walk_v1:b=-07:l=4:r=2	random_walk_v1	-7	4	2	970569354307600141	rw	2	512	cases/random_walk_v1__b=-07__l=4__r=2.f64le	e08df5162e140b990f611539b9d26badab7483bfb237c292b8e6ee5cc3f92a31	reference/random_walk_v1__b=-07__l=4__r=2.lsg2	48c3ea9da4401ef3192ff375f5d40d75f5828094d34d04d3d34517f73bb0db0a	930	4
lasagna2:m2.3:v1:random_walk_v1:b=-07:l=4:r=3	random_walk_v1	-7	4	3	15238940461471362336	rw	2	512	cases/random_walk_v1__b=-07__l=4__r=3.f64le	98a1a3b6f9f71fc90df52e5778da484e03c9136d7afb3767063d72c16848622c	reference/random_walk_v1__b=-07__l=4__r=3.lsg2	177fd7f563bd9ee0671ecbd04eac1c2d35a8081189011f56dd7e4f8e4de994f2	930	4
lasagna2:m2.3:v1:random_walk_v1:b=-07:l=4:r=4	random_walk_v1	-7	4	4	9391546098783455072	rw	2	512	cases/random_walk_v1__b=-07__l=4__r=4.f64le	6296b92fadbccc72c53c5902a96966694ee20ed51865ec1a35d3527c34148be0	reference/random_walk_v1__b=-07__l=4__r=4.lsg2	5f3703839423962e22182861b8d1fd89bec032fdc00a974cec4535f35e7e7887	930	4
lasagna2:m2.3:v1:random_walk_v1:b=-06:l=0:r=0	random_walk_v1	-6	0	0	12032600086045537134	rw	2	512	cases/random_walk_v1__b=-06__l=0__r=0.f64le	efecccacb71fec60372aaad6d5488cfa6689f2f27ada75700a9fbc7d3ea8f24e	reference/random_walk_v1__b=-06__l=0__r=0.lsg2	40bc103dcfedb84efcc1f971ecd7bcdef97fc5a06c83d5cd9e945fb8e4fd009f	930	4
lasagna2:m2.3:v1:random_walk_v1:b=-06:l=0:r=1	random_walk_v1	-6	0	1	6353159027933293746	rw	2	512	cases/random_walk_v1__b=-06__l=0__r=1.f64le	330adc0fd9ef232a378aab8dbe7849b56dd19bea64b25e222b03c8151311f52c	reference/random_walk_v1__b=-06__l=0__r=1.lsg2	a639987c659541ac403b48468261d9460bee4848a4c7c809296e4067fbd12a30	930	4
lasagna2:m2.3:v1:random_walk_v1:b=-06:l=0:r=2	random_walk_v1	-6	0	2	4520990710306285036	rw	2	512	cases/random_walk_v1__b=-06__l=0__r=2.f64le	192c3609ddb47ce46c3c72ba13855dffe7a676577ccbfc2827c3dbe7da2f201a	reference/random_walk_v1__b=-06__l=0__r=2.lsg2	3fe4fdd7d85a539f07fe30a76283f9cf7ee2b37f9dd8733e1fdb5340afe00093	930	4
lasagna2:m2.3:v1:random_walk_v1:b=-06:l=0:r=3	random_walk_v1	-6	0	3	17566584633083352900	rw	2	512	cases/random_walk_v1__b=-06__l=0__r=3.f64le	218991e14678518a700d523c18ad4ff8df8b4d964fab1be61bda7777ae42842c	reference/random_walk_v1__b=-06__l=0__r=3.lsg2	555e07cf389a9cb1bf64ba9cb75fc194f5499ca5aca809492465552d4b5936ad	930	4
lasagna2:m2.3:v1:random_walk_v1:b=-06:l=0:r=4	random_walk_v1	-6	0	4	1609668753132593379	rw	2	512	cases/random_walk_v1__b=-06__l=0__r=4.f64le	29a7bd4696a2f442ca23aa4f641b79b84e5697efe8b35c73a280d56a7446fe36	reference/random_walk_v1__b=-06__l=0__r=4.lsg2	8bfc217471db7f6e468688660198b2b04e2e762894013b5cd8bb98f600879779	930	4
lasagna2:m2.3:v1:random_walk_v1:b=-06:l=1:r=0	random_walk_v1	-6	1	0	5456721184885300198	rw	2	512	cases/random_walk_v1__b=-06__l=1__r=0.f64le	20bc918a12f19e1d091949107cc53fe3480b2900311ec0ef8945b4ee0a1833ec	reference/random_walk_v1__b=-06__l=1__r=0.lsg2	45ac7d88d4d79387d0fd802ac478c5d9c9a59567a2d567a04e89d50a224d588c	930	4
lasagna2:m2.3:v1:random_walk_v1:b=-06:l=1:r=1	random_walk_v1	-6	1	1	15404494941721819832	rw	2	512	cases/random_walk_v1__b=-06__l=1__r=1.f64le	ff59fa018cbc8b723e8f1ece2d01d19e71d9035493b3ffab4fdfff672f13d5c6	reference/random_walk_v1__b=-06__l=1__r=1.lsg2	4f5c9ad8958633f4a04fbbd8b0d9a8fa6b25904078b3ffdca704580a1ee99ed8	930	4
lasagna2:m2.3:v1:random_walk_v1:b=-06:l=1:r=2	random_walk_v1	-6	1	2	4362005336546256729	rw	2	512	cases/random_walk_v1__b=-06__l=1__r=2.f64le	c30389d7a6c8f21fce5aed65824e738d55430742b43443c99f4ccefc4ea04692	reference/random_walk_v1__b=-06__l=1__r=2.lsg2	470db2ea98798961035dfe215c969b1cd96a5a416f2114124c69a7109c1b9b8a	930	4
lasagna2:m2.3:v1:random_walk_v1:b=-06:l=1:r=3	random_walk_v1	-6	1	3	8816247061273340241	rw	2	512	cases/random_walk_v1__b=-06__l=1__r=3.f64le	3aab4268d3da3f84170c6d2ee773fe1f237208594cd0ca053a2795c881973c5d	reference/random_walk_v1__b=-06__l=1__r=3.lsg2	cf78b2fd320f0fc0c50a6794aa081bf9d4d43d6d053f7f21ecdd0a14e717723a	930	4
lasagna2:m2.3:v1:random_walk_v1:b=-06:l=1:r=4	random_walk_v1	-6	1	4	2651638749379694896	rw	2	512	cases/random_walk_v1__b=-06__l=1__r=4.f64le	57f3f14e69f432533ed85a14b76044bcf1ec3674c39dac56aec9a128109d1dd2	reference/random_walk_v1__b=-06__l=1__r=4.lsg2	ec19f90a7ff420fa92ee7ec942f976b9ed80b318d18f2cfdcce1d3e5f758f7bd	930	4
lasagna2:m2.3:v1:random_walk_v1:b=-06:l=2:r=0	random_walk_v1	-6	2	0	18022837170034282559	rw	2	512	cases/random_walk_v1__b=-06__l=2__r=0.f64le	1272f7a85ed6837ef31f8e8a797d3fd80a00e73f9e81690136bf99cb9d3dd513	reference/random_walk_v1__b=-06__l=2__r=0.lsg2	1feaf040eb3d5be140e25257c8530d6e9ac7b37afcac6fa495eee3b11dd1102f	930	4
lasagna2:m2.3:v1:random_walk_v1:b=-06:l=2:r=1	random_walk_v1	-6	2	1	10057328200574214754	rw	2	512	cases/random_walk_v1__b=-06__l=2__r=1.f64le	d7fe8fcc08254962ec2ce0a996f5b65ceda2552c394f5deba8b1854496a9a30d	reference/random_walk_v1__b=-06__l=2__r=1.lsg2	775f9bcbd1dc8f401653d944ca1509e2d8e6fb7bef5b0681b95bb5c428e75dc3	930	4
lasagna2:m2.3:v1:random_walk_v1:b=-06:l=2:r=2	random_walk_v1	-6	2	2	9691821796736944903	rw	2	512	cases/random_walk_v1__b=-06__l=2__r=2.f64le	2ab5d6f4dd2663a43f3d80c53e860dd991dac06431c306da2af61594edef8567	reference/random_walk_v1__b=-06__l=2__r=2.lsg2	4885d8ac88a0f09a4d5ffc512cd41fc587ce41b25b4d609c1b72d0a7c7b9833a	930	4
lasagna2:m2.3:v1:random_walk_v1:b=-06:l=2:r=3	random_walk_v1	-6	2	3	12988461682807359515	rw	2	512	cases/random_walk_v1__b=-06__l=2__r=3.f64le	71ea3dc4e33eda2cb43ee7d4c0e6f9b18c8d265b703fcad07c28b0ff8cbc2729	reference/random_walk_v1__b=-06__l=2__r=3.lsg2	5b860c19a85204015fb3228db6746d1bdd4edd98c1553d5aff76ea9fee709ee9	930	4
lasagna2:m2.3:v1:random_walk_v1:b=-06:l=2:r=4	random_walk_v1	-6	2	4	13376149697567329399	rw	2	512	cases/random_walk_v1__b=-06__l=2__r=4.f64le	d992bbc44b07eb66a155f0a8cd2edbd30fe4c259a000455d7bf7192ae3be0e3b	reference/random_walk_v1__b=-06__l=2__r=4.lsg2	c2aec2a30a088e8ee0156963786a9d63c704a80c27acef96d89c21381a989df9	930	4
lasagna2:m2.3:v1:random_walk_v1:b=-06:l=3:r=0	random_walk_v1	-6	3	0	16758286737609771221	rw	2	512	cases/random_walk_v1__b=-06__l=3__r=0.f64le	ed1058531a85ac886f229011ed1d99df1be4188b42e655a6e744d1222110006c	reference/random_walk_v1__b=-06__l=3__r=0.lsg2	6d9b154dc61602901bda29caa8894ea3da4421e859cc381c0b6d81c339ea9691	930	4
lasagna2:m2.3:v1:random_walk_v1:b=-06:l=3:r=1	random_walk_v1	-6	3	1	4050974832756998223	rw	2	512	cases/random_walk_v1__b=-06__l=3__r=1.f64le	2cf62cc0ede0ecc17db6b466db0fbcbd40f15efa1dae6f3e1b743e8ac0422ba6	reference/random_walk_v1__b=-06__l=3__r=1.lsg2	823003b07cdac2fe0450c29bad965d01a5ba36b559649078e8567cff8c013771	930	4
lasagna2:m2.3:v1:random_walk_v1:b=-06:l=3:r=2	random_walk_v1	-6	3	2	2949098726813177713	rw	2	512	cases/random_walk_v1__b=-06__l=3__r=2.f64le	626c4294dd575a3dc883890a22346ef9c55406ae43c5952b046099bca00c45e8	reference/random_walk_v1__b=-06__l=3__r=2.lsg2	f5c7a55b0bccf0806268573fb1cf7e91f4e1c5febf88521412bcdf3e853616eb	930	4
lasagna2:m2.3:v1:random_walk_v1:b=-06:l=3:r=3	random_walk_v1	-6	3	3	3669241038943298636	rw	2	512	cases/random_walk_v1__b=-06__l=3__r=3.f64le	a36b8dd21b4aea746c3fe89f603cc4e0a6e2482136e50999beaec7e635209732	reference/random_walk_v1__b=-06__l=3__r=3.lsg2	d51728c385b535a6a872d02055d40fd8558bc5b18678b244ce0c08c8746663e6	930	4
lasagna2:m2.3:v1:random_walk_v1:b=-06:l=3:r=4	random_walk_v1	-6	3	4	15565561931338383631	rw	2	512	cases/random_walk_v1__b=-06__l=3__r=4.f64le	5ae2841ffef0916b355444fabda0d44ef25cc04ad9494026506f8d274fd59a8b	reference/random_walk_v1__b=-06__l=3__r=4.lsg2	aa93987f9407f275b66ec055a8d2996a90a9a96184e76b40c723fccb078c1ad9	930	4
lasagna2:m2.3:v1:random_walk_v1:b=-06:l=4:r=0	random_walk_v1	-6	4	0	12838976589886816806	rw	2	512	cases/random_walk_v1__b=-06__l=4__r=0.f64le	13d1e479a7b08f5b3720943f47ba692ce425d95f509b3111ec43d80d239f5c75	reference/random_walk_v1__b=-06__l=4__r=0.lsg2	f0ee078f1bbd3edf488a77978b403e65da854f0495bbdb18e2d447674ef355aa	930	4
lasagna2:m2.3:v1:random_walk_v1:b=-06:l=4:r=1	random_walk_v1	-6	4	1	12053717476396208961	rw	2	512	cases/random_walk_v1__b=-06__l=4__r=1.f64le	e29ae7b912a861f967f4cdfa2978c7d9b5af4a0506de7d7a5f2d793298f04e79	reference/random_walk_v1__b=-06__l=4__r=1.lsg2	f979389d8fd98996f0127d81f5dd687569f497a4dadbf02dfa09fda7f63cfb04	930	4
lasagna2:m2.3:v1:random_walk_v1:b=-06:l=4:r=2	random_walk_v1	-6	4	2	15895091425716572356	rw	2	512	cases/random_walk_v1__b=-06__l=4__r=2.f64le	ba91eeb802fcbb051740a97f5a4b77a07ba1c6827fc2d5b127db26347789363b	reference/random_walk_v1__b=-06__l=4__r=2.lsg2	eacc6e9f99a4961e8bda6a8bb3d8305dae621c4e7ef9fcd56d4ef72defba089a	930	4
lasagna2:m2.3:v1:random_walk_v1:b=-06:l=4:r=3	random_walk_v1	-6	4	3	17308523984396433585	rw	2	512	cases/random_walk_v1__b=-06__l=4__r=3.f64le	7bb850eead06f8ddee97640839e27d02046e3e9eb7122a0722eb4599b708962d	reference/random_walk_v1__b=-06__l=4__r=3.lsg2	92c10efe411ba51edc983de190e245eb2cff40723da4bc09966406b9c888aeef	930	4
lasagna2:m2.3:v1:random_walk_v1:b=-06:l=4:r=4	random_walk_v1	-6	4	4	18435914821359787071	rw	2	512	cases/random_walk_v1__b=-06__l=4__r=4.f64le	f9a6c41a3ef37b6f4103930ffecd370436eca3b96bb5a886bb9d32963ed2f5ad	reference/random_walk_v1__b=-06__l=4__r=4.lsg2	5472cd39bad941ba4419c00457252cd893ad442647fbf4d9a862218554fab0ce	930	4
lasagna2:m2.3:v1:random_walk_v1:b=-05:l=0:r=0	random_walk_v1	-5	0	0	13885063059483430957	rw	2	512	cases/random_walk_v1__b=-05__l=0__r=0.f64le	baacc2ad4f1c3345aaea34140756b539ffa628e8e810d0e7bfdb915d234d43d5	reference/random_walk_v1__b=-05__l=0__r=0.lsg2	f4881e45493a05a3f682b4be6f540dca26edc6bafc5650af79d6e159063482bb	930	4
lasagna2:m2.3:v1:random_walk_v1:b=-05:l=0:r=1	random_walk_v1	-5	0	1	1506973373841245949	rw	2	512	cases/random_walk_v1__b=-05__l=0__r=1.f64le	314fb335d4570a64096639ee53e2c12d76818127ac3de32ad1ccf9c9bf6de25f	reference/random_walk_v1__b=-05__l=0__r=1.lsg2	a72b90d0c067ed1303e5f7add380147bccf0d3381d49018c60953a72091b43bf	930	4
lasagna2:m2.3:v1:random_walk_v1:b=-05:l=0:r=2	random_walk_v1	-5	0	2	7050428277949569181	rw	2	512	cases/random_walk_v1__b=-05__l=0__r=2.f64le	4c76246e40fe1ac63c399fdce2cf51a671f6ae4fbac9f2406731f1a4a6981f23	reference/random_walk_v1__b=-05__l=0__r=2.lsg2	a2a6e0a52ade255b8b3106054cf91275f7e3298717b826a61672496c9ae5c3ff	930	4
lasagna2:m2.3:v1:random_walk_v1:b=-05:l=0:r=3	random_walk_v1	-5	0	3	7659155852093748553	rw	2	512	cases/random_walk_v1__b=-05__l=0__r=3.f64le	aaf33abc2678fc6ab21534f4de6af53897c42918255a8a9fc2febca3345967e9	reference/random_walk_v1__b=-05__l=0__r=3.lsg2	19af997842eff7773176dd92f0aa2e78ba993ab8f915d78604ad0de9854f9b5c	930	4
lasagna2:m2.3:v1:random_walk_v1:b=-05:l=0:r=4	random_walk_v1	-5	0	4	6800473383721473374	rw	2	512	cases/random_walk_v1__b=-05__l=0__r=4.f64le	aff9fd5d331680aee8d0a2193d68fdc7c92b03be07bc2e1488c2bc3daf64de88	reference/random_walk_v1__b=-05__l=0__r=4.lsg2	e66709ed2ca6c0424e9c45d244a6346ef3f1710a8a99840c71e8377f07e6688d	930	4
lasagna2:m2.3:v1:random_walk_v1:b=-05:l=1:r=0	random_walk_v1	-5	1	0	6189099786660649727	rw	2	512	cases/random_walk_v1__b=-05__l=1__r=0.f64le	e96dbddda3327095812b6abb56e557030f6983a9b5f8a5431c0637a2762d3a32	reference/random_walk_v1__b=-05__l=1__r=0.lsg2	4d97df6ad446274535df917dfe9932d25cdef84dc224ad0cdd35b43757efba6e	930	4
lasagna2:m2.3:v1:random_walk_v1:b=-05:l=1:r=1	random_walk_v1	-5	1	1	17682404645793027528	rw	2	512	cases/random_walk_v1__b=-05__l=1__r=1.f64le	d122a0ba13954e8baaba855ff1c0bfdebcfcd3df3bc7b1a0154922a5cd53b2c8	reference/random_walk_v1__b=-05__l=1__r=1.lsg2	edcea9c68cbd81f3317a0102c73ad7687186efb4331517b236603c0cd02bf0f8	930	4
lasagna2:m2.3:v1:random_walk_v1:b=-05:l=1:r=2	random_walk_v1	-5	1	2	3437086001051059708	rw	2	512	cases/random_walk_v1__b=-05__l=1__r=2.f64le	773039557a6b79e0e3120e1322f6a736dbc9cea240ae501fe6ef223f78ef388e	reference/random_walk_v1__b=-05__l=1__r=2.lsg2	3223e9a6af22726ebcbc2437063c69de9207517babf27ee74eee5e146e5f60bb	930	4
lasagna2:m2.3:v1:random_walk_v1:b=-05:l=1:r=3	random_walk_v1	-5	1	3	5126636250495616756	rw	2	512	cases/random_walk_v1__b=-05__l=1__r=3.f64le	b7985b4d5ecaf7153487be67d4092b90b2c976a109b70bcab660f32c469349cb	reference/random_walk_v1__b=-05__l=1__r=3.lsg2	9f842fad3ffdc27ae494dc8a77d8d25430d5831ae246326321d67b0af58fda6d	930	4
lasagna2:m2.3:v1:random_walk_v1:b=-05:l=1:r=4	random_walk_v1	-5	1	4	3165831656039893853	rw	2	512	cases/random_walk_v1__b=-05__l=1__r=4.f64le	02810b0c752fb81b8fe1e3c3a40c08f4568c18cdea5b015fce4017cd2f4b462e	reference/random_walk_v1__b=-05__l=1__r=4.lsg2	86c9b681878a55273e613ac44d698084adfab08dd8c9a1b1d9a917cc082921a8	930	4
lasagna2:m2.3:v1:random_walk_v1:b=-05:l=2:r=0	random_walk_v1	-5	2	0	9203433189751051939	rw	2	512	cases/random_walk_v1__b=-05__l=2__r=0.f64le	e9416e6d195bfa5edbe910e4ce95ab56c85bcd8c1078a4310337e3eeefafe2c1	reference/random_walk_v1__b=-05__l=2__r=0.lsg2	3778514b7922a65879336563a61f7026737fb822d131a02e8e9ee0cff47df62a	930	4
lasagna2:m2.3:v1:random_walk_v1:b=-05:l=2:r=1	random_walk_v1	-5	2	1	3526168951872760016	rw	2	512	cases/random_walk_v1__b=-05__l=2__r=1.f64le	4a64f04446afdfafab458d9bb4a671db1b8949eeba372ab61095e0db4abf23b5	reference/random_walk_v1__b=-05__l=2__r=1.lsg2	66008ce50e7a1093bf16336f3a65927666fc3e8ba385e4305ab9582fc2e7dc56	930	4
lasagna2:m2.3:v1:random_walk_v1:b=-05:l=2:r=2	random_walk_v1	-5	2	2	11580896686235730358	rw	2	512	cases/random_walk_v1__b=-05__l=2__r=2.f64le	31e9871d7a22640b59dd2a1ebbacbaaa811eb65161e46a81dc818ab045b9de33	reference/random_walk_v1__b=-05__l=2__r=2.lsg2	af45710842721063f088d50a4a6ff2e7979eb70164cb34503fa25a9e9633d9a4	930	4
lasagna2:m2.3:v1:random_walk_v1:b=-05:l=2:r=3	random_walk_v1	-5	2	3	2670423763782435737	rw	2	512	cases/random_walk_v1__b=-05__l=2__r=3.f64le	fc8280744305f6e76267d0626b23b41bf14c9bc5ab9f07960ed801f161c58d97	reference/random_walk_v1__b=-05__l=2__r=3.lsg2	c36d0de6852f280b6112500ef76aebf95e1d21c92c301ab7078ef11280d293de	930	4
lasagna2:m2.3:v1:random_walk_v1:b=-05:l=2:r=4	random_walk_v1	-5	2	4	10131399815193645264	rw	2	512	cases/random_walk_v1__b=-05__l=2__r=4.f64le	b262d401590e12daf7f16361867923f8ac7b85ffe4f303df12443c7544a9f9d2	reference/random_walk_v1__b=-05__l=2__r=4.lsg2	d96710155c00307d569ad62b9110b6a3109242958b1fc4bdae7478ce2f5d1093	930	4
lasagna2:m2.3:v1:random_walk_v1:b=-05:l=3:r=0	random_walk_v1	-5	3	0	805478923406824518	rw	2	512	cases/random_walk_v1__b=-05__l=3__r=0.f64le	6795fab7a89f6563c598f313da59d206bf35a2cefd57edb02cda381cbb02d68c	reference/random_walk_v1__b=-05__l=3__r=0.lsg2	9a3555fea5b202c94ef62990f3360a7d71c80553f548444138003a0d80adbea0	930	4
lasagna2:m2.3:v1:random_walk_v1:b=-05:l=3:r=1	random_walk_v1	-5	3	1	9085716048163795283	rw	2	512	cases/random_walk_v1__b=-05__l=3__r=1.f64le	720c8cb7a5cc81caed0048226be27ff8422d313ef9ba4045d24665d874fd582e	reference/random_walk_v1__b=-05__l=3__r=1.lsg2	4c024372f3206ea39ecee76e4818068be7da744ccfdefc0cc94dbe48ca4673c3	930	4
lasagna2:m2.3:v1:random_walk_v1:b=-05:l=3:r=2	random_walk_v1	-5	3	2	15175759864664220402	rw	2	512	cases/random_walk_v1__b=-05__l=3__r=2.f64le	c8c29548904c96f46866b62c9fe2ce11530c25637dc5415536f2191a616b5dca	reference/random_walk_v1__b=-05__l=3__r=2.lsg2	890f317aee9c9addff41c3d3bc337f1ebc0337c1493dc4c0137df717191011b3	930	4
lasagna2:m2.3:v1:random_walk_v1:b=-05:l=3:r=3	random_walk_v1	-5	3	3	9363684861458492640	rw	2	512	cases/random_walk_v1__b=-05__l=3__r=3.f64le	946ee167a2ad854ffd838944f97e0797999d82e9fe00b056da904ba532d14ab4	reference/random_walk_v1__b=-05__l=3__r=3.lsg2	48a0f7d880170177ce73f954c499992681bdb3385e0fe5962d94efd880fd59ca	930	4
lasagna2:m2.3:v1:random_walk_v1:b=-05:l=3:r=4	random_walk_v1	-5	3	4	3720199124302360697	rw	2	512	cases/random_walk_v1__b=-05__l=3__r=4.f64le	82dcbdaaf3075ee29d196e1221ca8b9cd621d51170e79c4104a41202cad17054	reference/random_walk_v1__b=-05__l=3__r=4.lsg2	21fe108b14f8d7eb7189292ef75173a0e7e42c49f57279276add223b7999bb29	930	4
lasagna2:m2.3:v1:random_walk_v1:b=-05:l=4:r=0	random_walk_v1	-5	4	0	5647145686757476099	rw	2	512	cases/random_walk_v1__b=-05__l=4__r=0.f64le	42dab45de96ee8422a51ae539aab25fa7a4ce65987cb64b021ead91cfe0fb284	reference/random_walk_v1__b=-05__l=4__r=0.lsg2	797f5ecb208d2d783112ab891be0116aba758a65abfe1a37ee6b68eca2960037	930	4
lasagna2:m2.3:v1:random_walk_v1:b=-05:l=4:r=1	random_walk_v1	-5	4	1	1382866872188203623	rw	2	512	cases/random_walk_v1__b=-05__l=4__r=1.f64le	51b013dcc13976fad52ba7aaa8571b33379bb0300bc3e39393f0d6d6a73ef1ff	reference/random_walk_v1__b=-05__l=4__r=1.lsg2	4e03a1b45f1f795cfd816515456d445dc095d00318333d70d8ae6bbb3e20cf38	930	4
lasagna2:m2.3:v1:random_walk_v1:b=-05:l=4:r=2	random_walk_v1	-5	4	2	7336499694342569533	rw	2	512	cases/random_walk_v1__b=-05__l=4__r=2.f64le	592375ba274a920e0dacc33ebf2efb00eab986466e3fa00bc8f9d4c3d0c62a74	reference/random_walk_v1__b=-05__l=4__r=2.lsg2	5ecf2c5635dc62fca9829f7d2c574c463589dcfa935d483c285ac44da9c7d606	930	4
lasagna2:m2.3:v1:random_walk_v1:b=-05:l=4:r=3	random_walk_v1	-5	4	3	7254393173549222686	rw	2	512	cases/random_walk_v1__b=-05__l=4__r=3.f64le	0a77cde689edc322083f7366fb3c511e47a216986796a7bed7eb490a1f89c1dc	reference/random_walk_v1__b=-05__l=4__r=3.lsg2	ff346906c3e4443fe9f62d930f8b8562d92b370782df8d805cfa0f51fe989bf8	930	4
lasagna2:m2.3:v1:random_walk_v1:b=-05:l=4:r=4	random_walk_v1	-5	4	4	7875518354727513765	rw	2	512	cases/random_walk_v1__b=-05__l=4__r=4.f64le	a4c9c4f17a6e15d71cc30294e6f68ea54091aa3e8bf2188632db14ff12167711	reference/random_walk_v1__b=-05__l=4__r=4.lsg2	1348b7eb9810ae09f13b53dee32558d43207fcf2046df426de46c46f3f860332	930	4
lasagna2:m2.3:v1:random_walk_v1:b=-04:l=0:r=0	random_walk_v1	-4	0	0	13556639713744272725	rw	2	512	cases/random_walk_v1__b=-04__l=0__r=0.f64le	6a40b6544a96256be7c73520a943da9faf4a293eb107d409fbee21a5a9e9d5a5	reference/random_walk_v1__b=-04__l=0__r=0.lsg2	022f3be2a1a92a4cb9f3b02914ed932f6647747cfe305516e764f4b1983955f5	930	4
lasagna2:m2.3:v1:random_walk_v1:b=-04:l=0:r=1	random_walk_v1	-4	0	1	4576098872104819748	rw	2	512	cases/random_walk_v1__b=-04__l=0__r=1.f64le	9b5fd45ee588bfd38da7d0661c06283b694509ea321d5e323fb174963317420a	reference/random_walk_v1__b=-04__l=0__r=1.lsg2	050fc6d0653eec7fa95a246fd305db7d0ae8f33b91023e8440bd60f12a11d534	930	4
lasagna2:m2.3:v1:random_walk_v1:b=-04:l=0:r=2	random_walk_v1	-4	0	2	16668575628214042024	rw	2	512	cases/random_walk_v1__b=-04__l=0__r=2.f64le	74bf31fb13ed2f2e4728238fb559f67e29ef06d0b2a6d4867e1093cd03a15aeb	reference/random_walk_v1__b=-04__l=0__r=2.lsg2	a3fe325a644c2d04431a0ff2dbf853c3725c0f8db26f3770858b56f1e49a7f77	930	4
lasagna2:m2.3:v1:random_walk_v1:b=-04:l=0:r=3	random_walk_v1	-4	0	3	8049492404247366820	rw	2	512	cases/random_walk_v1__b=-04__l=0__r=3.f64le	7af2385c5817fdde6ac4e9a96661bde0a3efaa6dc0b485d5dc6f80b8252e0db3	reference/random_walk_v1__b=-04__l=0__r=3.lsg2	e9c1aa9a288e352ad25bca5d28b7a6faab8898b2b421353eb9ef8df8add699eb	930	4
lasagna2:m2.3:v1:random_walk_v1:b=-04:l=0:r=4	random_walk_v1	-4	0	4	8576392195220663325	rw	2	512	cases/random_walk_v1__b=-04__l=0__r=4.f64le	9bd56dea28c69c7978c2cda63d19bea78ce729a108cadb3519b2ad1dc38d9503	reference/random_walk_v1__b=-04__l=0__r=4.lsg2	d0c2dec4cc484b8a5e1cb70df91132698ac6eb2a06339dfe104319fd4a2a154e	930	4
lasagna2:m2.3:v1:random_walk_v1:b=-04:l=1:r=0	random_walk_v1	-4	1	0	7084152329320992919	rw	2	512	cases/random_walk_v1__b=-04__l=1__r=0.f64le	9cb11eec2f83a6c284dacab0e5aaa39b3b20205a8250990329223517fed5facf	reference/random_walk_v1__b=-04__l=1__r=0.lsg2	9b8ec6dc8566ef4053ddbe9ea09d325fac5724b80946c7d8c008c1c3f260533e	930	4
lasagna2:m2.3:v1:random_walk_v1:b=-04:l=1:r=1	random_walk_v1	-4	1	1	4964302661912076071	rw	2	512	cases/random_walk_v1__b=-04__l=1__r=1.f64le	4f79fca2ee534214801b4e44162277377f3aa6eecc3d673bc06ff5723296dff4	reference/random_walk_v1__b=-04__l=1__r=1.lsg2	63c3bc39618c9a0881da3dd5e58d6eb59ea328834cfa4b3f336e739a3e8c54d4	930	4
lasagna2:m2.3:v1:random_walk_v1:b=-04:l=1:r=2	random_walk_v1	-4	1	2	9374797796183488780	rw	2	512	cases/random_walk_v1__b=-04__l=1__r=2.f64le	ccfb958e9c4d183e10af14144de529927218564e76a9c5ea8979162d2b9c558a	reference/random_walk_v1__b=-04__l=1__r=2.lsg2	2e3298d4b3ce445540c1b517174bc881376c5420783128bf002337fad9cb1e8c	930	4
lasagna2:m2.3:v1:random_walk_v1:b=-04:l=1:r=3	random_walk_v1	-4	1	3	4904657714289434298	rw	2	512	cases/random_walk_v1__b=-04__l=1__r=3.f64le	3e59682291722d3799d0ee20e4a46c83af215bd957a3b8d916d403ba462f2fe9	reference/random_walk_v1__b=-04__l=1__r=3.lsg2	816ac8b390477e393d77dff35d99891330e6c65d131e7f19daae77484daf17f7	930	4
lasagna2:m2.3:v1:random_walk_v1:b=-04:l=1:r=4	random_walk_v1	-4	1	4	15877266470110576809	rw	2	512	cases/random_walk_v1__b=-04__l=1__r=4.f64le	e5de59439a657f098c99bfb3f48dc90f48a6f9e9d1677736e24a1d49cf45994f	reference/random_walk_v1__b=-04__l=1__r=4.lsg2	c25bc14055c7154cadd992837ff4ca151a9e0a6ce818f1caf6c127d367ef89aa	930	4
lasagna2:m2.3:v1:random_walk_v1:b=-04:l=2:r=0	random_walk_v1	-4	2	0	17212304417676212434	rw	2	512	cases/random_walk_v1__b=-04__l=2__r=0.f64le	88191c2438f3c9983fb8ab195096864297efc4857b20dcfcaa91311247610e0e	reference/random_walk_v1__b=-04__l=2__r=0.lsg2	95e8b0e95182baea4419520131f209ec64e35945ead09cda7b155ba4337612f5	930	4
lasagna2:m2.3:v1:random_walk_v1:b=-04:l=2:r=1	random_walk_v1	-4	2	1	6714075741778011200	rw	2	512	cases/random_walk_v1__b=-04__l=2__r=1.f64le	c3ed149cef285558cc6f2d6af5255d3c9865f9dcb4b967afa90145291c55205c	reference/random_walk_v1__b=-04__l=2__r=1.lsg2	3430fcf87e4166ab0bfb69c71b6908a81615cafede3e96e7530c97ed1f57b42f	930	4
lasagna2:m2.3:v1:random_walk_v1:b=-04:l=2:r=2	random_walk_v1	-4	2	2	1518046615315129453	rw	2	512	cases/random_walk_v1__b=-04__l=2__r=2.f64le	0aba5f12efbd114333bddb86279ed9f37fd3f3a2fab84855661ae08d064b86d5	reference/random_walk_v1__b=-04__l=2__r=2.lsg2	099dd96c076dbb06382fe3bc96a44940987b8e82e38dab71c149014655678523	930	4
lasagna2:m2.3:v1:random_walk_v1:b=-04:l=2:r=3	random_walk_v1	-4	2	3	5183189835848763374	rw	2	512	cases/random_walk_v1__b=-04__l=2__r=3.f64le	a5cc545fe9847cda263da52e0ca1ed97b45986a914095e2766bd0f293a5de87f	reference/random_walk_v1__b=-04__l=2__r=3.lsg2	6c1c460a9dff017a90329b61bf8268845d82bcc9ec9f2d24b3cb67b5fcf40b0b	930	4
lasagna2:m2.3:v1:random_walk_v1:b=-04:l=2:r=4	random_walk_v1	-4	2	4	5972043869302579552	rw	2	512	cases/random_walk_v1__b=-04__l=2__r=4.f64le	8929e5f0bc66fa9ccfefcaa0acffcb7b1ee44f8091ad916bcf84877e489a7916	reference/random_walk_v1__b=-04__l=2__r=4.lsg2	2ca2a8cbe3b1afef401caec9b86d2f0a5c6f2331a3f51cc4d33b95efd34ba4b4	930	4
lasagna2:m2.3:v1:random_walk_v1:b=-04:l=3:r=0	random_walk_v1	-4	3	0	9750798503097030333	rw	2	512	cases/random_walk_v1__b=-04__l=3__r=0.f64le	7e08595f7d28ae61cadc3974f2e014efdbc03026854ea2bce879cf4ac0e2e3a6	reference/random_walk_v1__b=-04__l=3__r=0.lsg2	f9044bc77f16cb8c3db0b44f17efe31314926e1a4d48c2cb4f282f315a769856	930	4
lasagna2:m2.3:v1:random_walk_v1:b=-04:l=3:r=1	random_walk_v1	-4	3	1	9777028377870111856	rw	2	512	cases/random_walk_v1__b=-04__l=3__r=1.f64le	d3fd715fe1686474f9af681c7bf68205f76406c8da6bbd432020d0a7136ed146	reference/random_walk_v1__b=-04__l=3__r=1.lsg2	d2b6811ac9ec67f74646e2613e399a1e615f75be4a0ec9eb37c83350bf6429a6	930	4
lasagna2:m2.3:v1:random_walk_v1:b=-04:l=3:r=2	random_walk_v1	-4	3	2	12486730267613794989	rw	2	512	cases/random_walk_v1__b=-04__l=3__r=2.f64le	0cca3bad280a933823322f91bf566f1dfa3254882e5b77363106ed04bbef443e	reference/random_walk_v1__b=-04__l=3__r=2.lsg2	47b510cfa9f9dc088a753d14901ad4eaa2b11d9e857c348e8dcda1565875f163	930	4
lasagna2:m2.3:v1:random_walk_v1:b=-04:l=3:r=3	random_walk_v1	-4	3	3	17183224460314446556	rw	2	512	cases/random_walk_v1__b=-04__l=3__r=3.f64le	09789ec82f1206aca877ad39c07c3cdc01e65cb1bdf824dce131d9e331173b9a	reference/random_walk_v1__b=-04__l=3__r=3.lsg2	b1ff0c173a3d3e822a4560ddc21272ee588a34662d76a0b5b79b0c95141fd79d	930	4
lasagna2:m2.3:v1:random_walk_v1:b=-04:l=3:r=4	random_walk_v1	-4	3	4	13959518042699136022	rw	2	512	cases/random_walk_v1__b=-04__l=3__r=4.f64le	19eb6e9450c0a4a966fdef1b7b92667a48bd304f07adb35626ada2beb5a1905b	reference/random_walk_v1__b=-04__l=3__r=4.lsg2	c6984f43961b0f7a302da530a8c57bbf5afdcbb7b56cd5b837117811f4dc56cf	930	4
lasagna2:m2.3:v1:random_walk_v1:b=-04:l=4:r=0	random_walk_v1	-4	4	0	16998471458856450612	rw	2	512	cases/random_walk_v1__b=-04__l=4__r=0.f64le	da0928086eb29ba96fed8f3eb0980441e5c0f8ae4e8b170a44f11ef4767cd52a	reference/random_walk_v1__b=-04__l=4__r=0.lsg2	fe3f944880931981e9eaeecb26e5e150cac8c58a597acf5a1752c6d9aa48dcb1	930	4
lasagna2:m2.3:v1:random_walk_v1:b=-04:l=4:r=1	random_walk_v1	-4	4	1	11647206176755199710	rw	2	512	cases/random_walk_v1__b=-04__l=4__r=1.f64le	ee19bf046ff523451fc3f97b65a2b3d440f733b7ee71e4442bad438a76545137	reference/random_walk_v1__b=-04__l=4__r=1.lsg2	2b4d796e0d70285b4f74b5740bc2f47f3c310f42c15c42c31a18f1eb8f68535b	930	4
lasagna2:m2.3:v1:random_walk_v1:b=-04:l=4:r=2	random_walk_v1	-4	4	2	8170523159524432469	rw	2	512	cases/random_walk_v1__b=-04__l=4__r=2.f64le	a48860a3b1f7353861fd93922c7bbd1463580c9ae72a575fc7220b81d12bef24	reference/random_walk_v1__b=-04__l=4__r=2.lsg2	2d01f4e8c780a3ca943447f1b35cce64764ac2ed20ab4a69d23039856a1fd98a	930	4
lasagna2:m2.3:v1:random_walk_v1:b=-04:l=4:r=3	random_walk_v1	-4	4	3	10340326925725363015	rw	2	512	cases/random_walk_v1__b=-04__l=4__r=3.f64le	dface9e53692e6bca094bab68b506f90e230d0383854f33050d907594976222c	reference/random_walk_v1__b=-04__l=4__r=3.lsg2	6aa068a3742641ab3c112150860e893b69ad36baf7944b4ddc96a4640a9c862f	930	4
lasagna2:m2.3:v1:random_walk_v1:b=-04:l=4:r=4	random_walk_v1	-4	4	4	9076137145062117974	rw	2	512	cases/random_walk_v1__b=-04__l=4__r=4.f64le	13213076f03b8e3ff17c4054196aa910213ce85a8a31468e012f359b72865411	reference/random_walk_v1__b=-04__l=4__r=4.lsg2	fe51b7b7069c1dca217bc9d582713514b2804ac2b92d146675dd3f72dd21f5ab	930	4
lasagna2:m2.3:v1:random_walk_v1:b=-03:l=0:r=0	random_walk_v1	-3	0	0	11065828864678551981	rw	2	512	cases/random_walk_v1__b=-03__l=0__r=0.f64le	2a425d60f7f5ed6a83dabef98068ec45a8a2c2fec4f2747a2cecf8987629d67d	reference/random_walk_v1__b=-03__l=0__r=0.lsg2	2bfffc11bb204e191dfdc2b0594389698368c94fbde3ae00409060e77526ffad	930	4
lasagna2:m2.3:v1:random_walk_v1:b=-03:l=0:r=1	random_walk_v1	-3	0	1	11486214204421992742	rw	2	512	cases/random_walk_v1__b=-03__l=0__r=1.f64le	1fbcfdd97953ba2754c2f4f60d3ec8bb597f2c115a7937ca82ccacff97ee5a3b	reference/random_walk_v1__b=-03__l=0__r=1.lsg2	8f1c2a7e9772deaad6f54cc8f2654d347704f16a452a3ec8692566792b6071a8	930	4
lasagna2:m2.3:v1:random_walk_v1:b=-03:l=0:r=2	random_walk_v1	-3	0	2	8289851083429244396	rw	2	512	cases/random_walk_v1__b=-03__l=0__r=2.f64le	74302cd455e0344dcec98d9fbb7cde2a5cbf5bae40f678ec7baab991a2ca768c	reference/random_walk_v1__b=-03__l=0__r=2.lsg2	76c98473640d84947df1034aec627f54cd8c425e0e23f84941cd9c93af74bd81	930	4
lasagna2:m2.3:v1:random_walk_v1:b=-03:l=0:r=3	random_walk_v1	-3	0	3	2788231059557313113	rw	2	512	cases/random_walk_v1__b=-03__l=0__r=3.f64le	b4c63c7fda7be96ad5a5e50050c3d1a8fd37695c5521652dcde958099840c75c	reference/random_walk_v1__b=-03__l=0__r=3.lsg2	b5350f0d11249ac5ebc2fb602fd21f03a0d38a6af44e3d96073213c078824d58	930	4
lasagna2:m2.3:v1:random_walk_v1:b=-03:l=0:r=4	random_walk_v1	-3	0	4	4211901164256156222	rw	2	512	cases/random_walk_v1__b=-03__l=0__r=4.f64le	e5c088abcda82a4a367a53f1a0df7d6d695088eb8b9df16d3e21322d9a1f076c	reference/random_walk_v1__b=-03__l=0__r=4.lsg2	56371be347a035828c82e2b044ef54583c6d6918bc39f7fdca6738b824523cc7	930	4
lasagna2:m2.3:v1:random_walk_v1:b=-03:l=1:r=0	random_walk_v1	-3	1	0	11244871451807891025	rw	2	512	cases/random_walk_v1__b=-03__l=1__r=0.f64le	86a552935329910f28f148c600da0e21805f89a1064f2b01c75205f0c41fb88b	reference/random_walk_v1__b=-03__l=1__r=0.lsg2	1fdc90188c08498ca79f9407d094458161349d3cad0ae18422103d76088c1dcf	930	4
lasagna2:m2.3:v1:random_walk_v1:b=-03:l=1:r=1	random_walk_v1	-3	1	1	13523934658399304632	rw	2	512	cases/random_walk_v1__b=-03__l=1__r=1.f64le	e12270d1f1f799d3bceee53987e3e13d4a558e5183e1d3cdd3ed930fbed7e8c4	reference/random_walk_v1__b=-03__l=1__r=1.lsg2	c510f0100a19bdb38ff17e75070b1ff258ebf9eab262059c9874f31c7d09a23d	930	4
lasagna2:m2.3:v1:random_walk_v1:b=-03:l=1:r=2	random_walk_v1	-3	1	2	17009406077312739939	rw	2	512	cases/random_walk_v1__b=-03__l=1__r=2.f64le	93097ba29d994b5e438985be276108dd32528b1958edfbf28eb8f0b76fda6e92	reference/random_walk_v1__b=-03__l=1__r=2.lsg2	302bd011fdbb56e8bd066552d4467c415c9e80d64dcffcf7671359fb834af647	930	4
lasagna2:m2.3:v1:random_walk_v1:b=-03:l=1:r=3	random_walk_v1	-3	1	3	8828052473936950775	rw	2	512	cases/random_walk_v1__b=-03__l=1__r=3.f64le	f0c1832f43daaf00cefeabff4580c9f559df0963ca572d6bae7e51b84263017f	reference/random_walk_v1__b=-03__l=1__r=3.lsg2	89b5093cc18face57b72a3ae2b66a1e4005ac6e117d1ece8de8d13ea4e54e448	930	4
lasagna2:m2.3:v1:random_walk_v1:b=-03:l=1:r=4	random_walk_v1	-3	1	4	3282387635496988333	rw	2	512	cases/random_walk_v1__b=-03__l=1__r=4.f64le	db5002174aa89bc7d825c339de365216ea7aeeedd05d458e371507992b26bdcd	reference/random_walk_v1__b=-03__l=1__r=4.lsg2	a1da5e2cc029f54222196db599212cb4195744c92391cbc3ce070ace4750cae2	930	4
lasagna2:m2.3:v1:random_walk_v1:b=-03:l=2:r=0	random_walk_v1	-3	2	0	12833123035802093622	rw	2	512	cases/random_walk_v1__b=-03__l=2__r=0.f64le	527f77d657af323209954eec37c371d2de94b0a4eccb06360ed6abaa81ce63bf	reference/random_walk_v1__b=-03__l=2__r=0.lsg2	cf55a3c7780a99943966c758b764580488cfb684130de9fb3be744c23cde6b52	930	4
lasagna2:m2.3:v1:random_walk_v1:b=-03:l=2:r=1	random_walk_v1	-3	2	1	9744541467077431593	rw	2	512	cases/random_walk_v1__b=-03__l=2__r=1.f64le	65ac46cdb62904680694f7377fb2e71c808369a64776a156b4f7c7e0cd6de53f	reference/random_walk_v1__b=-03__l=2__r=1.lsg2	544918401c6e1b33ea8791737935c949322ef06db7e4d31f04dc00d679fac345	930	4
lasagna2:m2.3:v1:random_walk_v1:b=-03:l=2:r=2	random_walk_v1	-3	2	2	7558669022561550849	rw	2	512	cases/random_walk_v1__b=-03__l=2__r=2.f64le	a893df6550a0acfdaa3a59211cda91b5cbd057c4e569f7cb290f61388d618780	reference/random_walk_v1__b=-03__l=2__r=2.lsg2	4b8dd4e9206cf5f5fdf91300bac2a46b17048c89ed6e734895ebf9426cc2c0d5	930	4
lasagna2:m2.3:v1:random_walk_v1:b=-03:l=2:r=3	random_walk_v1	-3	2	3	6254303005088707332	rw	2	512	cases/random_walk_v1__b=-03__l=2__r=3.f64le	c1440e53242509d2c9d861d4bfc0b0144146637e645de78d6b8d2e6100af90ea	reference/random_walk_v1__b=-03__l=2__r=3.lsg2	89354bfc2d3e0f88fed1e3b4628acde1334d9b380c5df06402e80ad03efada31	930	4
lasagna2:m2.3:v1:random_walk_v1:b=-03:l=2:r=4	random_walk_v1	-3	2	4	13034929644854648181	rw	2	512	cases/random_walk_v1__b=-03__l=2__r=4.f64le	b7e27515f97d31d7262871bfb3149cb874d377d9384f4b14f53eaf239a868327	reference/random_walk_v1__b=-03__l=2__r=4.lsg2	6a73a17168948d524c12f178514549d26feac22d360ac93fdaef2a34000b89b8	930	4
lasagna2:m2.3:v1:random_walk_v1:b=-03:l=3:r=0	random_walk_v1	-3	3	0	7017947640904159445	rw	2	512	cases/random_walk_v1__b=-03__l=3__r=0.f64le	67ff850ee1020176914ac3c5c89a639f04cc6db69ac21c42dec7fb3409f2a116	reference/random_walk_v1__b=-03__l=3__r=0.lsg2	bbc1f64bc67d33020400be389ef37fa0fea4aca4156a5c15606ee14da6c2883c	930	4
lasagna2:m2.3:v1:random_walk_v1:b=-03:l=3:r=1	random_walk_v1	-3	3	1	11675332754646786863	rw	2	512	cases/random_walk_v1__b=-03__l=3__r=1.f64le	c9ba70a3b9fc50f31196b6ddcec674d163cf04d23e5c807c17ece80841229f82	reference/random_walk_v1__b=-03__l=3__r=1.lsg2	29a63a436fbcb1ed059bfdcd4e13e03347a1a3a065117ba15cbf5c473f848c94	930	4
lasagna2:m2.3:v1:random_walk_v1:b=-03:l=3:r=2	random_walk_v1	-3	3	2	15739461491482468098	rw	2	512	cases/random_walk_v1__b=-03__l=3__r=2.f64le	e08ff6fe1cd71fd22833e02b22762eb5ec5c038f1d5c00ccb25d604b49f662bd	reference/random_walk_v1__b=-03__l=3__r=2.lsg2	cded29d772378838f2f98ef2dbe851be4a09f3904121a6066a2a98717531f947	930	4
lasagna2:m2.3:v1:random_walk_v1:b=-03:l=3:r=3	random_walk_v1	-3	3	3	18335869715674227026	rw	2	512	cases/random_walk_v1__b=-03__l=3__r=3.f64le	60fd07783e22bf0af93387a319735d23ac29ec54aa746da651c87e1a577c6581	reference/random_walk_v1__b=-03__l=3__r=3.lsg2	652ced12551750799fc1b1fa4aca794263cc9388556283b9902066a38f571d7b	930	4
lasagna2:m2.3:v1:random_walk_v1:b=-03:l=3:r=4	random_walk_v1	-3	3	4	13531766508011803657	rw	2	512	cases/random_walk_v1__b=-03__l=3__r=4.f64le	0cc53e80e2c414855fc809282083f52ae8ad7440a943c7dec1a6bb61fd46fb69	reference/random_walk_v1__b=-03__l=3__r=4.lsg2	dec61a7673ce8d03ce89f64ceddc1120f86ce93f189b8050edf7c986c4e1878a	930	4
lasagna2:m2.3:v1:random_walk_v1:b=-03:l=4:r=0	random_walk_v1	-3	4	0	4716092675704014325	rw	2	512	cases/random_walk_v1__b=-03__l=4__r=0.f64le	f10c93952428a970d43ad8c0825f1e54ae050207e17cc612b8d888dfa5333e60	reference/random_walk_v1__b=-03__l=4__r=0.lsg2	7cca9e4eb9371a5b0ebc5b2050ad002832a138df1c1cce09dc8f9a530a024a6c	930	4
lasagna2:m2.3:v1:random_walk_v1:b=-03:l=4:r=1	random_walk_v1	-3	4	1	5390369331426502625	rw	2	512	cases/random_walk_v1__b=-03__l=4__r=1.f64le	9c673d5a1040917fe1f950e0b8352d857e47146f14d7f8b6b172f84e4a9c1042	reference/random_walk_v1__b=-03__l=4__r=1.lsg2	c576b4dbb1c100cd8a008a7c8b42510345363011bc6874fbf400af362e99ca77	930	4
lasagna2:m2.3:v1:random_walk_v1:b=-03:l=4:r=2	random_walk_v1	-3	4	2	11408316375288644558	rw	2	512	cases/random_walk_v1__b=-03__l=4__r=2.f64le	0d7013002dc3d31eb525c17e8d3bac7b7965d0b8ef688cca8a5cc4b05acb994c	reference/random_walk_v1__b=-03__l=4__r=2.lsg2	0519895f4ddad2a51ea1e6c9d874387659b22660b078839fb2a89a6fefaf911f	930	4
lasagna2:m2.3:v1:random_walk_v1:b=-03:l=4:r=3	random_walk_v1	-3	4	3	1943871212324781722	rw	2	512	cases/random_walk_v1__b=-03__l=4__r=3.f64le	53af382abc9afd8e24d5aa33fa4dcbc5e6529702633db54716a4380b43fdec3f	reference/random_walk_v1__b=-03__l=4__r=3.lsg2	5f6967d6a6645d06a4cfd59de820f452df0cc33ae405dac2d1fcfd8114d1841e	930	4
lasagna2:m2.3:v1:random_walk_v1:b=-03:l=4:r=4	random_walk_v1	-3	4	4	7077690402617556334	rw	2	512	cases/random_walk_v1__b=-03__l=4__r=4.f64le	fff577ba63347e4a025e17f3041fbb35eca404df9d8bad30bbcc98bd56b7524d	reference/random_walk_v1__b=-03__l=4__r=4.lsg2	2818a12a4f2f9983294147d7fad7eb4aa5bc44a44fefc85da85df6022e1474b7	930	4
lasagna2:m2.3:v1:random_walk_v1:b=-02:l=0:r=0	random_walk_v1	-2	0	0	5968540430331123750	rw	2	512	cases/random_walk_v1__b=-02__l=0__r=0.f64le	1ae6387b3ee0d4873dfe8900bae8b0955359df8791633ae6d57e2de1b4b6cc02	reference/random_walk_v1__b=-02__l=0__r=0.lsg2	9d3b9af4fd2d49d140812009fa64406d7bae63ac2e6359ff4b87da2cbb27eaa1	930	4
lasagna2:m2.3:v1:random_walk_v1:b=-02:l=0:r=1	random_walk_v1	-2	0	1	6621779781632577716	rw	2	512	cases/random_walk_v1__b=-02__l=0__r=1.f64le	0514d95b740454f3170012f35c276d928d1d2b1eb732be96ae1bdc6a6e133a54	reference/random_walk_v1__b=-02__l=0__r=1.lsg2	8442f7f4bcc8918a392eae0ed7e03eadd553ac75052c0f57c5e53373debeef2a	930	4
lasagna2:m2.3:v1:random_walk_v1:b=-02:l=0:r=2	random_walk_v1	-2	0	2	10542711401047229905	rw	2	512	cases/random_walk_v1__b=-02__l=0__r=2.f64le	6c602896bd213b8aa16972ea11e54d2b3c20498548fa20ac1a8d5a7e062c289e	reference/random_walk_v1__b=-02__l=0__r=2.lsg2	0ccd48385c234ecfc55f84a99d9b652b0829322cee75ba613b46e3e4c9d09b8d	930	4
lasagna2:m2.3:v1:random_walk_v1:b=-02:l=0:r=3	random_walk_v1	-2	0	3	18069317069774893987	rw	2	512	cases/random_walk_v1__b=-02__l=0__r=3.f64le	119b0889885e42cf2a1925759d03f75322e20f2a0c6301391cddd5f41329c74b	reference/random_walk_v1__b=-02__l=0__r=3.lsg2	6e607ef93da65be695d71fb78435f5b80e5fd2d0041de3e626f8cadaa4d39343	930	4
lasagna2:m2.3:v1:random_walk_v1:b=-02:l=0:r=4	random_walk_v1	-2	0	4	5238581864371717192	rw	2	512	cases/random_walk_v1__b=-02__l=0__r=4.f64le	9a3b2accb5dbc382af4268a2b6fc86b7408e4cac1e42241d148a213d2d4fdc39	reference/random_walk_v1__b=-02__l=0__r=4.lsg2	05c1097863c37fd549396a3f8a37c273d0e52f379c8b0b8b8664e972a4ee40f7	930	4
lasagna2:m2.3:v1:random_walk_v1:b=-02:l=1:r=0	random_walk_v1	-2	1	0	3277175340740221120	rw	2	512	cases/random_walk_v1__b=-02__l=1__r=0.f64le	f0b8af3c045faf09c9b1c5e3167812bba2cf8650111fc2fc3a1a1ebb05127225	reference/random_walk_v1__b=-02__l=1__r=0.lsg2	4190aeb33d0b24dbc50af9301d9bf1d3595ed53129e5362c6d125f7050e1263c	930	4
lasagna2:m2.3:v1:random_walk_v1:b=-02:l=1:r=1	random_walk_v1	-2	1	1	14256164449872961077	rw	2	512	cases/random_walk_v1__b=-02__l=1__r=1.f64le	c05731b653249b1bec5f358bb2d2ab2453c86bf116df2dadeaf6da41e40f12d3	reference/random_walk_v1__b=-02__l=1__r=1.lsg2	fd70b3bd1094284fb6a5bd9f27430dcdeaad94890372712e2a0b558e20605c3a	930	4
lasagna2:m2.3:v1:random_walk_v1:b=-02:l=1:r=2	random_walk_v1	-2	1	2	6571077517959968950	rw	2	512	cases/random_walk_v1__b=-02__l=1__r=2.f64le	5b79e5d298ffcef3c451829318099933ee49f406f646214e945853fc98b704b0	reference/random_walk_v1__b=-02__l=1__r=2.lsg2	93a2572ebb42af46db2f8593ed1d85f3f55bc3d823bb35529d829e9554a43e57	930	4
lasagna2:m2.3:v1:random_walk_v1:b=-02:l=1:r=3	random_walk_v1	-2	1	3	17387565372358886788	rw	2	512	cases/random_walk_v1__b=-02__l=1__r=3.f64le	d30d7480a7e12bdcdf6594a38743f3bf84cd23a317edcce93105f772ede8a77a	reference/random_walk_v1__b=-02__l=1__r=3.lsg2	cb6494510a14bdd1a1c08edd9b962ca0d90588ac958e8a6433c7f701e7ef2755	930	4
lasagna2:m2.3:v1:random_walk_v1:b=-02:l=1:r=4	random_walk_v1	-2	1	4	7129580034287871298	rw	2	512	cases/random_walk_v1__b=-02__l=1__r=4.f64le	a05005d676d52204d78992ea2d9ab888ae3a088fe6c0bd6f54b7d1fa47db21a1	reference/random_walk_v1__b=-02__l=1__r=4.lsg2	bb6c06f9c3b7d804a2d8d9c4f8ddd375cfd8713d3934d9a18c3ba68b5d5eb884	930	4
lasagna2:m2.3:v1:random_walk_v1:b=-02:l=2:r=0	random_walk_v1	-2	2	0	11726181336563204104	rw	2	512	cases/random_walk_v1__b=-02__l=2__r=0.f64le	11817274c6998c6f9271155f8ce2a3f6da7c5c24e967c5a7b7643d5b239e64a6	reference/random_walk_v1__b=-02__l=2__r=0.lsg2	e7042cfae9c80382c1482d7101a9775bfd9c8ecff2d0c56a6555350a9bb895b1	930	4
lasagna2:m2.3:v1:random_walk_v1:b=-02:l=2:r=1	random_walk_v1	-2	2	1	7629105394499181882	rw	2	512	cases/random_walk_v1__b=-02__l=2__r=1.f64le	1f51f3fe456865e78221d1baa60d4886ff01c0c800a4b4b48babf6638e7d3697	reference/random_walk_v1__b=-02__l=2__r=1.lsg2	c9a2f677c8c8dbeb437f01427b54773772ee10f355c21e182954c72e8d62e9da	930	4
lasagna2:m2.3:v1:random_walk_v1:b=-02:l=2:r=2	random_walk_v1	-2	2	2	5101729730857574088	rw	2	512	cases/random_walk_v1__b=-02__l=2__r=2.f64le	beb794111c570fbb03945154d2c7b964eee4e9d2aff82f30b5451f7ea949adfc	reference/random_walk_v1__b=-02__l=2__r=2.lsg2	eabdc5b76b1f6cdd2b1643077e2e1163ee06bc01f21c286227716f0e688fa632	930	4
lasagna2:m2.3:v1:random_walk_v1:b=-02:l=2:r=3	random_walk_v1	-2	2	3	15279772038491640573	rw	2	512	cases/random_walk_v1__b=-02__l=2__r=3.f64le	239f218fe8a3ad49a110982919cdb9a0d986949b0dcfcf2146cbaada76d07df1	reference/random_walk_v1__b=-02__l=2__r=3.lsg2	e8700c6af3848b49f786e9ac8a7848b2935a82a4cd7b603b5b64e5a459e78a98	930	4
lasagna2:m2.3:v1:random_walk_v1:b=-02:l=2:r=4	random_walk_v1	-2	2	4	17578496735895121796	rw	2	512	cases/random_walk_v1__b=-02__l=2__r=4.f64le	c1ca1a4ada314775698eb6863ea3b185ae999401a5403381f90001e14188f818	reference/random_walk_v1__b=-02__l=2__r=4.lsg2	cbb469a8e3365e569e1c8262974738af8fad0686b159ecb05b9e0c01562d4d4f	930	4
lasagna2:m2.3:v1:random_walk_v1:b=-02:l=3:r=0	random_walk_v1	-2	3	0	7077707796680586206	rw	2	512	cases/random_walk_v1__b=-02__l=3__r=0.f64le	dfbb9a1e33854e649f94d64574f6edb7156de0617b6e270a7bee6e5b46d78f7b	reference/random_walk_v1__b=-02__l=3__r=0.lsg2	27d8c533f40a496709a6ffd47258320465a5fddcd4bfe0c39a6dd0fa245ef346	930	4
lasagna2:m2.3:v1:random_walk_v1:b=-02:l=3:r=1	random_walk_v1	-2	3	1	11600164705542486755	rw	2	512	cases/random_walk_v1__b=-02__l=3__r=1.f64le	bcc02958fd3810fa97efb52b878cfaab23701b705542623cfec3cc7c693659a9	reference/random_walk_v1__b=-02__l=3__r=1.lsg2	89cf8904d38b33d4063a24c26f4395c1ba9e1b8b711a6f4fbe310c3712fce8bd	930	4
lasagna2:m2.3:v1:random_walk_v1:b=-02:l=3:r=2	random_walk_v1	-2	3	2	3874167891519028813	rw	2	512	cases/random_walk_v1__b=-02__l=3__r=2.f64le	14cf85000a5cb632fbdd8a3acf1c93ac26f1314f8e67b05d8f220a4ee06f30c8	reference/random_walk_v1__b=-02__l=3__r=2.lsg2	6aa5fc68cc0bcaa11bf101d935a28aaf998d36536e38515a21d7d231c0a4961a	930	4
lasagna2:m2.3:v1:random_walk_v1:b=-02:l=3:r=3	random_walk_v1	-2	3	3	1626364257517523767	rw	2	512	cases/random_walk_v1__b=-02__l=3__r=3.f64le	a467c5bb61e82c6babe5864a4a7a2afb4e3b36bdf2c0eff611b3c898f533d1b4	reference/random_walk_v1__b=-02__l=3__r=3.lsg2	3890c1a85a0054fc25673b791f61d20b07e5c0b880fb88d52ff88eaf8580c40d	930	4
lasagna2:m2.3:v1:random_walk_v1:b=-02:l=3:r=4	random_walk_v1	-2	3	4	18093443260496507813	rw	2	512	cases/random_walk_v1__b=-02__l=3__r=4.f64le	c32d636acdec787a81d1d780950c6ba0298db36721e584bde2a3336947cb50a7	reference/random_walk_v1__b=-02__l=3__r=4.lsg2	a111daa0a01b8172f3240cd6cb3961e7b0abf4b5052e1e1d1e48f419e20ae08c	930	4
lasagna2:m2.3:v1:random_walk_v1:b=-02:l=4:r=0	random_walk_v1	-2	4	0	5390492317294589241	rw	2	512	cases/random_walk_v1__b=-02__l=4__r=0.f64le	a1b44c0d5419170f5ed63a5792666ebc7f99b57b3cbeef194e259b118b5f2e4e	reference/random_walk_v1__b=-02__l=4__r=0.lsg2	f6291a40ab8d7302dba16591426411cab873a0c4bfaa95f02c4fc6ce768740e7	930	4
lasagna2:m2.3:v1:random_walk_v1:b=-02:l=4:r=1	random_walk_v1	-2	4	1	17458435765762023377	rw	2	512	cases/random_walk_v1__b=-02__l=4__r=1.f64le	9fd98ad07eeaae1a9371d8c0c60688ebaffe1241a4bf7c24dd6a2b813e99d812	reference/random_walk_v1__b=-02__l=4__r=1.lsg2	e7faf479bbb63235789c3d6db3965cde0373fd53c60bfc809cb27d7b8640c4a4	930	4
lasagna2:m2.3:v1:random_walk_v1:b=-02:l=4:r=2	random_walk_v1	-2	4	2	3425810568704804315	rw	2	512	cases/random_walk_v1__b=-02__l=4__r=2.f64le	bbbe240b68c50e87a4a9c8a49aec32e1ff08ed221a78b5095f5ced2643eebf66	reference/random_walk_v1__b=-02__l=4__r=2.lsg2	ee174dbeb0abf0eea8d36e70be1b15b14997261c34f54abcce66154302be4e66	930	4
lasagna2:m2.3:v1:random_walk_v1:b=-02:l=4:r=3	random_walk_v1	-2	4	3	11017064521705150828	rw	2	512	cases/random_walk_v1__b=-02__l=4__r=3.f64le	4d4c75601199ac19b8f954452e00bb3772a7f56d035e3b1f8f5151f7849bcaba	reference/random_walk_v1__b=-02__l=4__r=3.lsg2	f0f8debde6f15f09a6674324db26ba59201585237834c1e8564530a7258f0975	930	4
lasagna2:m2.3:v1:random_walk_v1:b=-02:l=4:r=4	random_walk_v1	-2	4	4	14775909821675395635	rw	2	512	cases/random_walk_v1__b=-02__l=4__r=4.f64le	aef5b7a3fef5ef815947090f69b07ccb54639c504e08a3a6f79a5b53e39f0d31	reference/random_walk_v1__b=-02__l=4__r=4.lsg2	800bd852b1eeece2943b3ef68fa95c0e771ed37b675db2d3cbf57c5544367812	930	4
lasagna2:m2.3:v1:random_walk_v1:b=-01:l=0:r=0	random_walk_v1	-1	0	0	17100912616060315960	rw	2	512	cases/random_walk_v1__b=-01__l=0__r=0.f64le	c380c7b370f706b59b5ace49ff39e581fa40b41f27fc68007973698f91c5dc41	reference/random_walk_v1__b=-01__l=0__r=0.lsg2	b0b52c46315c7991a51d7669cddc9e967df936b4baf703cff35a3edd38278f83	930	4
lasagna2:m2.3:v1:random_walk_v1:b=-01:l=0:r=1	random_walk_v1	-1	0	1	6003655536167809939	rw	2	512	cases/random_walk_v1__b=-01__l=0__r=1.f64le	fba3d25597c04f39c2fed2413e662dac733722c80bc9e2d2998381596a7ce73e	reference/random_walk_v1__b=-01__l=0__r=1.lsg2	f83f9f2afcfc65124b0e073175f7849c937120c3a8805244904a8dedd46e6e51	930	4
lasagna2:m2.3:v1:random_walk_v1:b=-01:l=0:r=2	random_walk_v1	-1	0	2	10568756252617697799	rw	2	512	cases/random_walk_v1__b=-01__l=0__r=2.f64le	e20ccee8fd16f77351d3de64798ce240c727f4b82a0b7b2b398c5f3b26f57860	reference/random_walk_v1__b=-01__l=0__r=2.lsg2	30fc57e462adf7dda91ac7af610b8375fa8f762d1ed50b7f84e0118558c64a4f	930	4
lasagna2:m2.3:v1:random_walk_v1:b=-01:l=0:r=3	random_walk_v1	-1	0	3	6909961440089216492	rw	2	512	cases/random_walk_v1__b=-01__l=0__r=3.f64le	8f3b78e38030dca70b53d574e8a9270bcf920e705091d437fc689160bdffb470	reference/random_walk_v1__b=-01__l=0__r=3.lsg2	54304cf69855b45373624fcf6eb0a36ee636f5abb58ed2f9ee813050236dcce9	930	4
lasagna2:m2.3:v1:random_walk_v1:b=-01:l=0:r=4	random_walk_v1	-1	0	4	16233526923365640651	rw	2	512	cases/random_walk_v1__b=-01__l=0__r=4.f64le	1abe5a117412c3b2789d9296fd063242c754513f50b24b1b83fd6bf3a42cbb01	reference/random_walk_v1__b=-01__l=0__r=4.lsg2	dd75d753781e8ba1a223e8a947c961dfb7b46ec645f89b2d5af7e105f8eafb28	930	4
lasagna2:m2.3:v1:random_walk_v1:b=-01:l=1:r=0	random_walk_v1	-1	1	0	14725932243482345453	rw	2	512	cases/random_walk_v1__b=-01__l=1__r=0.f64le	9184c9ec7150e911e82838888f27b37b13f3a78fb9a9693d7b21bba424698cea	reference/random_walk_v1__b=-01__l=1__r=0.lsg2	648b275cea23bbc6c715ae784ce6450c352585d9786a878b8b2ef6509ddd601d	930	4
lasagna2:m2.3:v1:random_walk_v1:b=-01:l=1:r=1	random_walk_v1	-1	1	1	1240175923971965134	rw	2	512	cases/random_walk_v1__b=-01__l=1__r=1.f64le	c092ad403972c493a69139a4c21263cb95428f6118d2de0ac086cccfc9f71871	reference/random_walk_v1__b=-01__l=1__r=1.lsg2	ac68b0bc1a5aee2719be27adc2a4e71b66a716ddc614b1fae1504dca3a9b233a	930	4
lasagna2:m2.3:v1:random_walk_v1:b=-01:l=1:r=2	random_walk_v1	-1	1	2	3845519895639905753	rw	2	512	cases/random_walk_v1__b=-01__l=1__r=2.f64le	b48d43947454d85daa94a82c84339c6f8fd606876bb927367a92fec497a058a7	reference/random_walk_v1__b=-01__l=1__r=2.lsg2	4b03530ead2b637b69d0c5adea103559d8448548e4d52ffe07fbfcff5d2debf1	930	4
lasagna2:m2.3:v1:random_walk_v1:b=-01:l=1:r=3	random_walk_v1	-1	1	3	1198824991929774032	rw	2	512	cases/random_walk_v1__b=-01__l=1__r=3.f64le	604df7dfd6360ead70464637eee84cd1ddd43c1c02b7908425c277ad64d1d209	reference/random_walk_v1__b=-01__l=1__r=3.lsg2	13964675a3ff90b7013bcebf0c1109f21c8584dfb50b5935574f79c323120aac	930	4
lasagna2:m2.3:v1:random_walk_v1:b=-01:l=1:r=4	random_walk_v1	-1	1	4	3445633442406613150	rw	2	512	cases/random_walk_v1__b=-01__l=1__r=4.f64le	e4a1bafb3a67ffb1dcdf146ce0c6836601a8d0bdec60f8c0c3b6297d8ca6ff13	reference/random_walk_v1__b=-01__l=1__r=4.lsg2	e59c8b0ef5d9cd39f836c2b45d1b5fd51f9a49774efa60ef47665762bcdf88e3	930	4
lasagna2:m2.3:v1:random_walk_v1:b=-01:l=2:r=0	random_walk_v1	-1	2	0	7315529777562923851	rw	2	512	cases/random_walk_v1__b=-01__l=2__r=0.f64le	d5719bce766da82c3ae6524ae892debe1841233ba81cec3bb5154ffef055a792	reference/random_walk_v1__b=-01__l=2__r=0.lsg2	1c020b19ec6ceb60383a206e046b8bfbbd6372cc5bbfd08033e465fa2067f3d6	930	4
lasagna2:m2.3:v1:random_walk_v1:b=-01:l=2:r=1	random_walk_v1	-1	2	1	18241209375610525019	rw	2	512	cases/random_walk_v1__b=-01__l=2__r=1.f64le	f6ac27e5ee55346bc7419f594fb54711d1ef46e441c2442b68d2e8750c6d1747	reference/random_walk_v1__b=-01__l=2__r=1.lsg2	2c9ec8e6f3342ef6a99e2941227a83ecdc74979e7fc57b5c3aa7ed7c793752f7	930	4
lasagna2:m2.3:v1:random_walk_v1:b=-01:l=2:r=2	random_walk_v1	-1	2	2	4243430194296217305	rw	2	512	cases/random_walk_v1__b=-01__l=2__r=2.f64le	2997c97c46eb40659193335bae04e483564b6cc52c8f491d3e52d9ea3d11bb49	reference/random_walk_v1__b=-01__l=2__r=2.lsg2	08d49d8d39be3f5318462ffa9583d0f1d6cd545bd83ca2d44ca5ea6a98517fd0	930	4
lasagna2:m2.3:v1:random_walk_v1:b=-01:l=2:r=3	random_walk_v1	-1	2	3	1412656418939214633	rw	2	512	cases/random_walk_v1__b=-01__l=2__r=3.f64le	28b888161e0277d2e1d6261d2995272f066aa8ff1488fc87b8760594e9fffcd0	reference/random_walk_v1__b=-01__l=2__r=3.lsg2	860a4eb891f43e7a4a447762104605d5798be4ca50c2d12774022f6eab6417dd	930	4
lasagna2:m2.3:v1:random_walk_v1:b=-01:l=2:r=4	random_walk_v1	-1	2	4	6734183589177720001	rw	2	512	cases/random_walk_v1__b=-01__l=2__r=4.f64le	78617c5e7d7a850cafd88545363d7a1f7b026690153941bb2f645ee69df50f30	reference/random_walk_v1__b=-01__l=2__r=4.lsg2	cb3c8837493533720f75b1949465fcc5580e26163a023203a033d598860f3df5	930	4
lasagna2:m2.3:v1:random_walk_v1:b=-01:l=3:r=0	random_walk_v1	-1	3	0	15070360570535235978	rw	2	512	cases/random_walk_v1__b=-01__l=3__r=0.f64le	0ed3d2f3c7895cbd0717af066fe53c8092094591d58cc10fcdf0892e85d80cee	reference/random_walk_v1__b=-01__l=3__r=0.lsg2	e46a18590e5fc653f078cdd5265920644608a0d1236ecb89236cb7b531479dfc	930	4
lasagna2:m2.3:v1:random_walk_v1:b=-01:l=3:r=1	random_walk_v1	-1	3	1	6980774705522302511	rw	2	512	cases/random_walk_v1__b=-01__l=3__r=1.f64le	d11e0bc78f5050b6e733df85eba6c3e5b779fcaa3921afb9eed2a07a66c9d1a8	reference/random_walk_v1__b=-01__l=3__r=1.lsg2	f44981de3822d0d7284ed96a77066e3c60beca76895091a0d07e7426f1ca60bc	930	4
lasagna2:m2.3:v1:random_walk_v1:b=-01:l=3:r=2	random_walk_v1	-1	3	2	13266951196947132419	rw	2	512	cases/random_walk_v1__b=-01__l=3__r=2.f64le	68d7c3b8e6b04587a9861e8780fc07035cd41a329ac5e8b1c4575597044e9736	reference/random_walk_v1__b=-01__l=3__r=2.lsg2	f41f7333cd28d57989584673c43816bf0c80579f7e1dc087ebf485356bc5d98d	930	4
lasagna2:m2.3:v1:random_walk_v1:b=-01:l=3:r=3	random_walk_v1	-1	3	3	18250365130799771816	rw	2	512	cases/random_walk_v1__b=-01__l=3__r=3.f64le	e8c0c6e15a5557fd3ae69f310437cf398647ba6b2ac3418635c51e3aa69c7bf4	reference/random_walk_v1__b=-01__l=3__r=3.lsg2	a2694244a322acafe9d6255ff64ab6e721471ebfea031c87a5f684a095d58869	930	4
lasagna2:m2.3:v1:random_walk_v1:b=-01:l=3:r=4	random_walk_v1	-1	3	4	14077968767118024933	rw	2	512	cases/random_walk_v1__b=-01__l=3__r=4.f64le	a74ea51ee0692dd1a5a5c75dea399b049864de599e321320dac449ddae864542	reference/random_walk_v1__b=-01__l=3__r=4.lsg2	2618ddf2a2b857ae9d04cf80e6d5b6d732f6af7d51162f6c0f1c313e55d8a415	930	4
lasagna2:m2.3:v1:random_walk_v1:b=-01:l=4:r=0	random_walk_v1	-1	4	0	2728756800841008291	rw	2	512	cases/random_walk_v1__b=-01__l=4__r=0.f64le	57b6222a9bb6c2ae1a29d52101a68cc021f9933ddcd417536530bc9be434e654	reference/random_walk_v1__b=-01__l=4__r=0.lsg2	85ed95b4a8ec3636973113eaee8adcd4361def3d820f4839ed409abdcc885e2c	930	4
lasagna2:m2.3:v1:random_walk_v1:b=-01:l=4:r=1	random_walk_v1	-1	4	1	11554251539101116806	rw	2	512	cases/random_walk_v1__b=-01__l=4__r=1.f64le	8d8c1a110316ddfe2eeb664d82692dd8705b832dd98bd634a35079b17c529fb3	reference/random_walk_v1__b=-01__l=4__r=1.lsg2	4c6c7b7a29b088d91351aee06c21af7688eb2867daa0bb2002b013eaed78f044	930	4
lasagna2:m2.3:v1:random_walk_v1:b=-01:l=4:r=2	random_walk_v1	-1	4	2	16332809826118650168	rw	2	512	cases/random_walk_v1__b=-01__l=4__r=2.f64le	87ecaf70e50f85a3ee6e69e5f8eabf05d537b9a85c8b24bc3e015533e694a175	reference/random_walk_v1__b=-01__l=4__r=2.lsg2	c884a9feabe99a6c45a11025b706ddfad0fdcc8cb057da2598ad166badd6bbf0	930	4
lasagna2:m2.3:v1:random_walk_v1:b=-01:l=4:r=3	random_walk_v1	-1	4	3	8936033359139388122	rw	2	512	cases/random_walk_v1__b=-01__l=4__r=3.f64le	a83a09c3e9f0e026bd445f5c74be731c9fe0f0aeb596eb832680966aa27c9bd6	reference/random_walk_v1__b=-01__l=4__r=3.lsg2	695d7b4c21fd965c6a1ec57dd2a964956dc6ffebc5ba2a2599971408c9101e95	930	4
lasagna2:m2.3:v1:random_walk_v1:b=-01:l=4:r=4	random_walk_v1	-1	4	4	12618187648770013985	rw	2	512	cases/random_walk_v1__b=-01__l=4__r=4.f64le	bd7a3090c7000ed21e45344033dd7dd49e973a75661185757be085d9a7438ac5	reference/random_walk_v1__b=-01__l=4__r=4.lsg2	50046c4749ce8d31451e18171400b9aba59f043cc27a4e036668c3973df60037	930	4
lasagna2:m2.3:v1:random_walk_v1:b=+00:l=0:r=0	random_walk_v1	0	0	0	12279479266763910298	rw	2	512	cases/random_walk_v1__b=+00__l=0__r=0.f64le	5b1fe692585087427595bbdf7d07f988851d7f1a12622b4b98a90608a3aebdc3	reference/random_walk_v1__b=+00__l=0__r=0.lsg2	c99199233b6076660e69c8864cca81a3e3b4a9fad4416ae96bfd0f0c84202b31	930	4
lasagna2:m2.3:v1:random_walk_v1:b=+00:l=0:r=1	random_walk_v1	0	0	1	8533192843449943560	rw	2	512	cases/random_walk_v1__b=+00__l=0__r=1.f64le	73acfb68d3f7659ed0a5a8b973fd2e1eb80f305bbc701aab7e0e23ccc3b0aeda	reference/random_walk_v1__b=+00__l=0__r=1.lsg2	df05d6b6ec59195c3402abeb37e2aa869c7de2e7015eec90b855ba7df14b5eaa	930	4
lasagna2:m2.3:v1:random_walk_v1:b=+00:l=0:r=2	random_walk_v1	0	0	2	17462194401303552952	rw	2	512	cases/random_walk_v1__b=+00__l=0__r=2.f64le	1c7a901d2bb92c533d8142b75c27f23d4d2250f99b59c9aa59667d94695a2a83	reference/random_walk_v1__b=+00__l=0__r=2.lsg2	39636567752d6ddf404398db859b50e5644cf2e4b105ec5ba88306dfb98d94ea	930	4
lasagna2:m2.3:v1:random_walk_v1:b=+00:l=0:r=3	random_walk_v1	0	0	3	17817537186657722662	rw	2	512	cases/random_walk_v1__b=+00__l=0__r=3.f64le	ec001c198dcaf02bc004c23a72302499bee5335eb48b2d2a1b97fb284231c4c9	reference/random_walk_v1__b=+00__l=0__r=3.lsg2	4c1ee216a61efa55043360de31ec197fb7d02f3a53b108bf7c32b7fda548fe63	930	4
lasagna2:m2.3:v1:random_walk_v1:b=+00:l=0:r=4	random_walk_v1	0	0	4	9165078855405369463	rw	2	512	cases/random_walk_v1__b=+00__l=0__r=4.f64le	ab7a6cb4ebbabc1c7c1df9610ba8a28d8c57345ed9f2c375ab259a1976f1ac0b	reference/random_walk_v1__b=+00__l=0__r=4.lsg2	e270ac8862c33cbef9bd3bde3da5fd476b7d009e1623552c037dd739d289090e	930	4
lasagna2:m2.3:v1:random_walk_v1:b=+00:l=1:r=0	random_walk_v1	0	1	0	15854846874979541694	rw	2	512	cases/random_walk_v1__b=+00__l=1__r=0.f64le	45828ebc87dc1bfbef23feda704899cf2fe3e17b1cd76d5d4d82314339a7fb5a	reference/random_walk_v1__b=+00__l=1__r=0.lsg2	7e22efa4e92880156b13db01bc3e6a52ad0c5e60424d903d0520dc78776b041c	930	4
lasagna2:m2.3:v1:random_walk_v1:b=+00:l=1:r=1	random_walk_v1	0	1	1	12975942683556214	rw	2	512	cases/random_walk_v1__b=+00__l=1__r=1.f64le	8f51b2403543d470f1df85929d4d90d88f645dd16ef2ac14daf4860c5c188584	reference/random_walk_v1__b=+00__l=1__r=1.lsg2	8cf1a0c4f3491012f24c0ddba7d4459edac374fb3597528a8362332de8cab90e	930	4
lasagna2:m2.3:v1:random_walk_v1:b=+00:l=1:r=2	random_walk_v1	0	1	2	10332653774808255749	rw	2	512	cases/random_walk_v1__b=+00__l=1__r=2.f64le	3532764f2996dda183ab51e89ed2fa9da370acbff2e66180bc55116effdc1965	reference/random_walk_v1__b=+00__l=1__r=2.lsg2	d001af2e6de901ab87b4e98e757ba827e957163266d1dbc695828d0047ecf296	930	4
lasagna2:m2.3:v1:random_walk_v1:b=+00:l=1:r=3	random_walk_v1	0	1	3	4426706018345676199	rw	2	512	cases/random_walk_v1__b=+00__l=1__r=3.f64le	216d050c88d11bdfb59c36b412494a012591fe615e4f7eaf8ce1041e747ea0ff	reference/random_walk_v1__b=+00__l=1__r=3.lsg2	17c66681ee71adaf834f3e0c6bb5532c14cc1f492c7ab1f55f6dc90c8b2ff895	930	4
lasagna2:m2.3:v1:random_walk_v1:b=+00:l=1:r=4	random_walk_v1	0	1	4	17099842673363539872	rw	2	512	cases/random_walk_v1__b=+00__l=1__r=4.f64le	6e869f060508c55cb8a04179860f7937fd8a88f428dd5f91453798c610de9c23	reference/random_walk_v1__b=+00__l=1__r=4.lsg2	31ef36e0f36d81e075a25c8e49255a894d4ba0a6c6f83e6eac868b169784a3c8	930	4
lasagna2:m2.3:v1:random_walk_v1:b=+00:l=2:r=0	random_walk_v1	0	2	0	7851136477776276451	rw	2	512	cases/random_walk_v1__b=+00__l=2__r=0.f64le	e51eae3e81a28520d5c0ae6e9a1dbef22d0d126509c43a4345eb7e99cc5e7e25	reference/random_walk_v1__b=+00__l=2__r=0.lsg2	dd35c28a93d74b489932a408c42c8d6f5e6bb00db30035bf6d027eff4cfd51db	930	4
lasagna2:m2.3:v1:random_walk_v1:b=+00:l=2:r=1	random_walk_v1	0	2	1	16880596683502174659	rw	2	512	cases/random_walk_v1__b=+00__l=2__r=1.f64le	5eb700cd4e2c9e644d18e5e062fb79a5bb5ed70cf99a2f476090a9c5d2697d7d	reference/random_walk_v1__b=+00__l=2__r=1.lsg2	36ddeddb1407fa2905114d266d6351b6af187f3488512dc2d562fa3a456d4036	930	4
lasagna2:m2.3:v1:random_walk_v1:b=+00:l=2:r=2	random_walk_v1	0	2	2	11000214621369044620	rw	2	512	cases/random_walk_v1__b=+00__l=2__r=2.f64le	8a0733003311e96d6dce33904f765fcd1e963694e3925091192b7e5769b5e0e6	reference/random_walk_v1__b=+00__l=2__r=2.lsg2	83208be44bde544a98b5d70a184c4a9f89b15282d2d372cba828c9ce7ba3f47f	930	4
lasagna2:m2.3:v1:random_walk_v1:b=+00:l=2:r=3	random_walk_v1	0	2	3	16968128527706152252	rw	2	512	cases/random_walk_v1__b=+00__l=2__r=3.f64le	a83425e5635f3315982206f7095ab615d388f667d5c58f1a5b3afdc5377aa55a	reference/random_walk_v1__b=+00__l=2__r=3.lsg2	54de5e22bdfd4f6538bab19c97b092b01fa3933824369a7d642527f9d135f8e7	930	4
lasagna2:m2.3:v1:random_walk_v1:b=+00:l=2:r=4	random_walk_v1	0	2	4	12311748178744363010	rw	2	512	cases/random_walk_v1__b=+00__l=2__r=4.f64le	df206749fe9eb56ae2d6f698b9e233ae422b610ff72d58f5af1330d863721b70	reference/random_walk_v1__b=+00__l=2__r=4.lsg2	0c10408aa834c702d20eab182d6acd4e8d06073a01306cd603c2c70dda9d689b	930	4
lasagna2:m2.3:v1:random_walk_v1:b=+00:l=3:r=0	random_walk_v1	0	3	0	13717275975489278183	rw	2	512	cases/random_walk_v1__b=+00__l=3__r=0.f64le	bca122d4b4ba6cf524fc7e5503911c6f960e1c6b6f20e52620b658a2b3f3c926	reference/random_walk_v1__b=+00__l=3__r=0.lsg2	c804a6bd7f4ffff3aabd7499e3a3e3dc3a30e5d895861659aba17e898ab1283e	930	4
lasagna2:m2.3:v1:random_walk_v1:b=+00:l=3:r=1	random_walk_v1	0	3	1	3784948613376995367	rw	2	512	cases/random_walk_v1__b=+00__l=3__r=1.f64le	40d3886160127b565ddbe9345c2c492f5e16edc02513a3323092918ad7884b7e	reference/random_walk_v1__b=+00__l=3__r=1.lsg2	2ba81fe6be77ec887e173ef12011055d21c121cef94d9b71ec45eedcfcaba7d1	930	4
lasagna2:m2.3:v1:random_walk_v1:b=+00:l=3:r=2	random_walk_v1	0	3	2	3919327091908439183	rw	2	512	cases/random_walk_v1__b=+00__l=3__r=2.f64le	722c79aa91bc9256c247b224439ed5e342169b37e5011df00cfda900471ebdb0	reference/random_walk_v1__b=+00__l=3__r=2.lsg2	42e5a6eb43b090dec0a86b2e3586ed3a2515102c231683681d0da0e8890c1d04	930	4
lasagna2:m2.3:v1:random_walk_v1:b=+00:l=3:r=3	random_walk_v1	0	3	3	4636019001956038297	rw	2	512	cases/random_walk_v1__b=+00__l=3__r=3.f64le	0b850a5d34aca9ac20256df31bfd2c6f6140e5b8b702dfe9d596f0e1fd6f54fc	reference/random_walk_v1__b=+00__l=3__r=3.lsg2	902ce100c4c5375326051d63f24c560f73e0a91485933f629a4f09a875a0e5a3	930	4
lasagna2:m2.3:v1:random_walk_v1:b=+00:l=3:r=4	random_walk_v1	0	3	4	4334818319687735501	rw	2	512	cases/random_walk_v1__b=+00__l=3__r=4.f64le	910d43d2839ad623247cf5faeb1d689cb47df2b314431701ebb14ee9eb95c9f5	reference/random_walk_v1__b=+00__l=3__r=4.lsg2	e7e568b7600b88e985942aeaf6bef54c79b3b50ff331252344463ea4f6c1bdcd	930	4
lasagna2:m2.3:v1:random_walk_v1:b=+00:l=4:r=0	random_walk_v1	0	4	0	9838453101343932158	rw	2	512	cases/random_walk_v1__b=+00__l=4__r=0.f64le	3b7d0cae05cbea8bd37dd69241e20be030c8360a4af183f498c6a9e068f148ad	reference/random_walk_v1__b=+00__l=4__r=0.lsg2	3f33248f32ae06002f5f7974a3656c35881ef1f7d97659e7887c9f1063023926	930	4
lasagna2:m2.3:v1:random_walk_v1:b=+00:l=4:r=1	random_walk_v1	0	4	1	897422202822289819	rw	2	512	cases/random_walk_v1__b=+00__l=4__r=1.f64le	9d5b6211f7a5f6ce30a2f94c7819ef232d4e22425fb1da9d1ec15871182a458b	reference/random_walk_v1__b=+00__l=4__r=1.lsg2	b8d91c35588c1fb5b286ecfbb51769c83d99215a1b7d06482bcd1868797c9815	930	4
lasagna2:m2.3:v1:random_walk_v1:b=+00:l=4:r=2	random_walk_v1	0	4	2	2829881798144034764	rw	2	512	cases/random_walk_v1__b=+00__l=4__r=2.f64le	b4e0cee8fca65172487d016dd6ce8384f0d8dcca79b8875480eff3e8e5d10bd1	reference/random_walk_v1__b=+00__l=4__r=2.lsg2	d6e445c401dbc738a56e24b6bec0b5033043f05699b4782c21a98476d4bd9849	930	4
lasagna2:m2.3:v1:random_walk_v1:b=+00:l=4:r=3	random_walk_v1	0	4	3	7290240263362748541	rw	2	512	cases/random_walk_v1__b=+00__l=4__r=3.f64le	702897ea90ea7a2d1a340e0841fe1589841329fca21445f84f2b2485fdf52ff3	reference/random_walk_v1__b=+00__l=4__r=3.lsg2	6495774bb515b59f55e6f1b9f26b746eb6de5890f30f1c9e59560d73e317a4a6	930	4
lasagna2:m2.3:v1:random_walk_v1:b=+00:l=4:r=4	random_walk_v1	0	4	4	15079183809751253697	rw	2	512	cases/random_walk_v1__b=+00__l=4__r=4.f64le	c4f3ed5c145fc6c7a7dee6989e53c9c35e3ab70bba1e093a486db46b7e37b04b	reference/random_walk_v1__b=+00__l=4__r=4.lsg2	505b90765e05e383e3e8ad9161a3bb6ed84ec08e7ec41d8152bb67d952fe0b5b	930	4
lasagna2:m2.3:v1:random_walk_v1:b=+01:l=0:r=0	random_walk_v1	1	0	0	18430376102789560768	rw	2	512	cases/random_walk_v1__b=+01__l=0__r=0.f64le	30604d9541b39b0cf4f2a8f1949bf36acfebd423927a2ea253c2987112065699	reference/random_walk_v1__b=+01__l=0__r=0.lsg2	adee3167a8c58416d2621e2a8c5430ddebbcbd4d9f68a194c788b7d5c97bf98c	930	4
lasagna2:m2.3:v1:random_walk_v1:b=+01:l=0:r=1	random_walk_v1	1	0	1	6942783305208339778	rw	2	512	cases/random_walk_v1__b=+01__l=0__r=1.f64le	3e3fa3d092e7c4549d26f7207990581358332c4fb00343c4d5e3b582a00e02fe	reference/random_walk_v1__b=+01__l=0__r=1.lsg2	2c399b94f85a348064cb6ff38d9be4ecae3ffce55a9ed864889d2f3ddd8441b9	930	4
lasagna2:m2.3:v1:random_walk_v1:b=+01:l=0:r=2	random_walk_v1	1	0	2	1872248322904250407	rw	2	512	cases/random_walk_v1__b=+01__l=0__r=2.f64le	40838cc52d74c3579d71ddbbcc0004286f1124ff410835ded7f061caf7d63042	reference/random_walk_v1__b=+01__l=0__r=2.lsg2	8696c7724b13810a7916122366bc043ddc4024cf34842a7c620032103214a843	930	4
lasagna2:m2.3:v1:random_walk_v1:b=+01:l=0:r=3	random_walk_v1	1	0	3	8200926620062276437	rw	2	512	cases/random_walk_v1__b=+01__l=0__r=3.f64le	435028f8e5ba48e55a44b7639dfa534f2b543aaede0bd6ad33e2f445a1b6dda8	reference/random_walk_v1__b=+01__l=0__r=3.lsg2	98ac4d0613f76ebb276cfd132faf6fb225d1426fb3f92f15db7f14d5431b499f	930	4
lasagna2:m2.3:v1:random_walk_v1:b=+01:l=0:r=4	random_walk_v1	1	0	4	1643751322842737315	rw	2	512	cases/random_walk_v1__b=+01__l=0__r=4.f64le	479c286a4d05b8f67b9f389a6d4c40a36aecaa992bfe69effe192d06b913eef8	reference/random_walk_v1__b=+01__l=0__r=4.lsg2	b9d9618102f23dd5ae6577503dbbb440de0ed06f6d4bcc4e07f3f0c6a858204e	930	4
lasagna2:m2.3:v1:random_walk_v1:b=+01:l=1:r=0	random_walk_v1	1	1	0	9679708158517101996	rw	2	512	cases/random_walk_v1__b=+01__l=1__r=0.f64le	413337a1bc1c61a6543b977ebec729b9c155c08aa8c43d5f08cb326dcf1c80e1	reference/random_walk_v1__b=+01__l=1__r=0.lsg2	bb6414a9021648d6d9593a4c7cb3e4eab8fda89c67cc311568af8fa11b4fe4bd	930	4
lasagna2:m2.3:v1:random_walk_v1:b=+01:l=1:r=1	random_walk_v1	1	1	1	14008587303269003508	rw	2	512	cases/random_walk_v1__b=+01__l=1__r=1.f64le	ae0b5b1a95f667058acd420bac576ffc05f50098e63feb08363498bd2453639e	reference/random_walk_v1__b=+01__l=1__r=1.lsg2	14f6281336ef789ec3a2a24a5477995463baa5bafa888858f03d16f67a4ca8ba	930	4
lasagna2:m2.3:v1:random_walk_v1:b=+01:l=1:r=2	random_walk_v1	1	1	2	2900964057608937857	rw	2	512	cases/random_walk_v1__b=+01__l=1__r=2.f64le	be59190d3bfc8a9505e8fab1468450039f4f6d04ff0c1e995f982a705d0affa1	reference/random_walk_v1__b=+01__l=1__r=2.lsg2	65118175f41415a14f7865bb8b6571d2491b968f96448e3df239aca622a27d58	930	4
lasagna2:m2.3:v1:random_walk_v1:b=+01:l=1:r=3	random_walk_v1	1	1	3	10094347121905785201	rw	2	512	cases/random_walk_v1__b=+01__l=1__r=3.f64le	596859776a84d8420d11c3263669760ed33b7cd2e49b38edcd57a8bcd38e409c	reference/random_walk_v1__b=+01__l=1__r=3.lsg2	45340ca83c81748cb6fe6e268b8bfbe7bfca08b49c791d47e4c9c183ccef0157	930	4
lasagna2:m2.3:v1:random_walk_v1:b=+01:l=1:r=4	random_walk_v1	1	1	4	12588264278649023189	rw	2	512	cases/random_walk_v1__b=+01__l=1__r=4.f64le	ed157255d521f980d263f552fa209b6365a5048535dde16f1d73190a0b870546	reference/random_walk_v1__b=+01__l=1__r=4.lsg2	02f24114b8796a23bee56896e3015b30c5577dbc473f95a7d3f5fb4420aac2d0	930	4
lasagna2:m2.3:v1:random_walk_v1:b=+01:l=2:r=0	random_walk_v1	1	2	0	15605517527668504242	rw	2	512	cases/random_walk_v1__b=+01__l=2__r=0.f64le	80c4731dd3d4a05386aafe6e32fcd93cbe797b601188985d80e5cff3f15a4303	reference/random_walk_v1__b=+01__l=2__r=0.lsg2	af5966b919308519568c24f0b15577422dc2e6603445580bfa91b12c803a0632	930	4
lasagna2:m2.3:v1:random_walk_v1:b=+01:l=2:r=1	random_walk_v1	1	2	1	12766204976676259015	rw	2	512	cases/random_walk_v1__b=+01__l=2__r=1.f64le	14598769f4265d34841c6df3faa13fa074c81d9a7137185b8f53d6f7ccc049ed	reference/random_walk_v1__b=+01__l=2__r=1.lsg2	a870229ce242ed58667ba500b0d2f369bfe42601754287d5c52d391f510da5d2	930	4
lasagna2:m2.3:v1:random_walk_v1:b=+01:l=2:r=2	random_walk_v1	1	2	2	11059633546162077736	rw	2	512	cases/random_walk_v1__b=+01__l=2__r=2.f64le	7e42ad0c045ebc0f0dbc2c0a63ee3e9f8e5d8006166cc59ff1a441c329d9079d	reference/random_walk_v1__b=+01__l=2__r=2.lsg2	2a4eebb1598f2383ceff638cf1946fde40e7373124a56383f1b672906256336e	930	4
lasagna2:m2.3:v1:random_walk_v1:b=+01:l=2:r=3	random_walk_v1	1	2	3	7811622846563980328	rw	2	512	cases/random_walk_v1__b=+01__l=2__r=3.f64le	61342ec5c59e165080e0a1577347bb74cd7a78447c01228351cd410103bf904b	reference/random_walk_v1__b=+01__l=2__r=3.lsg2	ce7aa8069e784d370cd04aee9f03ae92746d1462e56b58ca222f2f9e860eb4eb	930	4
lasagna2:m2.3:v1:random_walk_v1:b=+01:l=2:r=4	random_walk_v1	1	2	4	15049699648185654976	rw	2	512	cases/random_walk_v1__b=+01__l=2__r=4.f64le	e8e2d79c806394ce1bf537769eb9e13e7924c6439406c42afba83effc2bb6218	reference/random_walk_v1__b=+01__l=2__r=4.lsg2	9eb8863852fb2491a79e6ce07229c88f5cf5f148d2df16b23571e2c67743111f	930	4
lasagna2:m2.3:v1:random_walk_v1:b=+01:l=3:r=0	random_walk_v1	1	3	0	4826139403446495672	rw	2	512	cases/random_walk_v1__b=+01__l=3__r=0.f64le	dcddaf56725bc46334f0dcb2fa91f703123f5e59e91ee2205d7b2c74bfb410f8	reference/random_walk_v1__b=+01__l=3__r=0.lsg2	fd5baa6aa0c47dc8ace0d9a100ad813c3a0318f7ebb8f8b23c45db5c0f3d6b0b	930	4
lasagna2:m2.3:v1:random_walk_v1:b=+01:l=3:r=1	random_walk_v1	1	3	1	11047678772168538997	rw	2	512	cases/random_walk_v1__b=+01__l=3__r=1.f64le	f99952d4146a4be9566adcee07a855ff44c02c8ec18c3eb8f167cd793606d3ec	reference/random_walk_v1__b=+01__l=3__r=1.lsg2	3d0de536434ec9346b114fb2fa9e3c96b6b9416a2e2325501a3f9bb147003d19	930	4
lasagna2:m2.3:v1:random_walk_v1:b=+01:l=3:r=2	random_walk_v1	1	3	2	9901695768103359619	rw	2	512	cases/random_walk_v1__b=+01__l=3__r=2.f64le	35ab93085e2424d959732ec2767c6185c3ad96e52ea72eea6bcc646ea7af9620	reference/random_walk_v1__b=+01__l=3__r=2.lsg2	72ed84d59831452e244b2725cd7b8d44b16c381d7415cbcb84194869c928d469	930	4
lasagna2:m2.3:v1:random_walk_v1:b=+01:l=3:r=3	random_walk_v1	1	3	3	11391147661376058656	rw	2	512	cases/random_walk_v1__b=+01__l=3__r=3.f64le	800193d42d41709199797d217f438a7feaab8829d356c7cd931409d90c721275	reference/random_walk_v1__b=+01__l=3__r=3.lsg2	04b7d23928bd8f78a47ef1578016477c6eb09e0928a9d9467ca9be7ab5c319de	930	4
lasagna2:m2.3:v1:random_walk_v1:b=+01:l=3:r=4	random_walk_v1	1	3	4	18228865359270492877	rw	2	512	cases/random_walk_v1__b=+01__l=3__r=4.f64le	04748440ab6b9c5debc1a3c950cf206e39fe02d3346aa681ec27b562e6ad33c4	reference/random_walk_v1__b=+01__l=3__r=4.lsg2	1dcb463038c5945218b942783453bced909b4065fa00bf0f155b1a8ea7ed634c	930	4
lasagna2:m2.3:v1:random_walk_v1:b=+01:l=4:r=0	random_walk_v1	1	4	0	2048177113369065234	rw	2	512	cases/random_walk_v1__b=+01__l=4__r=0.f64le	23a70ec2ce92ecd0f97d6d0186e49b2f4b72cfdbbcf3c4464d8ac114afb0a5a7	reference/random_walk_v1__b=+01__l=4__r=0.lsg2	f958d890311745c10c0c2a38772260597225cc1a89f76e6a2750a160e9e38a8e	930	4
lasagna2:m2.3:v1:random_walk_v1:b=+01:l=4:r=1	random_walk_v1	1	4	1	2085203012690197985	rw	2	512	cases/random_walk_v1__b=+01__l=4__r=1.f64le	6820003fd28c67fe9319f589b706a5e5cf36531441f0bf94b219166604656809	reference/random_walk_v1__b=+01__l=4__r=1.lsg2	fb450c9c520380ee081dc075245ef6e9c4c654e666feee09f207f0feddf29848	930	4
lasagna2:m2.3:v1:random_walk_v1:b=+01:l=4:r=2	random_walk_v1	1	4	2	162987009832946943	rw	2	512	cases/random_walk_v1__b=+01__l=4__r=2.f64le	99a32a1db5cc948409a371aa6c047c7eeb7f623523a41188b1c7b4ced36f0bcb	reference/random_walk_v1__b=+01__l=4__r=2.lsg2	a6072c1a7e19ecb8854b8d27f4a7fe74a7d7265f4182f2bfc5da2425a0fd076a	930	4
lasagna2:m2.3:v1:random_walk_v1:b=+01:l=4:r=3	random_walk_v1	1	4	3	7498328349193009796	rw	2	512	cases/random_walk_v1__b=+01__l=4__r=3.f64le	0e6aa2553876ebeb56820bfa419de71c1508932401244aa44b74493c78870c0d	reference/random_walk_v1__b=+01__l=4__r=3.lsg2	c7cf21b90731ba1ba01ee0562c5b575a963284fc509007ca179a727e8669c953	930	4
lasagna2:m2.3:v1:random_walk_v1:b=+01:l=4:r=4	random_walk_v1	1	4	4	9133638312756279501	rw	2	512	cases/random_walk_v1__b=+01__l=4__r=4.f64le	e2da0dbbc2431e108831d6da69832ab7f66e74f7a32b2baa06eba6f534fc5179	reference/random_walk_v1__b=+01__l=4__r=4.lsg2	f3600032ad617f36cd758d1eda17a98a27f8fc6dd63885ef322988b256bd4e25	930	4
lasagna2:m2.3:v1:random_walk_v1:b=+02:l=0:r=0	random_walk_v1	2	0	0	17964269249922702330	rw	2	512	cases/random_walk_v1__b=+02__l=0__r=0.f64le	4bfc596497c8b530fbafbf32bbd18151c0c35b046bf87d5fc30eb5e74001c0f6	reference/random_walk_v1__b=+02__l=0__r=0.lsg2	cd5b8065c5f69d0d907b0ac19d1da8aa7c8e1ee0e4883a5ff8457621686a3728	930	4
lasagna2:m2.3:v1:random_walk_v1:b=+02:l=0:r=1	random_walk_v1	2	0	1	10730702942301012372	rw	2	512	cases/random_walk_v1__b=+02__l=0__r=1.f64le	58aad5aa3c79cf2ca1d3a9ced874762da680575799263f8f458425c090cd9d6d	reference/random_walk_v1__b=+02__l=0__r=1.lsg2	afa45a2d55d770719de49a814927b737b90b6da715564bd78c2b4267341928b1	930	4
lasagna2:m2.3:v1:random_walk_v1:b=+02:l=0:r=2	random_walk_v1	2	0	2	8180314966330021492	rw	2	512	cases/random_walk_v1__b=+02__l=0__r=2.f64le	ab27ca2676be10bad26e691e2c2e3c63b26bb2d1bf60e0d3c4a16870cbe00674	reference/random_walk_v1__b=+02__l=0__r=2.lsg2	5bb5cb9e218f8804a404b089a245b43564bb1c72edd008cc9652a8bd31250ed4	930	4
lasagna2:m2.3:v1:random_walk_v1:b=+02:l=0:r=3	random_walk_v1	2	0	3	17172508500158569828	rw	2	512	cases/random_walk_v1__b=+02__l=0__r=3.f64le	969f1670932375f76d15edfe39e75a77f4328e44888eeeeae1f530093afb5313	reference/random_walk_v1__b=+02__l=0__r=3.lsg2	484f25163119645b2daa49ca6a5ee3b65391aa1db39c2d879be501aae6287c11	930	4
lasagna2:m2.3:v1:random_walk_v1:b=+02:l=0:r=4	random_walk_v1	2	0	4	6689979621608760135	rw	2	512	cases/random_walk_v1__b=+02__l=0__r=4.f64le	d6eea1ec4bfec9e0d4d612842731b4eace4ad9f19eccffc26747db3c9d34dc29	reference/random_walk_v1__b=+02__l=0__r=4.lsg2	56735cb41bdd0bbcfc7f296dda747768d658d842de999d09286c293ade47b50d	930	4
lasagna2:m2.3:v1:random_walk_v1:b=+02:l=1:r=0	random_walk_v1	2	1	0	13240540246281102723	rw	2	512	cases/random_walk_v1__b=+02__l=1__r=0.f64le	e4997bbbc5a6d6e64f31ea8bfb7bccb7ad943377f81eec73cbe0992826bc4e32	reference/random_walk_v1__b=+02__l=1__r=0.lsg2	ad0d1dffa183b4667c453029f5813406531dd2bbbd42e3d3f24eedaa9fab64bf	930	4
lasagna2:m2.3:v1:random_walk_v1:b=+02:l=1:r=1	random_walk_v1	2	1	1	12171340744025177019	rw	2	512	cases/random_walk_v1__b=+02__l=1__r=1.f64le	3a4f6528e105b76be67c43ef6a58a2a4c70aeb3e9012634eaecae8392b593cb7	reference/random_walk_v1__b=+02__l=1__r=1.lsg2	65fe37f9254aa5bac95894c87e747c0d20856eca87e0337ba08322ae924e9c89	930	4
lasagna2:m2.3:v1:random_walk_v1:b=+02:l=1:r=2	random_walk_v1	2	1	2	17583610629894335522	rw	2	512	cases/random_walk_v1__b=+02__l=1__r=2.f64le	7e5078c459f9d233b7143d281833166674ae53a8d5790c9a1911fcedbce4222b	reference/random_walk_v1__b=+02__l=1__r=2.lsg2	4d649536ccf4fefc2b4bdf30c0e553d9bbabee53a57045bf3dac53d8f4021372	930	4
lasagna2:m2.3:v1:random_walk_v1:b=+02:l=1:r=3	random_walk_v1	2	1	3	8844736564687026255	rw	2	512	cases/random_walk_v1__b=+02__l=1__r=3.f64le	e4e777cd4eebf5852ab4216a8f027a311872978ffbe229d764c1122ccd6c7166	reference/random_walk_v1__b=+02__l=1__r=3.lsg2	dc0b069068f3c0e7302b0843cfd9d56cf6aaec6eddff8b2a2fde168cec2344fd	930	4
lasagna2:m2.3:v1:random_walk_v1:b=+02:l=1:r=4	random_walk_v1	2	1	4	6116504540482085020	rw	2	512	cases/random_walk_v1__b=+02__l=1__r=4.f64le	a2de2ec3af51ad1bdbb90a5abe07b3762dc122f2e45504345d0a9f5db5b4f6b0	reference/random_walk_v1__b=+02__l=1__r=4.lsg2	e2170a16373a253131d24f8bf7bb8ffa63847aac84dacced586fa96333c97a7b	930	4
lasagna2:m2.3:v1:random_walk_v1:b=+02:l=2:r=0	random_walk_v1	2	2	0	13766892561341235035	rw	2	512	cases/random_walk_v1__b=+02__l=2__r=0.f64le	4575d1993099a6504bcaf3c2954c8fb7817436d2cce3c3a2e880cc2779749a8f	reference/random_walk_v1__b=+02__l=2__r=0.lsg2	bddb565737efeb868522d8aae10b7b5eb7b6af7936e73f07c354a3a4797cc33d	930	4
lasagna2:m2.3:v1:random_walk_v1:b=+02:l=2:r=1	random_walk_v1	2	2	1	726653716408693233	rw	2	512	cases/random_walk_v1__b=+02__l=2__r=1.f64le	9dfb917c6f25a17721684485b3f84bac05e1e9c5366d3a122aac29e1c2f54e96	reference/random_walk_v1__b=+02__l=2__r=1.lsg2	cda0648d33d895eda273fbd6227203097d8b9ce8694bce34b9623a04a33c9964	930	4
lasagna2:m2.3:v1:random_walk_v1:b=+02:l=2:r=2	random_walk_v1	2	2	2	9692663030583631231	rw	2	512	cases/random_walk_v1__b=+02__l=2__r=2.f64le	da5b6bf03618b56dc87af3ff0bf4835a0f5979cf353333da03d0935f6523abcb	reference/random_walk_v1__b=+02__l=2__r=2.lsg2	f50379a45a78f32467c653fb36ee3391cac20f370d4aef640b1bae592c5499d2	930	4
lasagna2:m2.3:v1:random_walk_v1:b=+02:l=2:r=3	random_walk_v1	2	2	3	10784453242486063726	rw	2	512	cases/random_walk_v1__b=+02__l=2__r=3.f64le	35d06b3e18effff21114b52506dc5cd42670b7dc95c99ea19462b59bf828a362	reference/random_walk_v1__b=+02__l=2__r=3.lsg2	8f028a584aa9d60f4adba6c0d749e936c0db9c990c154101ce6a0d03d218ab3d	930	4
lasagna2:m2.3:v1:random_walk_v1:b=+02:l=2:r=4	random_walk_v1	2	2	4	9989588418805534991	rw	2	512	cases/random_walk_v1__b=+02__l=2__r=4.f64le	8d68545d63b260d2cb73fed80f210768e6e559b57da5edde58e7c7b5940c5e42	reference/random_walk_v1__b=+02__l=2__r=4.lsg2	ef58f75bf34276ffd489dab26edecc8d5485b8ef6aef22646b186ecd8575fa20	930	4
lasagna2:m2.3:v1:random_walk_v1:b=+02:l=3:r=0	random_walk_v1	2	3	0	7705568690350318976	rw	2	512	cases/random_walk_v1__b=+02__l=3__r=0.f64le	ba6a91cad08738be9d358e4353aeeba7bbf20fe4efedbbb87dc7186ff43e6964	reference/random_walk_v1__b=+02__l=3__r=0.lsg2	6e3164ad9c68aaf141b3bcd2af13299d1622bad48fc2d0669ede9987751d9d18	930	4
lasagna2:m2.3:v1:random_walk_v1:b=+02:l=3:r=1	random_walk_v1	2	3	1	14813780057635156253	rw	2	512	cases/random_walk_v1__b=+02__l=3__r=1.f64le	440836b48016ef97a43dfd9936f84f18a241cd45759e999d6064170f6b4486bc	reference/random_walk_v1__b=+02__l=3__r=1.lsg2	4c7aea65846d33ae7a5e49b87555864754eea3c4d9153d5ee7cbfca9dcd1f57f	930	4
lasagna2:m2.3:v1:random_walk_v1:b=+02:l=3:r=2	random_walk_v1	2	3	2	8481986069081103096	rw	2	512	cases/random_walk_v1__b=+02__l=3__r=2.f64le	7c0b44e5ecaba3f1bfccd8d75590ac46174c2efdf2fb2c9f5383cf558aa3dfdc	reference/random_walk_v1__b=+02__l=3__r=2.lsg2	a78e0b7a9e449ce63d3bbbb61568159d82bcd5eacc5fc41da7179d81795a1a9e	930	4
lasagna2:m2.3:v1:random_walk_v1:b=+02:l=3:r=3	random_walk_v1	2	3	3	5076180537198388376	rw	2	512	cases/random_walk_v1__b=+02__l=3__r=3.f64le	696dde8e6dc560f6df2bd83b76bf57c6a18a5b24981c11c258b576b3bd124f51	reference/random_walk_v1__b=+02__l=3__r=3.lsg2	02be314e9ec72c274712f8f15d1db73a1fb0d68d23e984674d95966dfa921a03	930	4
lasagna2:m2.3:v1:random_walk_v1:b=+02:l=3:r=4	random_walk_v1	2	3	4	6519952591790435063	rw	2	512	cases/random_walk_v1__b=+02__l=3__r=4.f64le	93cc238a04f987ce5de5d2a3632c5d8ccf94d04798f8bd79294e6e7fb16aeb72	reference/random_walk_v1__b=+02__l=3__r=4.lsg2	144990c103be65cc47b1463aad764a76fa5bd3ecc1039f6cd255e5806a698cf5	930	4
lasagna2:m2.3:v1:random_walk_v1:b=+02:l=4:r=0	random_walk_v1	2	4	0	9986756422939071125	rw	2	512	cases/random_walk_v1__b=+02__l=4__r=0.f64le	43d4f7372cb7cd025f27fa75f9c08b74c8187c3b0ebe7da5123188e3c3f1743e	reference/random_walk_v1__b=+02__l=4__r=0.lsg2	b9ecd5b7dac74c2611e15a78cc166ff9766aba79e7a59d1a2ea6728c948d6254	930	4
lasagna2:m2.3:v1:random_walk_v1:b=+02:l=4:r=1	random_walk_v1	2	4	1	17813879635876509871	rw	2	512	cases/random_walk_v1__b=+02__l=4__r=1.f64le	b187a925af42333688cf5bd299f63a4bbd75b5c48ab9ebe78d3abfb630f42630	reference/random_walk_v1__b=+02__l=4__r=1.lsg2	aacecd16f3a063d0ff654f59f5ac0aa1d72fc1d2ad1acb128da04d3fa489b017	930	4
lasagna2:m2.3:v1:random_walk_v1:b=+02:l=4:r=2	random_walk_v1	2	4	2	3798992502654054868	rw	2	512	cases/random_walk_v1__b=+02__l=4__r=2.f64le	b0672e9908450698c49593d8b5ce1c9c35c4b7f974906612df9120d85592f503	reference/random_walk_v1__b=+02__l=4__r=2.lsg2	d8edbdf7c7505436420377f4e37d8782ec01cf8ee80e54f44daa35e36251f5c8	930	4
lasagna2:m2.3:v1:random_walk_v1:b=+02:l=4:r=3	random_walk_v1	2	4	3	18004722215617692910	rw	2	512	cases/random_walk_v1__b=+02__l=4__r=3.f64le	7872b995a205351bbfd32019e1554d02b97ffe9758d4643eb2778aabeb9d4a4f	reference/random_walk_v1__b=+02__l=4__r=3.lsg2	6a9d7b041af6b722438d4c07f33b102459acde6f8b36913f48d1743db72dd3ec	930	4
lasagna2:m2.3:v1:random_walk_v1:b=+02:l=4:r=4	random_walk_v1	2	4	4	6728435098724460480	rw	2	512	cases/random_walk_v1__b=+02__l=4__r=4.f64le	242d44875b7d3751a579246b68ca61dd94bec2647b72891a749a845ee86763c1	reference/random_walk_v1__b=+02__l=4__r=4.lsg2	f3ea2416f116cc7fb0e474c2418b7a9fdf37bc181d31e998ede8329ee24297e0	930	4
lasagna2:m2.3:v1:random_walk_v1:b=+03:l=0:r=0	random_walk_v1	3	0	0	8474630042788276918	rw	2	512	cases/random_walk_v1__b=+03__l=0__r=0.f64le	1a59aefe0c7c8763c90039ed5c57ea2ff0e4e5c96cfd81b2ea9166099645068e	reference/random_walk_v1__b=+03__l=0__r=0.lsg2	bf3a0628432a432c3c4c4bd1cb854ed4dc8a2cfb586969b8be712e7ed2895040	930	4
lasagna2:m2.3:v1:random_walk_v1:b=+03:l=0:r=1	random_walk_v1	3	0	1	16838671791485583254	rw	2	512	cases/random_walk_v1__b=+03__l=0__r=1.f64le	4f29ab997bd1492081cd8659875a073f6a251dad1b06149579253740b6eaa504	reference/random_walk_v1__b=+03__l=0__r=1.lsg2	6eb0b939485f96254345d1a2b14ecf6509723ca194d9079e25aec39ffc8791e0	930	4
lasagna2:m2.3:v1:random_walk_v1:b=+03:l=0:r=2	random_walk_v1	3	0	2	3492487753521927160	rw	2	512	cases/random_walk_v1__b=+03__l=0__r=2.f64le	af630d682adbeba46fe99e1c875f5eb81ba1bdaf8b8b353b8801bbaff0206f97	reference/random_walk_v1__b=+03__l=0__r=2.lsg2	91dc8f22025ad5bbadf91e227670da9b818adba9fa3ec83ce6338a0f20995db6	930	4
lasagna2:m2.3:v1:random_walk_v1:b=+03:l=0:r=3	random_walk_v1	3	0	3	7581105158148537012	rw	2	512	cases/random_walk_v1__b=+03__l=0__r=3.f64le	7697fc335192ca9f12037371ca115f27b7ac757369f19f19ecf38daed2412ec0	reference/random_walk_v1__b=+03__l=0__r=3.lsg2	7e64263bd0b404c0e2392f5cb3fd0fbe674a704b403ef3c35786277869057cff	930	4
lasagna2:m2.3:v1:random_walk_v1:b=+03:l=0:r=4	random_walk_v1	3	0	4	14427862944985063982	rw	2	512	cases/random_walk_v1__b=+03__l=0__r=4.f64le	c79d66cd7e78fbed04360187cf3673df2b53be6e2a296197986e1eb960b4e111	reference/random_walk_v1__b=+03__l=0__r=4.lsg2	ca40ae00acf2a483cdf46a65b82a4755ca683ef09f3999d1e61ab4ec298b4c16	930	4
lasagna2:m2.3:v1:random_walk_v1:b=+03:l=1:r=0	random_walk_v1	3	1	0	9314706773939139775	rw	2	512	cases/random_walk_v1__b=+03__l=1__r=0.f64le	330f94f1b002555eb18fe643ec8f56701b5b0a891da3163575b935cf5264da8b	reference/random_walk_v1__b=+03__l=1__r=0.lsg2	3aba6bd23a2ccab26d8881eb38ae4102f9ee65e5fd6c86feeb5ff16559e24ae2	930	4
lasagna2:m2.3:v1:random_walk_v1:b=+03:l=1:r=1	random_walk_v1	3	1	1	9864542895888093790	rw	2	512	cases/random_walk_v1__b=+03__l=1__r=1.f64le	2278229473cc45a7a08755ee1505e85dc96c91bf204373a308b5080d34d3c47f	reference/random_walk_v1__b=+03__l=1__r=1.lsg2	72c39785195c791ef608b2810bb02bd55f768e6dd5c1633e2c3535dbff921193	930	4
lasagna2:m2.3:v1:random_walk_v1:b=+03:l=1:r=2	random_walk_v1	3	1	2	17365569767250766099	rw	2	512	cases/random_walk_v1__b=+03__l=1__r=2.f64le	edbf1ac9395ecc0f399548fd8893d5e5722b25f2ceb7f9e8e822a1332a26a484	reference/random_walk_v1__b=+03__l=1__r=2.lsg2	44d3b2103e2413fc040442d8740acac43ce7e46bf7b64e8c4cb534593108c79c	930	4
lasagna2:m2.3:v1:random_walk_v1:b=+03:l=1:r=3	random_walk_v1	3	1	3	10576693071313466965	rw	2	512	cases/random_walk_v1__b=+03__l=1__r=3.f64le	308d5445d74f3a0b6b8760f32c033d236c7062c5d4e7a64139264df450f2ea5c	reference/random_walk_v1__b=+03__l=1__r=3.lsg2	6d55c4fc3bae9e7e0f20df02d8b077af4754a55a33ae1ef0f41049857dcbffcd	930	4
lasagna2:m2.3:v1:random_walk_v1:b=+03:l=1:r=4	random_walk_v1	3	1	4	4605152250066144849	rw	2	512	cases/random_walk_v1__b=+03__l=1__r=4.f64le	e1dc4ba5f3d2b2117d7506f3ed3d5ac9690230f1627f04bd996914b470b3450a	reference/random_walk_v1__b=+03__l=1__r=4.lsg2	9d165a8c935d1de0766a4d0ff2cf4d69135eff4cdbd687c6386244ee8fca96b3	930	4
lasagna2:m2.3:v1:random_walk_v1:b=+03:l=2:r=0	random_walk_v1	3	2	0	16689470595274734638	rw	2	512	cases/random_walk_v1__b=+03__l=2__r=0.f64le	692b571cdd0a74358ec82780acc21fe57e82111f3ce0fadbf8703c5a44aa4b93	reference/random_walk_v1__b=+03__l=2__r=0.lsg2	3a3f227af946622cc689e00d3d4da760b5b2e6f4358902ede220b59dea895fc0	930	4
lasagna2:m2.3:v1:random_walk_v1:b=+03:l=2:r=1	random_walk_v1	3	2	1	16100914736421056508	rw	2	512	cases/random_walk_v1__b=+03__l=2__r=1.f64le	9392b395feaca45dc32b4d524f634f4f2d55f845caa1123d094b50f3a4e606ba	reference/random_walk_v1__b=+03__l=2__r=1.lsg2	fd76eb4ad873532db3e3337122a1651febfdeeb0cde0a64cabc3d12e392d498e	930	4
lasagna2:m2.3:v1:random_walk_v1:b=+03:l=2:r=2	random_walk_v1	3	2	2	2823675080033563526	rw	2	512	cases/random_walk_v1__b=+03__l=2__r=2.f64le	ec8a5f47e7252da1bc20b8b94dd537f3da22425cd4213cd3fa9dde230fecc018	reference/random_walk_v1__b=+03__l=2__r=2.lsg2	0aece3cf3e6b912a574a6e92f5194bb3f05866c1386d482b39ea93be5937157a	930	4
lasagna2:m2.3:v1:random_walk_v1:b=+03:l=2:r=3	random_walk_v1	3	2	3	8373036647435457169	rw	2	512	cases/random_walk_v1__b=+03__l=2__r=3.f64le	fa9d4b3c9f4e572e2d41d2423b7e793aa2e0c116a31b9d4e87026f233c625e7f	reference/random_walk_v1__b=+03__l=2__r=3.lsg2	47e179a62facd024695fc9d5cff33233d0fe826c4b3f93bf46fa8d6045fa791c	930	4
lasagna2:m2.3:v1:random_walk_v1:b=+03:l=2:r=4	random_walk_v1	3	2	4	4693653248734054613	rw	2	512	cases/random_walk_v1__b=+03__l=2__r=4.f64le	dcdbd96445547e623172efe5aa9a57374ca61a185d546fed83d0e42f81898aa2	reference/random_walk_v1__b=+03__l=2__r=4.lsg2	ab3b339b24bedf9595907b67566bc251199f8d9b6554ba31830eb75aa4b67136	930	4
lasagna2:m2.3:v1:random_walk_v1:b=+03:l=3:r=0	random_walk_v1	3	3	0	13532163557567598847	rw	2	512	cases/random_walk_v1__b=+03__l=3__r=0.f64le	ff0da979706af2cb13bf40658bee7108a276db3e5e9bd55cc59a374f8ebb47fa	reference/random_walk_v1__b=+03__l=3__r=0.lsg2	6299572c2ba0d2465bfdb413417550484de3d94ebdd5180ecfbf1b674a0e84ae	930	4
lasagna2:m2.3:v1:random_walk_v1:b=+03:l=3:r=1	random_walk_v1	3	3	1	5903683514043093508	rw	2	512	cases/random_walk_v1__b=+03__l=3__r=1.f64le	c6da15250d36008e7b195a141c61ebe70bca16b733ca0298b7d83abf56693c80	reference/random_walk_v1__b=+03__l=3__r=1.lsg2	0d4100ccf51b3d4b437740b93b9eb38239d86942bd1499a67220291fc38656fe	930	4
lasagna2:m2.3:v1:random_walk_v1:b=+03:l=3:r=2	random_walk_v1	3	3	2	2702194349720455714	rw	2	512	cases/random_walk_v1__b=+03__l=3__r=2.f64le	2a14711824ed0b98b99be69d356dec9a0e8edc9f5733c14fcdb555991283f2e2	reference/random_walk_v1__b=+03__l=3__r=2.lsg2	1001398679bf50854bbbdd6ef7ff1e2e72d61b11e79dd99fc7e1542f5d288821	930	4
lasagna2:m2.3:v1:random_walk_v1:b=+03:l=3:r=3	random_walk_v1	3	3	3	2070165986041464529	rw	2	512	cases/random_walk_v1__b=+03__l=3__r=3.f64le	67056874e90ea2afa15002aa0d0f9943882d678c9b368ddd5b1e83905afc2157	reference/random_walk_v1__b=+03__l=3__r=3.lsg2	6f079332d06499f6050d654c38a55f0dbcc31e2f4b508a04fe8dcc699122a8d2	930	4
lasagna2:m2.3:v1:random_walk_v1:b=+03:l=3:r=4	random_walk_v1	3	3	4	13222323095400352796	rw	2	512	cases/random_walk_v1__b=+03__l=3__r=4.f64le	fd58e5c614669d05fe3055c07a8ac1ed6884ff409e073a5a88a1ff7b6e2fbd7c	reference/random_walk_v1__b=+03__l=3__r=4.lsg2	9f920fa6264ce3fd342cd44d292e1dd41fd1580ea22773e5eae2630d255eb022	930	4
lasagna2:m2.3:v1:random_walk_v1:b=+03:l=4:r=0	random_walk_v1	3	4	0	1310822143331388403	rw	2	512	cases/random_walk_v1__b=+03__l=4__r=0.f64le	45793134d11910243ddcdbedc95b0b232ba35fe8904ceaa767a51c23454befd0	reference/random_walk_v1__b=+03__l=4__r=0.lsg2	e8bd495f63d0b775270ce67345111342c8f2454cb829f3f59f3191c796f4e459	1842	16
lasagna2:m2.3:v1:random_walk_v1:b=+03:l=4:r=1	random_walk_v1	3	4	1	10462692420529505876	rw	2	512	cases/random_walk_v1__b=+03__l=4__r=1.f64le	9f6d274bc2ad2b910762d13c5de89f0b10593527e1d8bfa1b6c95d278120f6e7	reference/random_walk_v1__b=+03__l=4__r=1.lsg2	f8eaef5dfb79a4eb79c1d136b908059fa7f357a8be2c0a9fb5ec78a3c52b2501	1842	16
lasagna2:m2.3:v1:random_walk_v1:b=+03:l=4:r=2	random_walk_v1	3	4	2	11434814143147144247	rw	2	512	cases/random_walk_v1__b=+03__l=4__r=2.f64le	2da7872245904cb5c15aceb63fec44d14bd6a0dbe852283bb15693525cc8e638	reference/random_walk_v1__b=+03__l=4__r=2.lsg2	a5642386b8b08d0c7b3caa1a2c5e9e60739f9a3444bd4fe3d0e159cb91b1f27b	1842	16
lasagna2:m2.3:v1:random_walk_v1:b=+03:l=4:r=3	random_walk_v1	3	4	3	9890130100496603017	rw	2	512	cases/random_walk_v1__b=+03__l=4__r=3.f64le	c764b26a6e2219be759a5749553aa35b1c79ebdf5ed1cde54f2aea954b3de5b7	reference/random_walk_v1__b=+03__l=4__r=3.lsg2	c3d6c0850e0defcdf7ee1743f015a3c459260c7c6e034db9ecea0b0bfba08601	1842	16
lasagna2:m2.3:v1:random_walk_v1:b=+03:l=4:r=4	random_walk_v1	3	4	4	8969010764150805792	rw	2	512	cases/random_walk_v1__b=+03__l=4__r=4.f64le	c33715f354f0cea72fcf02bc8f5385c61c9364a14329e0b889002e81c8c2bab9	reference/random_walk_v1__b=+03__l=4__r=4.lsg2	61f8653ac9197e5d109b833ed73986df013a27217a8ae73aff47bf30a295020e	1842	16
lasagna2:m2.3:v1:random_walk_v1:b=+04:l=0:r=0	random_walk_v1	4	0	0	18241141942844474846	rw	2	512	cases/random_walk_v1__b=+04__l=0__r=0.f64le	9d0cdd84f501f1a89634512c13f55bd4657d23d0bbc0f1e0fdb7b9e2329a3c9b	reference/random_walk_v1__b=+04__l=0__r=0.lsg2	e4033aa2920d34e94e16d93539a3fcf3e953fad2e76ece71e41b819b7140cecd	930	4
lasagna2:m2.3:v1:random_walk_v1:b=+04:l=0:r=1	random_walk_v1	4	0	1	8882906636289477780	rw	2	512	cases/random_walk_v1__b=+04__l=0__r=1.f64le	28738b4850dad4caab339b6e17d157e3cbe5c29a049814e1dd68c086584548dd	reference/random_walk_v1__b=+04__l=0__r=1.lsg2	1d700918fca2118195f82bd221961ad315672390a3b4e3b49d6652e95f4e20da	930	4
lasagna2:m2.3:v1:random_walk_v1:b=+04:l=0:r=2	random_walk_v1	4	0	2	2042965145144545831	rw	2	512	cases/random_walk_v1__b=+04__l=0__r=2.f64le	4881432c2848302a134abfce100e0dbcd9cbf995c1408fafea89fee002f6ece1	reference/random_walk_v1__b=+04__l=0__r=2.lsg2	9c5d456cf29e00908c1ce249f0430f146c561741af8862c42ad0f64be2f0c0d4	930	4
lasagna2:m2.3:v1:random_walk_v1:b=+04:l=0:r=3	random_walk_v1	4	0	3	5390053335465721148	rw	2	512	cases/random_walk_v1__b=+04__l=0__r=3.f64le	cb7aa0c8781feb58756f23df9cf240ae7caaca0913ed4414297e4b662b1544ae	reference/random_walk_v1__b=+04__l=0__r=3.lsg2	39d97958549ade293ed1c8b5f5cb02682bb9d65e7d0dd953ac8f4bea79ccb28a	930	4
lasagna2:m2.3:v1:random_walk_v1:b=+04:l=0:r=4	random_walk_v1	4	0	4	5852594620354221461	rw	2	512	cases/random_walk_v1__b=+04__l=0__r=4.f64le	0e348b0f34255ee4d9eaa866c6f092f99ad75303a51a30eda01f3a272905cb79	reference/random_walk_v1__b=+04__l=0__r=4.lsg2	e3bb50e44ae3dba6a7170f9564747e8704373643dc947b6c836653095c1cdbbe	930	4
lasagna2:m2.3:v1:random_walk_v1:b=+04:l=1:r=0	random_walk_v1	4	1	0	12616118830074565182	rw	2	512	cases/random_walk_v1__b=+04__l=1__r=0.f64le	e6860fc7294ce6380a8a7be24acf3ea15bd099d275bfa9c2620284171c03e97b	reference/random_walk_v1__b=+04__l=1__r=0.lsg2	6e1702244a2765c23747ecd73839c227013fad09e12ba5eafe0d88aa3a7801cf	930	4
lasagna2:m2.3:v1:random_walk_v1:b=+04:l=1:r=1	random_walk_v1	4	1	1	11924594691684666298	rw	2	512	cases/random_walk_v1__b=+04__l=1__r=1.f64le	e03adce76cddd532b03bc45b751a69912dfb93a8a12a27c71742bc2d53c592e1	reference/random_walk_v1__b=+04__l=1__r=1.lsg2	61857d3d9a08de4b04905cec89024bc155b714ce15214220639f3bf36847e926	930	4
lasagna2:m2.3:v1:random_walk_v1:b=+04:l=1:r=2	random_walk_v1	4	1	2	11548408495995639532	rw	2	512	cases/random_walk_v1__b=+04__l=1__r=2.f64le	32502fe84fa2724907cde58081b6db04ec17d2ae4e67d0ea8b78b1569b52e66b	reference/random_walk_v1__b=+04__l=1__r=2.lsg2	2385a1d6f0280a79700bbc21448bc5c6283214bc10e44f69d2fae0251564dffe	930	4
lasagna2:m2.3:v1:random_walk_v1:b=+04:l=1:r=3	random_walk_v1	4	1	3	14145668320795992479	rw	2	512	cases/random_walk_v1__b=+04__l=1__r=3.f64le	7aa3ff67f0a6b6cc4a3f1c5e98e13493ab622bd83dffb3626812d505ff2ab7c0	reference/random_walk_v1__b=+04__l=1__r=3.lsg2	7292321778fd36aaa986df7c8cbe5a5f83f7e375726b87eaf748443280afc35b	930	4
lasagna2:m2.3:v1:random_walk_v1:b=+04:l=1:r=4	random_walk_v1	4	1	4	1220165533633393671	rw	2	512	cases/random_walk_v1__b=+04__l=1__r=4.f64le	9b9c7a49bfbec73448285250938c889f56f7104478f88c4516eea97f69490033	reference/random_walk_v1__b=+04__l=1__r=4.lsg2	baa12c30e05b1076f0de3eb52a82642dc86d5f57c0d39e2755489f1d5b863dc8	930	4
lasagna2:m2.3:v1:random_walk_v1:b=+04:l=2:r=0	random_walk_v1	4	2	0	6053860196780296284	rw	2	512	cases/random_walk_v1__b=+04__l=2__r=0.f64le	6e4ace7bb917a1974200e41e86ecebcb53ba195856e0a5aaaa80bddf97dc26a4	reference/random_walk_v1__b=+04__l=2__r=0.lsg2	166621bffbc4058c5d84d1222e4ca69a66193fe97eb48bcc31b9f88aacbbaf2c	930	4
lasagna2:m2.3:v1:random_walk_v1:b=+04:l=2:r=1	random_walk_v1	4	2	1	7838132580645375651	rw	2	512	cases/random_walk_v1__b=+04__l=2__r=1.f64le	39de8fc4633004e6876b2ea647511c64debacea7c5bceaaf867575d84d797d1d	reference/random_walk_v1__b=+04__l=2__r=1.lsg2	a80d55022f96e619d9ac31a628656f0d9ab6ca6ac21bf46a7f924e3375ebe214	930	4
lasagna2:m2.3:v1:random_walk_v1:b=+04:l=2:r=2	random_walk_v1	4	2	2	378208306455540132	rw	2	512	cases/random_walk_v1__b=+04__l=2__r=2.f64le	918dc134f0ffd2156dc922b0a9e1e3c05ad793cb4de057bb3849ad3f81e5e8b5	reference/random_walk_v1__b=+04__l=2__r=2.lsg2	3c9bf0cfca128c03dfc672a95e4a9146cdd7d185165fee595b74a551d2c5db50	930	4
lasagna2:m2.3:v1:random_walk_v1:b=+04:l=2:r=3	random_walk_v1	4	2	3	2253079289928192941	rw	2	512	cases/random_walk_v1__b=+04__l=2__r=3.f64le	9f8a3199cd2e1a6dcace06f9b7035297c82d5bd282f58231a71679cb6fe8b29f	reference/random_walk_v1__b=+04__l=2__r=3.lsg2	0eb7cff616d3b6b0da695b5449a5be20f2e4cdad19be766b3b0ec18cf6ac39f3	930	4
lasagna2:m2.3:v1:random_walk_v1:b=+04:l=2:r=4	random_walk_v1	4	2	4	17996199814168005802	rw	2	512	cases/random_walk_v1__b=+04__l=2__r=4.f64le	e230ede097638e642185d1f6849a36a93dcabf67abf83e0db14200ac95989d50	reference/random_walk_v1__b=+04__l=2__r=4.lsg2	eb48915c83f487a78b5d104361f3156cfbf84b304737df6eab18912ed1f54292	930	4
lasagna2:m2.3:v1:random_walk_v1:b=+04:l=3:r=0	random_walk_v1	4	3	0	3623576612405779540	rw	2	512	cases/random_walk_v1__b=+04__l=3__r=0.f64le	ef3cfd8b735e160da518f3b6beb9321b88c9ac0201eca9d4e47c7ce188e61ef9	reference/random_walk_v1__b=+04__l=3__r=0.lsg2	a2c5c2c6b2a8752a6e221d349f4dd7029ab02714975a51b1db50259dc774ef1d	1842	16
lasagna2:m2.3:v1:random_walk_v1:b=+04:l=3:r=1	random_walk_v1	4	3	1	8108677184495718738	rw	2	512	cases/random_walk_v1__b=+04__l=3__r=1.f64le	c2c813587c3fdbd8d2af1ea59b6a811ff2ec404fac1912c8308352d9f32a685d	reference/random_walk_v1__b=+04__l=3__r=1.lsg2	21b21fcff9e159d6120a6170997ed54a4f8426056b64eaa03ac94d594392b979	1842	16
lasagna2:m2.3:v1:random_walk_v1:b=+04:l=3:r=2	random_walk_v1	4	3	2	9820296345501492777	rw	2	512	cases/random_walk_v1__b=+04__l=3__r=2.f64le	7e284556c0f4d33f59f433c10dbb4baf890cd4a405232201f97882723816bbe2	reference/random_walk_v1__b=+04__l=3__r=2.lsg2	2e4ac739ba4e0b3962e5b0b32e6d44cc90c03c29bc7b7c3ad4ab17c23a01dab1	1842	16
lasagna2:m2.3:v1:random_walk_v1:b=+04:l=3:r=3	random_walk_v1	4	3	3	4368377297035889623	rw	2	512	cases/random_walk_v1__b=+04__l=3__r=3.f64le	bed06ced638b96112670f7b8477c43d1449166f28bf31f1c01dcd557d0d27ce7	reference/random_walk_v1__b=+04__l=3__r=3.lsg2	cfa5661ad7f47da6c8aafa30ffeb8983353f2903cd7ce41cf3579107077ca5b4	1842	16
lasagna2:m2.3:v1:random_walk_v1:b=+04:l=3:r=4	random_walk_v1	4	3	4	17516136883294932777	rw	2	512	cases/random_walk_v1__b=+04__l=3__r=4.f64le	ce81221d3a659af09436d41df61efd69463ff953e234e7a7e4d60647762cde58	reference/random_walk_v1__b=+04__l=3__r=4.lsg2	dc5d5520dafe34b0ca3a1aa325b07ae616bed1ba89c81580a0f25b0c906c718a	1842	16
lasagna2:m2.3:v1:random_walk_v1:b=+04:l=4:r=0	random_walk_v1	4	4	0	6976429796907886448	rw	2	512	cases/random_walk_v1__b=+04__l=4__r=0.f64le	1dba257cb01dd44d68b7d1f4ba3a581feaf23b79706c4796792e327a862be958	reference/random_walk_v1__b=+04__l=4__r=0.lsg2	67817c1e41214c068cd48980822b8b92b5260ac11c4a62e8aaa57492e086b82f	1842	16
lasagna2:m2.3:v1:random_walk_v1:b=+04:l=4:r=1	random_walk_v1	4	4	1	11685664631778812300	rw	2	512	cases/random_walk_v1__b=+04__l=4__r=1.f64le	a04c87b9f0af6cc08fd35ddc70b9901924153f839dce93bb78b12e45a88980e4	reference/random_walk_v1__b=+04__l=4__r=1.lsg2	6aae1f294e05a98c78e5d7fda3df051c343e01a36424b195b6205fb95e491e33	1842	16
lasagna2:m2.3:v1:random_walk_v1:b=+04:l=4:r=2	random_walk_v1	4	4	2	18444787035600204778	rw	2	512	cases/random_walk_v1__b=+04__l=4__r=2.f64le	b8d82e6a2329fb2dfc109a7693053c08ed27d82b403884ea478bdca01bbc1f83	reference/random_walk_v1__b=+04__l=4__r=2.lsg2	6252e45bbf152763799b8b684e95875fc55dc4d6ecdbb58e4e6fc38e1528ceee	1842	16
lasagna2:m2.3:v1:random_walk_v1:b=+04:l=4:r=3	random_walk_v1	4	4	3	9043942570470115440	rw	2	512	cases/random_walk_v1__b=+04__l=4__r=3.f64le	acab264a0b536478dd1f01b83dcdc4d7cd75081c0b6ec6883e1da680331fe9eb	reference/random_walk_v1__b=+04__l=4__r=3.lsg2	017d5f654d3080a06735da76a04fa8b43c48657d551f4af2534256dce3a8f637	1842	16
lasagna2:m2.3:v1:random_walk_v1:b=+04:l=4:r=4	random_walk_v1	4	4	4	5607560126390172855	rw	2	512	cases/random_walk_v1__b=+04__l=4__r=4.f64le	d0710143b6e47b95ca15c20c0665e7165f8fc3d6cee103ad595e6ce5f2eaebe9	reference/random_walk_v1__b=+04__l=4__r=4.lsg2	f2ced895cf4235ad8832a7e89b81f81977832aeb0d0c63d94acdbe94b939d619	1842	16
lasagna2:m2.3:v1:random_walk_v1:b=+05:l=0:r=0	random_walk_v1	5	0	0	6973236970355647055	rw	2	512	cases/random_walk_v1__b=+05__l=0__r=0.f64le	80498d9298aa11f84afa2d2f88645b5a70b8964b925a21687863a07de8627ae6	reference/random_walk_v1__b=+05__l=0__r=0.lsg2	8efc597f1426308d37c442a6980fbe308b7a4da9a61b97679004b872db509754	930	4
lasagna2:m2.3:v1:random_walk_v1:b=+05:l=0:r=1	random_walk_v1	5	0	1	8870280800004764006	rw	2	512	cases/random_walk_v1__b=+05__l=0__r=1.f64le	94f9001d0be5359add05e7f9573332949804054838a01ba1dfbc334294ddf38d	reference/random_walk_v1__b=+05__l=0__r=1.lsg2	2a5f4d95d28ce9df89634c828c02cfe51d7195732af46d1cf5d9d61991a51891	930	4
lasagna2:m2.3:v1:random_walk_v1:b=+05:l=0:r=2	random_walk_v1	5	0	2	9606650871445949612	rw	2	512	cases/random_walk_v1__b=+05__l=0__r=2.f64le	d4dd0a81096542ce4802fcbfa7d383a9b1823e742075bd3977ddfebde701cffe	reference/random_walk_v1__b=+05__l=0__r=2.lsg2	b1336a6f6aa383a3c7a863a2ab14d6c35723ffb174f6ae429720f90a0c4b9fe2	930	4
lasagna2:m2.3:v1:random_walk_v1:b=+05:l=0:r=3	random_walk_v1	5	0	3	8777835610131801821	rw	2	512	cases/random_walk_v1__b=+05__l=0__r=3.f64le	aa8436624242e5fc70c9223f3f2c2b588273874b45997dd82d0f12f653e63027	reference/random_walk_v1__b=+05__l=0__r=3.lsg2	064806cfe5f475fbb972ed5f6c93dbed30d0a3a25a33d7f817ba5a8ffb4c2cda	930	4
lasagna2:m2.3:v1:random_walk_v1:b=+05:l=0:r=4	random_walk_v1	5	0	4	7404990148452082185	rw	2	512	cases/random_walk_v1__b=+05__l=0__r=4.f64le	3f37fe4ea3bb44199a49459a03e99f2d6c59fccc85e42f746c2b8272dd69d2d3	reference/random_walk_v1__b=+05__l=0__r=4.lsg2	3d7718aea55d4690520142dfb4817a075aa1657d322223185c714f1e00da2c24	930	4
lasagna2:m2.3:v1:random_walk_v1:b=+05:l=1:r=0	random_walk_v1	5	1	0	11475994599621741948	rw	2	512	cases/random_walk_v1__b=+05__l=1__r=0.f64le	2c2e7fa028abe1f03c93ad1f436e277d9a0d31aa417f45776fff08f088ba7ce6	reference/random_walk_v1__b=+05__l=1__r=0.lsg2	3dbd4b1fe7d070a9076c15b94c25c79db18cbb7d952f8434f8aca85df91ec0e0	930	4
lasagna2:m2.3:v1:random_walk_v1:b=+05:l=1:r=1	random_walk_v1	5	1	1	4405051837158331081	rw	2	512	cases/random_walk_v1__b=+05__l=1__r=1.f64le	48e5fe41fc6f49d45a97721596d017b208aade0b26709edb4828c575ff1fb6cf	reference/random_walk_v1__b=+05__l=1__r=1.lsg2	edf2f652efc4add48821e910275d341e910e84c07da71e17937af8833ab1de80	930	4
lasagna2:m2.3:v1:random_walk_v1:b=+05:l=1:r=2	random_walk_v1	5	1	2	2373787601461050165	rw	2	512	cases/random_walk_v1__b=+05__l=1__r=2.f64le	6597187a3fce0b1d33ef2127fc0a344b94aa76751e66b73918af22520e36ce72	reference/random_walk_v1__b=+05__l=1__r=2.lsg2	83717be1e6797e38777a5bcb659b83b22529bf004168e6d9fa010429e672702c	930	4
lasagna2:m2.3:v1:random_walk_v1:b=+05:l=1:r=3	random_walk_v1	5	1	3	12648075499333632742	rw	2	512	cases/random_walk_v1__b=+05__l=1__r=3.f64le	4f725d0d6ca6b5cf0967450c92dd5ac0c099566aaf5a42d2c6794c1d5e02c41d	reference/random_walk_v1__b=+05__l=1__r=3.lsg2	57a2d4452fcf6900dfffbe002fced29dd2d614946b1768e52818dc5e9ecb0186	930	4
lasagna2:m2.3:v1:random_walk_v1:b=+05:l=1:r=4	random_walk_v1	5	1	4	10461339606123245349	rw	2	512	cases/random_walk_v1__b=+05__l=1__r=4.f64le	d2ec45ab53ccefab3cca842cbb86a9d2ef5f119c1c35b64f778f9ee09afa33be	reference/random_walk_v1__b=+05__l=1__r=4.lsg2	f5b6cf4f90508ca78ea98951b9900f5dae25097afd892260bcb678dd6a7eb066	930	4
lasagna2:m2.3:v1:random_walk_v1:b=+05:l=2:r=0	random_walk_v1	5	2	0	14399339562706919203	rw	2	512	cases/random_walk_v1__b=+05__l=2__r=0.f64le	7acbe3559745901745ec5606de13157c54cd5105833d41429ede0b75f578600d	reference/random_walk_v1__b=+05__l=2__r=0.lsg2	6c00637b4cba62daceedafaea097b155816cd4bf813187d16f370dd95a1a501a	1842	16
lasagna2:m2.3:v1:random_walk_v1:b=+05:l=2:r=1	random_walk_v1	5	2	1	13965644662310107331	rw	2	512	cases/random_walk_v1__b=+05__l=2__r=1.f64le	3dc446daa982040617c4e61b04e73ccf294f2e24ef258411774d894732f8f665	reference/random_walk_v1__b=+05__l=2__r=1.lsg2	eda0956707f068d20771fbc12285baba550efef75c3a96a2d5ffa363c72117f1	1842	16
lasagna2:m2.3:v1:random_walk_v1:b=+05:l=2:r=2	random_walk_v1	5	2	2	5470381813030821512	rw	2	512	cases/random_walk_v1__b=+05__l=2__r=2.f64le	065bcf446c2aad8d2b1c410e13d08a45ac4ca46c315a0b23b221cf4c5d30da91	reference/random_walk_v1__b=+05__l=2__r=2.lsg2	2f7bd5ad27b0907a7f765b91872c89f4455e50d38519a6a9672279a359980014	1842	16
lasagna2:m2.3:v1:random_walk_v1:b=+05:l=2:r=3	random_walk_v1	5	2	3	14408779483725786047	rw	2	512	cases/random_walk_v1__b=+05__l=2__r=3.f64le	d9c59de229f0607884542f29d8c1195fbd19c087d195606212006e5d466de1a2	reference/random_walk_v1__b=+05__l=2__r=3.lsg2	327755302687bf16da572ee87b9df966edf03e74cdfa27b6c0ef712344136fc9	1842	16
lasagna2:m2.3:v1:random_walk_v1:b=+05:l=2:r=4	random_walk_v1	5	2	4	18144703705951762816	rw	2	512	cases/random_walk_v1__b=+05__l=2__r=4.f64le	1ca03435a01b2624b988bccbb441f060c7b29ef08e39ed17994cea01d47a7405	reference/random_walk_v1__b=+05__l=2__r=4.lsg2	d7cc7ec71e27d6a759951a4785bea1cc201b51d8d98cded2f02dba153b0ad085	1842	16
lasagna2:m2.3:v1:random_walk_v1:b=+05:l=3:r=0	random_walk_v1	5	3	0	9952421002749872218	rw	2	512	cases/random_walk_v1__b=+05__l=3__r=0.f64le	aa5d9fb7b3a8b912896a816f9125f7305601773847336b8ab6905d1d58be91c5	reference/random_walk_v1__b=+05__l=3__r=0.lsg2	d819e9fa298482d1bbd34643786372ad5212e6e0a1a20c32a993fdce7504c004	1842	16
lasagna2:m2.3:v1:random_walk_v1:b=+05:l=3:r=1	random_walk_v1	5	3	1	5677600304344080337	rw	2	512	cases/random_walk_v1__b=+05__l=3__r=1.f64le	b0b9d934d4e46911a5cb00d2ea8412bf855f3b2fbd54ec956d9da98c0316bf07	reference/random_walk_v1__b=+05__l=3__r=1.lsg2	161596d8f9da0e6dd8ec953a64d1d335be0efd4704cf1cfa8d51af8a5b49f1ef	1842	16
lasagna2:m2.3:v1:random_walk_v1:b=+05:l=3:r=2	random_walk_v1	5	3	2	2174267814858881566	rw	2	512	cases/random_walk_v1__b=+05__l=3__r=2.f64le	932355c49132f72e4f82b173e5e7853eba8587fd8fc5769ec36a9e17907e2f5d	reference/random_walk_v1__b=+05__l=3__r=2.lsg2	dc45dd4b5f18859c854d5b18b6a40c9c7dcc94d200a01740ad30410031bd534b	1842	16
lasagna2:m2.3:v1:random_walk_v1:b=+05:l=3:r=3	random_walk_v1	5	3	3	7572640901913009831	rw	2	512	cases/random_walk_v1__b=+05__l=3__r=3.f64le	5b50ded3cc61a5897d23f1b0b8eaf186dbc8aea0208439412254389bfff68234	reference/random_walk_v1__b=+05__l=3__r=3.lsg2	41b3e5fbfc3a0c941aacb298f507be63ca8b462a011b22c39532e274e637549c	1842	16
lasagna2:m2.3:v1:random_walk_v1:b=+05:l=3:r=4	random_walk_v1	5	3	4	7349308760744387443	rw	2	512	cases/random_walk_v1__b=+05__l=3__r=4.f64le	49f7b589e18388dca80bcda4871776627dc0fe00349f604f7b6d0eb6f7939a21	reference/random_walk_v1__b=+05__l=3__r=4.lsg2	41f8a9255b79753c3b35f67e16bd3c08a126c757bb77b9983cb3dbc6c93d39a9	1842	16
lasagna2:m2.3:v1:random_walk_v1:b=+05:l=4:r=0	random_walk_v1	5	4	0	13431640077404404555	rw	2	512	cases/random_walk_v1__b=+05__l=4__r=0.f64le	98d33bbb24f0c85597301ced421888e041c406dd5707127bca0664e9db28e57f	reference/random_walk_v1__b=+05__l=4__r=0.lsg2	b9cd51654b1ccdd6d54ea6c5d0f848435b9af797f8191b0df53d2cb395589a84	1842	16
lasagna2:m2.3:v1:random_walk_v1:b=+05:l=4:r=1	random_walk_v1	5	4	1	14418282998263914185	rw	2	512	cases/random_walk_v1__b=+05__l=4__r=1.f64le	76abffb6d367f6bdad0ef9cf5c211c207880c359138541e2c000618f6afd19e9	reference/random_walk_v1__b=+05__l=4__r=1.lsg2	cc267bf86f37adbcdfed485bfeb2e578187d9cb9965b6cb0011b5c1974546dac	1842	16
lasagna2:m2.3:v1:random_walk_v1:b=+05:l=4:r=2	random_walk_v1	5	4	2	18306817781125594367	rw	2	512	cases/random_walk_v1__b=+05__l=4__r=2.f64le	b356fa17494d5b7ced38ce9ce17dcf6af49b54398be9b02e013de84b2ee235f7	reference/random_walk_v1__b=+05__l=4__r=2.lsg2	1ab204c889e05cd02ebde0c8a8c9d738b2c2f87147fac705f37ead48332458e1	1842	16
lasagna2:m2.3:v1:random_walk_v1:b=+05:l=4:r=3	random_walk_v1	5	4	3	831471571514470925	rw	2	512	cases/random_walk_v1__b=+05__l=4__r=3.f64le	b9f753504f5b9c0aa66c5dcd205ccd777442057205be0374d2521b479a9fd201	reference/random_walk_v1__b=+05__l=4__r=3.lsg2	1ac9b6f169cdb78c5fbfa9c19af6eae1b981b5d0209fd478a6de7bfdcf0fcdbb	1842	16
lasagna2:m2.3:v1:random_walk_v1:b=+05:l=4:r=4	random_walk_v1	5	4	4	15770616688438620890	rw	2	512	cases/random_walk_v1__b=+05__l=4__r=4.f64le	2fcaf3cd902fcec93049c70beab7025b021993841a543b78922a37d4fea0db95	reference/random_walk_v1__b=+05__l=4__r=4.lsg2	712c123b7ebdfd4888f44e63abc6aa53a5a9c7db4fbe507a0210ce718fa8673b	1842	16
lasagna2:m2.3:v1:random_walk_v1:b=+06:l=0:r=0	random_walk_v1	6	0	0	2553764039892572342	rw	2	512	cases/random_walk_v1__b=+06__l=0__r=0.f64le	4e2ac15575b090ff60f9ab54e959a1bf7ec4dfb6e4f54bfb3b794eb25d189f0b	reference/random_walk_v1__b=+06__l=0__r=0.lsg2	e48c56a8b1e40b40aa949875757be50db80b8e0528551e327982bf7dda3ab396	930	4
lasagna2:m2.3:v1:random_walk_v1:b=+06:l=0:r=1	random_walk_v1	6	0	1	5257962925849951992	rw	2	512	cases/random_walk_v1__b=+06__l=0__r=1.f64le	d5e89c30aff2b9f62fb500cf4456115353f84ec594642aef77e5e956fc5c159d	reference/random_walk_v1__b=+06__l=0__r=1.lsg2	504472cb7301b1ea1a5b42474deb5c85225481b070fab7601e743d2b32ac8e5a	930	4
lasagna2:m2.3:v1:random_walk_v1:b=+06:l=0:r=2	random_walk_v1	6	0	2	1670359672821890325	rw	2	512	cases/random_walk_v1__b=+06__l=0__r=2.f64le	2a0a2b717ccbb9312a2d247a675a50b64e64fbde59a5885d3d98228815ec78f4	reference/random_walk_v1__b=+06__l=0__r=2.lsg2	98d98b400412782564abede0839d4e013e58fa04a6725d17841aa0e33a908a85	930	4
lasagna2:m2.3:v1:random_walk_v1:b=+06:l=0:r=3	random_walk_v1	6	0	3	9535257593684759041	rw	2	512	cases/random_walk_v1__b=+06__l=0__r=3.f64le	f3cd329dbe457a3b69d335230719b47297911a1f13ccf70e2a88d9c18d10879c	reference/random_walk_v1__b=+06__l=0__r=3.lsg2	25f66ef3f0ff20972e7b4319ad2788ba9a9be0b5fba0008748fb1f8555a03075	930	4
lasagna2:m2.3:v1:random_walk_v1:b=+06:l=0:r=4	random_walk_v1	6	0	4	2332337851066687485	rw	2	512	cases/random_walk_v1__b=+06__l=0__r=4.f64le	26bcd3b3ff9d2546eb741fa466138ea474fc8f3788a5d151d62680010a1ac7a3	reference/random_walk_v1__b=+06__l=0__r=4.lsg2	c7fc9eb02642d34cc4124806ac7fb4bdde0628912c3849269e976cec9642b90b	930	4
lasagna2:m2.3:v1:random_walk_v1:b=+06:l=1:r=0	random_walk_v1	6	1	0	5446217684544234755	rw	2	512	cases/random_walk_v1__b=+06__l=1__r=0.f64le	040af5afeac161d225fd4690832eea5e239b4ab3a25a30cbb7ed01eb4f58f310	reference/random_walk_v1__b=+06__l=1__r=0.lsg2	275a41d576d7f1bfca274f9b9faff769ee4306a59a85e714f48161cd01d3961a	1842	16
lasagna2:m2.3:v1:random_walk_v1:b=+06:l=1:r=1	random_walk_v1	6	1	1	3525173039293752239	rw	2	512	cases/random_walk_v1__b=+06__l=1__r=1.f64le	800b5296d7838e25bbb17c107611d7f7b6743ab8a5813aef13642054a78cdc6f	reference/random_walk_v1__b=+06__l=1__r=1.lsg2	17cfcb716ab499b8f1b6bf89bc4cd514c549afb7d02a2d18a816af9aff2593ad	1842	16
lasagna2:m2.3:v1:random_walk_v1:b=+06:l=1:r=2	random_walk_v1	6	1	2	15126524636178206244	rw	2	512	cases/random_walk_v1__b=+06__l=1__r=2.f64le	944d5f16351057fe0952cf94c5af96ee24f67233d88f3f45076a8c62f1018dcc	reference/random_walk_v1__b=+06__l=1__r=2.lsg2	1d68adaf480d00769bf3878ac20f42c588c523bc056c8a99209433a78e55af1c	1842	16
lasagna2:m2.3:v1:random_walk_v1:b=+06:l=1:r=3	random_walk_v1	6	1	3	14794375796620567742	rw	2	512	cases/random_walk_v1__b=+06__l=1__r=3.f64le	b149626bb4f31c3908892d86a1896f4638725586872abbc313a289db9d9c30f8	reference/random_walk_v1__b=+06__l=1__r=3.lsg2	38fd8312cca527af4fdf33e22bc0022407ff85a30e6373616124fc1d89bfc72e	1842	16
lasagna2:m2.3:v1:random_walk_v1:b=+06:l=1:r=4	random_walk_v1	6	1	4	2879471271003332106	rw	2	512	cases/random_walk_v1__b=+06__l=1__r=4.f64le	944c36a008bfdd07c565443d3fe432c18ab043ea02ea52e7eddb20ffd2ff88b9	reference/random_walk_v1__b=+06__l=1__r=4.lsg2	0fdcaed6581e95411c284d2eca12225d7c3693bcf6e7043982d612d7e8691e5c	1842	16
lasagna2:m2.3:v1:random_walk_v1:b=+06:l=2:r=0	random_walk_v1	6	2	0	16138877734949281704	rw	2	512	cases/random_walk_v1__b=+06__l=2__r=0.f64le	5faa2ffcc3dd0b614e75a304c8ae328f4a6222d6413989ad9e97586662af059d	reference/random_walk_v1__b=+06__l=2__r=0.lsg2	ec0e46166645b43e5b8d21ffb0c502c1d56eb2603fe5c6ef677c4c7a4b72d1c6	1842	16
lasagna2:m2.3:v1:random_walk_v1:b=+06:l=2:r=1	random_walk_v1	6	2	1	7788102073908109384	rw	2	512	cases/random_walk_v1__b=+06__l=2__r=1.f64le	72ab57f338d7c2385286177f635729062ad32eaa918c5438b19109f72e4597cd	reference/random_walk_v1__b=+06__l=2__r=1.lsg2	547784a6d093de24b24771738c309f30af6a9aad455a5a60daddad03c8aafc22	1842	16
lasagna2:m2.3:v1:random_walk_v1:b=+06:l=2:r=2	random_walk_v1	6	2	2	10973690779561206425	rw	2	512	cases/random_walk_v1__b=+06__l=2__r=2.f64le	8ee46f7e95b300dd02038adb0240acab4d904d28d63c968494d231ed2974f299	reference/random_walk_v1__b=+06__l=2__r=2.lsg2	0cce6985f089a4f4ac86123b43fcd862d1560ad214ed2c91762df6f5e52f8197	1842	16
lasagna2:m2.3:v1:random_walk_v1:b=+06:l=2:r=3	random_walk_v1	6	2	3	14693258243916849763	rw	2	512	cases/random_walk_v1__b=+06__l=2__r=3.f64le	a96c3160d6b8f66823e24194d4ed8f794a8dbdedc8a863387229e9223259ee86	reference/random_walk_v1__b=+06__l=2__r=3.lsg2	a2dec0bc7b9e25588ae17e22b0356c3647a56bbe75903184c3ed3b9677bf6365	1842	16
lasagna2:m2.3:v1:random_walk_v1:b=+06:l=2:r=4	random_walk_v1	6	2	4	12768136168873591536	rw	2	512	cases/random_walk_v1__b=+06__l=2__r=4.f64le	142b0059d0a127c4737a50ba700a47c57413586c1cd0fdf9b51c90fbe9fd5747	reference/random_walk_v1__b=+06__l=2__r=4.lsg2	e2fb7e96ba57258349faa55928a150a4e1b6caded3b2fef7ed5be86ceec912c9	1842	16
lasagna2:m2.3:v1:random_walk_v1:b=+06:l=3:r=0	random_walk_v1	6	3	0	14624671267860545505	rw	2	512	cases/random_walk_v1__b=+06__l=3__r=0.f64le	218ba5983468326f64bd7c223f3b150b35e4fded13093585e0e435e8f2fee68a	reference/random_walk_v1__b=+06__l=3__r=0.lsg2	e643989ab2b0755510fe4fe7509a6b7a711decfa31f135da4b79a0c082d8307d	1842	16
lasagna2:m2.3:v1:random_walk_v1:b=+06:l=3:r=1	random_walk_v1	6	3	1	4936672479945978850	rw	2	512	cases/random_walk_v1__b=+06__l=3__r=1.f64le	cac54c07c5983b08616bec8a99e8567f91d5d673c7a308d9f7408090f4bd242e	reference/random_walk_v1__b=+06__l=3__r=1.lsg2	1169ceed3f4ee5864bfc485697e8b9590d630b55a7abea5ff580e7b0300c9d7b	1842	16
lasagna2:m2.3:v1:random_walk_v1:b=+06:l=3:r=2	random_walk_v1	6	3	2	16494132234768015733	rw	2	512	cases/random_walk_v1__b=+06__l=3__r=2.f64le	5b49edb654c45e65233d863af276c89e5eec3b8ab2064439726f98c4e11b3959	reference/random_walk_v1__b=+06__l=3__r=2.lsg2	535d4d7ce9859bac95da13e46648cc874cb98e05dc93ca2c6085959019ca8089	1842	16
lasagna2:m2.3:v1:random_walk_v1:b=+06:l=3:r=3	random_walk_v1	6	3	3	942860224643247139	rw	2	512	cases/random_walk_v1__b=+06__l=3__r=3.f64le	357204ff520475f3aaeb71ed04e1868c3e9820c5d64b57143066bbe95e237dd1	reference/random_walk_v1__b=+06__l=3__r=3.lsg2	a87af8f01e53d185c525e8d6a4867b33971841a35de5a3135b329ba183455f5d	1842	16
lasagna2:m2.3:v1:random_walk_v1:b=+06:l=3:r=4	random_walk_v1	6	3	4	2327707350937532619	rw	2	512	cases/random_walk_v1__b=+06__l=3__r=4.f64le	a5ed15b1b1cff29a94db5194e55f121e2f6d53d7991c2901fcd32aac0c386d60	reference/random_walk_v1__b=+06__l=3__r=4.lsg2	31c488d98ec5171c1023dc49f22453d84519ac38e14069410f4c65390b39d4de	1842	16
lasagna2:m2.3:v1:random_walk_v1:b=+06:l=4:r=0	random_walk_v1	6	4	0	6234402995739835889	rw	2	512	cases/random_walk_v1__b=+06__l=4__r=0.f64le	a62e2bb1e06166801ef3cc8d8e079a7a84cc55c4c682b64ab25df584f8b8e386	reference/random_walk_v1__b=+06__l=4__r=0.lsg2	c5854336df37d930187e519a0a1bec0b1d3fa662becd5407c1113a11c53ef5b0	1842	16
lasagna2:m2.3:v1:random_walk_v1:b=+06:l=4:r=1	random_walk_v1	6	4	1	3091708389266577623	rw	2	512	cases/random_walk_v1__b=+06__l=4__r=1.f64le	926a976347b26bdbf2d0e4efe159a45554f7b9a70136a9e5356e1b1a1992c12e	reference/random_walk_v1__b=+06__l=4__r=1.lsg2	69f4842d4f12b2cc75be9dbf93bc3fb0461d72667f45987ec9e61347e10a530f	1842	16
lasagna2:m2.3:v1:random_walk_v1:b=+06:l=4:r=2	random_walk_v1	6	4	2	5325654242718669969	rw	2	512	cases/random_walk_v1__b=+06__l=4__r=2.f64le	38b23828bc01b2bc179d682a3bf35ea5a80e826bb9cee6d13c6dd0e2bed606bd	reference/random_walk_v1__b=+06__l=4__r=2.lsg2	fa96b0622fd8d1fd06630fb491309811c53bd8489a043b3425cf3e3da72329d7	1842	16
lasagna2:m2.3:v1:random_walk_v1:b=+06:l=4:r=3	random_walk_v1	6	4	3	25056841589541170	rw	2	512	cases/random_walk_v1__b=+06__l=4__r=3.f64le	771b00a34e030bbab311076a3dc0a551d1a3f123f61d91e61a903de9b415213c	reference/random_walk_v1__b=+06__l=4__r=3.lsg2	775a2c77071321c46d0ba4f408f70ec04e2e752f9d7f4d58cdf06c58248b5825	1842	16
lasagna2:m2.3:v1:random_walk_v1:b=+06:l=4:r=4	random_walk_v1	6	4	4	3675499909191238632	rw	2	512	cases/random_walk_v1__b=+06__l=4__r=4.f64le	9fe4bc7ccb57d3ffa26c5eeb5ffe31297d6727829d0367189bb229771e1120cc	reference/random_walk_v1__b=+06__l=4__r=4.lsg2	3f2aa7ee124c255b48e6b52b7a3e8c6d84bb5ca8feb89e30a315367babc5f0d9	1842	16
lasagna2:m2.3:v1:random_walk_v1:b=+07:l=0:r=0	random_walk_v1	7	0	0	4453041613344363158	rw	2	512	cases/random_walk_v1__b=+07__l=0__r=0.f64le	044c2bf0d8a183eb6fb799745a15cb08382a83e601be42da66c1a32cdbe99d48	reference/random_walk_v1__b=+07__l=0__r=0.lsg2	8c8cd6ea6c0b52767605ad98e37bf5ed06b096690b0bcab9af0777f73c99a1d6	1842	16
lasagna2:m2.3:v1:random_walk_v1:b=+07:l=0:r=1	random_walk_v1	7	0	1	11145035145024362203	rw	2	512	cases/random_walk_v1__b=+07__l=0__r=1.f64le	1d7fa94f2f94bfd2197fea4f0fb0c10450f7dd0c7560f0670ab8fd8f460c1259	reference/random_walk_v1__b=+07__l=0__r=1.lsg2	15d879ed783b662300556766c73c2223fdb64ee35b787af2e7ab4ce58c62da72	1842	16
lasagna2:m2.3:v1:random_walk_v1:b=+07:l=0:r=2	random_walk_v1	7	0	2	2130352720032061355	rw	2	512	cases/random_walk_v1__b=+07__l=0__r=2.f64le	6883b8108e85073c94cb44f4e2282bd086bfde18b02e2e7faeaa79a356a2285f	reference/random_walk_v1__b=+07__l=0__r=2.lsg2	38ea4f2c7e2ac44f5828311aa5e7a8a78fad05385dd4c8c9dc3a799b2c7f6694	1842	16
lasagna2:m2.3:v1:random_walk_v1:b=+07:l=0:r=3	random_walk_v1	7	0	3	17136489183130366677	rw	2	512	cases/random_walk_v1__b=+07__l=0__r=3.f64le	412b67dba84404ab3cb9324113d6fe16ca2a12f1a24cde9db1d2d4478e005a00	reference/random_walk_v1__b=+07__l=0__r=3.lsg2	dd2db00ca56fc6b590be6c4c8eaa8b496a5a0fe68d406225e909ac6788f575ef	1842	16
lasagna2:m2.3:v1:random_walk_v1:b=+07:l=0:r=4	random_walk_v1	7	0	4	14230628271785432524	rw	2	512	cases/random_walk_v1__b=+07__l=0__r=4.f64le	c7e219b1085f9129b5e07567dd14c5f5d6ff20c625999b8270d4d85174c54949	reference/random_walk_v1__b=+07__l=0__r=4.lsg2	78b5b700776719b8810036abeda2ac58ad8061133d547f2e084146d966d4c7c9	1842	16
lasagna2:m2.3:v1:random_walk_v1:b=+07:l=1:r=0	random_walk_v1	7	1	0	343876663463609753	rw	2	512	cases/random_walk_v1__b=+07__l=1__r=0.f64le	9b859ffedb7a2964d2d139481e4f3b2a8ae1fb4f961330849993b66228e9d768	reference/random_walk_v1__b=+07__l=1__r=0.lsg2	969faccc5a82d07eef5e24e44365a8746b185f8e94c2345f391720596e9f6d3d	1842	16
lasagna2:m2.3:v1:random_walk_v1:b=+07:l=1:r=1	random_walk_v1	7	1	1	13961218946307612660	rw	2	512	cases/random_walk_v1__b=+07__l=1__r=1.f64le	34dbd138122e2505d8edcac9333a937813476fa67dcd24fa39c7e0017d3e0163	reference/random_walk_v1__b=+07__l=1__r=1.lsg2	c1c26565147947798693a7150023dbe18a35771b292c98051054ba86237001e9	1842	16
lasagna2:m2.3:v1:random_walk_v1:b=+07:l=1:r=2	random_walk_v1	7	1	2	12671355536466479962	rw	2	512	cases/random_walk_v1__b=+07__l=1__r=2.f64le	0f3ce2731aacf2b957a762abaef8314d8e58a6a8b8e78a40ed687a165b756fe7	reference/random_walk_v1__b=+07__l=1__r=2.lsg2	3da72d9d36ec8c9f57fc5da225f9dc1331480898065321325e8374efd7cc1b6a	1842	16
lasagna2:m2.3:v1:random_walk_v1:b=+07:l=1:r=3	random_walk_v1	7	1	3	12339914342503425167	rw	2	512	cases/random_walk_v1__b=+07__l=1__r=3.f64le	d7d2df4875ab5cc3e677dec265403677eeb1b4ab6482b5da0b74f41efde47e3a	reference/random_walk_v1__b=+07__l=1__r=3.lsg2	14dbfffd76034346a48485009a4a0c6475663041ee3f8746f317f912678d055e	1842	16
lasagna2:m2.3:v1:random_walk_v1:b=+07:l=1:r=4	random_walk_v1	7	1	4	10056413235469356446	rw	2	512	cases/random_walk_v1__b=+07__l=1__r=4.f64le	48d33e868e515adea138aef98ae9e513e00bf758f0fea2fd876d214ee1e1f688	reference/random_walk_v1__b=+07__l=1__r=4.lsg2	fef5af193b44ed3a6634d601c06ae79e171713cc0fd2a0d8a109e1efed3b50e9	1842	16
lasagna2:m2.3:v1:random_walk_v1:b=+07:l=2:r=0	random_walk_v1	7	2	0	10006312769582916005	rw	2	512	cases/random_walk_v1__b=+07__l=2__r=0.f64le	c1f838874af383cd5d8c58b1c34872885b0ef9b9bfbd994cb89c274f188346eb	reference/random_walk_v1__b=+07__l=2__r=0.lsg2	db775a5fd221bc1a431984df3d51de6df5b589e796a2a7b45456c9daa77ec664	1842	16
lasagna2:m2.3:v1:random_walk_v1:b=+07:l=2:r=1	random_walk_v1	7	2	1	6949300047842670253	rw	2	512	cases/random_walk_v1__b=+07__l=2__r=1.f64le	be3d88b09ad0c4ff54a8f7e9b8686fba72d4a88df77aefd6ea42e01d85c742f7	reference/random_walk_v1__b=+07__l=2__r=1.lsg2	37753664222d2d18cd9b514a3f473e0a672fea6efb3ed88b51d8c2be2f14f51b	1842	16
lasagna2:m2.3:v1:random_walk_v1:b=+07:l=2:r=2	random_walk_v1	7	2	2	3531300126462139395	rw	2	512	cases/random_walk_v1__b=+07__l=2__r=2.f64le	674e2d560ae9e94d2dbfc7f89fa4ec4c267a9903630c150b72904a63e519ad3b	reference/random_walk_v1__b=+07__l=2__r=2.lsg2	343fb679e1ccd92863e1eaa1020afc8dfa94a8d370ded5b0c5c948016effc5de	1842	16
lasagna2:m2.3:v1:random_walk_v1:b=+07:l=2:r=3	random_walk_v1	7	2	3	9327499635448714088	rw	2	512	cases/random_walk_v1__b=+07__l=2__r=3.f64le	75fc8b4b2809f224a0155759f049721d91b1cb10b14a06ed24c7b215686b688e	reference/random_walk_v1__b=+07__l=2__r=3.lsg2	f7407f7f4befe56b428e5f27ccd2e5e0105caa9d9bf57445b51d7831866c2313	1842	16
lasagna2:m2.3:v1:random_walk_v1:b=+07:l=2:r=4	random_walk_v1	7	2	4	11683840218101059086	rw	2	512	cases/random_walk_v1__b=+07__l=2__r=4.f64le	b4dc59f3641df4a3e3969ea72d56645edae81e3b1d68a389a357092dbd188585	reference/random_walk_v1__b=+07__l=2__r=4.lsg2	ddd168e8e227e7526ea9f5024ee6271c85df392690a10a36a83f07cabfe80ac9	1842	16
lasagna2:m2.3:v1:random_walk_v1:b=+07:l=3:r=0	random_walk_v1	7	3	0	6121727447128619921	rw	2	512	cases/random_walk_v1__b=+07__l=3__r=0.f64le	205cca0752198998f29e6f497fa0fe7783e7b2c41c9375901e35a1ff626a231c	reference/random_walk_v1__b=+07__l=3__r=0.lsg2	a4f5130df129dcf2273b5c43ab79a96f76bba02d7b528009978dfe68312f721c	1842	16
lasagna2:m2.3:v1:random_walk_v1:b=+07:l=3:r=1	random_walk_v1	7	3	1	14376444135581113922	rw	2	512	cases/random_walk_v1__b=+07__l=3__r=1.f64le	e96cc1fdc1b98ceaac4bd7a94dc393382ca4507a8f4aef567e979f2ec4f3b31e	reference/random_walk_v1__b=+07__l=3__r=1.lsg2	7d38e5ec916f50b3f8dd2f220fe125bf22d93592f6c664e6f11f7975481b2276	1842	16
lasagna2:m2.3:v1:random_walk_v1:b=+07:l=3:r=2	random_walk_v1	7	3	2	12627495726197999032	rw	2	512	cases/random_walk_v1__b=+07__l=3__r=2.f64le	8b0d2e4bcbc948d704f52cf4200b56503812386d372045996157517b2cb264db	reference/random_walk_v1__b=+07__l=3__r=2.lsg2	c92bd92010f1aa0e2722b3a6e86766f6e013b3cc523a940d3ef6c09c13b9231f	1842	16
lasagna2:m2.3:v1:random_walk_v1:b=+07:l=3:r=3	random_walk_v1	7	3	3	9832184034034478076	rw	2	512	cases/random_walk_v1__b=+07__l=3__r=3.f64le	aeed574b20b3a64e71cd08c9df13139970613f76893b2bb09f69547964a34ac5	reference/random_walk_v1__b=+07__l=3__r=3.lsg2	1e0cf16e38e298fd57369ba47d10dea48dfb18fd751772d9fbcab8889e8dc6d3	1842	16
lasagna2:m2.3:v1:random_walk_v1:b=+07:l=3:r=4	random_walk_v1	7	3	4	16916588558961769838	rw	2	512	cases/random_walk_v1__b=+07__l=3__r=4.f64le	678cc6e9e677512c0a55a9047a19035b3e01e2ab6cac9adc8f0736cffd08ba83	reference/random_walk_v1__b=+07__l=3__r=4.lsg2	4ea1fbf5d0b0ba869bbac09ca93790b1bf4b37ffd200a3a93206b0409582c208	1842	16
lasagna2:m2.3:v1:random_walk_v1:b=+07:l=4:r=0	random_walk_v1	7	4	0	13562984127288114925	rw	2	512	cases/random_walk_v1__b=+07__l=4__r=0.f64le	134d3aa6604452a7442992669684ad3bae046269d7c19f4bcaac11cdbc554d9c	reference/random_walk_v1__b=+07__l=4__r=0.lsg2	a6a2d9bac30f92cfec83d25250375e7d68944cc0380cabcd2c067d5c870d96c1	1842	16
lasagna2:m2.3:v1:random_walk_v1:b=+07:l=4:r=1	random_walk_v1	7	4	1	12858114767118101699	rw	2	512	cases/random_walk_v1__b=+07__l=4__r=1.f64le	f1ea83ceedb33738d43d78fbe56d0f1cb82607d4404d0aceb6d3bfe0c88428b2	reference/random_walk_v1__b=+07__l=4__r=1.lsg2	d4fa2f02a309668878c7f6af0323aac9e32618ca52652e0b201fee2fa6609990	1842	16
lasagna2:m2.3:v1:random_walk_v1:b=+07:l=4:r=2	random_walk_v1	7	4	2	2284048668854899574	rw	2	512	cases/random_walk_v1__b=+07__l=4__r=2.f64le	18e0c9549bde032e75a5c9122735a912daf0fbb9bb22ce3eff8244ae22cf0ff7	reference/random_walk_v1__b=+07__l=4__r=2.lsg2	09c9610aff5c93ae20fd728880f06033d2f7f32858f1124f0d65b5409e473d15	1842	16
lasagna2:m2.3:v1:random_walk_v1:b=+07:l=4:r=3	random_walk_v1	7	4	3	9716351868756109918	rw	2	512	cases/random_walk_v1__b=+07__l=4__r=3.f64le	87f75f5269efdb20026de7a81dcc2d90379e689c947df86f65205c13fde2e36b	reference/random_walk_v1__b=+07__l=4__r=3.lsg2	e2e49f76184630ccfeacb9c85a156f130fbf21a2535425fbd5476e175423eab7	1842	16
lasagna2:m2.3:v1:random_walk_v1:b=+07:l=4:r=4	random_walk_v1	7	4	4	2068587477266792780	rw	2	512	cases/random_walk_v1__b=+07__l=4__r=4.f64le	0931cb67d6992bcab17f577c3e6c6a05938da2c5b4dcce0664ccfa499b870f0c	reference/random_walk_v1__b=+07__l=4__r=4.lsg2	40f49256ed45c29b9be40a547882b80737630e99fb6cb1424b695c83bf385067	1842	16
lasagna2:m2.3:v1:random_walk_v1:b=+08:l=0:r=0	random_walk_v1	8	0	0	512054886770030663	rw	2	512	cases/random_walk_v1__b=+08__l=0__r=0.f64le	d8566e51523c3ac7f172a8351ad42b59dd231814d84b7894a7fbe2f7b10cc039	reference/random_walk_v1__b=+08__l=0__r=0.lsg2	24f33fdabbe2e166f2c039b417065181cb1efcce699715ca156c16d8b32c85aa	1842	16
lasagna2:m2.3:v1:random_walk_v1:b=+08:l=0:r=1	random_walk_v1	8	0	1	1224130997443842777	rw	2	512	cases/random_walk_v1__b=+08__l=0__r=1.f64le	9bef48f45e3a2ceec276c1b80315c02efce4b145a9c5484aa678f9f779274656	reference/random_walk_v1__b=+08__l=0__r=1.lsg2	0a59b93a9056a6cbbe01e276a926f43b7d41d39ddf775293cc21072e3a3d4492	1842	16
lasagna2:m2.3:v1:random_walk_v1:b=+08:l=0:r=2	random_walk_v1	8	0	2	5732541671964502370	rw	2	512	cases/random_walk_v1__b=+08__l=0__r=2.f64le	e409b2890e48c030f22ddf3fd749a049a80603130eda3563383b42fc6c845af2	reference/random_walk_v1__b=+08__l=0__r=2.lsg2	7be6955a66e93580cc75f9771d62ccc5675e36b29de11581af342292c4f7415f	1842	16
lasagna2:m2.3:v1:random_walk_v1:b=+08:l=0:r=3	random_walk_v1	8	0	3	17431775227749314580	rw	2	512	cases/random_walk_v1__b=+08__l=0__r=3.f64le	80106cec94a7d1a1c32f86f42d9ea474035aae13fbe4b14fde5a4942b491007f	reference/random_walk_v1__b=+08__l=0__r=3.lsg2	80df574337e76f9e2f721b5b9c83fa6e83f1f9bde6d99d96d456d55950c80405	1842	16
lasagna2:m2.3:v1:random_walk_v1:b=+08:l=0:r=4	random_walk_v1	8	0	4	13818546524450667514	rw	2	512	cases/random_walk_v1__b=+08__l=0__r=4.f64le	1383bbc27cae6cf5b36b08a6b05efb73511b21f7d2cc72368c7851477a9480c5	reference/random_walk_v1__b=+08__l=0__r=4.lsg2	a70f3ae2f3973f9d7cb0e0907fc6f7789f0252f1f968c14dff51a87f26a40cdd	1842	16
lasagna2:m2.3:v1:random_walk_v1:b=+08:l=1:r=0	random_walk_v1	8	1	0	11425045395206155627	rw	2	512	cases/random_walk_v1__b=+08__l=1__r=0.f64le	91888b0a20dc36970c0577a81bb40cf17f906f5c7b71ef26970da316c390e985	reference/random_walk_v1__b=+08__l=1__r=0.lsg2	1e415a7daee142fc1a6dff32eb117eaebd4b9e724778f1b4566ce63af4826cd6	1842	16
lasagna2:m2.3:v1:random_walk_v1:b=+08:l=1:r=1	random_walk_v1	8	1	1	13179889303562378583	rw	2	512	cases/random_walk_v1__b=+08__l=1__r=1.f64le	c32bbaba5b632e36db14663c8fc61c429255da537b75e5056d85028cc47fa6c7	reference/random_walk_v1__b=+08__l=1__r=1.lsg2	ed3d6f3f585e358537d8e56b1cde4802607b52d925816624d8286437920ffcd5	1842	16
lasagna2:m2.3:v1:random_walk_v1:b=+08:l=1:r=2	random_walk_v1	8	1	2	7820084385867618762	rw	2	512	cases/random_walk_v1__b=+08__l=1__r=2.f64le	9059698aacb1d4d50031d7c34db7100abca14ce43edd40eb981c71e2c7fc81f5	reference/random_walk_v1__b=+08__l=1__r=2.lsg2	a6737854beb7b19de0b8393ee3435bb291f546028072d73490d6e4e9ec62b2bd	1842	16
lasagna2:m2.3:v1:random_walk_v1:b=+08:l=1:r=3	random_walk_v1	8	1	3	3773124274953304558	rw	2	512	cases/random_walk_v1__b=+08__l=1__r=3.f64le	9610a628a3a97942787ba804dd1cffe4ea1cfa50eacd565124ed21b3ce5da537	reference/random_walk_v1__b=+08__l=1__r=3.lsg2	c6d3ef4403762d9cc83f6e4e0305409011f7b7c5baaa67268c3413cfedee1e47	1842	16
lasagna2:m2.3:v1:random_walk_v1:b=+08:l=1:r=4	random_walk_v1	8	1	4	4026238347897023743	rw	2	512	cases/random_walk_v1__b=+08__l=1__r=4.f64le	3d9c2169ec124b1a7be78895c97ee22c093eecbbb027acb3a52078a146cd050a	reference/random_walk_v1__b=+08__l=1__r=4.lsg2	2a5fa270db449dd925e5e1958bd24b03a992f728219fde05a22a5dee1a75b8cd	1842	16
lasagna2:m2.3:v1:random_walk_v1:b=+08:l=2:r=0	random_walk_v1	8	2	0	13618104538750155617	rw	2	512	cases/random_walk_v1__b=+08__l=2__r=0.f64le	05ea39917206ca9dc551a6d97accf7acd9143019629b935ff5e3e8906bfa29d8	reference/random_walk_v1__b=+08__l=2__r=0.lsg2	a65c7996352def785aaec074269b481bf563a2523ed2f47f1081a92fa59bddf1	1842	16
lasagna2:m2.3:v1:random_walk_v1:b=+08:l=2:r=1	random_walk_v1	8	2	1	17290663324855557107	rw	2	512	cases/random_walk_v1__b=+08__l=2__r=1.f64le	1d2d5b6a5bf98358e63786535ddcb91ccc3b5041f3cdd08d5851e69383aeed46	reference/random_walk_v1__b=+08__l=2__r=1.lsg2	a08f5ad3e56609467d510e9051b903a39c1849778042f37a4abcc48432ad7be4	1842	16
lasagna2:m2.3:v1:random_walk_v1:b=+08:l=2:r=2	random_walk_v1	8	2	2	7197447213150305807	rw	2	512	cases/random_walk_v1__b=+08__l=2__r=2.f64le	cd04a217bf4a50c01f7523d79240831ff4cf43b00b4a1b6f9f0e6f7dd71ceff9	reference/random_walk_v1__b=+08__l=2__r=2.lsg2	075f6715ff3a4425136e3a962244ad7190deb8c4f2e3b01c7ea1cd6d78172e8d	1842	16
lasagna2:m2.3:v1:random_walk_v1:b=+08:l=2:r=3	random_walk_v1	8	2	3	10386859452882486775	rw	2	512	cases/random_walk_v1__b=+08__l=2__r=3.f64le	ba8bec611e98b2d91a0c2c4940cc273bbd2948dbdb9b0193ab06cdf95cbb332f	reference/random_walk_v1__b=+08__l=2__r=3.lsg2	4091e7b8900931508753aaf0c4747c4723bf08bed09a3466b51b18e8dd24b532	1842	16
lasagna2:m2.3:v1:random_walk_v1:b=+08:l=2:r=4	random_walk_v1	8	2	4	2537860624801241819	rw	2	512	cases/random_walk_v1__b=+08__l=2__r=4.f64le	85a0c4242b8bbd011fe1592626ba3d1695403e8415aaec22d3eec7a7bc78c9a4	reference/random_walk_v1__b=+08__l=2__r=4.lsg2	9498617a764549396e967462cc415bece9b085a2313ba4453cc1812781926701	1842	16
lasagna2:m2.3:v1:random_walk_v1:b=+08:l=3:r=0	random_walk_v1	8	3	0	16038178011008386530	rw	2	512	cases/random_walk_v1__b=+08__l=3__r=0.f64le	92e7c48e894ab0c33955af9402639dd2316161e9f24fbaecc58e7be6485a4e7f	reference/random_walk_v1__b=+08__l=3__r=0.lsg2	1d739a1706a2861f1d594dd0413bba4abeb7b67a54236033af4e581a21c95830	1842	16
lasagna2:m2.3:v1:random_walk_v1:b=+08:l=3:r=1	random_walk_v1	8	3	1	8888560901816612038	rw	2	512	cases/random_walk_v1__b=+08__l=3__r=1.f64le	3098d2e63bb00c4a7ea0e9589b333241a60c11ea76cbb05f2b7cf0bfadf8ac5f	reference/random_walk_v1__b=+08__l=3__r=1.lsg2	f6c8b7f68a2dda3a9ca228635e7c089e7a22deeff2e913e75a664e9d69a40cb1	1842	16
lasagna2:m2.3:v1:random_walk_v1:b=+08:l=3:r=2	random_walk_v1	8	3	2	2391945186031575202	rw	2	512	cases/random_walk_v1__b=+08__l=3__r=2.f64le	7bed8872a1698ca0319ed8a1bfc8d3993f8c06faa3e6fde8e12bfab0c904b3d5	reference/random_walk_v1__b=+08__l=3__r=2.lsg2	d8a51cb986289db67779e7094a95aa3809db9479450cb222a723b91142d16fa4	1842	16
lasagna2:m2.3:v1:random_walk_v1:b=+08:l=3:r=3	random_walk_v1	8	3	3	7650463509430032769	rw	2	512	cases/random_walk_v1__b=+08__l=3__r=3.f64le	8378b197e39b6799274647d8c7ac69832a1b37c236e8ff143ae799b85608532c	reference/random_walk_v1__b=+08__l=3__r=3.lsg2	88d4ec962720c466fa7c4f827027be3127db5545ba3a1be187c00c5d9999d364	1842	16
lasagna2:m2.3:v1:random_walk_v1:b=+08:l=3:r=4	random_walk_v1	8	3	4	5944472710981317886	rw	2	512	cases/random_walk_v1__b=+08__l=3__r=4.f64le	aec78c229b477778d599a2b2e1f111c59e98f48d3abef65ecaf19a80b8bc7178	reference/random_walk_v1__b=+08__l=3__r=4.lsg2	a2ab99a76d6973d8f98b8a98e48e8f422db88d499737514af29b1682e95ebf0e	1842	16
lasagna2:m2.3:v1:random_walk_v1:b=+08:l=4:r=0	random_walk_v1	8	4	0	4067484888266876898	rw	2	512	cases/random_walk_v1__b=+08__l=4__r=0.f64le	e6702cb8dc4161d48539ea7c00277908148207194a336d99be3319018f45c4e3	reference/random_walk_v1__b=+08__l=4__r=0.lsg2	e2308ee4fa4807e55e4934b49651a7e99f2dbe40bc0fc88630ae48a9396ef007	1842	16
lasagna2:m2.3:v1:random_walk_v1:b=+08:l=4:r=1	random_walk_v1	8	4	1	15039141996109123386	rw	2	512	cases/random_walk_v1__b=+08__l=4__r=1.f64le	e4becf7730ec1c0bd6c5ee147dc1713396af6f496a1aabdeccccf7227f7ea460	reference/random_walk_v1__b=+08__l=4__r=1.lsg2	d2bd2d98d24dbf6d3136c5a8b3c224f70e664bd0c980f23fefbfedb043d2a155	1842	16
lasagna2:m2.3:v1:random_walk_v1:b=+08:l=4:r=2	random_walk_v1	8	4	2	7308969669864716640	rw	2	512	cases/random_walk_v1__b=+08__l=4__r=2.f64le	77f8dc075e561ad11241e3cfcd7803b902b5452291827553e2c82d1b75173b60	reference/random_walk_v1__b=+08__l=4__r=2.lsg2	c61656112ba91c70ffcaed6137d8d65ce3bdba6df831bbf49d99c4748f19f6db	1842	16
lasagna2:m2.3:v1:random_walk_v1:b=+08:l=4:r=3	random_walk_v1	8	4	3	9252135203928526136	rw	2	512	cases/random_walk_v1__b=+08__l=4__r=3.f64le	58104fd5fd63d1a1cf7312ea3bfca378f60133fbc3aab552ab670c5091df7c18	reference/random_walk_v1__b=+08__l=4__r=3.lsg2	f70534ec565b72bb8865f912c799fc805158991da7d5107ae1e18b6bcd67e931	1842	16
lasagna2:m2.3:v1:random_walk_v1:b=+08:l=4:r=4	random_walk_v1	8	4	4	1782339388432998111	rw	2	512	cases/random_walk_v1__b=+08__l=4__r=4.f64le	fe9d075c48c40ab07bc5275f5f2512d9b470076509f003abe2e567609e577eeb	reference/random_walk_v1__b=+08__l=4__r=4.lsg2	30c51f7740749faca2529babe9c268e5555ab8635ddae90d690c3e25daf33600	1842	16
lasagna2:m2.3:v1:random_walk_v1:b=+09:l=0:r=0	random_walk_v1	9	0	0	1320725542250959181	rw	2	512	cases/random_walk_v1__b=+09__l=0__r=0.f64le	7b00c5fe73af4e153ffc11263927a9eb20b617c6a3ea6dee74eeb33c0ebfa80a	reference/random_walk_v1__b=+09__l=0__r=0.lsg2	1b0399a9a18a05bc51e842fd0ba2d9834a2deddd6d7719f79fc5bb0f6c5e2608	1842	16
lasagna2:m2.3:v1:random_walk_v1:b=+09:l=0:r=1	random_walk_v1	9	0	1	12496190220501420651	rw	2	512	cases/random_walk_v1__b=+09__l=0__r=1.f64le	d2945cedb1be5388493ce5405ff521a1ca2c6a1ccc216d80cf30073983198a34	reference/random_walk_v1__b=+09__l=0__r=1.lsg2	bed29b110bb4858fed82eee35323dabc632f9bb0c38e904f52a83eecba94483b	1842	16
lasagna2:m2.3:v1:random_walk_v1:b=+09:l=0:r=2	random_walk_v1	9	0	2	10768538527478875395	rw	2	512	cases/random_walk_v1__b=+09__l=0__r=2.f64le	492feed7ad944d22dcdb4869ef34600231b35702f42a60b19b850e2c6c06fe97	reference/random_walk_v1__b=+09__l=0__r=2.lsg2	0ee01e17aa8ada67ab6c2a55c2476de4c7cfdc4c77950063d287f3412edce784	1842	16
lasagna2:m2.3:v1:random_walk_v1:b=+09:l=0:r=3	random_walk_v1	9	0	3	12732628595878245135	rw	2	512	cases/random_walk_v1__b=+09__l=0__r=3.f64le	6ad80e00ab18110a392fdfaf4ff9ebee0e125bb26f55c40f8410c576c8e42a98	reference/random_walk_v1__b=+09__l=0__r=3.lsg2	a624698cd0d9f0be0ed512dc413a8d8f187e69f1aeed56194d0c638451f6aaf6	1842	16
lasagna2:m2.3:v1:random_walk_v1:b=+09:l=0:r=4	random_walk_v1	9	0	4	5524825624569367665	rw	2	512	cases/random_walk_v1__b=+09__l=0__r=4.f64le	ebc4788c86d876e978260f4a2e75e45605c72a185fef36fceafb96e16225da3b	reference/random_walk_v1__b=+09__l=0__r=4.lsg2	9fcecebdb3c450fb3c1f49028f64e69ee2af49fe0ec504854e7dd8b3e4d2629f	1842	16
lasagna2:m2.3:v1:random_walk_v1:b=+09:l=1:r=0	random_walk_v1	9	1	0	15854840575758310521	rw	2	512	cases/random_walk_v1__b=+09__l=1__r=0.f64le	bfcd17a5424421896f5ecc4f09f08200e28575574bc4ad05e797b0b57b049526	reference/random_walk_v1__b=+09__l=1__r=0.lsg2	d2dca08dcd68c606ca1b0d01ac4a4a77963db4b809524f9f27efb06d09788451	1842	16
lasagna2:m2.3:v1:random_walk_v1:b=+09:l=1:r=1	random_walk_v1	9	1	1	2012194534679991919	rw	2	512	cases/random_walk_v1__b=+09__l=1__r=1.f64le	6d62f2d4621a3148f55435d3261ac36b3e2aaaf6301d2b85e8216ce2bbb039b5	reference/random_walk_v1__b=+09__l=1__r=1.lsg2	e6349e01099dab7d8934b2c4ce919b70527a0574d55b0ff6eac232c263aa8140	1842	16
lasagna2:m2.3:v1:random_walk_v1:b=+09:l=1:r=2	random_walk_v1	9	1	2	9347189776362531465	rw	2	512	cases/random_walk_v1__b=+09__l=1__r=2.f64le	b0a90d84004dbe948c5ab79456e376a43621e5bffc0f913f535114180b4efc85	reference/random_walk_v1__b=+09__l=1__r=2.lsg2	98d45074a6762a5d47041b491f3478dc8235d2095a281be0bb3b21748c0a26ab	1842	16
lasagna2:m2.3:v1:random_walk_v1:b=+09:l=1:r=3	random_walk_v1	9	1	3	9218925335371013900	rw	2	512	cases/random_walk_v1__b=+09__l=1__r=3.f64le	b7287a911d586ec5745b7219a160960d84bddcce194e9e577bd12dbaa191cb64	reference/random_walk_v1__b=+09__l=1__r=3.lsg2	f0a963eeea2809acd55dd060ea8119f02731af9daef12f22bb9c6c44427b98c3	1842	16
lasagna2:m2.3:v1:random_walk_v1:b=+09:l=1:r=4	random_walk_v1	9	1	4	14406172695273170083	rw	2	512	cases/random_walk_v1__b=+09__l=1__r=4.f64le	fff1459db0e0a37bc5ba09593f88cd83cbf651157465708a9f2257fbb54600e0	reference/random_walk_v1__b=+09__l=1__r=4.lsg2	15eb70228d89e99365dcab7e3dc7cb7870c5a256ecec8d60cfc196335f7ab52f	1842	16
lasagna2:m2.3:v1:random_walk_v1:b=+09:l=2:r=0	random_walk_v1	9	2	0	18122710255997250610	rw	2	512	cases/random_walk_v1__b=+09__l=2__r=0.f64le	2d1b7f18fb157ff9c05682519a7fd809baf335338c83e09c1e809d1e20f67607	reference/random_walk_v1__b=+09__l=2__r=0.lsg2	102f0ffb7f7e19ef4c77422921b7f5e55a3a7f4aed40ba7feb3cf83c15397fbd	1842	16
lasagna2:m2.3:v1:random_walk_v1:b=+09:l=2:r=1	random_walk_v1	9	2	1	8470673650607520717	rw	2	512	cases/random_walk_v1__b=+09__l=2__r=1.f64le	90c2d4cce6d860fb80bc94f2de473382b7d6464a128880b5bd1199356d4032dc	reference/random_walk_v1__b=+09__l=2__r=1.lsg2	24c52340c915b64f781313bb9d7a2d39d2e9a7a73e99454df19415d157f80eca	1842	16
lasagna2:m2.3:v1:random_walk_v1:b=+09:l=2:r=2	random_walk_v1	9	2	2	1845015676578702762	rw	2	512	cases/random_walk_v1__b=+09__l=2__r=2.f64le	47292531dcafe78003cedb176e9f6d5bdc9a2cbe53329506db6785994452f68a	reference/random_walk_v1__b=+09__l=2__r=2.lsg2	fac9edf55d495b5724a6a03749439ba31793f199ffc2a7758ad321d29d68f1eb	1842	16
lasagna2:m2.3:v1:random_walk_v1:b=+09:l=2:r=3	random_walk_v1	9	2	3	8398240764596528028	rw	2	512	cases/random_walk_v1__b=+09__l=2__r=3.f64le	617271c70c08cd14dd4e2c488dcc22ed303f63579fbd4432dea61102f38cfda7	reference/random_walk_v1__b=+09__l=2__r=3.lsg2	675ba00d9159283941c1fbb991db7b9c30b4f5558e81810e312b60bbd951a28d	1842	16
lasagna2:m2.3:v1:random_walk_v1:b=+09:l=2:r=4	random_walk_v1	9	2	4	5563912564225596749	rw	2	512	cases/random_walk_v1__b=+09__l=2__r=4.f64le	caac17003778b77f858f2c352c59f2dc2315426440d070dd1d80df279bbc666f	reference/random_walk_v1__b=+09__l=2__r=4.lsg2	a9c319fb7b683242d1aea5e021f35d06c6df227b8616063d258d0cfbd9c06372	1842	16
lasagna2:m2.3:v1:random_walk_v1:b=+09:l=3:r=0	random_walk_v1	9	3	0	8457503431352506049	rw	2	512	cases/random_walk_v1__b=+09__l=3__r=0.f64le	154451206cf810157b28ddeb70c88da2d411d105cdf3c5921518fd64fc244921	reference/random_walk_v1__b=+09__l=3__r=0.lsg2	7775845fb9dc704f3d5073b8f33e4fe23de0110b1b76d4d3ef39d6ac3181ef47	1842	16
lasagna2:m2.3:v1:random_walk_v1:b=+09:l=3:r=1	random_walk_v1	9	3	1	818379854060615088	rw	2	512	cases/random_walk_v1__b=+09__l=3__r=1.f64le	424f9aa27f1245bb99eed2accc5ee7617dc3b9b2bcdd33acfce62c3e70d3dea9	reference/random_walk_v1__b=+09__l=3__r=1.lsg2	8c752bfb00f743ec288e2e1c2ce4f4286920b286c0ad9d03b131d9cb13741158	1842	16
lasagna2:m2.3:v1:random_walk_v1:b=+09:l=3:r=2	random_walk_v1	9	3	2	12703182225004625299	rw	2	512	cases/random_walk_v1__b=+09__l=3__r=2.f64le	7f8f0f41813e7ffec7e81b4af8f406349c371c3764f030e512777560ced58cf6	reference/random_walk_v1__b=+09__l=3__r=2.lsg2	2b205de7a3ca8de875dcb7068ac29d8e14dc4ab799e84e310990e0acd86804cf	1842	16
lasagna2:m2.3:v1:random_walk_v1:b=+09:l=3:r=3	random_walk_v1	9	3	3	9994583488593381925	rw	2	512	cases/random_walk_v1__b=+09__l=3__r=3.f64le	a80770fec941f5ec511127b13ed7777ba0a274f34cde36b5cff828fe6339774b	reference/random_walk_v1__b=+09__l=3__r=3.lsg2	c86ff8df6f6924867fa4e4f835dd84ebfc5b5d24d27f59b027d1c1760e74e2de	1842	16
lasagna2:m2.3:v1:random_walk_v1:b=+09:l=3:r=4	random_walk_v1	9	3	4	1184660438054339879	rw	2	512	cases/random_walk_v1__b=+09__l=3__r=4.f64le	d248db1756aab31a93dfd9805661858cfa3e765745855c31fa8d594e908d5f46	reference/random_walk_v1__b=+09__l=3__r=4.lsg2	2b3bf46dcf4a645cc4983c22e1d87c41daab5a7628718f323238c57c7f89c75c	1842	16
lasagna2:m2.3:v1:random_walk_v1:b=+09:l=4:r=0	random_walk_v1	9	4	0	13393877682829845328	rw	2	512	cases/random_walk_v1__b=+09__l=4__r=0.f64le	ce33043c8e14e51048abf7117a8650a5192f5642d35c4787b5494bfa78167b50	reference/random_walk_v1__b=+09__l=4__r=0.lsg2	4444301df47083abf4af887f2294df8b4bcd56d7ea8ce8bcdd8bc192815c8fb7	1842	16
lasagna2:m2.3:v1:random_walk_v1:b=+09:l=4:r=1	random_walk_v1	9	4	1	3044063839372313178	rw	2	512	cases/random_walk_v1__b=+09__l=4__r=1.f64le	9fa69688183ba77b750293c4dfae7c9214923b6e86622739348ecc1b267e3e6c	reference/random_walk_v1__b=+09__l=4__r=1.lsg2	76e4534136b474ef67daa22613d37d174962178f882c66c7d36e6502a66c0ce7	1842	16
lasagna2:m2.3:v1:random_walk_v1:b=+09:l=4:r=2	random_walk_v1	9	4	2	17718149019667990985	rw	2	512	cases/random_walk_v1__b=+09__l=4__r=2.f64le	40649a9995ef99274c48a33dad9ec95ebe232602d7293b44925a90a1b638508c	reference/random_walk_v1__b=+09__l=4__r=2.lsg2	f9f63b6a6bcb66383f9eee93a7eb934debf9d5902db1963a1989275bc9278361	1842	16
lasagna2:m2.3:v1:random_walk_v1:b=+09:l=4:r=3	random_walk_v1	9	4	3	3150828386243681814	rw	2	512	cases/random_walk_v1__b=+09__l=4__r=3.f64le	2434e143f125a7b12aea0fdd9904500ef58ba87ebd87155d971714bd0e606ec3	reference/random_walk_v1__b=+09__l=4__r=3.lsg2	09d44b38b4385bc91d53c0dfb13aa635c7d66a0b78642552b51488dd05349828	1842	16
lasagna2:m2.3:v1:random_walk_v1:b=+09:l=4:r=4	random_walk_v1	9	4	4	1506162420789567318	rw	2	512	cases/random_walk_v1__b=+09__l=4__r=4.f64le	83af410a292b469e1a75c31b793082290a95943a15b962db1645b2183beeac5d	reference/random_walk_v1__b=+09__l=4__r=4.lsg2	cbf2b77768b7869f8cf758d7d4756186f502ab85bf445601542d0fc12472a896	1842	16
lasagna2:m2.3:v1:random_walk_v1:b=+10:l=0:r=0	random_walk_v1	10	0	0	9788500947948709209	rw	2	512	cases/random_walk_v1__b=+10__l=0__r=0.f64le	13a47291546fdf3818f69935fc696a722be9af0cc3423b2bfdd3c42cfe3fabfe	reference/random_walk_v1__b=+10__l=0__r=0.lsg2	2478c3c806a48d9a15eb34dc399aeca1c6890bc88f5dc703cec8d68521683acd	1842	16
lasagna2:m2.3:v1:random_walk_v1:b=+10:l=0:r=1	random_walk_v1	10	0	1	17394464503266074791	rw	2	512	cases/random_walk_v1__b=+10__l=0__r=1.f64le	fb5c1378ba166c260f96a7a7cd0d18bf4a86bd09df6c4e54c4473b21e8923d6e	reference/random_walk_v1__b=+10__l=0__r=1.lsg2	cb7fcaf6a03c5ec2d6f595dd6a4c36def6575c609738ad9eb7f93b773febc778	1842	16
lasagna2:m2.3:v1:random_walk_v1:b=+10:l=0:r=2	random_walk_v1	10	0	2	14395866061994034190	rw	2	512	cases/random_walk_v1__b=+10__l=0__r=2.f64le	7eaba10ecb5d66e51c2eec48049dcf0a442ad9c10c4436e7e57fd01a01f94e49	reference/random_walk_v1__b=+10__l=0__r=2.lsg2	b3877d970b7f6c339214ae07391df88cb6cb9213cc2959407cd7e564ec460fba	1842	16
lasagna2:m2.3:v1:random_walk_v1:b=+10:l=0:r=3	random_walk_v1	10	0	3	9394265846582004028	rw	2	512	cases/random_walk_v1__b=+10__l=0__r=3.f64le	593d7a0c87c1fbd259d80760f838691e3f48f4881d4469f40d49d24596baebf7	reference/random_walk_v1__b=+10__l=0__r=3.lsg2	64d8632b52fa21e137ef6f732bd4c3a7dde2b52da72aeeec974ea5aa56eeae9e	1842	16
lasagna2:m2.3:v1:random_walk_v1:b=+10:l=0:r=4	random_walk_v1	10	0	4	9785010053459826161	rw	2	512	cases/random_walk_v1__b=+10__l=0__r=4.f64le	7b9c05b2e52f5da3b6ed9fa941f0b86bccaea24bbf5e9ab4c34e5e5fe69185da	reference/random_walk_v1__b=+10__l=0__r=4.lsg2	61ddda9299f3a771650a79bf63e5c01ddc6e12567051b3cbc9b5e3d0656f9b33	1842	16
lasagna2:m2.3:v1:random_walk_v1:b=+10:l=1:r=0	random_walk_v1	10	1	0	17415779105946102946	rw	2	512	cases/random_walk_v1__b=+10__l=1__r=0.f64le	b9ae74742440a481678e55ffa76f13638cd60c653bb076f88e684b79711bacf5	reference/random_walk_v1__b=+10__l=1__r=0.lsg2	57d4b70680c628a654dacccad28cb7cbf6f4ddd5457b78ddd6efb1f6aaac62b7	1842	16
lasagna2:m2.3:v1:random_walk_v1:b=+10:l=1:r=1	random_walk_v1	10	1	1	8012594534438492883	rw	2	512	cases/random_walk_v1__b=+10__l=1__r=1.f64le	9fda2ecb11961d9082d25e540b294ec77b6505a7589fb8c046e1c38098aecfd9	reference/random_walk_v1__b=+10__l=1__r=1.lsg2	9260fd0ac72eb9149167bcfbd1b4cbe176d6e0a69a577c5c7d22ae04d3612cc2	1842	16
lasagna2:m2.3:v1:random_walk_v1:b=+10:l=1:r=2	random_walk_v1	10	1	2	8579410845945458458	rw	2	512	cases/random_walk_v1__b=+10__l=1__r=2.f64le	a49258d3534778c67b1697193f9db041398f9617f04a7f44c5981328baa050ca	reference/random_walk_v1__b=+10__l=1__r=2.lsg2	87d9a1b6411d9bd49e02af65067e73abf87269e195d1bae4b9c2ba93601b3ddf	1842	16
lasagna2:m2.3:v1:random_walk_v1:b=+10:l=1:r=3	random_walk_v1	10	1	3	6416603114154340612	rw	2	512	cases/random_walk_v1__b=+10__l=1__r=3.f64le	7e94d028db73d15ad5f6768614786399786795c056158a5487518225750af311	reference/random_walk_v1__b=+10__l=1__r=3.lsg2	358ba23fefa5283665010bb60f86a78abbde962a486b964216a8531492a61c92	1842	16
lasagna2:m2.3:v1:random_walk_v1:b=+10:l=1:r=4	random_walk_v1	10	1	4	16350450951755568436	rw	2	512	cases/random_walk_v1__b=+10__l=1__r=4.f64le	8323f99deb3b891ec5800d06b0968675a603d385605264993a43a16726ad6883	reference/random_walk_v1__b=+10__l=1__r=4.lsg2	6110b6c5a51b299d75e620dd542ef905f9451a0ebe4ec11c66fed6dfbafb4290	1842	16
lasagna2:m2.3:v1:random_walk_v1:b=+10:l=2:r=0	random_walk_v1	10	2	0	15308139369713268556	rw	2	512	cases/random_walk_v1__b=+10__l=2__r=0.f64le	932c898c9eb7b6fa2bcd50fc348cc20c40806c396eb2df8d55a63d3c20cff0b9	reference/random_walk_v1__b=+10__l=2__r=0.lsg2	6d7161093aa8910ff5a130355684b32535e91538fc89d4eb7f7d61d360988267	1842	16
lasagna2:m2.3:v1:random_walk_v1:b=+10:l=2:r=1	random_walk_v1	10	2	1	16704031763351237108	rw	2	512	cases/random_walk_v1__b=+10__l=2__r=1.f64le	cecb69a561b3bdca1129a102dfc43e08fcdc8941cd1f01fec46c206d3786b759	reference/random_walk_v1__b=+10__l=2__r=1.lsg2	f398d84c39b4de1492268085eb342f586e7d4e1103bf178a944f787b9421918f	1842	16
lasagna2:m2.3:v1:random_walk_v1:b=+10:l=2:r=2	random_walk_v1	10	2	2	15462537315173431479	rw	2	512	cases/random_walk_v1__b=+10__l=2__r=2.f64le	e534335af3aa87cb5268f1822490d608891ad14269b6d09d2c81203f2ab024a9	reference/random_walk_v1__b=+10__l=2__r=2.lsg2	d96151427a015328db39fa4efbd5ba559ef847b95c331be1f2a49b8bc76d7081	1842	16
lasagna2:m2.3:v1:random_walk_v1:b=+10:l=2:r=3	random_walk_v1	10	2	3	6051151028257496194	rw	2	512	cases/random_walk_v1__b=+10__l=2__r=3.f64le	f22c0ac08be22e98f97cf51292f410185e7a3b8408723d5c63d3aebd62606721	reference/random_walk_v1__b=+10__l=2__r=3.lsg2	5648415565600012a7a85b9dea64d4f67185542974a0fba24725470cda37432d	1842	16
lasagna2:m2.3:v1:random_walk_v1:b=+10:l=2:r=4	random_walk_v1	10	2	4	14156101962442166781	rw	2	512	cases/random_walk_v1__b=+10__l=2__r=4.f64le	834a4ce1c984850c3b60cadf2b5b14c3a744c1570bd623fa1c7ee8d58474fd7f	reference/random_walk_v1__b=+10__l=2__r=4.lsg2	692880981a262ed3aae7e07148ccf984421699c5830f2bec42942f4cd98a27f2	1842	16
lasagna2:m2.3:v1:random_walk_v1:b=+10:l=3:r=0	random_walk_v1	10	3	0	17475568596492134855	rw	2	512	cases/random_walk_v1__b=+10__l=3__r=0.f64le	ca2d3574f62b9ff225f538b00c907a57a29ee7f79c8493526eaef69e5d0f274c	reference/random_walk_v1__b=+10__l=3__r=0.lsg2	23a60acc4d53880c707b59c1b664a48020fc6d07dc9b53af76c0187a0bf0d873	1842	16
lasagna2:m2.3:v1:random_walk_v1:b=+10:l=3:r=1	random_walk_v1	10	3	1	9459314527652941723	rw	2	512	cases/random_walk_v1__b=+10__l=3__r=1.f64le	c7fd8d8524c06043e7e480cdf58fa41de109feb2d3dca2aa1c8895cf3092bcb2	reference/random_walk_v1__b=+10__l=3__r=1.lsg2	b0159584e5668cb88c52273478f421a0c03fbd85febf6f568958c1bdc426ecf0	1842	16
lasagna2:m2.3:v1:random_walk_v1:b=+10:l=3:r=2	random_walk_v1	10	3	2	18353950817904160616	rw	2	512	cases/random_walk_v1__b=+10__l=3__r=2.f64le	60d8b73245246955e054b9534306a65b7789aa14f20b5f3fd7c30910b6968582	reference/random_walk_v1__b=+10__l=3__r=2.lsg2	dc8b265fcb525548c81496c7ba3163f550ac63f19fbe443cbd25cb7e6805800c	1842	16
lasagna2:m2.3:v1:random_walk_v1:b=+10:l=3:r=3	random_walk_v1	10	3	3	1929089436372927310	rw	2	512	cases/random_walk_v1__b=+10__l=3__r=3.f64le	bc533ba31659cbcac9f782d12c75d1c15c5f666001c83331da3a04e59bfca0a7	reference/random_walk_v1__b=+10__l=3__r=3.lsg2	ed20b2020b9f653a3a8db7cdaa7150d446bcde93823c571abb68b153907a6c36	1842	16
lasagna2:m2.3:v1:random_walk_v1:b=+10:l=3:r=4	random_walk_v1	10	3	4	10263375739377479933	rw	2	512	cases/random_walk_v1__b=+10__l=3__r=4.f64le	f79b984f0185cefadd858f5f854ec5046552dd48b5f7451704f0d608aac557a0	reference/random_walk_v1__b=+10__l=3__r=4.lsg2	32015171373f3141ca7bd3a772d099801a85e727b06e97b0ca58bcf7b61a79b1	1842	16
lasagna2:m2.3:v1:random_walk_v1:b=+10:l=4:r=0	random_walk_v1	10	4	0	12856706040694261446	rw	2	512	cases/random_walk_v1__b=+10__l=4__r=0.f64le	9497c9096aff3cbf23fdbd0e3e8de84841f6388337c646d930f322dbdfd9694d	reference/random_walk_v1__b=+10__l=4__r=0.lsg2	ad2e32bb6964c96b639c66c085c5a20934a14b6153bf76b387d1f3448daa47bb	1842	16
lasagna2:m2.3:v1:random_walk_v1:b=+10:l=4:r=1	random_walk_v1	10	4	1	16814161668214803141	rw	2	512	cases/random_walk_v1__b=+10__l=4__r=1.f64le	779e20de51eaedb98a2029f48cff535a55b58dc25c64d4176e9d42a5e6628066	reference/random_walk_v1__b=+10__l=4__r=1.lsg2	7b12f58eba6b8f4094dc49967cac1e6dd0c4aaeee22ca01dbb9676bdbc390a85	1842	16
lasagna2:m2.3:v1:random_walk_v1:b=+10:l=4:r=2	random_walk_v1	10	4	2	17443859000418347885	rw	2	512	cases/random_walk_v1__b=+10__l=4__r=2.f64le	4bf3a950d47147a3862af8c4bd56298ba5ff838740dd37c2bb84fa589436be8d	reference/random_walk_v1__b=+10__l=4__r=2.lsg2	9cdd9f0c79f439b02af7237f0ceb7a95d668bd245aa3a77052f8444fea1462d0	1842	16
lasagna2:m2.3:v1:random_walk_v1:b=+10:l=4:r=3	random_walk_v1	10	4	3	11709904881210915550	rw	2	512	cases/random_walk_v1__b=+10__l=4__r=3.f64le	b91909d93335fd738b79fb4c7493d0c2f94f024dacd94aa041c31312b97edf31	reference/random_walk_v1__b=+10__l=4__r=3.lsg2	8c2a647313e73d0a4e26309a2e39976b777a496a039bd9a6451883ba84bbc38e	1842	16
lasagna2:m2.3:v1:random_walk_v1:b=+10:l=4:r=4	random_walk_v1	10	4	4	3265772908738644159	rw	2	512	cases/random_walk_v1__b=+10__l=4__r=4.f64le	a1cee1c8e589406f005d60f3817edb943d3f5823cc2f4c9c48f15af225ec7607	reference/random_walk_v1__b=+10__l=4__r=4.lsg2	dce187d1c014c88ede5d14d9bc6ef76234df1e45e65e4dae2c062b6a2b834775	1842	16
