point_id,context_bytes_equal,sample_count_equal,segment_count_equal,segment_boundaries_equal,predictor_types_equal,q_binary32_equal,predictor_parameters_binary32_equal,coding_type_equal,residual_int32_equal,residual_payload_equal,reconstruction_binary64_equal,compact_decode_success,compact_accounting_equal,projection25_equal,baseline24_equal,frozen_projection25_equal,compact_timing_deterministic,v2_stream_sha256,compact_stream_sha256,v2_reconstruction_sha256,compact_reconstruction_sha256,compact_decode_error,compact_timing_error
trend.csv:A0:cq=0.0625,True,True,True,True,True,True,True,True,True,True,True,True,True,True,True,True,True,3747ab5ce459fbd0d4d16c2e5bcf59c176da6a9395136f1f3f3a876c168e4f63,40c49845bb81f3fc818b90aabe98e1ccfa4e15c6bb42bcb5737df16b663da7ae,ae0e033aa7d7e4b303743383eb7d528bf3ad213c31efa5659b2580562f41dc75,ae0e033aa7d7e4b303743383eb7d528bf3ad213c31efa5659b2580562f41dc75,,
trend.csv:A1:cq=0.0625,True,True,True,True,True,True,True,True,True,True,True,True,True,True,True,True,True,172c51bf54004ed0c3ff540a208775f935fe7e8dd13844c5d1c6d262ebe8837b,794692c9ea597d75ed6ed284ce2b7e5f668c7d7b354c6b12024500febfe1d830,7177e3c112e1585f2dfb1349315e079fb0477d4b0510a713e62d493ccda1ff64,7177e3c112e1585f2dfb1349315e079fb0477d4b0510a713e62d493ccda1ff64,,
trend.csv:A2:cq=0.0625,True,True,True,True,True,True,True,True,True,True,True,True,True,True,True,True,True,172c51bf54004ed0c3ff540a208775f935fe7e8dd13844c5d1c6d262ebe8837b,794692c9ea597d75ed6ed284ce2b7e5f668c7d7b354c6b12024500febfe1d830,7177e3c112e1585f2dfb1349315e079fb0477d4b0510a713e62d493ccda1ff64,7177e3c112e1585f2dfb1349315e079fb0477d4b0510a713e62d493ccda1ff64,,
trend.csv:A3:cq=0.0625,True,True,True,True,True,True,True,True,True,True,True,True,True,True,True,True,True,7e54e931e03a5c3ae7ec7b1195bc59c4d405638cb6f7e5edf9966c18f625ce36,26137633bfa2158a7adbe61374a40125c4d2b9d08927c432558c6c70a961abc7,785ae2d7e85b83d09a6abdc3f716d38f7d44e74915c7e2df67210f50399e2297,785ae2d7e85b83d09a6abdc3f716d38f7d44e74915c7e2df67210f50399e2297,,
trend.csv:A4:cq=0.0625,True,True,True,True,True,True,True,True,True,True,True,True,True,True,True,True,True,7e54e931e03a5c3ae7ec7b1195bc59c4d405638cb6f7e5edf9966c18f625ce36,26137633bfa2158a7adbe61374a40125c4d2b9d08927c432558c6c70a961abc7,785ae2d7e85b83d09a6abdc3f716d38f7d44e74915c7e2df67210f50399e2297,785ae2d7e85b83d09a6abdc3f716d38f7d44e74915c7e2df67210f50399e2297,,
trend.csv:A0:cq=0.125,True,True,True,True,True,True,True,True,True,True,True,True,True,True,True,True,True,3747ab5ce459fbd0d4d16c2e5bcf59c176da6a9395136f1f3f3a876c168e4f63,40c49845bb81f3fc818b90aabe98e1ccfa4e15c6bb42bcb5737df16b663da7ae,ae0e033aa7d7e4b303743383eb7d528bf3ad213c31efa5659b2580562f41dc75,ae0e033aa7d7e4b303743383eb7d528bf3ad213c31efa5659b2580562f41dc75,,
trend.csv:A1:cq=0.125,True,True,True,True,True,True,True,True,True,True,True,True,True,True,True,True,True,172c51bf54004ed0c3ff540a208775f935fe7e8dd13844c5d1c6d262ebe8837b,794692c9ea597d75ed6ed284ce2b7e5f668c7d7b354c6b12024500febfe1d830,7177e3c112e1585f2dfb1349315e079fb0477d4b0510a713e62d493ccda1ff64,7177e3c112e1585f2dfb1349315e079fb0477d4b0510a713e62d493ccda1ff64,,
trend.csv:A2:cq=0.125,True,True,True,True,True,True,True,True,True,True,True,True,True,True,True,True,True,172c51bf54004ed0c3ff540a208775f935fe7e8dd13844c5d1c6d262ebe8837b,794692c9ea597d75ed6ed284ce2b7e5f668c7d7b354c6b12024500febfe1d830,7177e3c112e1585f2dfb1349315e079fb0477d4b0510a713e62d493ccda1ff64,7177e3c112e1585f2dfb1349315e079fb0477d4b0510a713e62d493ccda1ff64,,
trend.csv:A3:cq=0.125,True,True,True,True,True,True,True,True,True,True,True,True,True,True,True,True,True,7e54e931e03a5c3ae7ec7b1195bc59c4d405638cb6f7e5edf9966c18f625ce36,26137633bfa2158a7adbe61374a40125c4d2b9d08927c432558c6c70a961abc7,785ae2d7e85b83d09a6abdc3f716d38f7d44e74915c7e2df67210f50399e2297,785ae2d7e85b83d09a6abdc3f716d38f7d44e74915c7e2df67210f50399e2297,,
trend.csv:A4:cq=0.125,True,True,True,True,True,True,True,True,True,True,True,True,True,True,True,True,True,7e54e931e03a5c3ae7ec7b1195bc59c4d405638cb6f7e5edf9966c18f625ce36,26137633bfa2158a7adbe61374a40125c4d2b9d08927c432558c6c70a961abc7,785ae2d7e85b83d09a6abdc3f716d38f7d44e74915c7e2df67210f50399e2297,785ae2d7e85b83d09a6abdc3f716d38f7d44e74915c7e2df67210f50399e2297,,
trend.csv:A0:cq=0.25,True,True,True,True,True,True,True,True,True,True,True,True,True,True,True,True,True,3747ab5ce459fbd0d4d16c2e5bcf59c176da6a9395136f1f3f3a876c168e4f63,40c49845bb81f3fc818b90aabe98e1ccfa4e15c6bb42bcb5737df16b663da7ae,ae0e033aa7d7e4b303743383eb7d528bf3ad213c31efa5659b2580562f41dc75,ae0e033aa7d7e4b303743383eb7d528bf3ad213c31efa5659b2580562f41dc75,,
trend.csv:A1:cq=0.25,True,True,True,True,True,True,True,True,True,True,True,True,True,True,True,True,True,172c51bf54004ed0c3ff540a208775f935fe7e8dd13844c5d1c6d262ebe8837b,794692c9ea597d75ed6ed284ce2b7e5f668c7d7b354c6b12024500febfe1d830,7177e3c112e1585f2dfb1349315e079fb0477d4b0510a713e62d493ccda1ff64,7177e3c112e1585f2dfb1349315e079fb0477d4b0510a713e62d493ccda1ff64,,
trend.csv:A2:cq=0.25,True,True,True,True,True,True,True,True,True,True,True,True,True,True,True,True,True,172c51bf54004ed0c3ff540a208775f935fe7e8dd13844c5d1c6d262ebe8837b,794692c9ea597d75ed6ed284ce2b7e5f668c7d7b354c6b12024500febfe1d830,7177e3c112e1585f2dfb1349315e079fb0477d4b0510a713e62d493ccda1ff64,7177e3c112e1585f2dfb1349315e079fb0477d4b0510a713e62d493ccda1ff64,,
trend.csv:A3:cq=0.25,True,True,True,True,True,True,True,True,True,True,True,True,True,True,True,True,True,7e54e931e03a5c3ae7ec7b1195bc59c4d405638cb6f7e5edf9966c18f625ce36,26137633bfa2158a7adbe61374a40125c4d2b9d08927c432558c6c70a961abc7,785ae2d7e85b83d09a6abdc3f716d38f7d44e74915c7e2df67210f50399e2297,785ae2d7e85b83d09a6abdc3f716d38f7d44e74915c7e2df67210f50399e2297,,
trend.csv:A4:cq=0.25,True,True,True,True,True,True,True,True,True,True,True,True,True,True,True,True,True,7e54e931e03a5c3ae7ec7b1195bc59c4d405638cb6f7e5edf9966c18f625ce36,26137633bfa2158a7adbe61374a40125c4d2b9d08927c432558c6c70a961abc7,785ae2d7e85b83d09a6abdc3f716d38f7d44e74915c7e2df67210f50399e2297,785ae2d7e85b83d09a6abdc3f716d38f7d44e74915c7e2df67210f50399e2297,,
trend.csv:A0:cq=0.5,True,True,True,True,True,True,True,True,True,True,True,True,True,True,True,True,True,3747ab5ce459fbd0d4d16c2e5bcf59c176da6a9395136f1f3f3a876c168e4f63,40c49845bb81f3fc818b90aabe98e1ccfa4e15c6bb42bcb5737df16b663da7ae,ae0e033aa7d7e4b303743383eb7d528bf3ad213c31efa5659b2580562f41dc75,ae0e033aa7d7e4b303743383eb7d528bf3ad213c31efa5659b2580562f41dc75,,
trend.csv:A1:cq=0.5,True,True,True,True,True,True,True,True,True,True,True,True,True,True,True,True,True,172c51bf54004ed0c3ff540a208775f935fe7e8dd13844c5d1c6d262ebe8837b,794692c9ea597d75ed6ed284ce2b7e5f668c7d7b354c6b12024500febfe1d830,7177e3c112e1585f2dfb1349315e079fb0477d4b0510a713e62d493ccda1ff64,7177e3c112e1585f2dfb1349315e079fb0477d4b0510a713e62d493ccda1ff64,,
trend.csv:A2:cq=0.5,True,True,True,True,True,True,True,True,True,True,True,True,True,True,True,True,True,172c51bf54004ed0c3ff540a208775f935fe7e8dd13844c5d1c6d262ebe8837b,794692c9ea597d75ed6ed284ce2b7e5f668c7d7b354c6b12024500febfe1d830,7177e3c112e1585f2dfb1349315e079fb0477d4b0510a713e62d493ccda1ff64,7177e3c112e1585f2dfb1349315e079fb0477d4b0510a713e62d493ccda1ff64,,
trend.csv:A3:cq=0.5,True,True,True,True,True,True,True,True,True,True,True,True,True,True,True,True,True,7e54e931e03a5c3ae7ec7b1195bc59c4d405638cb6f7e5edf9966c18f625ce36,26137633bfa2158a7adbe61374a40125c4d2b9d08927c432558c6c70a961abc7,785ae2d7e85b83d09a6abdc3f716d38f7d44e74915c7e2df67210f50399e2297,785ae2d7e85b83d09a6abdc3f716d38f7d44e74915c7e2df67210f50399e2297,,
trend.csv:A4:cq=0.5,True,True,True,True,True,True,True,True,True,True,True,True,True,True,True,True,True,7e54e931e03a5c3ae7ec7b1195bc59c4d405638cb6f7e5edf9966c18f625ce36,26137633bfa2158a7adbe61374a40125c4d2b9d08927c432558c6c70a961abc7,785ae2d7e85b83d09a6abdc3f716d38f7d44e74915c7e2df67210f50399e2297,785ae2d7e85b83d09a6abdc3f716d38f7d44e74915c7e2df67210f50399e2297,,
trend.csv:A0:cq=1,True,True,True,True,True,True,True,True,True,True,True,True,True,True,True,True,True,3747ab5ce459fbd0d4d16c2e5bcf59c176da6a9395136f1f3f3a876c168e4f63,40c49845bb81f3fc818b90aabe98e1ccfa4e15c6bb42bcb5737df16b663da7ae,ae0e033aa7d7e4b303743383eb7d528bf3ad213c31efa5659b2580562f41dc75,ae0e033aa7d7e4b303743383eb7d528bf3ad213c31efa5659b2580562f41dc75,,
trend.csv:A1:cq=1,True,True,True,True,True,True,True,True,True,True,True,True,True,True,True,True,True,172c51bf54004ed0c3ff540a208775f935fe7e8dd13844c5d1c6d262ebe8837b,794692c9ea597d75ed6ed284ce2b7e5f668c7d7b354c6b12024500febfe1d830,7177e3c112e1585f2dfb1349315e079fb0477d4b0510a713e62d493ccda1ff64,7177e3c112e1585f2dfb1349315e079fb0477d4b0510a713e62d493ccda1ff64,,
trend.csv:A2:cq=1,True,True,True,True,True,True,True,True,True,True,True,True,True,True,True,True,True,172c51bf54004ed0c3ff540a208775f935fe7e8dd13844c5d1c6d262ebe8837b,794692c9ea597d75ed6ed284ce2b7e5f668c7d7b354c6b12024500febfe1d830,7177e3c112e1585f2dfb1349315e079fb0477d4b0510a713e62d493ccda1ff64,7177e3c112e1585f2dfb1349315e079fb0477d4b0510a713e62d493ccda1ff64,,
trend.csv:A3:cq=1,True,True,True,True,True,True,True,True,True,True,True,True,True,True,True,True,True,7e54e931e03a5c3ae7ec7b1195bc59c4d405638cb6f7e5edf9966c18f625ce36,26137633bfa2158a7adbe61374a40125c4d2b9d08927c432558c6c70a961abc7,785ae2d7e85b83d09a6abdc3f716d38f7d44e74915c7e2df67210f50399e2297,785ae2d7e85b83d09a6abdc3f716d38f7d44e74915c7e2df67210f50399e2297,,
trend.csv:A4:cq=1,True,True,True,True,True,True,True,True,True,True,True,True,True,True,True,True,True,7e54e931e03a5c3ae7ec7b1195bc59c4d405638cb6f7e5edf9966c18f625ce36,26137633bfa2158a7adbe61374a40125c4d2b9d08927c432558c6c70a961abc7,785ae2d7e85b83d09a6abdc3f716d38f7d44e74915c7e2df67210f50399e2297,785ae2d7e85b83d09a6abdc3f716d38f7d44e74915c7e2df67210f50399e2297,,
trend.csv:A0:cq=2,True,True,True,True,True,True,True,True,True,True,True,True,True,True,True,True,True,3747ab5ce459fbd0d4d16c2e5bcf59c176da6a9395136f1f3f3a876c168e4f63,40c49845bb81f3fc818b90aabe98e1ccfa4e15c6bb42bcb5737df16b663da7ae,ae0e033aa7d7e4b303743383eb7d528bf3ad213c31efa5659b2580562f41dc75,ae0e033aa7d7e4b303743383eb7d528bf3ad213c31efa5659b2580562f41dc75,,
trend.csv:A1:cq=2,True,True,True,True,True,True,True,True,True,True,True,True,True,True,True,True,True,172c51bf54004ed0c3ff540a208775f935fe7e8dd13844c5d1c6d262ebe8837b,794692c9ea597d75ed6ed284ce2b7e5f668c7d7b354c6b12024500febfe1d830,7177e3c112e1585f2dfb1349315e079fb0477d4b0510a713e62d493ccda1ff64,7177e3c112e1585f2dfb1349315e079fb0477d4b0510a713e62d493ccda1ff64,,
trend.csv:A2:cq=2,True,True,True,True,True,True,True,True,True,True,True,True,True,True,True,True,True,172c51bf54004ed0c3ff540a208775f935fe7e8dd13844c5d1c6d262ebe8837b,794692c9ea597d75ed6ed284ce2b7e5f668c7d7b354c6b12024500febfe1d830,7177e3c112e1585f2dfb1349315e079fb0477d4b0510a713e62d493ccda1ff64,7177e3c112e1585f2dfb1349315e079fb0477d4b0510a713e62d493ccda1ff64,,
trend.csv:A3:cq=2,True,True,True,True,True,True,True,True,True,True,True,True,True,True,True,True,True,7e54e931e03a5c3ae7ec7b1195bc59c4d405638cb6f7e5edf9966c18f625ce36,26137633bfa2158a7adbe61374a40125c4d2b9d08927c432558c6c70a961abc7,785ae2d7e85b83d09a6abdc3f716d38f7d44e74915c7e2df67210f50399e2297,785ae2d7e85b83d09a6abdc3f716d38f7d44e74915c7e2df67210f50399e2297,,
trend.csv:A4:cq=2,True,True,True,True,True,True,True,True,True,True,True,True,True,True,True,True,True,7e54e931e03a5c3ae7ec7b1195bc59c4d405638cb6f7e5edf9966c18f625ce36,26137633bfa2158a7adbe61374a40125c4d2b9d08927c432558c6c70a961abc7,785ae2d7e85b83d09a6abdc3f716d38f7d44e74915c7e2df67210f50399e2297,785ae2d7e85b83d09a6abdc3f716d38f7d44e74915c7e2df67210f50399e2297,,
trend.csv:A0:cq=4,True,True,True,True,True,True,True,True,True,True,True,True,True,True,True,True,True,3747ab5ce459fbd0d4d16c2e5bcf59c176da6a9395136f1f3f3a876c168e4f63,40c49845bb81f3fc818b90aabe98e1ccfa4e15c6bb42bcb5737df16b663da7ae,ae0e033aa7d7e4b303743383eb7d528bf3ad213c31efa5659b2580562f41dc75,ae0e033aa7d7e4b303743383eb7d528bf3ad213c31efa5659b2580562f41dc75,,
trend.csv:A1:cq=4,True,True,True,True,True,True,True,True,True,True,True,True,True,True,True,True,True,172c51bf54004ed0c3ff540a208775f935fe7e8dd13844c5d1c6d262ebe8837b,794692c9ea597d75ed6ed284ce2b7e5f668c7d7b354c6b12024500febfe1d830,7177e3c112e1585f2dfb1349315e079fb0477d4b0510a713e62d493ccda1ff64,7177e3c112e1585f2dfb1349315e079fb0477d4b0510a713e62d493ccda1ff64,,
trend.csv:A2:cq=4,True,True,True,True,True,True,True,True,True,True,True,True,True,True,True,True,True,172c51bf54004ed0c3ff540a208775f935fe7e8dd13844c5d1c6d262ebe8837b,794692c9ea597d75ed6ed284ce2b7e5f668c7d7b354c6b12024500febfe1d830,7177e3c112e1585f2dfb1349315e079fb0477d4b0510a713e62d493ccda1ff64,7177e3c112e1585f2dfb1349315e079fb0477d4b0510a713e62d493ccda1ff64,,
trend.csv:A3:cq=4,True,True,True,True,True,True,True,True,True,True,True,True,True,True,True,True,True,7e54e931e03a5c3ae7ec7b1195bc59c4d405638cb6f7e5edf9966c18f625ce36,26137633bfa2158a7adbe61374a40125c4d2b9d08927c432558c6c70a961abc7,785ae2d7e85b83d09a6abdc3f716d38f7d44e74915c7e2df67210f50399e2297,785ae2d7e85b83d09a6abdc3f716d38f7d44e74915c7e2df67210f50399e2297,,
trend.csv:A4:cq=4,True,True,True,True,True,True,True,True,True,True,True,True,True,True,True,True,True,7e54e931e03a5c3ae7ec7b1195bc59c4d405638cb6f7e5edf9966c18f625ce36,26137633bfa2158a7adbe61374a40125c4d2b9d08927c432558c6c70a961abc7,785ae2d7e85b83d09a6abdc3f716d38f7d44e74915c7e2df67210f50399e2297,785ae2d7e85b83d09a6abdc3f716d38f7d44e74915c7e2df67210f50399e2297,,
sine_noise.csv:A0:cq=0.0625,True,True,True,True,True,True,True,True,True,True,True,True,True,True,True,True,True,57279ddb0d70c06a99262cffbd2aa739453a4c0284e5a740c5981883ea3019a0,721b72773b47494492b10f90c2722e97c21568dd94959faa7af55a72a393d7b8,b2ba2318ce3cce72d56d954ab5c6530a8232b750f63aa413d6b4c7da4da2bb6e,b2ba2318ce3cce72d56d954ab5c6530a8232b750f63aa413d6b4c7da4da2bb6e,,
sine_noise.csv:A1:cq=0.0625,True,True,True,True,True,True,True,True,True,True,True,True,True,True,True,True,True,d106e3faeaeb88432c66e769377ee96406ce0e91132a5517bd34f051eda9b506,2d16a7cdc422c29d35915598edcd1cd8b42cadcbd46cacefa5046639e322cd70,db707389799f2f2577b64a0046e903bc4f813abea8925344472738a5b5cf0e50,db707389799f2f2577b64a0046e903bc4f813abea8925344472738a5b5cf0e50,,
sine_noise.csv:A2:cq=0.0625,True,True,True,True,True,True,True,True,True,True,True,True,True,True,True,True,True,71991c51a39425f81e00d7c683f367f06043ef1625254ba8dbbfb411e75db005,e940ed122c183a351a711523d4eb5a38114b9ab183070863188abd8ef5e3d896,7a945df359263b32dd22b9ae323848fb2d2eef5e666c798ccc42971174abe7c0,7a945df359263b32dd22b9ae323848fb2d2eef5e666c798ccc42971174abe7c0,,
sine_noise.csv:A3:cq=0.0625,True,True,True,True,True,True,True,True,True,True,True,True,True,True,True,True,True,04cb6270fedb00b818ad1683291c2ff76a6ed79b0592aa31d361b0cbab9aff9e,64285f8fb746700b2259a2f57fad7750042195eb36505558ddb153228ac1d0bf,bbee2f5363d2681b1217e8494db6236d896645c76d1f00d40629cfe76f54b161,bbee2f5363d2681b1217e8494db6236d896645c76d1f00d40629cfe76f54b161,,
sine_noise.csv:A4:cq=0.0625,True,True,True,True,True,True,True,True,True,True,True,True,True,True,True,True,True,2e0ebd9de3f0a68d8cdd75a76aa0a8aa73978a1c02e9f8c27cd0be49b51bc8bf,88c22d1332163fa08ea95e9f8daa816127603888fdb121794c4b12684c07afa5,4f43abc01480995c78d06c52c64b8c73e74cb7e4e28c9880cd5a7ae3dd7d4c50,4f43abc01480995c78d06c52c64b8c73e74cb7e4e28c9880cd5a7ae3dd7d4c50,,
sine_noise.csv:A0:cq=0.125,True,True,True,True,True,True,True,True,True,True,True,True,True,True,True,True,True,19e3640a8a642f93b112067f00c54c512eb5c8cdcfc83587f1d1f13fba917749,663134f7edda80ebe381f94f5c3fa149af042296e47865f2fedb1a87ff622d38,480cb9e53bacd2ae4abbc84751b5840e32cafe6b141bbe11d02dab3be77e5dd5,480cb9e53bacd2ae4abbc84751b5840e32cafe6b141bbe11d02dab3be77e5dd5,,
sine_noise.csv:A1:cq=0.125,True,True,True,True,True,True,True,True,True,True,True,True,True,True,True,True,True,e4ba58cfbf6f5e292767a5b12166f4c68a0ff239f0ae2808fa7115175ee75c7c,f1485d54756343461860742bc6a23470e2571b82782c1a6b5d4adfc32cd7894f,0cdd0e582a1faddece8002b7e322e54256dc19a6849e969e29842e828631c631,0cdd0e582a1faddece8002b7e322e54256dc19a6849e969e29842e828631c631,,
sine_noise.csv:A2:cq=0.125,True,True,True,True,True,True,True,True,True,True,True,True,True,True,True,True,True,77d4b2c7721d0c0839f1ea4fe92591e0fa84353733714eb7454e81f02d07735e,d86247116f986b63fae4f04731ce18e5c895ad18ae0f5ec2db65afbb736b5b3b,8be86903ea003e8ac97c66a6778ca69f6f6aeca156f11846416eea59b5e9428a,8be86903ea003e8ac97c66a6778ca69f6f6aeca156f11846416eea59b5e9428a,,
sine_noise.csv:A3:cq=0.125,True,True,True,True,True,True,True,True,True,True,True,True,True,True,True,True,True,a991256505e5f2e825c73efc763bbb466d0ccb7e54a8b08d7c7cf54631f8be75,59de4520066b97c50013ef801d66820da8923f32011cc8f0fbfae0a69ef78348,f22f9cfa083bb2bdf97b6b9e1796967b03a5d8daa4ac1116fea20b45306a2774,f22f9cfa083bb2bdf97b6b9e1796967b03a5d8daa4ac1116fea20b45306a2774,,
sine_noise.csv:A4:cq=0.125,True,True,True,True,True,True,True,True,True,True,True,True,True,True,True,True,True,cbde8b1c502eddd25956d65674e1ffe84f48cd0efeaf987f55498aaadbfb4ac7,a4c6e5a8a689ed40c5657e0feb712daa5eb07d752aa6c8adb2061abe124bc42c,2f0f7e1982585a9995e917a03d398fc51692990b61140682b13c49d2b56c9c3d,2f0f7e1982585a9995e917a03d398fc51692990b61140682b13c49d2b56c9c3d,,
sine_noise.csv:A0:cq=0.25,True,True,True,True,True,True,True,True,True,True,True,True,True,True,True,True,True,a34ab34efc770610e92c580b5f863f506f45178789dc510d3b822d552fb24250,00d339fed20f3316e488b9552645f37a59feb86c0c1f8ae535ba594054832121,656500ae89e51fa32daa6b34cc3a80fba594b7038fd220b6ec2571c07c2f6d9c,656500ae89e51fa32daa6b34cc3a80fba594b7038fd220b6ec2571c07c2f6d9c,,
sine_noise.csv:A1:cq=0.25,True,True,True,True,True,True,True,True,True,True,True,True,True,True,True,True,True,025615dd30fa55532ed213183ecbc0019a95bd6af248b80805ff84bbca3597be,a0ba4febc3e64a91fb6306fad248a29c5240873045fd437978af8c11f5c89939,1ce120e74606bad9b20dd878cf046bb2aa07ebd1a99a12bd5e513c0d67663ff8,1ce120e74606bad9b20dd878cf046bb2aa07ebd1a99a12bd5e513c0d67663ff8,,
sine_noise.csv:A2:cq=0.25,True,True,True,True,True,True,True,True,True,True,True,True,True,True,True,True,True,22fbe1a719209ac12783a35ec291e82d06904ea5dd0fa5c426babf8c1cfdf4e0,d7295aef2c890f7eaefbaf42276d69ad4e27dc297a1e9456c2c003c8a3550ba4,444d4d46cecc04f4a95a72d43034a1ffc030489a5b82f06e50c64ae7209222fb,444d4d46cecc04f4a95a72d43034a1ffc030489a5b82f06e50c64ae7209222fb,,
sine_noise.csv:A3:cq=0.25,True,True,True,True,True,True,True,True,True,True,True,True,True,True,True,True,True,10280ed78fa63381d0f24db8c83189161d1eaf572f82d53838233a69622ac7d2,ce190fb2e25c27ad00724eba00e4754d7e7ad1ff31bce6316c172fe07c1e4cea,aff6b72c10886dbd0d2ff374222a339b08aa9d499dec0f53128e2edf0fd739ac,aff6b72c10886dbd0d2ff374222a339b08aa9d499dec0f53128e2edf0fd739ac,,
sine_noise.csv:A4:cq=0.25,True,True,True,True,True,True,True,True,True,True,True,True,True,True,True,True,True,31590768e68dd5959c6c1da2c68c3af9d2aa19160ec877f3c219b167b59fbeed,cd182edbac8bd4650a540a829b3bc0cda32cd68efabce32e17a4eebfec331ed1,a1693e25149ce2448362d0178e19256b09bf021b29a4b2dbec4eb0d9506bfe64,a1693e25149ce2448362d0178e19256b09bf021b29a4b2dbec4eb0d9506bfe64,,
sine_noise.csv:A0:cq=0.5,True,True,True,True,True,True,True,True,True,True,True,True,True,True,True,True,True,b8f97a193fa24ec7696b526f5197d33313345d562f1b9c8700d87b2650c0c07b,2a160f8770847087cafceea672c7ae6e63e80780088091c1740d427b1ea9ca69,44add80b44495231232e58bd2cf6009edd843e909896e59e6efcccf935f933d0,44add80b44495231232e58bd2cf6009edd843e909896e59e6efcccf935f933d0,,
sine_noise.csv:A1:cq=0.5,True,True,True,True,True,True,True,True,True,True,True,True,True,True,True,True,True,87de7c1892f14d6e329608db6ed985262eafe454f63a34f897522b8668194820,4d2dbfa9d75622e752a8143b65b6ac9be27c4b9a141e3bd9872cf1cd5e9c58cf,a224efb95b6bd49a3cefacda3ee6c8a35de2c9d887a16edb589e13a6b9aa0857,a224efb95b6bd49a3cefacda3ee6c8a35de2c9d887a16edb589e13a6b9aa0857,,
sine_noise.csv:A2:cq=0.5,True,True,True,True,True,True,True,True,True,True,True,True,True,True,True,True,True,7d304ca5625d63c713760f51dc63e492f72c09f2852fe31618ae561ab9503d03,cbed28a7814b1198bd77651d0fd6bc6e4fc076b3ce0c29753d91fe903ef1ccac,c7425c9948c0837406ccf04910d00aac1aea30bbe13df8043b269514041cf4a2,c7425c9948c0837406ccf04910d00aac1aea30bbe13df8043b269514041cf4a2,,
sine_noise.csv:A3:cq=0.5,True,True,True,True,True,True,True,True,True,True,True,True,True,True,True,True,True,789f8692609aeb1a16cb6d3a894a79838ee24cdc2690241f7b922c45583ba431,5d73d93c616ba46dc7b4278a13eb603f2abb99f5f197e5fa422bf0d28086f363,3f7524e8d65f5780024a1383a34c316170fb2df23ec5d71135cd422ad7ad0beb,3f7524e8d65f5780024a1383a34c316170fb2df23ec5d71135cd422ad7ad0beb,,
sine_noise.csv:A4:cq=0.5,True,True,True,True,True,True,True,True,True,True,True,True,True,True,True,True,True,228d94fedb629b3d2e78bb84a08565f3f4ec936d2fb37b78358030445d85378b,9bd940dff083fdf12b46c92f258c2b2fea93dc5ca8378e5ce104c0a472b16c72,d6bee5038ce3fdf4944cc9c0b2dae085251eddbaceb700ed2b911220a8a60362,d6bee5038ce3fdf4944cc9c0b2dae085251eddbaceb700ed2b911220a8a60362,,
sine_noise.csv:A0:cq=1,True,True,True,True,True,True,True,True,True,True,True,True,True,True,True,True,True,ecf57d2580982cb37cac7c67d7c05660b07e3abc599ccf234343d6ce8ce54da6,31385ddc8ae3f91c6bc9d626704d82c4f305448421b04673574b5cfc8907c252,9fbf4879aae527b7174a0baf7797eac724d1b65208babf4f2df1cb2692ad9e66,9fbf4879aae527b7174a0baf7797eac724d1b65208babf4f2df1cb2692ad9e66,,
sine_noise.csv:A1:cq=1,True,True,True,True,True,True,True,True,True,True,True,True,True,True,True,True,True,92c38f03e6f4934bbd51f6f5fe3571c63f394d8d252c6d217efd236554934d22,528e5a32ea3ea85dbff250a18938022cf3f2c33d59eec0b28c0a770e888dbd4d,6c7da1184c0912f66c1ee0c8bcd9c21433049b0713edfef151c8438f8cf74f0c,6c7da1184c0912f66c1ee0c8bcd9c21433049b0713edfef151c8438f8cf74f0c,,
sine_noise.csv:A2:cq=1,True,True,True,True,True,True,True,True,True,True,True,True,True,True,True,True,True,68965686463a8dfad63b2896cc646eb0d5c6955bb13b86ab7033cf08d5b81a09,3b726a4c0b2c8a9ab30e24eac6ee5a85ee1d0b460435cd7b8d5ab872704a3ddb,a54d954451d7e173ff1bf207c5db020a7d346b06b239bd6c8b1015bd64deb27e,a54d954451d7e173ff1bf207c5db020a7d346b06b239bd6c8b1015bd64deb27e,,
sine_noise.csv:A3:cq=1,True,True,True,True,True,True,True,True,True,True,True,True,True,True,True,True,True,9b405924a3d73d2021073f18749a653c48d8c81150c3e5de2aa08ebe6b891a8a,72f312d6a06875375ed9b80a19d7c6e002f59dbab42878eca760c52527f0403d,3b18e498772d9db06dd8d32e15759960e3ff59add17442f7678dbc4633cd11e5,3b18e498772d9db06dd8d32e15759960e3ff59add17442f7678dbc4633cd11e5,,
sine_noise.csv:A4:cq=1,True,True,True,True,True,True,True,True,True,True,True,True,True,True,True,True,True,c3e8781144ae0b180351f8191a9336f362f949c6beea1e54e72cbc38ef4190a8,ec12997a3086e18a01256f527058d550484e060af264a189cf7909cbe6fc543b,a1b12f15c9adb8363392085c70d0c5059c8cb576ded1156b8a1461c8adcb30a5,a1b12f15c9adb8363392085c70d0c5059c8cb576ded1156b8a1461c8adcb30a5,,
sine_noise.csv:A0:cq=2,True,True,True,True,True,True,True,True,True,True,True,True,True,True,True,True,True,fc1025b150546ab04728ee6d2971c504e26453b00f68836846e2f20366a9463c,1783a43e8e79af1c0d0abe48dcc3891df53d5fa24dc5038c6dce941ea8b726af,1e6a28065ca396a1ecbfb898fd656a3d0137b15538b01a3886f6bf2db02dfd00,1e6a28065ca396a1ecbfb898fd656a3d0137b15538b01a3886f6bf2db02dfd00,,
sine_noise.csv:A1:cq=2,True,True,True,True,True,True,True,True,True,True,True,True,True,True,True,True,True,da3adb07e4a1c10bffff54a4bedcd80f0c8fbab8458df4e329b74fb21207812f,3b46db0fbcacfc64a79885e80cc491020cec02c057e7283852b2695205f5fbfb,c65cd3e2ffa3e55ea4490b2ac94eb2ccee0c896013a4cded9e22292c8591e57a,c65cd3e2ffa3e55ea4490b2ac94eb2ccee0c896013a4cded9e22292c8591e57a,,
sine_noise.csv:A2:cq=2,True,True,True,True,True,True,True,True,True,True,True,True,True,True,True,True,True,6f2f1b99cc0b9a93f451401c461f59f952d92ed1aa98435f5524025c2fac3ac8,f97d25b9f9e60ea0dba61a50070d7501f914c238f75aaf065ccbc89a1bbd71ab,452948beaa3bf5f32244984d5626afd018469d4985cfd2632f46f891d72e50fa,452948beaa3bf5f32244984d5626afd018469d4985cfd2632f46f891d72e50fa,,
sine_noise.csv:A3:cq=2,True,True,True,True,True,True,True,True,True,True,True,True,True,True,True,True,True,697d5cc112aa3bd75e0d040ee1c3417217b7cbaec122476d9a8873e66bdc3035,775aae89b6039713fbb5fa15df3d8f1a071bd60da0ea9dc7377a81d5689f2f29,ec70e395b2a3fdc8d1ea92938ec4329eb80a9ad8dfa659e23d35c99e543e5a9e,ec70e395b2a3fdc8d1ea92938ec4329eb80a9ad8dfa659e23d35c99e543e5a9e,,
sine_noise.csv:A4:cq=2,True,True,True,True,True,True,True,True,True,True,True,True,True,True,True,True,True,6d278eaa111004a8f1f41d4a44868dd6e4d38c6604c81c8f01a9b35691a0f508,de1f49e13d43aa02706f9b1d9079fe2beb8b3f5dbbdfbd61600e1d402e2d6391,a8eb853776165f086442cdeac87789eb390220bcd9c676850c1f752ba122c10c,a8eb853776165f086442cdeac87789eb390220bcd9c676850c1f752ba122c10c,,
sine_noise.csv:A0:cq=4,True,True,True,True,True,True,True,True,True,True,True,True,True,True,True,True,True,ad4334f6c0f0191a98f8625fb0666d0880582a506e898cc2bfc6bb0c0e56756a,ed03a8737bb5387c84ad7081890e7f9f917add5c6f93cfad01de415be10a18a2,cb128705aae4b19cd399bfe2404cd81f747e8630453fa79fd16f459807b5e131,cb128705aae4b19cd399bfe2404cd81f747e8630453fa79fd16f459807b5e131,,
sine_noise.csv:A1:cq=4,True,True,True,True,True,True,True,True,True,True,True,True,True,True,True,True,True,8d1015a0047df5ae435f96018b5ef48f61b4684f5c1392ce64c1806f5e845b3b,2bbefc05c2a139e041f4c5f4de766da535429849efc97563d0fa8d6a220933bb,1406d591b6cb89599c61882fb2bf518d7a17911993a670d0573bec1e3e91c791,1406d591b6cb89599c61882fb2bf518d7a17911993a670d0573bec1e3e91c791,,
sine_noise.csv:A2:cq=4,True,True,True,True,True,True,True,True,True,True,True,True,True,True,True,True,True,8d1015a0047df5ae435f96018b5ef48f61b4684f5c1392ce64c1806f5e845b3b,2bbefc05c2a139e041f4c5f4de766da535429849efc97563d0fa8d6a220933bb,1406d591b6cb89599c61882fb2bf518d7a17911993a670d0573bec1e3e91c791,1406d591b6cb89599c61882fb2bf518d7a17911993a670d0573bec1e3e91c791,,
sine_noise.csv:A3:cq=4,True,True,True,True,True,True,True,True,True,True,True,True,True,True,True,True,True,3c54bf800b858763fc0001f0c3e97999afd0a3f5eec1b73adf2a111844f44d95,a95928ebae9b8c7ec4177501b5367ba80fa44635797ea904646d0ec79906eda0,7442d564ae1abdbb85c0d360c483be1b24a73378e24d5fae56b5a672b9132634,7442d564ae1abdbb85c0d360c483be1b24a73378e24d5fae56b5a672b9132634,,
sine_noise.csv:A4:cq=4,True,True,True,True,True,True,True,True,True,True,True,True,True,True,True,True,True,898acff8a8a7a30ab8ba917951ea734c21bf37c3c0a4475111c65a8e15157991,a266098f2d6e3c797be9a0d2f8c773ca31eca8411f5a2b227ebc6ea66fbc09ee,9f27a7aa3c9ea1665af7c45b237093633ca15a439954db1e28acb3fc7e28da87,9f27a7aa3c9ea1665af7c45b237093633ca15a439954db1e28acb3fc7e28da87,,
flat_spike.csv:A0:cq=0.0625,True,True,True,True,True,True,True,True,True,True,True,True,True,True,True,True,True,85206dbe7b9d2ae61acdd5e04a0fc3381923e747fdebc208935e5cc234f2fa4e,f3f71938a969015f9ec3f5cf45cdb3cbf66239bbc6af11a6dd9b07e1227e41ab,6f305f9d8a3b854a70148043d039774e8f43eeffd03a5ebe8183d7d9eeba5b4e,6f305f9d8a3b854a70148043d039774e8f43eeffd03a5ebe8183d7d9eeba5b4e,,
flat_spike.csv:A1:cq=0.0625,True,True,True,True,True,True,True,True,True,True,True,True,True,True,True,True,True,df1e47374f71ddafc64ef1436b07b2df90573d60b87fbea6d31b83aeb02aa4e1,87b8e7c13883450090194fff089c978845adefa807d9c740a716a61e807fcd91,44bbbda047cb56bbdc5eec33bcaab6da72d9c60a0e58288fd90adf84893d1713,44bbbda047cb56bbdc5eec33bcaab6da72d9c60a0e58288fd90adf84893d1713,,
flat_spike.csv:A2:cq=0.0625,True,True,True,True,True,True,True,True,True,True,True,True,True,True,True,True,True,9a109c1a26d05a60182a16ec5a5cfecc091a36275c7c620e39b1044d101d545f,9e7976774e189c59e0c2d3b7b84cd9e039e7bfcd286310c4de8c75951794785b,0ef0fbf16fad1482ec67ec9c5e5fcfa44bf4f50feabc36ba2423dd507be43f3b,0ef0fbf16fad1482ec67ec9c5e5fcfa44bf4f50feabc36ba2423dd507be43f3b,,
flat_spike.csv:A3:cq=0.0625,True,True,True,True,True,True,True,True,True,True,True,True,True,True,True,True,True,0c19f6dc16c195d4a982db8fc6dfb361c4b3ff81a9b1164b6747e828af0f744e,49259e8cfe77bacc4533d4ff345608f1be6696f23536364a7b76657b31e0a6cb,8df84491d8dc121b9bbebef1d94cf4cd111412695fb125d97d07aa71a3203e4c,8df84491d8dc121b9bbebef1d94cf4cd111412695fb125d97d07aa71a3203e4c,,
flat_spike.csv:A4:cq=0.0625,True,True,True,True,True,True,True,True,True,True,True,True,True,True,True,True,True,0c19f6dc16c195d4a982db8fc6dfb361c4b3ff81a9b1164b6747e828af0f744e,49259e8cfe77bacc4533d4ff345608f1be6696f23536364a7b76657b31e0a6cb,8df84491d8dc121b9bbebef1d94cf4cd111412695fb125d97d07aa71a3203e4c,8df84491d8dc121b9bbebef1d94cf4cd111412695fb125d97d07aa71a3203e4c,,
flat_spike.csv:A0:cq=0.125,True,True,True,True,True,True,True,True,True,True,True,True,True,True,True,True,True,b167c1be3f53671df0e69c466e19fbfed7fac7204ae5240b5b071e60b092b7df,c72ebb18fac340a60ff59efc518b74c37534b85f4a9a033776482b44aacecf53,3703d063ee88eefc12eb54100b0bf35ca1b48f7f04eeee135d4fb66116bae05d,3703d063ee88eefc12eb54100b0bf35ca1b48f7f04eeee135d4fb66116bae05d,,
flat_spike.csv:A1:cq=0.125,True,True,True,True,True,True,True,True,True,True,True,True,True,True,True,True,True,6afed279bc3b8247d222a68b3dcf394524698f3455d12978c74f485492ee44a8,ad3313d6b45f19ed930050d62d668bdbf95b11c4ac195ca5ae101228dbf8732c,d5f39a480d42c26962fd9d4bb626a2a49ce4e8a1e3159a74fc269300b6d8ecfa,d5f39a480d42c26962fd9d4bb626a2a49ce4e8a1e3159a74fc269300b6d8ecfa,,
flat_spike.csv:A2:cq=0.125,True,True,True,True,True,True,True,True,True,True,True,True,True,True,True,True,True,86f88de8d88ad01b73a91b0ab55c4de94cdc664d4154c1f4a852e3f33631400f,300916690d306d47dfdc03e5126bea672d3ada64774ccc810ce47c17499bf277,56afbed910575285acd66dcbba3282fe23f8e48c6cbe66d920a08de8b8350659,56afbed910575285acd66dcbba3282fe23f8e48c6cbe66d920a08de8b8350659,,
flat_spike.csv:A3:cq=0.125,True,True,True,True,True,True,True,True,True,True,True,True,True,True,True,True,True,b1927bd2de7d34b19821f258fa758aa04fd7ce749ba75bb2bd7a47721eb673a0,07962630c7a6cc2180859c46022f05ec7f492612062afc2e6768e5b67035418d,46b8c82710fad6d16c7099132bcd0da96484c8594ea389e61ba635806cfe0207,46b8c82710fad6d16c7099132bcd0da96484c8594ea389e61ba635806cfe0207,,
flat_spike.csv:A4:cq=0.125,True,True,True,True,True,True,True,True,True,True,True,True,True,True,True,True,True,dc7d2178313086f8fdcaf0cb5c95b229cc2299bb781d97a8541fcba492864735,aa38c33974357a9742bd7668275e4dd8bc37f67b05664c8ec2800a46a7c7a80b,2eb0a5ad5d123e67ab778e959c21f0bf0570ba844bcbe44b4bae03226a604704,2eb0a5ad5d123e67ab778e959c21f0bf0570ba844bcbe44b4bae03226a604704,,
flat_spike.csv:A0:cq=0.25,True,True,True,True,True,True,True,True,True,True,True,True,True,True,True,True,True,c673b26e2a1c11eeab7a6724d479eccab6426635595874e8c3de62a305f1d69b,006055c141c386c591380357facf2a2b9765b9b952650da5d8925e87f80a42c0,418601172488e5bf3d84ef68ff56e82bd81db9161ff42adb939dc1cae8474f19,418601172488e5bf3d84ef68ff56e82bd81db9161ff42adb939dc1cae8474f19,,
flat_spike.csv:A1:cq=0.25,True,True,True,True,True,True,True,True,True,True,True,True,True,True,True,True,True,45820c789dfeeb771a986e83be6837167d1fc04a7f57d2b12cea2c970621c027,62853494a2c80bf0a123a5c50c401d3e961140aa3673c4bb49ea61ac24167c43,a86c5be89776c533d098b5700bf9b6d24af8eb57154c4313172c075ba6e7c9ce,a86c5be89776c533d098b5700bf9b6d24af8eb57154c4313172c075ba6e7c9ce,,
flat_spike.csv:A2:cq=0.25,True,True,True,True,True,True,True,True,True,True,True,True,True,True,True,True,True,3a619918648379a15b3a4736f1f884b50c5255db9c92b7bf6cc3706900767bba,d31302cc1b561399958f5bea6cd5d78f76a6cd1430f099d4544aca3c34f5fc42,952cea604c2426fdd912e1e278e2506c1c434f77c70f169f55c9fb0c8e192dd5,952cea604c2426fdd912e1e278e2506c1c434f77c70f169f55c9fb0c8e192dd5,,
flat_spike.csv:A3:cq=0.25,True,True,True,True,True,True,True,True,True,True,True,True,True,True,True,True,True,6f85de07fa6c203d1f65bfc6884f9ec46ec7dd10c32a5e24133b2f3b67302142,3ce345f3f8b4cd9ef928114b37a253ae82d77dcbb55524872e1ba5ed9dcea0cc,7c5e31a04db7b16fd7a0dfaa6ac7ba49eeb133c4cf2824f1dbb04c4eade83703,7c5e31a04db7b16fd7a0dfaa6ac7ba49eeb133c4cf2824f1dbb04c4eade83703,,
flat_spike.csv:A4:cq=0.25,True,True,True,True,True,True,True,True,True,True,True,True,True,True,True,True,True,92e4dc4cf505514d7f14a2b1945be71359252d1f922e5e459ea075ea52b7c02c,d8a67f73f3e778fe9ccaf6bbea4b225ca87bb5f36663f81fef472d24e4835fde,1ab62a21b5c265777b8accfe60a8a0afde56770a27c78d9ecbe5ccda70aa92fd,1ab62a21b5c265777b8accfe60a8a0afde56770a27c78d9ecbe5ccda70aa92fd,,
flat_spike.csv:A0:cq=0.5,True,True,True,True,True,True,True,True,True,True,True,True,True,True,True,True,True,0b8ec427a8783ff8c94f2c5911054eb1ffc9f8d54cc39f7aa477cee79eac1b5b,b09378c3c34848b5e3127c6f30bfd908eeab41a313fdec92769e156842076b91,e0e88af945d8db09d7eb8b2b76c994b7942145c8cc2906cae1c6fce0aafe1501,e0e88af945d8db09d7eb8b2b76c994b7942145c8cc2906cae1c6fce0aafe1501,,
flat_spike.csv:A1:cq=0.5,True,True,True,True,True,True,True,True,True,True,True,True,True,True,True,True,True,0b9c5314a690d8e316d4cccc8a1ea1839afe4b7d3defb5d30f218029f3c6e73b,91fe03aa68900b4250a618da240ed19d52d906f8e3003fbef109411c0b10a77b,c967b29865b7d96a3e904f24e9507675c3d254677767316e366980237bbf0933,c967b29865b7d96a3e904f24e9507675c3d254677767316e366980237bbf0933,,
flat_spike.csv:A2:cq=0.5,True,True,True,True,True,True,True,True,True,True,True,True,True,True,True,True,True,506fe2ee57dda1cb984ebff16d18f366d800f44b6e4f206ee1f7647848242b08,fa2b5191cff96411581268e6ffc65f074ab4619d9394c46a791aa46fc4c267e6,ea43f2b49221bcef9faf18b2a08612d072556bbb93ef649c80726edc3fd27b7e,ea43f2b49221bcef9faf18b2a08612d072556bbb93ef649c80726edc3fd27b7e,,
flat_spike.csv:A3:cq=0.5,True,True,True,True,True,True,True,True,True,True,True,True,True,True,True,True,True,1ba86d394b5309f4be7120ea5f3465da2d9c7e90cceffe8585a2070ec7176b0f,bdfcbda898731c51a6d577bd4dfeefcfe7619761b789fa7538469b64ef7e1e54,23007e8c382b6463afcccaa1ed47ce7e598a65936f2e9f5842803a15fe38e4ed,23007e8c382b6463afcccaa1ed47ce7e598a65936f2e9f5842803a15fe38e4ed,,
flat_spike.csv:A4:cq=0.5,True,True,True,True,True,True,True,True,True,True,True,True,True,True,True,True,True,ef1f7d38bad87ade1613c2175b347130046da596038188eae1e6c6221de4a165,b54345b3bc2fa1bd0df5e4535c10770345a7e7f0db9efb58b8c476b3914ed343,3629e8090d50a734ecd39f003bb96415feddaae529f019c26a2a4db887734afd,3629e8090d50a734ecd39f003bb96415feddaae529f019c26a2a4db887734afd,,
flat_spike.csv:A0:cq=1,True,True,True,True,True,True,True,True,True,True,True,True,True,True,True,True,True,e9e4a2672d9ace8d406075abadddd92aff3bc74a3b032ecc11059a055db1bb04,2170745a81f0a6a55f02f22028efba5c90d4ff3aed7319fbb7548f1f60738ce8,ba415f19afca7d0e74950381657a733bb51fd40da28f8c9b3f349d151718cab5,ba415f19afca7d0e74950381657a733bb51fd40da28f8c9b3f349d151718cab5,,
flat_spike.csv:A1:cq=1,True,True,True,True,True,True,True,True,True,True,True,True,True,True,True,True,True,d9fa186843f1bc352410c6695fb64907cff5d66cfa65e55a67fdfd5ebb0fafb4,e300fe3651fe8d23e1064fabf1f465a68f6dc74bd2b8a016a1627dffa505be00,540d23c9f1accbf9c5f1dfb3dabf434b1453a53dd5fc35d42b1bb3d075d926ad,540d23c9f1accbf9c5f1dfb3dabf434b1453a53dd5fc35d42b1bb3d075d926ad,,
flat_spike.csv:A2:cq=1,True,True,True,True,True,True,True,True,True,True,True,True,True,True,True,True,True,e1d2c9ad685c3452bdfbc1efef7e189042d034adfdb900d8800bb11b026d5c9a,962b3e102089202f963fa6decfe69127833cddf4efadcdd5edce4ef069aa3737,53864bda753a1a1294a5c1d776baa093aa92791b66b145712ff8e1cbe55302f6,53864bda753a1a1294a5c1d776baa093aa92791b66b145712ff8e1cbe55302f6,,
flat_spike.csv:A3:cq=1,True,True,True,True,True,True,True,True,True,True,True,True,True,True,True,True,True,6beb033549c8b4d5ef93e5973c76b1a2f8498eb51201679e2e5c027a17f51864,401fe57a1de7a1852b397e5cb2cb0bb821545f21b8327fbff37a83f55cd67980,58527e312fd22e97d1501acb13bc59068af05dcfadccd7319a3c8ad50457f6d6,58527e312fd22e97d1501acb13bc59068af05dcfadccd7319a3c8ad50457f6d6,,
flat_spike.csv:A4:cq=1,True,True,True,True,True,True,True,True,True,True,True,True,True,True,True,True,True,d1d8607f4354753778e2ed84509d148b855e73b8513f6f604b1fdea83bd7b507,5cc1fa912ea81cc3178d87f9e2767b367890c11d42c9f6018556e199306cc2d8,b5900cc23c3c6cbe3bfdbe9a314aa4a8e9ac83d3c1b8243d1557d2b284d20675,b5900cc23c3c6cbe3bfdbe9a314aa4a8e9ac83d3c1b8243d1557d2b284d20675,,
flat_spike.csv:A0:cq=2,True,True,True,True,True,True,True,True,True,True,True,True,True,True,True,True,True,2b5531034b7b207c96a5c338d03db71680be5371b561b682ad54ec156db9757d,07204ce1ab2957e601aa6aa0713e51c872dd3f8f9763eb46a1b43227123e3437,7280d99139f10ba5f5c15c412e94c6a594bfc159001a0edaf05d614579ef3cc3,7280d99139f10ba5f5c15c412e94c6a594bfc159001a0edaf05d614579ef3cc3,,
flat_spike.csv:A1:cq=2,True,True,True,True,True,True,True,True,True,True,True,True,True,True,True,True,True,36fd2b6b391d5cdd7c5e83a1620be74509bed5679ac549311c2ede97a4c861c1,a78c53894566a5d25bfc133e46f8342e3d94444f3b345e08c32b240e864183ad,f038c18c4a245957df9df276e68ddd15d45dfbbf5241104caf2de402cbd3e3d6,f038c18c4a245957df9df276e68ddd15d45dfbbf5241104caf2de402cbd3e3d6,,
flat_spike.csv:A2:cq=2,True,True,True,True,True,True,True,True,True,True,True,True,True,True,True,True,True,2e1d3a3a783b04147ea973e9e71453f7bb9976077adec8b22616b29982f39c2f,551aee1c301b89612eb9a52adf5f96eba530515e02707f85f1a3c1e384e86691,cf0537cf2a37503a0761ffe989e321a53e61ad797ffefd04b66339fb4e3d6b14,cf0537cf2a37503a0761ffe989e321a53e61ad797ffefd04b66339fb4e3d6b14,,
flat_spike.csv:A3:cq=2,True,True,True,True,True,True,True,True,True,True,True,True,True,True,True,True,True,e55ac886b835c60539fd9111f72f103453abbe77f3b77567cc8fa8e7f71e9167,4a6504885c45bfd74c9c80e1a6ec87164660084b366ba327d8618718a60d9049,f218e3af585b85df84a82ad98c2af4e230c0d093d5e76f6581a2d65eaa970812,f218e3af585b85df84a82ad98c2af4e230c0d093d5e76f6581a2d65eaa970812,,
flat_spike.csv:A4:cq=2,True,True,True,True,True,True,True,True,True,True,True,True,True,True,True,True,True,75781ac2bf918c375950fc23f70ff5a28965f45e66af2004fb59c67c510da48f,8546a12a9a2b490ff51a599bcf6f5c36ccf1b7112a0c20c4af2c6c7d4eecd2a4,de780a6084be32226ff0e2f63dbb0c4ace6de990a4fab40de7ca2d295b92f08c,de780a6084be32226ff0e2f63dbb0c4ace6de990a4fab40de7ca2d295b92f08c,,
flat_spike.csv:A0:cq=4,True,True,True,True,True,True,True,True,True,True,True,True,True,True,True,True,True,f36cf45a910e26bf2833d2dd22b9167f590a839561ba54989c663f49c5510cf3,eefb788f839c1d53cca4093edbb3e6e78ec6b5cba8a8aec2bf1c7100f923fdcd,90699bb652c20c31294178e7f8e4ba55ed4f9f3bb427e494fc378ae022de84d0,90699bb652c20c31294178e7f8e4ba55ed4f9f3bb427e494fc378ae022de84d0,,
flat_spike.csv:A1:cq=4,True,True,True,True,True,True,True,True,True,True,True,True,True,True,True,True,True,b8fc702c0986088e596c9ab1e09ce158ff4fbcbc733f13904f7129af60c82ef5,a590ed633b970aafe431dd9f47bc5eb644624f41ae44d014dc4b7349f468a880,fb199b2a029d0e2c98fc2a52500e04c2a528207bfd0c81f6a22928caaaca7c91,fb199b2a029d0e2c98fc2a52500e04c2a528207bfd0c81f6a22928caaaca7c91,,
flat_spike.csv:A2:cq=4,True,True,True,True,True,True,True,True,True,True,True,True,True,True,True,True,True,30bf1ae7e2d7cd817fe44a89e87529a1348e6cc349a7656ee504ce07c139962a,067c1b4f15301fbc43ef0d97e5cf2d91ce525076957841a7be9214132161b970,e519452e222f9564f442b01b0ccde4bb2c7798f6c6482575d011173cdc5752d7,e519452e222f9564f442b01b0ccde4bb2c7798f6c6482575d011173cdc5752d7,,
flat_spike.csv:A3:cq=4,True,True,True,True,True,True,True,True,True,True,True,True,True,True,True,True,True,0fd6db64cd4253642d1cf34ae591168b558461942364104bd19ba7a0df34b55f,2af1b28780b8cc0eb239352a23641e2f102e3631be73ab6a2108e16bc4d2119a,ca60a028ba39f5f41a7af5c2d42eb517bfd8c303c0c7f2c189cfa0bacf0bd453,ca60a028ba39f5f41a7af5c2d42eb517bfd8c303c0c7f2c189cfa0bacf0bd453,,
flat_spike.csv:A4:cq=4,True,True,True,True,True,True,True,True,True,True,True,True,True,True,True,True,True,a21de887c230f1e5548e38f49347969263ab7c97ad93510277a6a86384decfbc,61df36bbb519670978bceb539f30fa8644165ffc3b7a720f51a49f7f03431978,e3f0e43f195eaba102e3c5c9ae2b124d99d73c84a7e61fa3886ad942726a5c21,e3f0e43f195eaba102e3c5c9ae2b124d99d73c84a7e61fa3886ad942726a5c21,,
appliances-energy.csv:A0:cq=0.0625,True,True,True,True,True,True,True,True,True,True,True,True,True,True,True,True,True,cc65689e5ae7ab17083c76aa79cd7ca62b122cc19557d206ce3f8bcf6bc4f11e,4ee80ebf5401bef196424fb7adf0f0d1d1717bfec7ca26741f42be9242863733,c445f2f23dd414e22bf51d3398d0aab29229b6cb304de295ba6934b4679f879c,c445f2f23dd414e22bf51d3398d0aab29229b6cb304de295ba6934b4679f879c,,
appliances-energy.csv:A1:cq=0.0625,True,True,True,True,True,True,True,True,True,True,True,True,True,True,True,True,True,693fc4cffd0d1b5c7593d8a4ef0a8b18b214c9e982f9635028bb469d6ae85a98,f610f3284542ded4abcd42af15cc55b8493d09f515c771fa9f3967ffe691dd90,2cc18fc5ca686fabe6b57f19420387fdc6f260950f85c3bbbc88a18b9617af73,2cc18fc5ca686fabe6b57f19420387fdc6f260950f85c3bbbc88a18b9617af73,,
appliances-energy.csv:A2:cq=0.0625,True,True,True,True,True,True,True,True,True,True,True,True,True,True,True,True,True,2545edb5c6afb211b24d0f028dd77df90fa90b5d3953ef4c55172b5db4309e5c,299289cef39facb1fd21665fd6e17698b45f17497d3819f39e5ce40954e88262,2bdd6de14d8c827188c9915a940fccaeac759d7ae273fcf74f23a6e210d71aaa,2bdd6de14d8c827188c9915a940fccaeac759d7ae273fcf74f23a6e210d71aaa,,
appliances-energy.csv:A3:cq=0.0625,True,True,True,True,True,True,True,True,True,True,True,True,True,True,True,True,True,41662e6e6c012f5018e072876d9b61db0f02c4fa23e4eda16a1e784ed5989d85,dd8163a2743f25ccc59a023e689ba43065d59ca8fd488d8e7b4c19cf231142fc,df4935b866562ebf6653fb335974b73a8610ce5a55cb8ef1fdf141feae4f8fbe,df4935b866562ebf6653fb335974b73a8610ce5a55cb8ef1fdf141feae4f8fbe,,
appliances-energy.csv:A4:cq=0.0625,True,True,True,True,True,True,True,True,True,True,True,True,True,True,True,True,True,868f5a96951ad211794c9025c4e03296e64f177ce08f18b6a980fa1d942a31b4,b2f43efc259d82b12564755dfd7947e62ec81227167072394933a7feb11db5c0,33694a99fb37cbc977b927fde5340efcbea549db35d0fcd9178fba56cca90d34,33694a99fb37cbc977b927fde5340efcbea549db35d0fcd9178fba56cca90d34,,
appliances-energy.csv:A0:cq=0.125,True,True,True,True,True,True,True,True,True,True,True,True,True,True,True,True,True,7f071b8be6e98d76ca6a58e514e2b975a8f976849e672f46ccf323cfd20726b2,624f7dcda2ec8d69aea8114dee665f189975f844bd507cdd0c1b99354145ef42,046127edb07c02c74b2802c2507105a2b5be2814a14501fd401eb979891ffb79,046127edb07c02c74b2802c2507105a2b5be2814a14501fd401eb979891ffb79,,
appliances-energy.csv:A1:cq=0.125,True,True,True,True,True,True,True,True,True,True,True,True,True,True,True,True,True,bbb6d62e67f407015e717a8033e4be8a4a8f26e991399d0967b2cf7f21c94f18,b271eab00342d5c6654c7e40d4c03048b2f80af9e22ebe8c94aeaf5e518e95cb,15e231d60a0ab871d6de5a840f4da1e0a0531305cd9fbf05f411356c39cd57c8,15e231d60a0ab871d6de5a840f4da1e0a0531305cd9fbf05f411356c39cd57c8,,
appliances-energy.csv:A2:cq=0.125,True,True,True,True,True,True,True,True,True,True,True,True,True,True,True,True,True,2c188e86c522924c99ab657e378a1b8307490ac39f88cf596f912eb72188e235,1af4dd683011ac8e6e96c0a0e5f295a28312205e87885d3659a988bef0ee61d2,ce1d70ae1d17a0667a54c7bc7d98d8e7d65b4d760868d42cfb131ec9da2f047a,ce1d70ae1d17a0667a54c7bc7d98d8e7d65b4d760868d42cfb131ec9da2f047a,,
appliances-energy.csv:A3:cq=0.125,True,True,True,True,True,True,True,True,True,True,True,True,True,True,True,True,True,e5b550252edcf4bd77c6f7a3eab2b8a00d1bed27a9bbdaa1d088242a70ae07a3,c792d4781600e2c5c5707004c49e04f0550334711dc183d92ea870e0e997e17a,2921a680a7b9e2e649a3df7f933adb274e3d4d11b6e60ea273566b2e03b23e6b,2921a680a7b9e2e649a3df7f933adb274e3d4d11b6e60ea273566b2e03b23e6b,,
appliances-energy.csv:A4:cq=0.125,True,True,True,True,True,True,True,True,True,True,True,True,True,True,True,True,True,e4eb7406fed4ed4d59899ae0e373eb3ce443f376ae7207fdbbde00864563fbc2,5309b438c63f5be68d2fc702ee8566c1a20994287a76294f7efdb9969d4104c5,06677f553a466c1e90a4b62aac4699eb1a8d32d1b7d0de5e96c64017902a5c3d,06677f553a466c1e90a4b62aac4699eb1a8d32d1b7d0de5e96c64017902a5c3d,,
appliances-energy.csv:A0:cq=0.25,True,True,True,True,True,True,True,True,True,True,True,True,True,True,True,True,True,e59b408913043ef517fb0706e5c0c61a0588e1c9f144233aa2618dec7e71e582,e90be7d8f8924a64270dedc83db08d8ab3cdd390c52ca03324bd333cc2ca626d,e78918c7dbf278698fbd7edfd0594bf642f57f11a87feccbbf35836e7b49fcaf,e78918c7dbf278698fbd7edfd0594bf642f57f11a87feccbbf35836e7b49fcaf,,
appliances-energy.csv:A1:cq=0.25,True,True,True,True,True,True,True,True,True,True,True,True,True,True,True,True,True,da20dd28e2fd7a8a5385fdd45bc2bd34575d5cd2deaeba7277971a95aed8ea7a,bb1cabe645d78e047e25bcbd3c64b581d84cea67756a4e50293ff8a460c5b2ef,b4a7ed72f1bcddfa2016a5eedb7f42feb4114141cf994720a14b4f18dc2ff5af,b4a7ed72f1bcddfa2016a5eedb7f42feb4114141cf994720a14b4f18dc2ff5af,,
appliances-energy.csv:A2:cq=0.25,True,True,True,True,True,True,True,True,True,True,True,True,True,True,True,True,True,efa1a350f04e0e590299b85624e2f30a16b579eea335e3e0932b1219040b14ba,d56091874da0bc554d4766344c3c8b08120151fa862177a5f06ce1257df0f986,4e861fb8550e479179b7a9cf479a5a5cb8d84349ee6dcebb8a2e40f28579006c,4e861fb8550e479179b7a9cf479a5a5cb8d84349ee6dcebb8a2e40f28579006c,,
appliances-energy.csv:A3:cq=0.25,True,True,True,True,True,True,True,True,True,True,True,True,True,True,True,True,True,c339cb0f132d30bc716fded859d9f4f92b87cd6e3b7c34d519ec61644ec877c5,60d32e49f65b00301349c1e537e175eb7c36b3f80f4702e02a09ef745e31f3ed,fd31e3846decf20de4223362d998e679157d969ac033ab09e181178977c7f9fb,fd31e3846decf20de4223362d998e679157d969ac033ab09e181178977c7f9fb,,
appliances-energy.csv:A4:cq=0.25,True,True,True,True,True,True,True,True,True,True,True,True,True,True,True,True,True,2d652fd170f097f2461c3283be9ce4e0f2bea930738e95ef9813437b74e5d693,5a20178c77d4031a335bfd776e79b71dd4604dc4c95611142859fa60b32477ef,103d8c4425e6e26e3a1229fe5126c2cd2cd190aaaebde84e9a5b74b332934db0,103d8c4425e6e26e3a1229fe5126c2cd2cd190aaaebde84e9a5b74b332934db0,,
appliances-energy.csv:A0:cq=0.5,True,True,True,True,True,True,True,True,True,True,True,True,True,True,True,True,True,e4cd6640debdb40ff343f167404a08a4c8f79af80f51be91c59e0c834171c241,4c27d7604b1ac68348a434abebb370ab4bc3355e776bac4d976f8045125cad77,9d0545723f12efb36b9691fc66726d4ceb4b69a72601c807c7e3205b5c7b2938,9d0545723f12efb36b9691fc66726d4ceb4b69a72601c807c7e3205b5c7b2938,,
appliances-energy.csv:A1:cq=0.5,True,True,True,True,True,True,True,True,True,True,True,True,True,True,True,True,True,ab8a12948acebfa879ff9e2eaeb7c973b3eecf0a53bc60cfea22fbe6983558df,b5e3c1ed3ec422a8b4e4f29d7fa6c30c05aee1f8ebda3c749537a2618fa11e98,580019d1ee7bb5801b5c1eedbcbcd3dcdb2d1a5652510ec83b82ace7396c4ca8,580019d1ee7bb5801b5c1eedbcbcd3dcdb2d1a5652510ec83b82ace7396c4ca8,,
appliances-energy.csv:A2:cq=0.5,True,True,True,True,True,True,True,True,True,True,True,True,True,True,True,True,True,66f969126c4db2f1dcb472adddeba059ddeb9c2b84d4790b5be8a4a341141d34,c147ea436812b6fa2ae44df1fdbf4002ac96886ae58801de0472075062544e2a,ddca5fc764701ecb563b7cde92bbb6d0fe33fcff5e988561f32871b0202ac522,ddca5fc764701ecb563b7cde92bbb6d0fe33fcff5e988561f32871b0202ac522,,
appliances-energy.csv:A3:cq=0.5,True,True,True,True,True,True,True,True,True,True,True,True,True,True,True,True,True,b483b0f7aad204485bfd40b4ce6734f0881d5ef3d6f59b57f832184b696116f5,f9ac97ecd353fb555486ce2e1db2b79d5fbcb758042e45a13624c7d8bfa37c0d,f1fe408bfc62ade50454114ee561a6fc950182693a77f89536db4f4153a8fa79,f1fe408bfc62ade50454114ee561a6fc950182693a77f89536db4f4153a8fa79,,
appliances-energy.csv:A4:cq=0.5,True,True,True,True,True,True,True,True,True,True,True,True,True,True,True,True,True,ae41264a02ead2d736e14154655991abc5fdc0514f4ef0d9f87b1509d75cfa3e,010e1f7baf1f1e52a43a9856b1a4f8530b94d39d84f45c94217e29757ec3f7de,7313e939fafa8efc7b5a75be0bdf721363dea255fed6aa32139fea4958db21f7,7313e939fafa8efc7b5a75be0bdf721363dea255fed6aa32139fea4958db21f7,,
appliances-energy.csv:A0:cq=1,True,True,True,True,True,True,True,True,True,True,True,True,True,True,True,True,True,f7717f8d2b2be3a7179981e39f1ff407b8cf130622684aa1e7cd5583a87df82f,028a46296158d8b94869055e703d2803b6f7cf4ddd221ac900d97304ba4c8353,2311151390dfbec6e91cbcf2076c22096bba92c0d6da414c83593e7595a83844,2311151390dfbec6e91cbcf2076c22096bba92c0d6da414c83593e7595a83844,,
appliances-energy.csv:A1:cq=1,True,True,True,True,True,True,True,True,True,True,True,True,True,True,True,True,True,2c089389d4652e6b3bf7c1f103cc1a5e840a9d5289b5924d9cdcfc7134ba6a85,72dd2294706f3762f32c43ae61f32cca1e8207a5c365a21425e6b51862dfd010,d59838adfd6346425f8e33bef51eef1e925b391b4dd5078bcfa57ef9b87bb0d2,d59838adfd6346425f8e33bef51eef1e925b391b4dd5078bcfa57ef9b87bb0d2,,
appliances-energy.csv:A2:cq=1,True,True,True,True,True,True,True,True,True,True,True,True,True,True,True,True,True,101176868c09ae0df640fccc4f14f5230a71ef6c6284517c2733698de79c08a6,cde883edc04fff90944b28ab72f890f8e052c4cb00e934fb01e8b6e596a58362,ac664ca3c32c853e133f82d00a1195201aea48a2c9fd9fa3e5b00e0ea754a780,ac664ca3c32c853e133f82d00a1195201aea48a2c9fd9fa3e5b00e0ea754a780,,
appliances-energy.csv:A3:cq=1,True,True,True,True,True,True,True,True,True,True,True,True,True,True,True,True,True,59498d6fbd45aa282579ff17e4bd1cd37f0d81d946a722e493e54fc47baff130,69398ad0fc0e37e3fbaf84acd3205cca8599a6b18312fe817a6706943fe05fa0,6b36ae85c80a99d21029b97a68691114e09b0f3d0b63cc6b6e9b339429ef6729,6b36ae85c80a99d21029b97a68691114e09b0f3d0b63cc6b6e9b339429ef6729,,
appliances-energy.csv:A4:cq=1,True,True,True,True,True,True,True,True,True,True,True,True,True,True,True,True,True,b9175c2514cbe8bed62630596c2d774782928d18dc1d8e670a0aa5c625d24783,b05530b056dcbb6f7b4ff7b5636bf70ed03451d2d7f7e8952b27056d67fec2ee,21313fbd772953707044464cf35fb8a6da997f68d4c3f1ff9bd1e0767c7097a7,21313fbd772953707044464cf35fb8a6da997f68d4c3f1ff9bd1e0767c7097a7,,
appliances-energy.csv:A0:cq=2,True,True,True,True,True,True,True,True,True,True,True,True,True,True,True,True,True,9912654f4812c9aced9ae780b95a3948e28f886aa43546ee3d8bdf8b166f7227,66c79c4754222277e79b7105084c0bd8c804b352851606440f8445732dd902fe,45e1c5b951b960fb535e64a1732dd65d8e3acf093fe5bc5d5d4f92eaca8dddb3,45e1c5b951b960fb535e64a1732dd65d8e3acf093fe5bc5d5d4f92eaca8dddb3,,
appliances-energy.csv:A1:cq=2,True,True,True,True,True,True,True,True,True,True,True,True,True,True,True,True,True,c9ddce51e2390c1f31c8ff07d02a263150e7d65c56e6e157d0975b333c288f05,bdb1bad4c97ac6fe7060b0b6a222ee7dcf58cf2e2f00a272974b742e987a148c,fbe59ba8cd7865264a700a7f5caa2ea8979167d65417becd8500505229b7b734,fbe59ba8cd7865264a700a7f5caa2ea8979167d65417becd8500505229b7b734,,
appliances-energy.csv:A2:cq=2,True,True,True,True,True,True,True,True,True,True,True,True,True,True,True,True,True,dc1b782117a707877431fbb5ba3a5fba6ef859abe8a6ea34afd990a37fb7bb53,6f33be030e99a499c256840d6d5c8502bd937b88fb37d06d5f2f87c8dc9b1564,48c9c11f0783bf0bc8197fdadf5106b9503cd8a5658546db8d80d12940114c3d,48c9c11f0783bf0bc8197fdadf5106b9503cd8a5658546db8d80d12940114c3d,,
appliances-energy.csv:A3:cq=2,True,True,True,True,True,True,True,True,True,True,True,True,True,True,True,True,True,88e2c20f928b3955889fb95940d99c4f12c555645e8e323d4cd1d789f3e59c2e,72ce684e37d5db378c1e3d0cc07dddfb51a30a895ade79c11ce0b4a0e048a267,16a77a7b179485325e292df2116eebba1c137ce36bd3279a0c96aef54d5ff376,16a77a7b179485325e292df2116eebba1c137ce36bd3279a0c96aef54d5ff376,,
appliances-energy.csv:A4:cq=2,True,True,True,True,True,True,True,True,True,True,True,True,True,True,True,True,True,711f64d1f7442b0c7f3a69b00ebe0efdad39100065c3741df087f9d26346dcfa,840959ad2ccb37ec2d43c0589858229745e9f8326666c2a1a4291e832446395b,f9e1889afbb1c9424f321f8288fd38c157ad77fb236739c8133f53b39a62e7e3,f9e1889afbb1c9424f321f8288fd38c157ad77fb236739c8133f53b39a62e7e3,,
appliances-energy.csv:A0:cq=4,True,True,True,True,True,True,True,True,True,True,True,True,True,True,True,True,True,1deeef4048940d11e5da7077f9bf8cd5d633766c1c3c1c02a2d19e5980a8378d,de22550184438ba89e6fd22821f27cbfc18a6e033c4e04cc428cb347d4e2ede3,31347a32bc3266bf50905f6f358518968eed8b9a872f0ade409efbf6f8a63ce6,31347a32bc3266bf50905f6f358518968eed8b9a872f0ade409efbf6f8a63ce6,,
appliances-energy.csv:A1:cq=4,True,True,True,True,True,True,True,True,True,True,True,True,True,True,True,True,True,b0e77d3241dae48c149addb4d69e5ccddd956ca71076baad8bca2c14101e4c9e,6f2b318761ad43b1c6811397162b620e3abbaa65cbb9276e4a3b8bd9f31bef8f,02e34b1012809d16fd17f923e81b0c5a2590ca0f1e7eafc47a18a2553a05166e,02e34b1012809d16fd17f923e81b0c5a2590ca0f1e7eafc47a18a2553a05166e,,
appliances-energy.csv:A2:cq=4,True,True,True,True,True,True,True,True,True,True,True,True,True,True,True,True,True,a8f8f489fadb8f42fd452f9d26038bb77658aa8c540400ff133b9a54af7a673b,bae5e366e0de0fb83c0d4d2fef995bf32bd97992c99396e052455bb4aea9c210,2fce779d1912a047fb4ee7af0c6eede295ab12d2ec487b5e80c6539ccfe9ed15,2fce779d1912a047fb4ee7af0c6eede295ab12d2ec487b5e80c6539ccfe9ed15,,
appliances-energy.csv:A3:cq=4,True,True,True,True,True,True,True,True,True,True,True,True,True,True,True,True,True,9eb2db6070af0140f5a877f79345ad4cad6b152164c2bd221912cb688fa42d6d,b0c5e05cc67737798fa4227ab32e5fac566c52fe5039462fd24b36119d655dca,6b656d4477f64d369a2329034b69bb6e68ca60af836dba63e3a7dcee4eb9cfad,6b656d4477f64d369a2329034b69bb6e68ca60af836dba63e3a7dcee4eb9cfad,,
appliances-energy.csv:A4:cq=4,True,True,True,True,True,True,True,True,True,True,True,True,True,True,True,True,True,e354cb901a6661e110993698cc8d70ec44247900f74430a63b0ddaf16c756738,d0a8cc457418ac6e0e065206f8ba0dccfe943a08a2da0c9b2f769ae61b627c00,45c862488a6c70c22bc71474f2d5d9abeb1d51a803ef0c00848a5ca62fef2b03,45c862488a6c70c22bc71474f2d5d9abeb1d51a803ef0c00848a5ca62fef2b03,,
metro-traffic.csv:A0:cq=0.0625,True,True,True,True,True,True,True,True,True,True,True,True,True,True,True,True,True,99b28193ee5bdff26aac156567e4188ffc498e8a906225f71c787cbbeb6746b2,32f5dcd0ea32dd11e7c52f11d70758577f4b6edabd2c8109bf855890193f17d2,0933e565925fe767533d3d6f50ae9ea00d12d839c9493b41e798e5e671c75b3e,0933e565925fe767533d3d6f50ae9ea00d12d839c9493b41e798e5e671c75b3e,,
metro-traffic.csv:A1:cq=0.0625,True,True,True,True,True,True,True,True,True,True,True,True,True,True,True,True,True,cd341e60ebda95e0c5d8ac22bf5bc70d7a4e5e015ba651a61f7b4cbdeff0f828,b847bf8f4a27eab3909d499e83043902ca385969a44d341bb6a8af831253c310,4020c94575e92ea281195fe6ea9b6cac899188521d15e48b952239786dcd247f,4020c94575e92ea281195fe6ea9b6cac899188521d15e48b952239786dcd247f,,
metro-traffic.csv:A2:cq=0.0625,True,True,True,True,True,True,True,True,True,True,True,True,True,True,True,True,True,6af2538e384e07f2f94015cbc5d7d0faf0585f593e65212495bc2c3dbf9d3b40,419952acf537e6bf47295070eb0dcefa01222a9ee8f265f2c7b66cdd679857d0,4879d32596196680b50ca30f8d96f6ed70641e192f1dee2508b910ad57b7d11b,4879d32596196680b50ca30f8d96f6ed70641e192f1dee2508b910ad57b7d11b,,
metro-traffic.csv:A3:cq=0.0625,True,True,True,True,True,True,True,True,True,True,True,True,True,True,True,True,True,30add59cc148e09beab0b3b33aaa83f8f72e49770d719c29010485d26541ff4b,19a971245ffb8590863399e1ce28402e13d821910cafd274696980ba612b395b,d080a53b3f52cb3218c10d6a54af5053f9e9a8e999536447dfde16ea7c873c17,d080a53b3f52cb3218c10d6a54af5053f9e9a8e999536447dfde16ea7c873c17,,
metro-traffic.csv:A4:cq=0.0625,True,True,True,True,True,True,True,True,True,True,True,True,True,True,True,True,True,b62a6049478b7c15fd474512ef11d043ddd6d022e10bf3f88d18c67589ff0dea,c67ab50e6b7b67656a0255182bddc4cc0d2f18fb22228f6350e066fcf7dde6d2,2fa09f3b3460d2671f7a8a1b2d84bedb8e65e50ed4a37b6accc0c2fbafe10f82,2fa09f3b3460d2671f7a8a1b2d84bedb8e65e50ed4a37b6accc0c2fbafe10f82,,
metro-traffic.csv:A0:cq=0.125,True,True,True,True,True,True,True,True,True,True,True,True,True,True,True,True,True,3a1cb7c52a865a5f47d7ad1a9678e2ee6cf9d25eb54b7089f90e63914b56f16c,b3f4250c5ceabf4a283bd356d2ed8af2e60003e29b4d54771cff996aa2acd3e6,daefa99100fa3d46090af1bbbcbd043f3350eb60383f3cbfb66bc5fd2fea3509,daefa99100fa3d46090af1bbbcbd043f3350eb60383f3cbfb66bc5fd2fea3509,,
metro-traffic.csv:A1:cq=0.125,True,True,True,True,True,True,True,True,True,True,True,True,True,True,True,True,True,91181b82f4ec4f2000697fd7d983bc27da3dc8317e654529ac130a4a778ee919,b42c6578dbc00d074717f221e83bd09b4c2c5ceef43e9f2fddadc8a2b20c20d6,da30508c03f13a2ea0488b300bb5f3fd3d52a7545a99a09c665534124ec9085d,da30508c03f13a2ea0488b300bb5f3fd3d52a7545a99a09c665534124ec9085d,,
metro-traffic.csv:A2:cq=0.125,True,True,True,True,True,True,True,True,True,True,True,True,True,True,True,True,True,3b4e848cb147bff6457c0c9de68d065d890c3c7674d42f63c464330ffc11be53,1ff70a1ea0acc98a142dc09c46c724805e9e3471f88bcabb70b095640b71234c,c40cc940bf5d8692722fea8fe86e27175a8ed8838e1bb580aea02ec17b0f45ce,c40cc940bf5d8692722fea8fe86e27175a8ed8838e1bb580aea02ec17b0f45ce,,
metro-traffic.csv:A3:cq=0.125,True,True,True,True,True,True,True,True,True,True,True,True,True,True,True,True,True,e28543372e917e51f9397423e385640da96fdee76d59cbac638929a400a95444,a0ce773357a21520466d5980c4b7ebd7cbf084744101e357beb3bf98af3961d0,0db4b224cb93be0483756b266b2062b3b6d64a3a93c2ab37fc8b40e05229af04,0db4b224cb93be0483756b266b2062b3b6d64a3a93c2ab37fc8b40e05229af04,,
metro-traffic.csv:A4:cq=0.125,True,True,True,True,True,True,True,True,True,True,True,True,True,True,True,True,True,f68a6d8358ddaa98bc6a5294b80654f2652376e6f2dffa35c65a2a7608315602,92e3d467c871046f45baed6657048e5afbcb76d16c34dd12584170ec038979c6,fe333232b5acadff48fb61a4196ebe78dd9779b924c31e66c611015592521e69,fe333232b5acadff48fb61a4196ebe78dd9779b924c31e66c611015592521e69,,
metro-traffic.csv:A0:cq=0.25,True,True,True,True,True,True,True,True,True,True,True,True,True,True,True,True,True,b05654da7324e5878a55fbeb2504e7e9a1bdb73fca6735df7f6bff61399b797c,4cc7f2f6a12974ee64eba54cad232265384cf293da8e7f32acadc473797fe5a0,29d36d0c9043caab4c3f5df2f428f3be0a3e52086c0522580978e138e2f8b1f6,29d36d0c9043caab4c3f5df2f428f3be0a3e52086c0522580978e138e2f8b1f6,,
metro-traffic.csv:A1:cq=0.25,True,True,True,True,True,True,True,True,True,True,True,True,True,True,True,True,True,c45e59f25e9618fa143a965c5d61afaba3fcdb210a813c496a6aad83db329560,75802663d9571d043985d2db6d428aaed7f0b97d9a206d671a99ae5cc84b9483,b4c4ab8bd2b2125975d025aedf88038dabee09c1a84b5d724c6262bec1a419ec,b4c4ab8bd2b2125975d025aedf88038dabee09c1a84b5d724c6262bec1a419ec,,
metro-traffic.csv:A2:cq=0.25,True,True,True,True,True,True,True,True,True,True,True,True,True,True,True,True,True,3b1da3fad36df263c6940b5c477cddcd85b5bfa66cdf1d9368190ca31a0bf55f,309f9eb245b6556257fb97098206e1707ceb502f77fcdfdacfa8e38db819c993,94402df30c912eb3dcdd33a7d97e21061be7daa28237b7a5a871f930ae47c77d,94402df30c912eb3dcdd33a7d97e21061be7daa28237b7a5a871f930ae47c77d,,
metro-traffic.csv:A3:cq=0.25,True,True,True,True,True,True,True,True,True,True,True,True,True,True,True,True,True,9ef212d43bb710b4f03239c4985711ebdcdcf5bfef3b4bca14e70c908cfd75b8,a5142a90c5421d41f594ee1b4f4741b9aa8ecbe6a91db3b06612a5058ab6990a,cbe1b904fb98f243e21df96639fce2bc44842912657325acca3cf40c376e8a06,cbe1b904fb98f243e21df96639fce2bc44842912657325acca3cf40c376e8a06,,
metro-traffic.csv:A4:cq=0.25,True,True,True,True,True,True,True,True,True,True,True,True,True,True,True,True,True,2f79421b9425ef9760ea28ce1daef3bff8565b7c6adfbc55501a632ec00aef06,ecc20df7adeaeffea177884a103d43e14320a52fbea3954be5438667a2722325,ce11334bee491c044a2eafdd0fda17049b36f3b57b96026d8561925e67eeda95,ce11334bee491c044a2eafdd0fda17049b36f3b57b96026d8561925e67eeda95,,
metro-traffic.csv:A0:cq=0.5,True,True,True,True,True,True,True,True,True,True,True,True,True,True,True,True,True,7052fe504cf30fc442979172957c67580ce8ceb1e3ae958a755d2e4db23753ea,91a3b1a4aca4eb21dc3908f199be378f156ef9d3891382230b09f46235a24b42,1bce6654dd9bcc0f2fb93a24683b5859b9c19f78022adb8c909f19a75f274d4c,1bce6654dd9bcc0f2fb93a24683b5859b9c19f78022adb8c909f19a75f274d4c,,
metro-traffic.csv:A1:cq=0.5,True,True,True,True,True,True,True,True,True,True,True,True,True,True,True,True,True,acb02b7e469af4fec797404b3bed662741ccf27a86ab542299191e065a774747,6d4a77d018355264785104115a04aef1301140a47ec92a599a50fc6e2b171a86,3f9fc133d0cb5937b59370c21fb8366c15be776b7bde4d044ad27ad849c5e568,3f9fc133d0cb5937b59370c21fb8366c15be776b7bde4d044ad27ad849c5e568,,
metro-traffic.csv:A2:cq=0.5,True,True,True,True,True,True,True,True,True,True,True,True,True,True,True,True,True,2640f25cbe518f63424e6ce3881c972b95dcbe66b6394ce687496298ba0f150a,39acace2afd4f22764f6d038a9bbcb1668e347378317965dcc530ea227fdf5ca,a5095f5410610c563cf2782847184d9d8f80991c33ae3e9948581a849e42d59d,a5095f5410610c563cf2782847184d9d8f80991c33ae3e9948581a849e42d59d,,
metro-traffic.csv:A3:cq=0.5,True,True,True,True,True,True,True,True,True,True,True,True,True,True,True,True,True,cb828b827937fa9935f4c6dc5b30e35d1011942afb2357af8626feebfcf5292e,e106240e7f613a0edd93437ef5e27bbb75685f0c0740773e2cd39acdcada2fd8,510ee2ccee00f07f8b2ca5df6243be77841939ca88e832dbe540fc175fd9e712,510ee2ccee00f07f8b2ca5df6243be77841939ca88e832dbe540fc175fd9e712,,
metro-traffic.csv:A4:cq=0.5,True,True,True,True,True,True,True,True,True,True,True,True,True,True,True,True,True,914c9ff8cbe15c64222bc7c16dcbda8a6fe11ae0a8771060daf0d68ce2873c92,ba7d8fced32b017898b2670f0500c09e7e31bcae7c2f69053511a9d1ae1e7de5,250ea7478829446534b8aaeb97beed7a8292b752085151db65c87904d8782461,250ea7478829446534b8aaeb97beed7a8292b752085151db65c87904d8782461,,
metro-traffic.csv:A0:cq=1,True,True,True,True,True,True,True,True,True,True,True,True,True,True,True,True,True,698e5dc05db17b7329be81ff83557523f44d9368cfa507da5fafc10406546944,bdf220ec362a3021ce46dc16a01c5668784b2e2de8b0474c771f5403126fdbba,a442bc33d3e57234f9c017c82345095c98a7bb33f6ea33bc5eaf5ed854ddd90f,a442bc33d3e57234f9c017c82345095c98a7bb33f6ea33bc5eaf5ed854ddd90f,,
metro-traffic.csv:A1:cq=1,True,True,True,True,True,True,True,True,True,True,True,True,True,True,True,True,True,992a58c70a5af5ad11611e13abcb58f3bd32448d4798d909536007b6e632df31,e81ec91750a7b13f79c39384b5419e5f7d991c57522b6e38d3703d4de268ff37,da79cc2d8db38efaa3b7993c6b6b62bc821423e38ccff0137c978fad30ba26a5,da79cc2d8db38efaa3b7993c6b6b62bc821423e38ccff0137c978fad30ba26a5,,
metro-traffic.csv:A2:cq=1,True,True,True,True,True,True,True,True,True,True,True,True,True,True,True,True,True,cfc9e300095bf33f7727d407d697ed25cc604dd3951fa86651a172944f0e24b4,a675964a0ccc84aea3eef19a1c715ebb104ec1d5c26eb24ac4cdacdcc518cad0,fef45358d40b71f5d74e8532fe696a1df04574ba954d8fffca1954e65c51491b,fef45358d40b71f5d74e8532fe696a1df04574ba954d8fffca1954e65c51491b,,
metro-traffic.csv:A3:cq=1,True,True,True,True,True,True,True,True,True,True,True,True,True,True,True,True,True,d8fc37d2a460ba5f3728713389f0e110536f2ef57e9e592c91b3b1636405b62e,a0e1a1dc843e7cad66cc51ef1f079af54510c3e078b1d5a7c29174f0395bf185,e50c6ec44d9d0b4b5302c6c83bd4ce4302a2d7fe1206f8da3ee5583e4012976d,e50c6ec44d9d0b4b5302c6c83bd4ce4302a2d7fe1206f8da3ee5583e4012976d,,
metro-traffic.csv:A4:cq=1,True,True,True,True,True,True,True,True,True,True,True,True,True,True,True,True,True,6f6b9b5402a3e0cc7c623950f599a86b24c4bbd8eadb9b41165f72dceb5d58c7,ac8900d1142c64ed6d02f61935f5ed577f958047a9b9a3372b5e76b3968dc9a2,9160afa5800b6cfd37875b9fe6f5d7f50564011e363c28c3449022a4cfc5bc96,9160afa5800b6cfd37875b9fe6f5d7f50564011e363c28c3449022a4cfc5bc96,,
metro-traffic.csv:A0:cq=2,True,True,True,True,True,True,True,True,True,True,True,True,True,True,True,True,True,b32b6567fae739855c43962a47a95c1845121c36ed2f7bf464b1f53256c8d0a9,d95945753a1d2f20a04714afb566a0571f5cd02b00193609c9870a525cf41751,f1becff98bbd2539104204039d5ee35718271ccc0ccd027cbfefc77783289b64,f1becff98bbd2539104204039d5ee35718271ccc0ccd027cbfefc77783289b64,,
metro-traffic.csv:A1:cq=2,True,True,True,True,True,True,True,True,True,True,True,True,True,True,True,True,True,dcb9040f14ddc92449d6f168dc26e10df00b9062c16e241f5ed861fd1369d5d6,93bf77f635c847c02422facf44f823029324d16d8477d529847c8d1431f308b4,eb89679cf1131aa530f991576434232d790eee8eecdea9a1dbeee0c8f7081a40,eb89679cf1131aa530f991576434232d790eee8eecdea9a1dbeee0c8f7081a40,,
metro-traffic.csv:A2:cq=2,True,True,True,True,True,True,True,True,True,True,True,True,True,True,True,True,True,1d38eb5c87d9d6cc14f0bf50789ff2d049de3019e8719e05a045bbaa3ae6e8a5,3c522f64ff09b8d3a45417ed4926601d5710176e02d4d7532c6a1a2a837dea12,c5d8d9a894e8c9c973fab956c442dd0f1fa32d05e5f7f7c59c74fc4c0c77df2f,c5d8d9a894e8c9c973fab956c442dd0f1fa32d05e5f7f7c59c74fc4c0c77df2f,,
metro-traffic.csv:A3:cq=2,True,True,True,True,True,True,True,True,True,True,True,True,True,True,True,True,True,cf5cebaeca3c7d6f3a6fb65d8633c5b32e4dc4dd9ee60d97749c52dad3aa9bf2,7ed9db21af730d39642edf2a9b1c9619b19f1d6364738d4e675d26b9d5bfe2a6,42fdca96d53c37e22263e6e64f2abdba0a8c48e58c3109adb0751e406162234e,42fdca96d53c37e22263e6e64f2abdba0a8c48e58c3109adb0751e406162234e,,
metro-traffic.csv:A4:cq=2,True,True,True,True,True,True,True,True,True,True,True,True,True,True,True,True,True,ed5147ed18472f7d35d0a014039b2a7d7babee655e7d1ff1a18a52fc935f6bd2,8230dbf79a914b62ac20c201faa036493beabffab556da6053856ecd138a205e,6c7f81e621d99a2d03d1add9e321ccc68f483a2c3e8bdb28bb8d296f98c9b234,6c7f81e621d99a2d03d1add9e321ccc68f483a2c3e8bdb28bb8d296f98c9b234,,
metro-traffic.csv:A0:cq=4,True,True,True,True,True,True,True,True,True,True,True,True,True,True,True,True,True,caa63ab0aeec28600a9d568de43f14a2941e851307e9447854b09018974978cc,e1351fe5fc06408fc31c2d62b6b39d7c1e2ea2c1641fb80646136908283edc2c,a7f29bfd85d2f3f57edd8c6ab4837f8a83a91ae36049dbcfa3ba96588360a048,a7f29bfd85d2f3f57edd8c6ab4837f8a83a91ae36049dbcfa3ba96588360a048,,
metro-traffic.csv:A1:cq=4,True,True,True,True,True,True,True,True,True,True,True,True,True,True,True,True,True,26c2f8fa3bd9c1741177b500e0b1be5622096832f67ab2695bee02959f572b93,53a918b1816416361fe2b831e564680ef93d94ca6292e52a523974b153470e9e,a2b637ffd45a4af5d6e58cb18d777f5b7a7cb54f0ade4e4975801860cf435a8e,a2b637ffd45a4af5d6e58cb18d777f5b7a7cb54f0ade4e4975801860cf435a8e,,
metro-traffic.csv:A2:cq=4,True,True,True,True,True,True,True,True,True,True,True,True,True,True,True,True,True,5e19237d192594dc1213f49eee5592a2add453e19a9d46f721efe46f3d98a39c,d67c152cee4017ee48ddb96b4eed2410af8d9f75ee8df7619fe7f108ea1ada0d,7b47fac25a73d8521224ebda1c796c7ae77347c3bc0a8b137e45926d1d66d77d,7b47fac25a73d8521224ebda1c796c7ae77347c3bc0a8b137e45926d1d66d77d,,
metro-traffic.csv:A3:cq=4,True,True,True,True,True,True,True,True,True,True,True,True,True,True,True,True,True,39c312a2bc0834de6a9a6bb0564ed26dc0b456260d46eca08e400cf148e97827,0d2252dff47d1b73dc04674e2ad4ff3a1facdf750d4869bd1155f96b73a02f89,fc7c7043ded019c27530cdfcc89d6984f50662750068627730150090491679ab,fc7c7043ded019c27530cdfcc89d6984f50662750068627730150090491679ab,,
metro-traffic.csv:A4:cq=4,True,True,True,True,True,True,True,True,True,True,True,True,True,True,True,True,True,54ca4d9e457505fd2af26ac1d14b0b59dae4c670ce49cf58951a938897ce2123,1fa27385c43387d118a5e9fd49e6f0b0bc0e46e87a41d6285de2e029c35d202e,f44e85838f4d570dc0a0f8625b9456042b6477e410f273ddd227d271c9c5cdd8,f44e85838f4d570dc0a0f8625b9456042b6477e410f273ddd227d271c9c5cdd8,,
beijing-pm25.csv:A0:cq=0.0625,True,True,True,True,True,True,True,True,True,True,True,True,True,True,True,True,True,f8dd59028a4ecc2913461075a6c366dd45e8850cc03ba250d57818813ea63783,2e2889ae90e600954fac61874d6c4d2982153f879a9386e99ba43badf9fa8423,145fbdae85f133dccf797019be22c41c49185b0c8a0bb037a4a01238461ba4b4,145fbdae85f133dccf797019be22c41c49185b0c8a0bb037a4a01238461ba4b4,,
beijing-pm25.csv:A1:cq=0.0625,True,True,True,True,True,True,True,True,True,True,True,True,True,True,True,True,True,aec5ee115b24c5286b72b34c2c12ac51b721bad9b0a78af4aa73db186b9b2d35,9497a66c65a00c505ebd38c56f01fdb824ab0b915d4aae5cc4f30632e68d3c43,abf56352b9a2c573bad65345ce079e43888a0d10e909643a50cda241c12bf58b,abf56352b9a2c573bad65345ce079e43888a0d10e909643a50cda241c12bf58b,,
beijing-pm25.csv:A2:cq=0.0625,True,True,True,True,True,True,True,True,True,True,True,True,True,True,True,True,True,1ae85f09cad40ee73794ce09862cd7c8890480caf5f59cb371b9c4d15f5cfd24,2cd56e649abde77e8794ec5fbbc22f8569c008804898b4f4564c8ace1126e2a9,e75199991c322ec62889fec9803b66f8aa86b59a9e5a324cf1cac326905e4ce2,e75199991c322ec62889fec9803b66f8aa86b59a9e5a324cf1cac326905e4ce2,,
beijing-pm25.csv:A3:cq=0.0625,True,True,True,True,True,True,True,True,True,True,True,True,True,True,True,True,True,ea0f1cdf00503c49ea033867ba9383f3e52963faae9d0ad119e773bf21f3dc27,de061b4032414bb2d2524bd102154fe727e886dd4c60950d0533ffc7eb926f1c,4f5f8d05666b72c80c34e422fbc871648d72b037bcc129b7ca244365d6451a34,4f5f8d05666b72c80c34e422fbc871648d72b037bcc129b7ca244365d6451a34,,
beijing-pm25.csv:A4:cq=0.0625,True,True,True,True,True,True,True,True,True,True,True,True,True,True,True,True,True,a0e6a528b42db68ed85cbbdcbc7ae36ec721cb87160ebaa309a94f73415645c5,93cbc242e0f3a6e614f07b87b1cbe002fb5569a8de03ac7381095ceea44b1d17,e9dc1d41ad44c56b3484c13ce509f6a8307017067f474f650e52152429771e52,e9dc1d41ad44c56b3484c13ce509f6a8307017067f474f650e52152429771e52,,
beijing-pm25.csv:A0:cq=0.125,True,True,True,True,True,True,True,True,True,True,True,True,True,True,True,True,True,91d714cf62756c06701bdec4c708799068e4d813b2a954329a4250ebe20795b4,60387c10cb7214365cc872bf1747e37e455b7ee36b32a1969934b345beccf7f5,bc7dd25733457d7f085ea99b55fead6eb9ef0f9c9a6288bd30dc940bf4ad095c,bc7dd25733457d7f085ea99b55fead6eb9ef0f9c9a6288bd30dc940bf4ad095c,,
beijing-pm25.csv:A1:cq=0.125,True,True,True,True,True,True,True,True,True,True,True,True,True,True,True,True,True,ff745f768169e62c1bafd8ff43fc2653fd46000aac5de498111fca16632cbf3b,bb14203cf43ed480b29a7bd613ff845f76918bbce4ef9ee2678ee807adb25f97,0a49843f6069c5d87c0e61bdb373764e74a95effe3bebefd65ab9de5209bb8c1,0a49843f6069c5d87c0e61bdb373764e74a95effe3bebefd65ab9de5209bb8c1,,
beijing-pm25.csv:A2:cq=0.125,True,True,True,True,True,True,True,True,True,True,True,True,True,True,True,True,True,8600356f61a4f773a6417475938eb57e655f5c96bd91b501bd99d838f6abe196,77d32ac4209a5136c4de5ce1748df97d2b7d0ccc895ab4fd1ee67cd1308be095,05b39504aad3e40c34a0b2257414cecdd36b92b23e0f01bc569b941da101f926,05b39504aad3e40c34a0b2257414cecdd36b92b23e0f01bc569b941da101f926,,
beijing-pm25.csv:A3:cq=0.125,True,True,True,True,True,True,True,True,True,True,True,True,True,True,True,True,True,f3c546612caa5f5eab8cd45d85619c0ad6ce23bda567db5efc3bc1d643872eba,f2c09c3a5ca53e424a56b554aaeda1f7b49385e925c15bf9a0f1aa83dca7eae7,b5dd61b48d2d80d7cead1df4cc56667c5287927a55525791a628282f1ff4ef21,b5dd61b48d2d80d7cead1df4cc56667c5287927a55525791a628282f1ff4ef21,,
beijing-pm25.csv:A4:cq=0.125,True,True,True,True,True,True,True,True,True,True,True,True,True,True,True,True,True,ded3a6ef2a3b4fc4ed2b32f1f61fd5357bafe2aaf9ffd2d95f193a636b4b402f,86bd999e1b178530fe33d187203c275e462729e45513d74a81112c3030ba78ab,d43413629e0a55bbe992f113f4e6db4d313f2860c836184fc3639185a546da11,d43413629e0a55bbe992f113f4e6db4d313f2860c836184fc3639185a546da11,,
beijing-pm25.csv:A0:cq=0.25,True,True,True,True,True,True,True,True,True,True,True,True,True,True,True,True,True,2e588f9cc13b7d966294037f6786d7148390f63342ab42464df51aee4f589740,87b704a5445a5ac4531d6f8ccabea1ab0def3fc3fdbbc765339e5cc6e66ff889,1e721d2e875d2c0b1b84f392e6160195c5a4226eaa371e6342758ee206d166fc,1e721d2e875d2c0b1b84f392e6160195c5a4226eaa371e6342758ee206d166fc,,
beijing-pm25.csv:A1:cq=0.25,True,True,True,True,True,True,True,True,True,True,True,True,True,True,True,True,True,e0a1c3b3280a90987e632f6355174e6df5f43deaaf4f61b3be14dfccb09db9f7,99e63a7f5892f099d73bf0587eeb4713f18c7d838d768e49f50c30ce340dfa02,b139660db67956541901380209f38923ae81cd596fd7d5d030b4850bd21a8bbe,b139660db67956541901380209f38923ae81cd596fd7d5d030b4850bd21a8bbe,,
beijing-pm25.csv:A2:cq=0.25,True,True,True,True,True,True,True,True,True,True,True,True,True,True,True,True,True,032c4ce509f4598459189a4ff3f989bd9be320c793c433651b474cd799a499e7,ec0e4a89271f668012c57144983662931c72c06d7fe712263f6135b1c9bbef72,5532ca2737624cef9cd09b509768f71653f70d03e90134dbb1ac418c4476c82f,5532ca2737624cef9cd09b509768f71653f70d03e90134dbb1ac418c4476c82f,,
beijing-pm25.csv:A3:cq=0.25,True,True,True,True,True,True,True,True,True,True,True,True,True,True,True,True,True,8043b76df94d41aad42658156ad1e0fc28e9916a7a7c544e0c5ac885d6dc60b5,ff7d9a7eed450a544d622c43c75cbcdc85f18621948fbc3405c74ecb8011766d,7163dbb60833a1e28ede94aa7b26d04269287389f2a2f7f9ae253ffb4103cbef,7163dbb60833a1e28ede94aa7b26d04269287389f2a2f7f9ae253ffb4103cbef,,
beijing-pm25.csv:A4:cq=0.25,True,True,True,True,True,True,True,True,True,True,True,True,True,True,True,True,True,dcfe93e43075a374c8742bc68d6168fbc2917c27edfbc2df60ae532813c15b06,541c93896aae5110845d74629d15787f141cb7f1f3f30eb89e8d864a5d61c303,424e4992617acd6ec96de0475b6546bf3b5f9b9983889e03e3199078af783cfa,424e4992617acd6ec96de0475b6546bf3b5f9b9983889e03e3199078af783cfa,,
beijing-pm25.csv:A0:cq=0.5,True,True,True,True,True,True,True,True,True,True,True,True,True,True,True,True,True,cb400672e907da49effbe5d82b32e085f12be2cadbdd333dfae95a8324c47b55,c93529d2ef9c80a5742e8f811bd4d44519fd9324d09dd4d2e37c32ea39289264,4e0b9159713bcc9672e117c39d1312e280da6a6ba4652f163defcc66fce0969d,4e0b9159713bcc9672e117c39d1312e280da6a6ba4652f163defcc66fce0969d,,
beijing-pm25.csv:A1:cq=0.5,True,True,True,True,True,True,True,True,True,True,True,True,True,True,True,True,True,fd204b8a223647edf28dd7d88a581d4187a69b79bc1f9107f0f31bfb34ae1f7e,23501058aea52809a3c127972e613ff0fb35c0293240a3d5c2ab7133af8a39e1,0263fe35c93aabfbb7ce6a999a4d571583142106f723e4094bd9fa3477f4fe90,0263fe35c93aabfbb7ce6a999a4d571583142106f723e4094bd9fa3477f4fe90,,
beijing-pm25.csv:A2:cq=0.5,True,True,True,True,True,True,True,True,True,True,True,True,True,True,True,True,True,a59005225e5e3d1cdeb7523a29d534b5cbaf27444064332bc619ac99b82e6771,bfe0193898dcc99dc781c0e8218611c27ce35b6b4815a9094a7e64b262c6eb26,b678207b76c0b021fb7b168812482cb5013e920c1fee0c72f8add9b5608abf47,b678207b76c0b021fb7b168812482cb5013e920c1fee0c72f8add9b5608abf47,,
beijing-pm25.csv:A3:cq=0.5,True,True,True,True,True,True,True,True,True,True,True,True,True,True,True,True,True,f3136efccadaf04c713cfaf5a73ea6f2c214dbd7b587b3bed1e2e144d6a7dab6,bd32ed15573a65384d14c03e8bc12fcf00c36f0b736afef23e31e4e84cbd69a0,44580a710d992cfec04e052c73c2c5a755800b85802286ebd5530e85aec8d4c2,44580a710d992cfec04e052c73c2c5a755800b85802286ebd5530e85aec8d4c2,,
beijing-pm25.csv:A4:cq=0.5,True,True,True,True,True,True,True,True,True,True,True,True,True,True,True,True,True,3409f5146c73cdf8c948ffb7b9c36e3e4615974ca2bfa3054ef5ddb3d34342fd,d535277b1bc4f5bcd4639b3343105c9f4346cd12919962e90e1801f8782e3db3,20b036b9d38cfbe65c4d74fbfad60fac3404e0d8d5e31111258f4ee4f250380c,20b036b9d38cfbe65c4d74fbfad60fac3404e0d8d5e31111258f4ee4f250380c,,
beijing-pm25.csv:A0:cq=1,True,True,True,True,True,True,True,True,True,True,True,True,True,True,True,True,True,e199831d49c960dad0ac40e6f7008371dd970e1d775e0d263d05bcee5c7bd620,fccbbb0e7ee485b71150536d1c57e81d825871fd9d1f4843651e993e4eaf07bf,9467ea9c69598516654db39419dfe00730c844165a78b012705990b62a3eb3a5,9467ea9c69598516654db39419dfe00730c844165a78b012705990b62a3eb3a5,,
beijing-pm25.csv:A1:cq=1,True,True,True,True,True,True,True,True,True,True,True,True,True,True,True,True,True,30a0cd4b7bfe98455ca23b759b6dc3b72216b65cb266687a4ecbd6262c96e944,a25cac3812ba124a7ad12a082ddd225c296e92769328e0c61f66998a8b8aae61,eaf984e8ec0f55642e34de8e2aba09fd3a93e24b2a75c7fb1523827a0e23d321,eaf984e8ec0f55642e34de8e2aba09fd3a93e24b2a75c7fb1523827a0e23d321,,
beijing-pm25.csv:A2:cq=1,True,True,True,True,True,True,True,True,True,True,True,True,True,True,True,True,True,4501f03549ecf94dcbd7f032d3136264cb8c56974c5efcbae3059964cf247347,3e4cbdf1a05f0073471906f316a6abb9b6de44bd988d7ebcf7ff4694094309c4,44dc2fd763d0bced857c26fd838b8331c453b572ab8faca607d754047621ef3c,44dc2fd763d0bced857c26fd838b8331c453b572ab8faca607d754047621ef3c,,
beijing-pm25.csv:A3:cq=1,True,True,True,True,True,True,True,True,True,True,True,True,True,True,True,True,True,38954df502fcd81c900d5ba52931cc08597f3389ca2c00b5885272dd453bf5b6,b7319889f1ccd22fcdc08202776d6bbfb344398c895b409f251f5db5bf3a4efa,bde1343febf7bd52531c7946b452f5d7fe0c74c47d2e5e96fc16c82fea5dfe8d,bde1343febf7bd52531c7946b452f5d7fe0c74c47d2e5e96fc16c82fea5dfe8d,,
beijing-pm25.csv:A4:cq=1,True,True,True,True,True,True,True,True,True,True,True,True,True,True,True,True,True,808d542132e8a301bd489b8cfda8209cba8d8c812a68e0e8ec2c23d60fd20842,f49c09565d30e43dda3b78037a57f9b5ac07488569858306ecc0d10a8d9e6b23,19e76dbdfe0be9ed98945d08404ff03282ac5afed4902e9c83808f046df37aad,19e76dbdfe0be9ed98945d08404ff03282ac5afed4902e9c83808f046df37aad,,
beijing-pm25.csv:A0:cq=2,True,True,True,True,True,True,True,True,True,True,True,True,True,True,True,True,True,20dba2ab43e58484816b5e4accb693287391faa7f0e2fbbafd59888b32e625de,167f437a62817e81d7d9498c3ecf1b56ec616350185760b3fe9e57b45431279c,8c1a9be7546c55bcc209ecafdd7b5c8824d3ae26b48ea726c68905c05af2b850,8c1a9be7546c55bcc209ecafdd7b5c8824d3ae26b48ea726c68905c05af2b850,,
beijing-pm25.csv:A1:cq=2,True,True,True,True,True,True,True,True,True,True,True,True,True,True,True,True,True,4d3a7a087139caf6701b73fbab28d7608dcf641ddbcc6d9ebad74cbed51aaa06,245b06b40844940c972afe13e9c6f2918b9e27d3143d29e91f20fbfab948c9fc,06b3378147190076b74fb8b0a4211f215e27f3bae3ad1bcce9eb21a7bb0c88fc,06b3378147190076b74fb8b0a4211f215e27f3bae3ad1bcce9eb21a7bb0c88fc,,
beijing-pm25.csv:A2:cq=2,True,True,True,True,True,True,True,True,True,True,True,True,True,True,True,True,True,156f897b4b550b8358792a5c6d276502f987b67228604ad4e5c22d31ddc6ac07,90ad1dc040dad71dc00e02306ddebaeb0955f495312587fd54894d5c01fe6782,5ccd8216fb667553e237b117386cb6a04f5419be041e13993de76a01f8acbb3e,5ccd8216fb667553e237b117386cb6a04f5419be041e13993de76a01f8acbb3e,,
beijing-pm25.csv:A3:cq=2,True,True,True,True,True,True,True,True,True,True,True,True,True,True,True,True,True,ec5ce3430a9c505fb01d09ab1ec643d5169adcc025df9cb79938304fd4099f33,6f199c7ad911a19cf334be03a3939c7f77b7f80d1b916000b12ed8f7f275d550,f9dfc9644379b6abb38dda5099cff45457e88e89a6018fa29e6e54d4c9ffda21,f9dfc9644379b6abb38dda5099cff45457e88e89a6018fa29e6e54d4c9ffda21,,
beijing-pm25.csv:A4:cq=2,True,True,True,True,True,True,True,True,True,True,True,True,True,True,True,True,True,376116d3091c5e8b32c16224a3609c79d841615eb1e627926959ff4e0db6daba,e8630533ba827901665df6ed8161df31e98e7afce0d2ec4850eba2ff19cfa4e9,ace14c059a3636febd32d72fa3adc88963f1264250dfdcc9cb90d34fffe10cf9,ace14c059a3636febd32d72fa3adc88963f1264250dfdcc9cb90d34fffe10cf9,,
beijing-pm25.csv:A0:cq=4,True,True,True,True,True,True,True,True,True,True,True,True,True,True,True,True,True,1c657ec2a5e047b8730a0349aabd7385f8f6de10d4b0d8325dd47bd79b2bcf45,84be8937c2144fa7ce764bd7a5be67d756eb18989f07af9a56a633d33260d84d,0eee84d7e4547de9bfc6f8a16ec0bd47692fcd4031c22c795f62044a50622816,0eee84d7e4547de9bfc6f8a16ec0bd47692fcd4031c22c795f62044a50622816,,
beijing-pm25.csv:A1:cq=4,True,True,True,True,True,True,True,True,True,True,True,True,True,True,True,True,True,f9e755308697c2d5b0316b19c43f4e45a9e49d6516b47f363d4ca61173dccc39,d2b36ef9edbd3155c142dfdb04194c52290d9cf21e63fcc29413853c8a8d1e1a,868c2d0274bcef183084f767cc6fb2e3f3faa05cfed3763b763e1e87202a2e17,868c2d0274bcef183084f767cc6fb2e3f3faa05cfed3763b763e1e87202a2e17,,
beijing-pm25.csv:A2:cq=4,True,True,True,True,True,True,True,True,True,True,True,True,True,True,True,True,True,353e14a742cb79f04e4b138fbb1050f8a09dabbe01265a46b68fa7d02f321a7e,214e06e1a93996de2b67ccc0ca019481ace6300e38cbae668ec9fc394630cb9b,e2937f15c885bdfcc5592ed7df6ec65bb1dc3f42adc0c7d4a945f68c32ccb479,e2937f15c885bdfcc5592ed7df6ec65bb1dc3f42adc0c7d4a945f68c32ccb479,,
beijing-pm25.csv:A3:cq=4,True,True,True,True,True,True,True,True,True,True,True,True,True,True,True,True,True,ad8f00c4307ea0b34b33083a2b84376b37d32e2380b4c27b068bb31de04cd61f,8d1c092254717f34023c8722b28d8c7a5a483993a4f4609bb44e816deb78feb6,403396d60bd7b02e98b9e889902e735a37f705d0c54e2d0479c323607ca780ec,403396d60bd7b02e98b9e889902e735a37f705d0c54e2d0479c323607ca780ec,,
beijing-pm25.csv:A4:cq=4,True,True,True,True,True,True,True,True,True,True,True,True,True,True,True,True,True,91b0bdb054a423ff5a8eea4b94516330c1956ef0ac1152da07432a0317a456b8,c59039e5fe2f4a1e148cf6211464f0acfe008762eda398b7a4b5d4a8d54ee68a,af872bb5dc5eeb81b2d081a6d0d24634ffc3693fd9824e0d51929b0fd9d39fba,af872bb5dc5eeb81b2d081a6d0d24634ffc3693fd9824e0d51929b0fd9d39fba,,
seoul-bike-demand.csv:A0:cq=0.0625,True,True,True,True,True,True,True,True,True,True,True,True,True,True,True,True,True,99b0eaa2cb9d98296d183caed9c6666360b477e0c577140eb066ef54b2a3b1d2,4fe5528e3c79fe76b26d38cfc44cb4c283dba45992810192755057a7958fcdba,7ce426e1bd4c74dc8e3b7426d6e845366886e23c5b27a77b4cab90f27e5a4957,7ce426e1bd4c74dc8e3b7426d6e845366886e23c5b27a77b4cab90f27e5a4957,,
seoul-bike-demand.csv:A1:cq=0.0625,True,True,True,True,True,True,True,True,True,True,True,True,True,True,True,True,True,523f51db6cd8887b1d9922c68b8efbfe38e3c60bcfadcf871b4f85d0128a6fc9,7bd54e2844331b7f5ffd74e29adcccf5b66152c3610079407a70c6dd0ce2f8ed,f08ac4a1096b7b9ba262c841a98668ca991adddd53c4ab9a15831b838b6a0308,f08ac4a1096b7b9ba262c841a98668ca991adddd53c4ab9a15831b838b6a0308,,
seoul-bike-demand.csv:A2:cq=0.0625,True,True,True,True,True,True,True,True,True,True,True,True,True,True,True,True,True,240bcce6a71e7101904958c82815d690ab12958b341a06558ef850eb51a07119,8f382b15cb0669435f32e2529b851673c6cb40cda3818335af3008ea3450dcd0,a6f79ad177e876549e850eac270bcd082b4d24f6ba42da11839f8072ce8424f9,a6f79ad177e876549e850eac270bcd082b4d24f6ba42da11839f8072ce8424f9,,
seoul-bike-demand.csv:A3:cq=0.0625,True,True,True,True,True,True,True,True,True,True,True,True,True,True,True,True,True,1ea2e9ce3352c247362e1c2ff8ef1f8985285d6cb901b03500e3ab673b090278,8c3c0309004b6d01e6354dde73b37c0619de849fbb7e9e0ec5e12e68d0c8060b,a94f2ce19228c27015e48f569efc019dea968881f71e55b6222bc3fa304a691e,a94f2ce19228c27015e48f569efc019dea968881f71e55b6222bc3fa304a691e,,
seoul-bike-demand.csv:A4:cq=0.0625,True,True,True,True,True,True,True,True,True,True,True,True,True,True,True,True,True,56549ce6658a342febe324cec50bb85b0a40ad2ee380f6c96a6a89b4b411e703,6afb7c385d4ef6fed5575f2007e49f39eeb31a5bf63c7e3248ea6d90154a815c,ad4e02921780a1bbe93b0cf608f5bc594f10fbdf25593ec1bfc49e25d3736990,ad4e02921780a1bbe93b0cf608f5bc594f10fbdf25593ec1bfc49e25d3736990,,
seoul-bike-demand.csv:A0:cq=0.125,True,True,True,True,True,True,True,True,True,True,True,True,True,True,True,True,True,436a29bcb31cb8f7d21a2e7b7703bd6ec42ad07551e27c5b59c26f23dcbadd1e,dac2647eddc5fdc6d1b59707c61efabe5d55a76bf6cfe0ba947844f54b94c673,d278cbf72a6df78963b67ce1dc02278624bc2201fd2c01232d6dc35583acfd58,d278cbf72a6df78963b67ce1dc02278624bc2201fd2c01232d6dc35583acfd58,,
seoul-bike-demand.csv:A1:cq=0.125,True,True,True,True,True,True,True,True,True,True,True,True,True,True,True,True,True,c1d101fddc297c50951e8e5cba69b355b9edb25fc4747997810091dcee501354,df0ed32f7ee62b5be6f72ab4fd31c124a0685985c1d0ca70b071bc673209dbc9,5d8fc40741c6449fa32afcd7793224a2d9825bd8329f9b699232daa74f6141dc,5d8fc40741c6449fa32afcd7793224a2d9825bd8329f9b699232daa74f6141dc,,
seoul-bike-demand.csv:A2:cq=0.125,True,True,True,True,True,True,True,True,True,True,True,True,True,True,True,True,True,1bf779ef655748f5c9bdc651e77212b18620a95bb5fb23a6fbd9e6ed29babf13,c7e90bf37a60e1c8f7d636635dcd0b8c2eaf7b15507783106d1b40ecfba49136,7d76616ed8aabcfd8c8def201010a3c8fc47f34c182e72bbb3b066ab045ab375,7d76616ed8aabcfd8c8def201010a3c8fc47f34c182e72bbb3b066ab045ab375,,
seoul-bike-demand.csv:A3:cq=0.125,True,True,True,True,True,True,True,True,True,True,True,True,True,True,True,True,True,b717dcdcbc32c52bbbad77e076982cbd1fab1398032192d6b407dd772eb7bda3,07d3c81dbd23666d9fe202e949727d37141ab0afed465bdc7796975e9702d20b,a7e8f5c543277bbed8b33472d5af10050f9d9d56575623d3ed27e4c938839ce1,a7e8f5c543277bbed8b33472d5af10050f9d9d56575623d3ed27e4c938839ce1,,
seoul-bike-demand.csv:A4:cq=0.125,True,True,True,True,True,True,True,True,True,True,True,True,True,True,True,True,True,f9b5980f93e4ef72dc562558da7e474692af7d0560d9afc0ff70942adaadfa19,89b9892e2a75b1e10938c9a8807fba75bfabd344e1251c4e0b019598d575e817,07a04057cce084392af804f430fc78991f1cd567d740a9dd1406aba88150f7e5,07a04057cce084392af804f430fc78991f1cd567d740a9dd1406aba88150f7e5,,
seoul-bike-demand.csv:A0:cq=0.25,True,True,True,True,True,True,True,True,True,True,True,True,True,True,True,True,True,8adf5859dbc3d5a74f3033e89387a3f74d57032c7e575584fbbbd5dd41d4f8a2,e858fab58c018cf14f79ac1188689ffa51fb12d7b7a942c8a885d1971be131f1,fdba9d6fd255a2583a0997de67f23bde3321a80106dd3460679bed53e8ac83f8,fdba9d6fd255a2583a0997de67f23bde3321a80106dd3460679bed53e8ac83f8,,
seoul-bike-demand.csv:A1:cq=0.25,True,True,True,True,True,True,True,True,True,True,True,True,True,True,True,True,True,db00ab4920b2f26cb7e44410298835da730dfa9652ad11ea23cb0615ef0a4d0d,b16cf45798e2343c6a0ad0993b69b90b0cb66a6fd94799ef17d5cb1f793b9446,0fcc6244d34dfcbfa6b61850abbb69ddc96746200579a5ab7f554ea38c256085,0fcc6244d34dfcbfa6b61850abbb69ddc96746200579a5ab7f554ea38c256085,,
seoul-bike-demand.csv:A2:cq=0.25,True,True,True,True,True,True,True,True,True,True,True,True,True,True,True,True,True,04a27904a626c9f03458d6ff514f690d38b2e8d8bcee8bd7346d74e9ad37e300,4ba5f7512eb65035672ed84645cd97af04c28b28e7946908e620df84ba76ae06,5eaa7c87e70f7d8d0e9625d225f6b3daf9bd110d9ea8cc6487944f030c44a949,5eaa7c87e70f7d8d0e9625d225f6b3daf9bd110d9ea8cc6487944f030c44a949,,
seoul-bike-demand.csv:A3:cq=0.25,True,True,True,True,True,True,True,True,True,True,True,True,True,True,True,True,True,68dcb2b654641fa68f4e3299043297f9863d7073f05d6b581a1da25828f2a43b,2a881c5061c6e758a43723afc2f508701bbfb3bff06a03f0352050daa22b5e77,323dc05b5b33bf1f9cb106023da61039d4f60e7ed09b219e6cc76d6ea32f80fe,323dc05b5b33bf1f9cb106023da61039d4f60e7ed09b219e6cc76d6ea32f80fe,,
seoul-bike-demand.csv:A4:cq=0.25,True,True,True,True,True,True,True,True,True,True,True,True,True,True,True,True,True,ef6e78e0adf750738a1edb4f0cfc82708be44027d4ab39ce1e7a52823e8f7c65,bcc37a107c9da6b0786adbf8ec9665046e10ceec0a34de7e4736096d4e8446b6,f5b8623203bb3eb8e6c792c381710c2cd7a770c454759f3de3a1310992e51629,f5b8623203bb3eb8e6c792c381710c2cd7a770c454759f3de3a1310992e51629,,
seoul-bike-demand.csv:A0:cq=0.5,True,True,True,True,True,True,True,True,True,True,True,True,True,True,True,True,True,8c18f3e20e35cf221097c022f7b8495e19f3b9afd260e766485dba949022950d,ee7dc7d0745c4e37423aa99da1a18862e105f53a188f0f459e716ba7eecd9c16,024b63b844c1c33a6e1549fec06f36844159b324dc2097a4bf4741a76789487e,024b63b844c1c33a6e1549fec06f36844159b324dc2097a4bf4741a76789487e,,
seoul-bike-demand.csv:A1:cq=0.5,True,True,True,True,True,True,True,True,True,True,True,True,True,True,True,True,True,c193412fad9295234ddd2a63d94cf11edc1538771208719f922c37cead040f01,79bff0d76cf0bada3cdc385862befe6f14975fe61b9250d41be515f39da9be39,6d0357268ccbc0edee4a153428336edaaedd59340e1f3daadfca23ba8c43102f,6d0357268ccbc0edee4a153428336edaaedd59340e1f3daadfca23ba8c43102f,,
seoul-bike-demand.csv:A2:cq=0.5,True,True,True,True,True,True,True,True,True,True,True,True,True,True,True,True,True,3d2b1f883d1eee96bd7bcc87eb8ea45bfa2248088567f6f34345df7ab4869c85,faf63ee46ef83b0d96bdc60fc6ceae14e055e1d5633b49af1e13423cf71b1243,2c0b02cd81b7cf7b145facc69dbb6ae6c109e433702816cf3c758ae73617d0fe,2c0b02cd81b7cf7b145facc69dbb6ae6c109e433702816cf3c758ae73617d0fe,,
seoul-bike-demand.csv:A3:cq=0.5,True,True,True,True,True,True,True,True,True,True,True,True,True,True,True,True,True,34f84d4ce0807f343730ed76b8a3db4fd9a4d6a70b2f4157970ed5dc58344ab8,9430e996b6795dffa1fc0b4669eaaf62de4c8cb34e9621f65551bd2165797cb9,d6e854cd92aebb3f4e3b7b02b77fd2e57b832c36b65341d3cccab09e1d45e688,d6e854cd92aebb3f4e3b7b02b77fd2e57b832c36b65341d3cccab09e1d45e688,,
seoul-bike-demand.csv:A4:cq=0.5,True,True,True,True,True,True,True,True,True,True,True,True,True,True,True,True,True,784766f830b713219cb82e8c9b4ac1bbde94a6c3ca26752e392501efe276a22b,cf01b540b0120a2db7dc8f7b8f41dfd11e66e0a2521179b1ba65634f87dbafbc,0593465ac1bad10be90714c70f455695fa98e1bf521fdc58cd118a8038ce48b7,0593465ac1bad10be90714c70f455695fa98e1bf521fdc58cd118a8038ce48b7,,
seoul-bike-demand.csv:A0:cq=1,True,True,True,True,True,True,True,True,True,True,True,True,True,True,True,True,True,ad666ccdc18aa555ca533bac043b3110f6b72c70d1fab8ffa27d631474bdc3dc,d68d517a47e678a0b2dcbc079123bcf22a62a37f5a005aed32ab5d8147b7ef02,7983b5122750aa9a7736ccde4e2c3b4fc4cd52d9afe9888d26c6f1b9fa2eb813,7983b5122750aa9a7736ccde4e2c3b4fc4cd52d9afe9888d26c6f1b9fa2eb813,,
seoul-bike-demand.csv:A1:cq=1,True,True,True,True,True,True,True,True,True,True,True,True,True,True,True,True,True,dba7e8e0e309e457b7fd20f258a00ca675b911cdd39bf20cfc2b3f40fd0ee2df,e423a71752d34f1f3f0a91b601e6d79249149829f700e8d3f910e3e8cf741a51,29500c230ecf4aff4e7bea2b13498e0a0134f7fc53ed8320348ee2462aa95a3c,29500c230ecf4aff4e7bea2b13498e0a0134f7fc53ed8320348ee2462aa95a3c,,
seoul-bike-demand.csv:A2:cq=1,True,True,True,True,True,True,True,True,True,True,True,True,True,True,True,True,True,dc9e77ba597aa94e9234f31f99ff51c09f77a48acd40d598737e2951928409c4,80a5faa15b45b682f9782f6318b538a7f47d28b75834dbe02ddfa13605ed320f,137697e146ec5d7d80fb98fc27c04099288b90dd38a997b7d454aa2611e265e7,137697e146ec5d7d80fb98fc27c04099288b90dd38a997b7d454aa2611e265e7,,
seoul-bike-demand.csv:A3:cq=1,True,True,True,True,True,True,True,True,True,True,True,True,True,True,True,True,True,a0ede590b98d3fd9bfd0cc3c62889c0c8b3ee599041f25587f19d28e73f76cca,300301dda496163bf82cdd212278ccb283110cd26b1642f7b08d6cd81e3c429b,128963d0169e9e5686a303ab9cf9dc2749b02efa4fb7ac7736ff14132fb55d3c,128963d0169e9e5686a303ab9cf9dc2749b02efa4fb7ac7736ff14132fb55d3c,,
seoul-bike-demand.csv:A4:cq=1,True,True,True,True,True,True,True,True,True,True,True,True,True,True,True,True,True,f5d38a9e1512601a51362132ffbab00a17bdfd971e9df27128ec55259433c473,20ad13dbbb9917862af7817f26603442e8c6b3cd6c6033f4eca0c52d62d09fb8,80cb8da0bd24e6ce0928f303fc67333340f5b28f052ddf71c4f55650dffd6326,80cb8da0bd24e6ce0928f303fc67333340f5b28f052ddf71c4f55650dffd6326,,
seoul-bike-demand.csv:A0:cq=2,True,True,True,True,True,True,True,True,True,True,True,True,True,True,True,True,True,e0e469ec84e99e4e45e1cd4c287291d382abf1676dd0503233c18e51d28a8072,ef838bb9b211146858bc899caf1ec8e60d03234079f8839ab5e1048cce673583,877b7e8994888ea384bdd8e15a7afa0e7de6c89c45858714d377e60ed41f6613,877b7e8994888ea384bdd8e15a7afa0e7de6c89c45858714d377e60ed41f6613,,
seoul-bike-demand.csv:A1:cq=2,True,True,True,True,True,True,True,True,True,True,True,True,True,True,True,True,True,897f880c4759bca209f91bec31a82f8d1f94421e07c700c5727c56a360407bbd,362b21d6d7d03afccd1e570085ba5ab731c80de4f7916c4bf5e540bb8ce3d7ff,529d30a440bb88b456cb7d595924c8f276c2c734bc75a9cbdb9c65e7b98ca6b8,529d30a440bb88b456cb7d595924c8f276c2c734bc75a9cbdb9c65e7b98ca6b8,,
seoul-bike-demand.csv:A2:cq=2,True,True,True,True,True,True,True,True,True,True,True,True,True,True,True,True,True,e4c8cfcbac2a8f8bfc5c74a7f1b4c9f8d960a7f6bb115d7a3b29c2b359f1f020,cfca798cedd3ef70fe19a4307e1242b96c6661b904e1ce90a11162cf9ea67a3a,6e3d65e053a56845e7bbdfdc2511c6894d70aa2f448a06d7a06bed183e5a6933,6e3d65e053a56845e7bbdfdc2511c6894d70aa2f448a06d7a06bed183e5a6933,,
seoul-bike-demand.csv:A3:cq=2,True,True,True,True,True,True,True,True,True,True,True,True,True,True,True,True,True,2e41a9e4a17a8a38ac92298d665894fbac412a4c1deaba6e412081178572b24d,0abba7b3288771571786aaadc8c51ddc26a1b463951d7be8c90762b9d1f3bc06,f3b03dc79dcc6eff456ddc353bb1514c6f36f131dca3b84f364aa4aacb4c18a3,f3b03dc79dcc6eff456ddc353bb1514c6f36f131dca3b84f364aa4aacb4c18a3,,
seoul-bike-demand.csv:A4:cq=2,True,True,True,True,True,True,True,True,True,True,True,True,True,True,True,True,True,8d9b2343c277979202d46e043fa64d73c0c8e0b8ccee4ed1794533bdb4da75cc,86f9960640943fa2edce6af1803ff4dfaab17c86c87e20fb474ebf9eb81bdf55,3634c0bae9903da515284733525b1c89bee67a7426a0ceebad825fcbc74926be,3634c0bae9903da515284733525b1c89bee67a7426a0ceebad825fcbc74926be,,
seoul-bike-demand.csv:A0:cq=4,True,True,True,True,True,True,True,True,True,True,True,True,True,True,True,True,True,3f26223750cf171775387d5012961781992869fa87068abbfa3c48c3872869b1,d5f1ace281f92299591b1ff09d678d946062af11919ba44f3b97422afb05f113,4f6d135ca85b92dff687f00ef73d4faaa49135acc31bdd6beefe4d0fc13baa63,4f6d135ca85b92dff687f00ef73d4faaa49135acc31bdd6beefe4d0fc13baa63,,
seoul-bike-demand.csv:A1:cq=4,True,True,True,True,True,True,True,True,True,True,True,True,True,True,True,True,True,dc30b2e2b96fccb50daf334c0ccc86bc0ab2d40d8fb99a7833a0eab2b5754b23,38f2ff10bdf2ab6db8f6e978cab08a53f17b8b4bd8dac8c5243cb0328fb39166,a3a81fef6da44b71dd121681ad0b351c796eaf345a91c68584bcce371bb6290b,a3a81fef6da44b71dd121681ad0b351c796eaf345a91c68584bcce371bb6290b,,
seoul-bike-demand.csv:A2:cq=4,True,True,True,True,True,True,True,True,True,True,True,True,True,True,True,True,True,e944feb08dbc82b75148a1c36caeb0446b86fce5c51d6cb9dd2581a0a00645c1,17408ad693ae172309789862d49d06f66afa02f88b0bde40f93316144ca0f4e8,ea423c6eeb27458c00e2a009aea15ebf1a257c7fe81b366bfa2aca30c6486e90,ea423c6eeb27458c00e2a009aea15ebf1a257c7fe81b366bfa2aca30c6486e90,,
seoul-bike-demand.csv:A3:cq=4,True,True,True,True,True,True,True,True,True,True,True,True,True,True,True,True,True,10a3b84bb826f212d14a1913a22d5ce2c440ce9cec96263e8503c24b900ca170,39756547e0d48be16c30b70959252801b289d354becd955b86558b3f6e373836,05bc0855c83da85ad21ed0135f50044d0ac0a472e13f878cdff3ec04d5cbcd8a,05bc0855c83da85ad21ed0135f50044d0ac0a472e13f878cdff3ec04d5cbcd8a,,
seoul-bike-demand.csv:A4:cq=4,True,True,True,True,True,True,True,True,True,True,True,True,True,True,True,True,True,5777eb105aa6d10c518291b8f67abc9efa84a81527d7505465bd3b73649c2ab6,54234ed41d502953a789d5d4ec3646a93373ef592749a4f47d2470b0094b0348,a1483d9efe662728582aa48d0515bed64d379aab3bad8e6dd8d2930ad9a41f89,a1483d9efe662728582aa48d0515bed64d379aab3bad8e6dd8d2930ad9a41f89,,
fan-vibration-x.csv:A0:cq=0.0625,True,True,True,True,True,True,True,True,True,True,True,True,True,True,True,True,True,9301b021f3db226b62bd6a8b5295c7faf4695d1dc3778eebe8b2f65610c15e3f,da0bab53c24cb104818990f3c9676276aa344dee0b11f21858b49bdd963b54d0,2f66c6f7152b4b163a828e889f1fa46fee6ec5a06ff3060b83e9beb7f29478d2,2f66c6f7152b4b163a828e889f1fa46fee6ec5a06ff3060b83e9beb7f29478d2,,
fan-vibration-x.csv:A1:cq=0.0625,True,True,True,True,True,True,True,True,True,True,True,True,True,True,True,True,True,3f6fdda1d2154e4774170aaf9bae86c5c3492dc0bbb2e7affad86ba0744b6fe8,9d3ff3de1a27b599c5dcc8e70f925db574a5c0361062d686cedec674c6ff24ee,6fccc248b3b24a4109b71c072767eb9a5fb9265cf413eed3436f5573c0f4a991,6fccc248b3b24a4109b71c072767eb9a5fb9265cf413eed3436f5573c0f4a991,,
fan-vibration-x.csv:A2:cq=0.0625,True,True,True,True,True,True,True,True,True,True,True,True,True,True,True,True,True,648663540b8656bee45cede7db379abe17bd96d45ab50875eed53f92d984357f,3acde83c0f244c0e68e8a74d0fcb6b98a1510a7e622b6c031296f3d14eac5617,17b01f887f93f36496d665a795ecc910f6b4f62b64e69c381bc1f9a402c5eec8,17b01f887f93f36496d665a795ecc910f6b4f62b64e69c381bc1f9a402c5eec8,,
fan-vibration-x.csv:A3:cq=0.0625,True,True,True,True,True,True,True,True,True,True,True,True,True,True,True,True,True,b60174c9a545f1afeca02f476406f8d88cffe69ae2d6cde3920a7ac707372859,a4bc53418d58c274490e14c49ab00f468882812c4040f723b1300ff7627488bb,0c5fb2b402e7ee951569cd27b42f8830cd8f01a31a8aa35b19e4f1a3e96fd782,0c5fb2b402e7ee951569cd27b42f8830cd8f01a31a8aa35b19e4f1a3e96fd782,,
fan-vibration-x.csv:A4:cq=0.0625,True,True,True,True,True,True,True,True,True,True,True,True,True,True,True,True,True,ea44daa2c2a39c7eb9dbef4d545b81dd0f67a350d1f4e5a6cd0ce41c4d84c15e,21d1b99d722a945080271c826e2a844ade1d8b65b49f47971f6b0e51bb5c25ea,1799d942113e594f63b10ce1a4114dc312c98a1de17028cdcf3714bb6feae500,1799d942113e594f63b10ce1a4114dc312c98a1de17028cdcf3714bb6feae500,,
fan-vibration-x.csv:A0:cq=0.125,True,True,True,True,True,True,True,True,True,True,True,True,True,True,True,True,True,fa4eed0c909e78d5e0408e35d9f785daaf92eea5ec5937e5c05b204ad7c34100,d3358a32fc6c6e5b209d0eda0f0e033f8e7263cdc8c0112ebc5fb12b8adaadf1,517e00915fadbe7fd8a17aec8ed0e29651b16f76c8d4d3a5a946eb424db87d42,517e00915fadbe7fd8a17aec8ed0e29651b16f76c8d4d3a5a946eb424db87d42,,
fan-vibration-x.csv:A1:cq=0.125,True,True,True,True,True,True,True,True,True,True,True,True,True,True,True,True,True,0c1530f1e4b35ed7363aec26e71c6d1c820bbe5875a2828df2fca6efdcd20ec5,6c35d00596c5c086e503870d8288ea4c632717ade93ea765964ca34fa823a60c,618939a49f6fea5a021179de79e4cf5889a78db9183acf8493c633a0c4f3d678,618939a49f6fea5a021179de79e4cf5889a78db9183acf8493c633a0c4f3d678,,
fan-vibration-x.csv:A2:cq=0.125,True,True,True,True,True,True,True,True,True,True,True,True,True,True,True,True,True,f7c818f047bd9b20a5d4bedeb286d355c230ccc4ba7f310f3a70171498ff97e6,8cde91d22e1c2c7a0372d4308b031958f9d60b9548de841a845d26fcd2e1fc45,f315686411e50d3bf05422fdcd64fab263bb006e9cc5f8b195644b4ceaf403a9,f315686411e50d3bf05422fdcd64fab263bb006e9cc5f8b195644b4ceaf403a9,,
fan-vibration-x.csv:A3:cq=0.125,True,True,True,True,True,True,True,True,True,True,True,True,True,True,True,True,True,895f668508effe4c4d4b1977cbebe3c0ce54e7fccb838db57f420e4491640b15,5f5f5a5388cc83a64af35d5d61d90e8b2bc70308b714b4d13ee24ee60fb6cd97,e72561636d21b1372ed3bd11b34f262dba85b66b9e61ef23d0765e8532dfe13e,e72561636d21b1372ed3bd11b34f262dba85b66b9e61ef23d0765e8532dfe13e,,
fan-vibration-x.csv:A4:cq=0.125,True,True,True,True,True,True,True,True,True,True,True,True,True,True,True,True,True,de34b96d175dbfb743af7c487c79a8956fda8fbb74da281e4a54b20e6fc8b847,293ff747e315076e4434688a5405d1eec4c680fa1b22757cb1ccbbf23a83652e,251ab6000625f0308212e23f679f97463348c26ffafe840b81f72b20f9ab92ca,251ab6000625f0308212e23f679f97463348c26ffafe840b81f72b20f9ab92ca,,
fan-vibration-x.csv:A0:cq=0.25,True,True,True,True,True,True,True,True,True,True,True,True,True,True,True,True,True,2d9e3a4c9cdf873109144c7008fef349c9b4cc4a3516ccfcac6168d61a8301f1,f861116d3bc322c1aa72a9a2e0ddef8c800446ae35a8257ed18f773e48bcb22c,cc117cfe200ecdf14e21d9beba8f7bb79371c7180adc62eec1a21a21c78e6c7c,cc117cfe200ecdf14e21d9beba8f7bb79371c7180adc62eec1a21a21c78e6c7c,,
fan-vibration-x.csv:A1:cq=0.25,True,True,True,True,True,True,True,True,True,True,True,True,True,True,True,True,True,830952a84b25ba0a3db95397b8d6ae28b15c00ba56aa1e73be7db4aa4d9b4058,9ec3902ba94e754124fa51affd8fbef5c15065a96ab52e6dae5aa48151305a05,c83278325700e4f580987be4af1b89d794d4c108e343f1c05d253871d056db3a,c83278325700e4f580987be4af1b89d794d4c108e343f1c05d253871d056db3a,,
fan-vibration-x.csv:A2:cq=0.25,True,True,True,True,True,True,True,True,True,True,True,True,True,True,True,True,True,676d6c8b08cb442015fda19a4ccdd98791710f5d2e023d26dfba7f2690e3a01d,02bfbc233d37095aa6d2572f5c0c0445e6c4907ada6c7bf14cd3dc726a328004,254e355dddada371ac8f95ba906e59144102ea7bbe772e9aafe1b0543ded303c,254e355dddada371ac8f95ba906e59144102ea7bbe772e9aafe1b0543ded303c,,
fan-vibration-x.csv:A3:cq=0.25,True,True,True,True,True,True,True,True,True,True,True,True,True,True,True,True,True,123d249b13f4bc48394074f57fee9e4060c4be758453bcd08288b0e6dcaec04a,8fb0a591af7a1e40b383626619777ba303bdc8856b3b59469f4b54ab0d58a8d8,39ef354cc9f70e6f065cd9c23a663012891fa6ce1167f9efb11f24fdd7fdfce9,39ef354cc9f70e6f065cd9c23a663012891fa6ce1167f9efb11f24fdd7fdfce9,,
fan-vibration-x.csv:A4:cq=0.25,True,True,True,True,True,True,True,True,True,True,True,True,True,True,True,True,True,e7c814df264de158cc2e8a36e4c1dfe10b076d6cc5e223247c158cba4bf0198e,bbf8e98e2b104c770d0d0fc98f55222fa75c1d086491934ef3b6717a710a8169,28bd61c70244643732220b56aff5e64fee72598c5eb7d1ee1acc12725aa60a04,28bd61c70244643732220b56aff5e64fee72598c5eb7d1ee1acc12725aa60a04,,
fan-vibration-x.csv:A0:cq=0.5,True,True,True,True,True,True,True,True,True,True,True,True,True,True,True,True,True,34c68b48cbd5fab41f558996de0960334338d5ae6fa9d96f27d2fb6158979c5a,7dd8ea1943078e031390b8944afd2a3cf1c4e353fd0a2500700bdfa492037bf8,0e83cb6801f73afc10f0ad2a69d35bab71d2b242c072436a768436df3f79a951,0e83cb6801f73afc10f0ad2a69d35bab71d2b242c072436a768436df3f79a951,,
fan-vibration-x.csv:A1:cq=0.5,True,True,True,True,True,True,True,True,True,True,True,True,True,True,True,True,True,34ee4c823fe3902f6074e5c6e89a2e99123f7bd7b35a7d6a16eed7fd31bf47a8,7b642ca52fef66d5987e027fe4feec163b8e57ee4680d87734c60ecc235f6e5c,80d7af43e9e11dbd5887cd7fe006feef20112fae390c79329cf1149a01f8a343,80d7af43e9e11dbd5887cd7fe006feef20112fae390c79329cf1149a01f8a343,,
fan-vibration-x.csv:A2:cq=0.5,True,True,True,True,True,True,True,True,True,True,True,True,True,True,True,True,True,6fda4328d97e02b202e79a6958c1f5e4d83760ea467676349eb2f1f26257aad7,5a2f1ce15512cc70c8bffd0654ff296f81c97f30dd891757c9f12b8c695a728e,858da5fdc21b2f0fc84f5c53bec9f4494c7a64f5a77889da5bc917ec38736759,858da5fdc21b2f0fc84f5c53bec9f4494c7a64f5a77889da5bc917ec38736759,,
fan-vibration-x.csv:A3:cq=0.5,True,True,True,True,True,True,True,True,True,True,True,True,True,True,True,True,True,574a8164e066fec67a1ada3839d01a5dd74020b259dd7bf884b23e2486e869e0,3be7f9315a7c247c3706da7a92d6420388c999889496f7fae07886c722163489,3d35bc3d31ea1913f1235089ceb78b7018ff07d71fa70f91d094d3d83480d1d3,3d35bc3d31ea1913f1235089ceb78b7018ff07d71fa70f91d094d3d83480d1d3,,
fan-vibration-x.csv:A4:cq=0.5,True,True,True,True,True,True,True,True,True,True,True,True,True,True,True,True,True,c50fecefb09a63c07be10e8ef78204a73fb807337a78bcb049540f45963f6773,fc46b640272a8f03f58d92ac97f8c249006349b56e8ed9e3fc2cf9c49969d00a,be67ebe8f3139fbf6102023498a04ea878fd00603031698615e8859d62024aad,be67ebe8f3139fbf6102023498a04ea878fd00603031698615e8859d62024aad,,
fan-vibration-x.csv:A0:cq=1,True,True,True,True,True,True,True,True,True,True,True,True,True,True,True,True,True,639e0d88fc2ef318cd1ba732868dfbd9cac18c377f00d8acb4d9feef832c22aa,ede5fa95b9827f38be7f3cd614615869fb0a083464035d3017b93733ae6eead4,e9e54f58228d478839aef95aa25e607eee6893a463078e4f5a68ef7d05fcd95c,e9e54f58228d478839aef95aa25e607eee6893a463078e4f5a68ef7d05fcd95c,,
fan-vibration-x.csv:A1:cq=1,True,True,True,True,True,True,True,True,True,True,True,True,True,True,True,True,True,0ec78052533c26ccb5e7d2294e24a68b6e66c73b39cd10e3efd099edab75456f,b6ca186874019219af0578ec141f51cf57b6bd41900424e0f48368323cfba07e,7d143d78db28ed58eea9446e876bc53264b1c2665163ed4e8e0197f0de9f1019,7d143d78db28ed58eea9446e876bc53264b1c2665163ed4e8e0197f0de9f1019,,
fan-vibration-x.csv:A2:cq=1,True,True,True,True,True,True,True,True,True,True,True,True,True,True,True,True,True,56fd90060ae3ce4e4572d09dc8e0f74b5bea5fdc81a34a5c98b035eadf6f8642,05b6690163407ef8678243886fe816092bf3a2e97a0bfbc3532e8b8de8cf4515,20e850a0574bacf54efb76422e5e73bb3380b5fe0fcf0870624770e5dc678e0d,20e850a0574bacf54efb76422e5e73bb3380b5fe0fcf0870624770e5dc678e0d,,
fan-vibration-x.csv:A3:cq=1,True,True,True,True,True,True,True,True,True,True,True,True,True,True,True,True,True,e6b32654f840a4c3c4756661a05e9d299ef48a1c286123f64b93123121831d4f,7ae2978cce93d659cf069cecf69db9aceb27a30cb1335372c0963fe3a85165e7,701bad1c93c6c0c1f4c358dc6de00ff69f3d9be58240e95587aa58be8d8dce81,701bad1c93c6c0c1f4c358dc6de00ff69f3d9be58240e95587aa58be8d8dce81,,
fan-vibration-x.csv:A4:cq=1,True,True,True,True,True,True,True,True,True,True,True,True,True,True,True,True,True,c3024c02a5dc053067bf0366b380ca8868ed943c33a2ef753c940e84cf36b2e2,5d56d8555358e0b95551f550b0b8d24b57adf9f77de7aaf226ff4389243890d5,62a3980beac41d4cebea43c080a4088a5da3fd3f1b8f4479114d09c3e48af1fb,62a3980beac41d4cebea43c080a4088a5da3fd3f1b8f4479114d09c3e48af1fb,,
fan-vibration-x.csv:A0:cq=2,True,True,True,True,True,True,True,True,True,True,True,True,True,True,True,True,True,9f08ffc5d1c64cedaa18aedccbdde1c765eb48aa23febd40a853c91ef0239264,75e61a5a01df12b4cf69df134949c18402f6e692d6215fe9947100b0eb3bbaca,9a487fced54aa6f3ccf29c886f4e104fb359ade779c5d400e8c072a1fa55567a,9a487fced54aa6f3ccf29c886f4e104fb359ade779c5d400e8c072a1fa55567a,,
fan-vibration-x.csv:A1:cq=2,True,True,True,True,True,True,True,True,True,True,True,True,True,True,True,True,True,18844065db9c69b9d91a55f7fd5cd4d7ee7e2ebe0b7e90a17e79ce383dc00a76,af637175102064d232083a8da69c67a7df056bf07e64d2c4bd5fa8b2feefc8d3,4b0d1a3c30adc651770d34d66a23ffbf04088aee6117af6ef1ea0722f7f348ce,4b0d1a3c30adc651770d34d66a23ffbf04088aee6117af6ef1ea0722f7f348ce,,
fan-vibration-x.csv:A2:cq=2,True,True,True,True,True,True,True,True,True,True,True,True,True,True,True,True,True,fef966dba28fbb5f69428177289e49c3484239114a4a95f1e4a4b12fe4bf0ba4,515988d6b0a49eab0f3d51e16cc6aa0f90550ba7f37bd6ee51223ff9228a4a84,aa4c13d0de511be43b40025842b3c7e8af9ceb2c6753ac3dd787d92175433392,aa4c13d0de511be43b40025842b3c7e8af9ceb2c6753ac3dd787d92175433392,,
fan-vibration-x.csv:A3:cq=2,True,True,True,True,True,True,True,True,True,True,True,True,True,True,True,True,True,62635e2829d234d01cdf19b08baecb885bcbeeb3bdb187823a83a57e71b3a2e5,2786a1a21c2c88b8f7daf5c3184dba62671d9ec7b5c9e291ca096b78351f6078,08b967a44aec1aad2dc9da1919773e06daf84f26a8fded8f92f504cdab01aa00,08b967a44aec1aad2dc9da1919773e06daf84f26a8fded8f92f504cdab01aa00,,
fan-vibration-x.csv:A4:cq=2,True,True,True,True,True,True,True,True,True,True,True,True,True,True,True,True,True,51d512b8c59dff253f1ae1528425bbb421745b2d893199346b79c56ba3a2ad36,2eb0c39a504039706c39d78bdea9a23e91f4a16da443bd13ec4eecac4ab11c82,6f956002aa4bb90364d644cbecb5d4bc8e175d74a7913c5117f19c5cb481a866,6f956002aa4bb90364d644cbecb5d4bc8e175d74a7913c5117f19c5cb481a866,,
fan-vibration-x.csv:A0:cq=4,True,True,True,True,True,True,True,True,True,True,True,True,True,True,True,True,True,4fd119563ef495597d120c07b27f0a23c0aebcb2e55e1993c1b5a41758b2813e,d854475f03e2e851fca201b476b2d247868dff7d62c310d37c181239f8344668,8060a4259df7804f012c0052518b589818e5e820480ce9adef48fd94900c83d7,8060a4259df7804f012c0052518b589818e5e820480ce9adef48fd94900c83d7,,
fan-vibration-x.csv:A1:cq=4,True,True,True,True,True,True,True,True,True,True,True,True,True,True,True,True,True,6a872a5224463d924f12330fdd4f081819deb51a1c82ed6c661c280be58520dd,504f6102e9fea24b60f5442a3c5714655b70353792086663a4dfd6dbf458fa05,60ee129fd55867835d8c70cfeeee317a52b812a2e900252d863148ace27bd90c,60ee129fd55867835d8c70cfeeee317a52b812a2e900252d863148ace27bd90c,,
fan-vibration-x.csv:A2:cq=4,True,True,True,True,True,True,True,True,True,True,True,True,True,True,True,True,True,3a538974585ed2d9d60963c39c4b203656420e1390dbef6c675e9f8d28dfa8a6,ba8b5651af05376e6feefd50df0acb4f901554bd3d94046d24fcb8dc769e1edc,03aed14ea9309554248289a2582a5bc1717595a294522a21c831e9898fc0ec95,03aed14ea9309554248289a2582a5bc1717595a294522a21c831e9898fc0ec95,,
fan-vibration-x.csv:A3:cq=4,True,True,True,True,True,True,True,True,True,True,True,True,True,True,True,True,True,c49fcf24d84fe9d4eb3e5ea45898a48a45dc1d1ae37e01a2dfad496b1b8b0814,4804d6156bf2977dd970e2b65fbfeff134709da9a5ace442bcc80f739d8a5894,0bc9365df3667cff3fec45e41812255ccf2af6d8486e831a135277bdc9e4e3d3,0bc9365df3667cff3fec45e41812255ccf2af6d8486e831a135277bdc9e4e3d3,,
fan-vibration-x.csv:A4:cq=4,True,True,True,True,True,True,True,True,True,True,True,True,True,True,True,True,True,fc28b221de9c05bbf1ea0e6f9c294c7f88c6ae8179f367df36429e494b4331b4,97c75340b1ac3d6f10cf31879f8062aebd39a16dc28cb81b8bc4408ae9a50698,978fb3b921a9421a4878f494a4d43c1033583559adef519b075b4b68bafd6ba0,978fb3b921a9421a4878f494a4d43c1033583559adef519b075b4b68bafd6ba0,,
dow-jones-weekly-return.csv:A0:cq=0.0625,True,True,True,True,True,True,True,True,True,True,True,True,True,True,True,True,True,de65612728b87fbcbfbe112bef45258ae5ae1f4a32bb5058a4d03c2c5e7e1506,e540681b6600722ea06cdd32a3a6abc271308d564d326d5dc0afa34bad4b6706,257b3c66f4e1bf47112f041ccf5f1a3aee92f8fb356992ab195844456906c8af,257b3c66f4e1bf47112f041ccf5f1a3aee92f8fb356992ab195844456906c8af,,
dow-jones-weekly-return.csv:A1:cq=0.0625,True,True,True,True,True,True,True,True,True,True,True,True,True,True,True,True,True,de65612728b87fbcbfbe112bef45258ae5ae1f4a32bb5058a4d03c2c5e7e1506,e540681b6600722ea06cdd32a3a6abc271308d564d326d5dc0afa34bad4b6706,257b3c66f4e1bf47112f041ccf5f1a3aee92f8fb356992ab195844456906c8af,257b3c66f4e1bf47112f041ccf5f1a3aee92f8fb356992ab195844456906c8af,,
dow-jones-weekly-return.csv:A2:cq=0.0625,True,True,True,True,True,True,True,True,True,True,True,True,True,True,True,True,True,de65612728b87fbcbfbe112bef45258ae5ae1f4a32bb5058a4d03c2c5e7e1506,e540681b6600722ea06cdd32a3a6abc271308d564d326d5dc0afa34bad4b6706,257b3c66f4e1bf47112f041ccf5f1a3aee92f8fb356992ab195844456906c8af,257b3c66f4e1bf47112f041ccf5f1a3aee92f8fb356992ab195844456906c8af,,
dow-jones-weekly-return.csv:A3:cq=0.0625,True,True,True,True,True,True,True,True,True,True,True,True,True,True,True,True,True,de65612728b87fbcbfbe112bef45258ae5ae1f4a32bb5058a4d03c2c5e7e1506,e540681b6600722ea06cdd32a3a6abc271308d564d326d5dc0afa34bad4b6706,257b3c66f4e1bf47112f041ccf5f1a3aee92f8fb356992ab195844456906c8af,257b3c66f4e1bf47112f041ccf5f1a3aee92f8fb356992ab195844456906c8af,,
dow-jones-weekly-return.csv:A4:cq=0.0625,True,True,True,True,True,True,True,True,True,True,True,True,True,True,True,True,True,de65612728b87fbcbfbe112bef45258ae5ae1f4a32bb5058a4d03c2c5e7e1506,e540681b6600722ea06cdd32a3a6abc271308d564d326d5dc0afa34bad4b6706,257b3c66f4e1bf47112f041ccf5f1a3aee92f8fb356992ab195844456906c8af,257b3c66f4e1bf47112f041ccf5f1a3aee92f8fb356992ab195844456906c8af,,
dow-jones-weekly-return.csv:A0:cq=0.125,True,True,True,True,True,True,True,True,True,True,True,True,True,True,True,True,True,3ba4d2635ceff9722a32be318f62135db4313a3f00984eddac2cea096e22deda,00ab639650f9d0f4c6f3255bdb96989553873a51a17e76f47483438a22f6430b,428c21fcf5329f3943af895038fe209d2c7796ab25db6a99837a372aef9403d4,428c21fcf5329f3943af895038fe209d2c7796ab25db6a99837a372aef9403d4,,
dow-jones-weekly-return.csv:A1:cq=0.125,True,True,True,True,True,True,True,True,True,True,True,True,True,True,True,True,True,3ba4d2635ceff9722a32be318f62135db4313a3f00984eddac2cea096e22deda,00ab639650f9d0f4c6f3255bdb96989553873a51a17e76f47483438a22f6430b,428c21fcf5329f3943af895038fe209d2c7796ab25db6a99837a372aef9403d4,428c21fcf5329f3943af895038fe209d2c7796ab25db6a99837a372aef9403d4,,
dow-jones-weekly-return.csv:A2:cq=0.125,True,True,True,True,True,True,True,True,True,True,True,True,True,True,True,True,True,3ba4d2635ceff9722a32be318f62135db4313a3f00984eddac2cea096e22deda,00ab639650f9d0f4c6f3255bdb96989553873a51a17e76f47483438a22f6430b,428c21fcf5329f3943af895038fe209d2c7796ab25db6a99837a372aef9403d4,428c21fcf5329f3943af895038fe209d2c7796ab25db6a99837a372aef9403d4,,
dow-jones-weekly-return.csv:A3:cq=0.125,True,True,True,True,True,True,True,True,True,True,True,True,True,True,True,True,True,3ba4d2635ceff9722a32be318f62135db4313a3f00984eddac2cea096e22deda,00ab639650f9d0f4c6f3255bdb96989553873a51a17e76f47483438a22f6430b,428c21fcf5329f3943af895038fe209d2c7796ab25db6a99837a372aef9403d4,428c21fcf5329f3943af895038fe209d2c7796ab25db6a99837a372aef9403d4,,
dow-jones-weekly-return.csv:A4:cq=0.125,True,True,True,True,True,True,True,True,True,True,True,True,True,True,True,True,True,3ba4d2635ceff9722a32be318f62135db4313a3f00984eddac2cea096e22deda,00ab639650f9d0f4c6f3255bdb96989553873a51a17e76f47483438a22f6430b,428c21fcf5329f3943af895038fe209d2c7796ab25db6a99837a372aef9403d4,428c21fcf5329f3943af895038fe209d2c7796ab25db6a99837a372aef9403d4,,
dow-jones-weekly-return.csv:A0:cq=0.25,True,True,True,True,True,True,True,True,True,True,True,True,True,True,True,True,True,5b952498c1a10646af25b003f0facc779fdf949d6830d80130010aa269350ddc,e82c6de51b5d4a5882355ea7e22bdb053329e5b906e70fb687c7d9f8d56bd9de,3bb0403870c01cad76522b5cee574943627e1ea5164383ff62bb3b9261236b8b,3bb0403870c01cad76522b5cee574943627e1ea5164383ff62bb3b9261236b8b,,
dow-jones-weekly-return.csv:A1:cq=0.25,True,True,True,True,True,True,True,True,True,True,True,True,True,True,True,True,True,5b952498c1a10646af25b003f0facc779fdf949d6830d80130010aa269350ddc,e82c6de51b5d4a5882355ea7e22bdb053329e5b906e70fb687c7d9f8d56bd9de,3bb0403870c01cad76522b5cee574943627e1ea5164383ff62bb3b9261236b8b,3bb0403870c01cad76522b5cee574943627e1ea5164383ff62bb3b9261236b8b,,
dow-jones-weekly-return.csv:A2:cq=0.25,True,True,True,True,True,True,True,True,True,True,True,True,True,True,True,True,True,5b952498c1a10646af25b003f0facc779fdf949d6830d80130010aa269350ddc,e82c6de51b5d4a5882355ea7e22bdb053329e5b906e70fb687c7d9f8d56bd9de,3bb0403870c01cad76522b5cee574943627e1ea5164383ff62bb3b9261236b8b,3bb0403870c01cad76522b5cee574943627e1ea5164383ff62bb3b9261236b8b,,
dow-jones-weekly-return.csv:A3:cq=0.25,True,True,True,True,True,True,True,True,True,True,True,True,True,True,True,True,True,5b952498c1a10646af25b003f0facc779fdf949d6830d80130010aa269350ddc,e82c6de51b5d4a5882355ea7e22bdb053329e5b906e70fb687c7d9f8d56bd9de,3bb0403870c01cad76522b5cee574943627e1ea5164383ff62bb3b9261236b8b,3bb0403870c01cad76522b5cee574943627e1ea5164383ff62bb3b9261236b8b,,
dow-jones-weekly-return.csv:A4:cq=0.25,True,True,True,True,True,True,True,True,True,True,True,True,True,True,True,True,True,5b952498c1a10646af25b003f0facc779fdf949d6830d80130010aa269350ddc,e82c6de51b5d4a5882355ea7e22bdb053329e5b906e70fb687c7d9f8d56bd9de,3bb0403870c01cad76522b5cee574943627e1ea5164383ff62bb3b9261236b8b,3bb0403870c01cad76522b5cee574943627e1ea5164383ff62bb3b9261236b8b,,
dow-jones-weekly-return.csv:A0:cq=0.5,True,True,True,True,True,True,True,True,True,True,True,True,True,True,True,True,True,565ce1afb6633fa4b62260aeddd1ebd7997921d14e86782143a578fec91068c8,8b3f2889d61e9f03f6f2cd181ca2d22feff21ee7ee33621a8c3d4fd1e14ea4ef,22ea2372744c23e0fe935ce9464e169c1fd322d3ab070720ec859569389f7b6b,22ea2372744c23e0fe935ce9464e169c1fd322d3ab070720ec859569389f7b6b,,
dow-jones-weekly-return.csv:A1:cq=0.5,True,True,True,True,True,True,True,True,True,True,True,True,True,True,True,True,True,565ce1afb6633fa4b62260aeddd1ebd7997921d14e86782143a578fec91068c8,8b3f2889d61e9f03f6f2cd181ca2d22feff21ee7ee33621a8c3d4fd1e14ea4ef,22ea2372744c23e0fe935ce9464e169c1fd322d3ab070720ec859569389f7b6b,22ea2372744c23e0fe935ce9464e169c1fd322d3ab070720ec859569389f7b6b,,
dow-jones-weekly-return.csv:A2:cq=0.5,True,True,True,True,True,True,True,True,True,True,True,True,True,True,True,True,True,4f7841f927f88da4ad87736fee68bf5260a2d0f9222a376908bcad5caa4138fb,cbc984f6e5ba4c5295fc846a535bf12b1bde27c30f50f6537a709da895bc135a,8b85f20a81adf6b98a02b01db6aec6e50a906ed1b0a9511d83d69d767ee91b75,8b85f20a81adf6b98a02b01db6aec6e50a906ed1b0a9511d83d69d767ee91b75,,
dow-jones-weekly-return.csv:A3:cq=0.5,True,True,True,True,True,True,True,True,True,True,True,True,True,True,True,True,True,565ce1afb6633fa4b62260aeddd1ebd7997921d14e86782143a578fec91068c8,8b3f2889d61e9f03f6f2cd181ca2d22feff21ee7ee33621a8c3d4fd1e14ea4ef,22ea2372744c23e0fe935ce9464e169c1fd322d3ab070720ec859569389f7b6b,22ea2372744c23e0fe935ce9464e169c1fd322d3ab070720ec859569389f7b6b,,
dow-jones-weekly-return.csv:A4:cq=0.5,True,True,True,True,True,True,True,True,True,True,True,True,True,True,True,True,True,4f7841f927f88da4ad87736fee68bf5260a2d0f9222a376908bcad5caa4138fb,cbc984f6e5ba4c5295fc846a535bf12b1bde27c30f50f6537a709da895bc135a,8b85f20a81adf6b98a02b01db6aec6e50a906ed1b0a9511d83d69d767ee91b75,8b85f20a81adf6b98a02b01db6aec6e50a906ed1b0a9511d83d69d767ee91b75,,
dow-jones-weekly-return.csv:A0:cq=1,True,True,True,True,True,True,True,True,True,True,True,True,True,True,True,True,True,6da1163ebee86846259a06c0c55b587ad2c82f928470005139f462011417cb7a,1a846b14377e22edf3f43842c764dbee234d824ea6d9af8cc1c0faa8698d97ce,dd04a0726db59e3419e30365c1b7b3379397b2140b95036562e03e3c26755e2f,dd04a0726db59e3419e30365c1b7b3379397b2140b95036562e03e3c26755e2f,,
dow-jones-weekly-return.csv:A1:cq=1,True,True,True,True,True,True,True,True,True,True,True,True,True,True,True,True,True,6da1163ebee86846259a06c0c55b587ad2c82f928470005139f462011417cb7a,1a846b14377e22edf3f43842c764dbee234d824ea6d9af8cc1c0faa8698d97ce,dd04a0726db59e3419e30365c1b7b3379397b2140b95036562e03e3c26755e2f,dd04a0726db59e3419e30365c1b7b3379397b2140b95036562e03e3c26755e2f,,
dow-jones-weekly-return.csv:A2:cq=1,True,True,True,True,True,True,True,True,True,True,True,True,True,True,True,True,True,b332017ba6689bfcbf1b151be28de7cf0dd0090b56306bad79d84e496bca88c9,809443f8e6f4c6d1a90a99467a333e77f48b1aff14d4117ed543a0a999a181f4,c5d557566aca3c763eec327d760de25630d71ba3b037d076d3fbaefc664e770d,c5d557566aca3c763eec327d760de25630d71ba3b037d076d3fbaefc664e770d,,
dow-jones-weekly-return.csv:A3:cq=1,True,True,True,True,True,True,True,True,True,True,True,True,True,True,True,True,True,6da1163ebee86846259a06c0c55b587ad2c82f928470005139f462011417cb7a,1a846b14377e22edf3f43842c764dbee234d824ea6d9af8cc1c0faa8698d97ce,dd04a0726db59e3419e30365c1b7b3379397b2140b95036562e03e3c26755e2f,dd04a0726db59e3419e30365c1b7b3379397b2140b95036562e03e3c26755e2f,,
dow-jones-weekly-return.csv:A4:cq=1,True,True,True,True,True,True,True,True,True,True,True,True,True,True,True,True,True,b332017ba6689bfcbf1b151be28de7cf0dd0090b56306bad79d84e496bca88c9,809443f8e6f4c6d1a90a99467a333e77f48b1aff14d4117ed543a0a999a181f4,c5d557566aca3c763eec327d760de25630d71ba3b037d076d3fbaefc664e770d,c5d557566aca3c763eec327d760de25630d71ba3b037d076d3fbaefc664e770d,,
dow-jones-weekly-return.csv:A0:cq=2,True,True,True,True,True,True,True,True,True,True,True,True,True,True,True,True,True,a808f975ccf722653c591944b1b629a8f6adc7539b7f0f0cbe38a273004680a9,4cf8b65dfe5325383efede1521d04a37bccd54b0bfe908e86a8b619b0b60601b,f55838e151b56c2eaa7dc0260eb64b9f9e29742d4b92ecf2593eaba55650da75,f55838e151b56c2eaa7dc0260eb64b9f9e29742d4b92ecf2593eaba55650da75,,
dow-jones-weekly-return.csv:A1:cq=2,True,True,True,True,True,True,True,True,True,True,True,True,True,True,True,True,True,a808f975ccf722653c591944b1b629a8f6adc7539b7f0f0cbe38a273004680a9,4cf8b65dfe5325383efede1521d04a37bccd54b0bfe908e86a8b619b0b60601b,f55838e151b56c2eaa7dc0260eb64b9f9e29742d4b92ecf2593eaba55650da75,f55838e151b56c2eaa7dc0260eb64b9f9e29742d4b92ecf2593eaba55650da75,,
dow-jones-weekly-return.csv:A2:cq=2,True,True,True,True,True,True,True,True,True,True,True,True,True,True,True,True,True,a808f975ccf722653c591944b1b629a8f6adc7539b7f0f0cbe38a273004680a9,4cf8b65dfe5325383efede1521d04a37bccd54b0bfe908e86a8b619b0b60601b,f55838e151b56c2eaa7dc0260eb64b9f9e29742d4b92ecf2593eaba55650da75,f55838e151b56c2eaa7dc0260eb64b9f9e29742d4b92ecf2593eaba55650da75,,
dow-jones-weekly-return.csv:A3:cq=2,True,True,True,True,True,True,True,True,True,True,True,True,True,True,True,True,True,a808f975ccf722653c591944b1b629a8f6adc7539b7f0f0cbe38a273004680a9,4cf8b65dfe5325383efede1521d04a37bccd54b0bfe908e86a8b619b0b60601b,f55838e151b56c2eaa7dc0260eb64b9f9e29742d4b92ecf2593eaba55650da75,f55838e151b56c2eaa7dc0260eb64b9f9e29742d4b92ecf2593eaba55650da75,,
dow-jones-weekly-return.csv:A4:cq=2,True,True,True,True,True,True,True,True,True,True,True,True,True,True,True,True,True,a808f975ccf722653c591944b1b629a8f6adc7539b7f0f0cbe38a273004680a9,4cf8b65dfe5325383efede1521d04a37bccd54b0bfe908e86a8b619b0b60601b,f55838e151b56c2eaa7dc0260eb64b9f9e29742d4b92ecf2593eaba55650da75,f55838e151b56c2eaa7dc0260eb64b9f9e29742d4b92ecf2593eaba55650da75,,
dow-jones-weekly-return.csv:A0:cq=4,True,True,True,True,True,True,True,True,True,True,True,True,True,True,True,True,True,c2b57e7af7809684a09deaeb86267487f371cf937b53113344f8dd50a1ea61e2,21727fc077d285f95d1a32b616c17be35ed9e1378b9253c9c2210b067eaffe29,4cb257d90b7d51b543b2bb72fab02db0216ddb49f83805c4f795b8c8fde4ad55,4cb257d90b7d51b543b2bb72fab02db0216ddb49f83805c4f795b8c8fde4ad55,,
dow-jones-weekly-return.csv:A1:cq=4,True,True,True,True,True,True,True,True,True,True,True,True,True,True,True,True,True,c2b57e7af7809684a09deaeb86267487f371cf937b53113344f8dd50a1ea61e2,21727fc077d285f95d1a32b616c17be35ed9e1378b9253c9c2210b067eaffe29,4cb257d90b7d51b543b2bb72fab02db0216ddb49f83805c4f795b8c8fde4ad55,4cb257d90b7d51b543b2bb72fab02db0216ddb49f83805c4f795b8c8fde4ad55,,
dow-jones-weekly-return.csv:A2:cq=4,True,True,True,True,True,True,True,True,True,True,True,True,True,True,True,True,True,c2b57e7af7809684a09deaeb86267487f371cf937b53113344f8dd50a1ea61e2,21727fc077d285f95d1a32b616c17be35ed9e1378b9253c9c2210b067eaffe29,4cb257d90b7d51b543b2bb72fab02db0216ddb49f83805c4f795b8c8fde4ad55,4cb257d90b7d51b543b2bb72fab02db0216ddb49f83805c4f795b8c8fde4ad55,,
dow-jones-weekly-return.csv:A3:cq=4,True,True,True,True,True,True,True,True,True,True,True,True,True,True,True,True,True,c2b57e7af7809684a09deaeb86267487f371cf937b53113344f8dd50a1ea61e2,21727fc077d285f95d1a32b616c17be35ed9e1378b9253c9c2210b067eaffe29,4cb257d90b7d51b543b2bb72fab02db0216ddb49f83805c4f795b8c8fde4ad55,4cb257d90b7d51b543b2bb72fab02db0216ddb49f83805c4f795b8c8fde4ad55,,
dow-jones-weekly-return.csv:A4:cq=4,True,True,True,True,True,True,True,True,True,True,True,True,True,True,True,True,True,c2b57e7af7809684a09deaeb86267487f371cf937b53113344f8dd50a1ea61e2,21727fc077d285f95d1a32b616c17be35ed9e1378b9253c9c2210b067eaffe29,4cb257d90b7d51b543b2bb72fab02db0216ddb49f83805c4f795b8c8fde4ad55,4cb257d90b7d51b543b2bb72fab02db0216ddb49f83805c4f795b8c8fde4ad55,,
room-occupancy-count.csv:A0:cq=0.0625,True,True,True,True,True,True,True,True,True,True,True,True,True,True,True,True,True,4f93e51deb86649c6566d5038078533275d05edb986ce137cd2c7370c70ad132,6eebad83ec623cfae175880f0a37443c459b813b94e8ccd427a5e1e90c9b6a1e,cf64374d3f631b23c0271588d80478f198588cb42550c96c07fd611a6659d7a1,cf64374d3f631b23c0271588d80478f198588cb42550c96c07fd611a6659d7a1,,
room-occupancy-count.csv:A1:cq=0.0625,True,True,True,True,True,True,True,True,True,True,True,True,True,True,True,True,True,2ea008fde88169b24ae2fa9fbe915c879039345bd8917133475c39bf498d2082,7ab485525a2666af774b8ffd0a3b4a0b85a0b3e12f058ff097f7d986a7442f3b,fe4e440e6276681ab81e58cd8265d88cc1e4146e5a807f18785513bcdf7ddea6,fe4e440e6276681ab81e58cd8265d88cc1e4146e5a807f18785513bcdf7ddea6,,
room-occupancy-count.csv:A2:cq=0.0625,True,True,True,True,True,True,True,True,True,True,True,True,True,True,True,True,True,450cee75185cabde57da768cc08758d0e538d8c2423d1c1bdc16073c03938a83,178d78c221a0cccb896786e43de96b27407012827e283210c5d2f7877ea462c5,0c1179d8b636655c1c86da127b370f51ddc04462fdb87dcf1312dd5778493717,0c1179d8b636655c1c86da127b370f51ddc04462fdb87dcf1312dd5778493717,,
room-occupancy-count.csv:A3:cq=0.0625,True,True,True,True,True,True,True,True,True,True,True,True,True,True,True,True,True,27a689a5c5ec1a8a0b25f79db70e2997db46ffb35a786206088b9ea15996d9fb,015591652390be1f127af7b068ab4abbcabbac804c054ff7f3971e0df0578842,158e4ea55b95bee642f260469c889a5ce7417e3e49f2c4d65a8f13c65433180d,158e4ea55b95bee642f260469c889a5ce7417e3e49f2c4d65a8f13c65433180d,,
room-occupancy-count.csv:A4:cq=0.0625,True,True,True,True,True,True,True,True,True,True,True,True,True,True,True,True,True,47631ff4b5f8e25f0399ef16a4b8083301f8e7b2f9751b4972a49d0ee2744a80,69f8c36ea45fbeca228a69c1406a379d321b6d232d81a1bab805f3bc8db4d2ac,d80fa7970e195b89a2cc7a93aaeb7bf334562aba615432358c2e6b78f9b44a54,d80fa7970e195b89a2cc7a93aaeb7bf334562aba615432358c2e6b78f9b44a54,,
room-occupancy-count.csv:A0:cq=0.125,True,True,True,True,True,True,True,True,True,True,True,True,True,True,True,True,True,fe5b16df1861473d0caccfa4f0fbbbfaa8c730bd085cb190d6c136a60ea9f1d3,ecd8491bd75c03f0bfe60882324fd3b4058688465fe118ea153d2450f4e48b01,0ce3fd59e9d184aed9909818c8cc39b55532cc63f5942a834794a559c001fe59,0ce3fd59e9d184aed9909818c8cc39b55532cc63f5942a834794a559c001fe59,,
room-occupancy-count.csv:A1:cq=0.125,True,True,True,True,True,True,True,True,True,True,True,True,True,True,True,True,True,1c11210768de627c2eab705d863f75b7f72b24d9604be8df11e7d266eb8b69bd,192aea694b0c24ac70ec0002f7095ddc6fd25caab5b3908f6b6b682305fbfec2,31a887919e4e3eaf9267db8a93882a942da2078468c37109e36c0e6ce6c099d4,31a887919e4e3eaf9267db8a93882a942da2078468c37109e36c0e6ce6c099d4,,
room-occupancy-count.csv:A2:cq=0.125,True,True,True,True,True,True,True,True,True,True,True,True,True,True,True,True,True,7b1a24d552c5809bf05aea4d5d805deb9f1443494fefc002c573d3c7de31d2b4,9c4a703a4c9dccf75f065e6e0e60be3fc0f328b44407639cda1e99f5880e1340,bdb9ecf0731b9dfd366fc12bedfe8e5b8730aa2c6c9075ccea9f726cf7ad6827,bdb9ecf0731b9dfd366fc12bedfe8e5b8730aa2c6c9075ccea9f726cf7ad6827,,
room-occupancy-count.csv:A3:cq=0.125,True,True,True,True,True,True,True,True,True,True,True,True,True,True,True,True,True,5856c2161a08e126dd9b6c9db6d06eb9196aea1e5e5d995d6b1e3cef592f88b2,750fe0beca128292b317c5a9ffadf9af6148b3c4e71831ac99e9936ede22a274,0e3fb458a2421a688b355a757017e816b6b82205e345eddffec32ac31fc22370,0e3fb458a2421a688b355a757017e816b6b82205e345eddffec32ac31fc22370,,
room-occupancy-count.csv:A4:cq=0.125,True,True,True,True,True,True,True,True,True,True,True,True,True,True,True,True,True,ae8097dea5737544245176dfcad24c0438f71d1d3009c0d2196a9b2745ffb37a,c29de297f1c923175980720d4afa4f48fbac676cfdf20d9faaa3ef93e19ebd1f,e848b727a73782cb7cd0e798cad6b88382eb6b6a89e7500464c42907c75ce25b,e848b727a73782cb7cd0e798cad6b88382eb6b6a89e7500464c42907c75ce25b,,
room-occupancy-count.csv:A0:cq=0.25,True,True,True,True,True,True,True,True,True,True,True,True,True,True,True,True,True,19eaa41036886bf420a1c710ec50bddd94b3e3bc4d30fce5877fa15ee15119fd,e2de0880820d5be3fd2498369b46cbe93ee0750721d35ff7274461e1062ac952,9c45b0199d82abfac5aad9b9346b1c2fa8e878032e64ec7b98f9da2997b6f00b,9c45b0199d82abfac5aad9b9346b1c2fa8e878032e64ec7b98f9da2997b6f00b,,
room-occupancy-count.csv:A1:cq=0.25,True,True,True,True,True,True,True,True,True,True,True,True,True,True,True,True,True,6cd91dee7364f6897c7f6bfea168fb02867e71d17f1edda87e7e4f36224c1834,b553cf1c9a7666ba7917335f9e93c0211fa08a1b7da330825c4d5afd13f151d4,f77b35c48d77977716f3a6955264f5b76e64993b26aa80d43f88510b8bf6d20c,f77b35c48d77977716f3a6955264f5b76e64993b26aa80d43f88510b8bf6d20c,,
room-occupancy-count.csv:A2:cq=0.25,True,True,True,True,True,True,True,True,True,True,True,True,True,True,True,True,True,0111b9009e1b6f72366719670aae98a826c62ad144796afca9ecaa1c310fdb18,bac80fa37af509828d5d90e74d8fde4daa4f7c8f3e66bcd7432f1d6f1d3d1be8,cb5ce5a512edb02999eab4274063515d2429e6e51f0bb4e3c37eb3b3f8a368f6,cb5ce5a512edb02999eab4274063515d2429e6e51f0bb4e3c37eb3b3f8a368f6,,
room-occupancy-count.csv:A3:cq=0.25,True,True,True,True,True,True,True,True,True,True,True,True,True,True,True,True,True,cc9feaa586ae25caeead737a4c03d87af6b13f65cdaa72f7da911a0129221dd4,70488ca57391d47a83f0405335b863f0b0e34fce4866c9ca0c22831ca07ebc74,4e373f7417dc0dd031989c46642f8ca03a5ef954981249f083649b052fce60a1,4e373f7417dc0dd031989c46642f8ca03a5ef954981249f083649b052fce60a1,,
room-occupancy-count.csv:A4:cq=0.25,True,True,True,True,True,True,True,True,True,True,True,True,True,True,True,True,True,12a473fafea2f3464039b252dfb6e7b2f47181a4f4a0b42de1282df04b7f7648,8b12dd03706e2521e4784ff746543715a994bebffb546e83c75f7c1593224054,f0a4f896ebab69ba2df1ad8d7b0d2d67e31180e2c598bfc04307f6c430677e80,f0a4f896ebab69ba2df1ad8d7b0d2d67e31180e2c598bfc04307f6c430677e80,,
room-occupancy-count.csv:A0:cq=0.5,True,True,True,True,True,True,True,True,True,True,True,True,True,True,True,True,True,d4b225a8829c1e4623878c788833f256bfcabb28eac275fcf0c0226116a85046,a8b62c2fe3134f2c4f44490c2c65fb4af3795f443107801fb74c331d95bfbccf,5b7905d7eff75be6ef68506fb88f03ecf9dbe4fb9de958f8797eedd887f5c896,5b7905d7eff75be6ef68506fb88f03ecf9dbe4fb9de958f8797eedd887f5c896,,
room-occupancy-count.csv:A1:cq=0.5,True,True,True,True,True,True,True,True,True,True,True,True,True,True,True,True,True,ab165d24c7ee109c284811bb84a147aaf376613ee6eb7c0d63c877793e067b16,4344e74b295fa40793d6ebd8c1fe9810cbe66e658682953f154249c14174371c,cd8bba33b1befa107312fb5b40b04afc5ef1a6ee1aed194023f0a54b854d335a,cd8bba33b1befa107312fb5b40b04afc5ef1a6ee1aed194023f0a54b854d335a,,
room-occupancy-count.csv:A2:cq=0.5,True,True,True,True,True,True,True,True,True,True,True,True,True,True,True,True,True,a44a34133e51fd4a737c68366b04d185e945b653ffbc0ad14bd47f1527197143,ab836caaeccd80e3107a42e8a770eaf0ec6c019c67d66cc15fc52ffc5f028c94,d92bcffd9647e7d94e4ef08439b6aa8de5fb00d2bda568d78473f8e2aa024a7c,d92bcffd9647e7d94e4ef08439b6aa8de5fb00d2bda568d78473f8e2aa024a7c,,
room-occupancy-count.csv:A3:cq=0.5,True,True,True,True,True,True,True,True,True,True,True,True,True,True,True,True,True,272a9f6620e5c04bcdf7ecaedf2bceece2566390c5c3e27c6c17220fb7f5eab3,62472e810a526cdf5fbcc94c5881595836f0a4f291e2ed12611c1764247c9053,b37f18812ae2f16938240ac222322440992239940da81967028f1314e1ed2c32,b37f18812ae2f16938240ac222322440992239940da81967028f1314e1ed2c32,,
room-occupancy-count.csv:A4:cq=0.5,True,True,True,True,True,True,True,True,True,True,True,True,True,True,True,True,True,21dd855b87aa6511cebe2ae127771a4c6d6a575fc90ab8301d708476e729f488,28c562a369d00545e6c7271dac9b35290b0315443f4a99437447aa55a2abbd72,2a3de010c8df4c8c40351ac68ea943f71d506a41c953ec65e2eb4c70a708bfd3,2a3de010c8df4c8c40351ac68ea943f71d506a41c953ec65e2eb4c70a708bfd3,,
room-occupancy-count.csv:A0:cq=1,True,True,True,True,True,True,True,True,True,True,True,True,True,True,True,True,True,0b5a7c142a7ea68bc00ffc598deea05ac3a51b016f4099cbfea4aab7007a0312,650f94f9b8c52b7a3a1f9a3979d8748e6987233fd451ca8d16a581f59422e73e,5f813246fd8000d0d8189a49e9d11dd767f8119879c694bb7498fb1c2d5baa54,5f813246fd8000d0d8189a49e9d11dd767f8119879c694bb7498fb1c2d5baa54,,
room-occupancy-count.csv:A1:cq=1,True,True,True,True,True,True,True,True,True,True,True,True,True,True,True,True,True,791d80ce575585d87773b4a9d029f3701e5b82b35a1b207c12e8add69cd931d8,5b1b8c5de896b4fa5a5e453f405322b7880745270d644fadc7f38b457b9b20c4,940406266b07311e0966818871d99aa29835c00b5963d598c9e707cbfe639129,940406266b07311e0966818871d99aa29835c00b5963d598c9e707cbfe639129,,
room-occupancy-count.csv:A2:cq=1,True,True,True,True,True,True,True,True,True,True,True,True,True,True,True,True,True,8a4f7824f44b7d27565e0c5bf63ea8b9db6ff422cac3595e05f375c55e906a28,5050bd8ee0bfb12db889596be0a9bd41cac58f8eb5905b8a96f1b01311c0e1c8,064b8351ebda9a0e491f0837e98c77a19f87434bb1caa6b41062154e9b8374a9,064b8351ebda9a0e491f0837e98c77a19f87434bb1caa6b41062154e9b8374a9,,
room-occupancy-count.csv:A3:cq=1,True,True,True,True,True,True,True,True,True,True,True,True,True,True,True,True,True,a367850746e58bac057ef58a0d3834563db679eda8d6bfc12fd8dd42c4806dba,33c537994967087bcadaa98706a926fc4e389dbfcf3e4b18dfd30b9bc5e4fa82,d3f5a0ebff93926b8de80fce18eda3a4d13e2e10afa019ac2f7f2181b342f875,d3f5a0ebff93926b8de80fce18eda3a4d13e2e10afa019ac2f7f2181b342f875,,
room-occupancy-count.csv:A4:cq=1,True,True,True,True,True,True,True,True,True,True,True,True,True,True,True,True,True,a61db78f6eaa510f0805380050f907862d692e2f0c4e0ecf88d2a8ab99c6c395,a61743a4c487cd8747dbd37b5c2c066212297219815c8d99c1f0806908791e49,d8427840c6727694e028e80c8d8a369aa59a5ae616dfb17c6f65d06a37a6dfa3,d8427840c6727694e028e80c8d8a369aa59a5ae616dfb17c6f65d06a37a6dfa3,,
room-occupancy-count.csv:A0:cq=2,True,True,True,True,True,True,True,True,True,True,True,True,True,True,True,True,True,c479042922c634faed36d9d3aba393ee35397130ca2d039adbe05bf7419b2edd,24f3035febb55b31d980dd0ee566f5ec4a4a7ce72542af1fa6d47d5210b47c6f,66d76b80cd112b5804f9bc68abbb0f2616b3879f28068ab844fbeaf2d72481b3,66d76b80cd112b5804f9bc68abbb0f2616b3879f28068ab844fbeaf2d72481b3,,
room-occupancy-count.csv:A1:cq=2,True,True,True,True,True,True,True,True,True,True,True,True,True,True,True,True,True,44d54f9aaf0e0d010c0fa722907c55aa99a1bf20b8f436eef439c8cb27eb2ea1,9d3a772c5208cc0fbaffed71fa5e3bb5af1d08c07f5b081ca7af2d08aae89d1b,3e96f7c0b8a92f20c74d77d2e32d6468014646e18bdb2c2e166cc30020a756c6,3e96f7c0b8a92f20c74d77d2e32d6468014646e18bdb2c2e166cc30020a756c6,,
room-occupancy-count.csv:A2:cq=2,True,True,True,True,True,True,True,True,True,True,True,True,True,True,True,True,True,207dbe0f876ef6bae7af66c7c52fd15c2e93d96dae112efcf02526e9b79e3d47,31f9c7c5cb91823de3dc71918c0ba6422054767d8fb3b680092aca11e347039b,509423f94faa9636dd76f615be03939130ebe10d11a3202763a402425030f947,509423f94faa9636dd76f615be03939130ebe10d11a3202763a402425030f947,,
room-occupancy-count.csv:A3:cq=2,True,True,True,True,True,True,True,True,True,True,True,True,True,True,True,True,True,8b996ca315aae59883b8382f4c52d772a52fd263a288a9feece5beba7b39a73d,a7bb86f8d0abf91b6e229af6cb6299a6e13189782022779585afb48ed9b160e8,6749d85c6214b69d7b32f791c2fc22c1176469eedadf1b10cf26487a599bcb6e,6749d85c6214b69d7b32f791c2fc22c1176469eedadf1b10cf26487a599bcb6e,,
room-occupancy-count.csv:A4:cq=2,True,True,True,True,True,True,True,True,True,True,True,True,True,True,True,True,True,5dd294a66269baa0548e6f330aa4e7138e0220f4d8fd086d39139bd2e1073ffb,2eb146a1ac893b19137f3e1ca516267c917498fc20270781e1f9f2a28df4d04b,dfd0e0e3a99459b546db2f8a5e5f4e810ddca1ab7c5197c7117a9a802ae98e38,dfd0e0e3a99459b546db2f8a5e5f4e810ddca1ab7c5197c7117a9a802ae98e38,,
room-occupancy-count.csv:A0:cq=4,True,True,True,True,True,True,True,True,True,True,True,True,True,True,True,True,True,ff025ad1c6915508aa6aa8329238f11d920bf3d591d2e665a8c65b444eb41863,17e00a4bad30b2626b20a5fc5d85bd9f4677055fee1a6551125d4169dcecc123,c460f4d55b417ac23b188b1166f9784b53f59ac67a00a8071e020a941bafd243,c460f4d55b417ac23b188b1166f9784b53f59ac67a00a8071e020a941bafd243,,
room-occupancy-count.csv:A1:cq=4,True,True,True,True,True,True,True,True,True,True,True,True,True,True,True,True,True,6ad8859c50175108dcf2b099287554c93f8155d1af31d8d929a53c8db70f2655,f85b4fb7b5dd9dda7613d1e91f1596fe4a3094d807d24e1c7bea8e1d68a53561,46fae81301689a234bc97b706513de248649095a23094370c45ce70d31df6dbc,46fae81301689a234bc97b706513de248649095a23094370c45ce70d31df6dbc,,
room-occupancy-count.csv:A2:cq=4,True,True,True,True,True,True,True,True,True,True,True,True,True,True,True,True,True,fa2989b78fade611c7adcf1b6987174f65487853e50f8f10d4ac644e6cd99e3a,16fc7b00c2bba757c4f379526db59bf530c95a1953f871ddd8aa23305759955c,667415c5d88401c3317c26fbd889a108c4586301775acc4467f30c44dba7e277,667415c5d88401c3317c26fbd889a108c4586301775acc4467f30c44dba7e277,,
room-occupancy-count.csv:A3:cq=4,True,True,True,True,True,True,True,True,True,True,True,True,True,True,True,True,True,c7928ace27c34f495f255840707ef875e676b289b4287d8b968d629c058cbbcc,1db733d014eb0a38aecb5442c5e074cac38ee49278c2b97995d903df6a62ded3,7611528ac69fd0094ea38378ada98bee8119836187dc5850dda4bd75cd22b75a,7611528ac69fd0094ea38378ada98bee8119836187dc5850dda4bd75cd22b75a,,
room-occupancy-count.csv:A4:cq=4,True,True,True,True,True,True,True,True,True,True,True,True,True,True,True,True,True,750c6851c1e91aa9ab2362c8c98e2f62d2d0b4cbdc8775d1f35900141c1c9395,0a04eb514c4d411c3bb47e1ba44fa925ea41954635eeaa0966347c3b6db795ed,d50bb12a41361254d2ec75bd046a7569465c8ae3ef4313d96290865cddf33947,d50bb12a41361254d2ec75bd046a7569465c8ae3ef4313d96290865cddf33947,,
tetouan-zone1-power.csv:A0:cq=0.0625,True,True,True,True,True,True,True,True,True,True,True,True,True,True,True,True,True,4053f382ab87001af7d17f334108e7d73af262ae24c0e2886ba8313124d6cb10,a8fae75f8cf986118edc99582796accc862c5badfaafb88afbb1285d3d91d25b,d80137ba67a8597d805ad88fae835cc3203787530bffcd7b67497aa7b9921d33,d80137ba67a8597d805ad88fae835cc3203787530bffcd7b67497aa7b9921d33,,
tetouan-zone1-power.csv:A1:cq=0.0625,True,True,True,True,True,True,True,True,True,True,True,True,True,True,True,True,True,ce615fac9482d515c8059002c3d329aecd2ffe18e7f436a9485d678a9aa41836,9843c98f158dac6b7cc1f5728b2faf0df328ee92ba82f5721241df9ec14b85b8,49a685ce9b927a9364598306d111ecc401ce03edfe46e279b5617d263d7923cc,49a685ce9b927a9364598306d111ecc401ce03edfe46e279b5617d263d7923cc,,
tetouan-zone1-power.csv:A2:cq=0.0625,True,True,True,True,True,True,True,True,True,True,True,True,True,True,True,True,True,1b2525f49c6986dc2f55dca34f3ed93d486989b959388253751b72464a77af10,de090d7faf022047f478b54811f79b6d0de23fb8a1e4b6515bd4df777d4de066,77fa75b46ba93cfcb8c975a6c790199d49bed2e0c351d1014291487850425219,77fa75b46ba93cfcb8c975a6c790199d49bed2e0c351d1014291487850425219,,
tetouan-zone1-power.csv:A3:cq=0.0625,True,True,True,True,True,True,True,True,True,True,True,True,True,True,True,True,True,1ab973d2b1ff78f3ea83f3bd0151f242be36bfd18d591703efdc82cd1d0a1c59,6aa81284afdb5b04a107d228dcc4a36f651ca14755959547062ec3716a128754,a13212fc8f014b5310ab19ccc17460c08519dffb280cdfcea1abe87a50987a0a,a13212fc8f014b5310ab19ccc17460c08519dffb280cdfcea1abe87a50987a0a,,
tetouan-zone1-power.csv:A4:cq=0.0625,True,True,True,True,True,True,True,True,True,True,True,True,True,True,True,True,True,be062ab59d569278a73b1299fd77b6405dee2b14918d5d1ea4bd7cde3c2fdc4c,b197d55a8a57851d73c57e7531ee8a088a167df6d8d6492f7b9e8e89fda4fc74,5685177d5c223ce7482cf8da25b1cbc2c169bef92034658e9a120ae69cb94a0d,5685177d5c223ce7482cf8da25b1cbc2c169bef92034658e9a120ae69cb94a0d,,
tetouan-zone1-power.csv:A0:cq=0.125,True,True,True,True,True,True,True,True,True,True,True,True,True,True,True,True,True,769daabd080cb0c6cdb7ac439f084da4b07f0867a70837e3923d327e0b92c29f,e04d01bf7baaeb3bdb518625432dd2755dc94af73d43bee0b1690ea658f815a8,4f22cdd4bbe769b86d02bfbf9515228390c825a527829aa0b1180313382042f4,4f22cdd4bbe769b86d02bfbf9515228390c825a527829aa0b1180313382042f4,,
tetouan-zone1-power.csv:A1:cq=0.125,True,True,True,True,True,True,True,True,True,True,True,True,True,True,True,True,True,043ec018f5067de45dc464f234ee614ac25db97391d617bfe2dcdc345361dd72,151feb7226bda21f45db2367345ca9654e2e5c9076e31ec78041e065b74a8e8e,66235627d9018ef46420894e236bfdcd4e2903e54a6c72f74cde8b8877cac15e,66235627d9018ef46420894e236bfdcd4e2903e54a6c72f74cde8b8877cac15e,,
tetouan-zone1-power.csv:A2:cq=0.125,True,True,True,True,True,True,True,True,True,True,True,True,True,True,True,True,True,2274bf60b1663bdb7b705f11c7277c7445784173031ef86923f058bca2aa3ae4,8355ed98af2dca9ad934aac33d3933d5df5a78c5dc4f6963767d6a48a46b0b1f,1d7d51ecd80b6feac171c2e5b90c60975fd5dbf8761948d98c557fd58b648003,1d7d51ecd80b6feac171c2e5b90c60975fd5dbf8761948d98c557fd58b648003,,
tetouan-zone1-power.csv:A3:cq=0.125,True,True,True,True,True,True,True,True,True,True,True,True,True,True,True,True,True,8d7c43fe5f6a3031513a77c593109e3df5a2d915195f767f09e89a8a56368ad9,0e409eed2cf3440b926808433331a35b1887dd4ad4c98bb29fb0508f756d1769,65afd92cfe3f9a9d37ca24762acb0d7a74ec3c5a96b32cccbe2c596f24bcdd8d,65afd92cfe3f9a9d37ca24762acb0d7a74ec3c5a96b32cccbe2c596f24bcdd8d,,
tetouan-zone1-power.csv:A4:cq=0.125,True,True,True,True,True,True,True,True,True,True,True,True,True,True,True,True,True,55f0aaddeb1e671a1c5ca913a55538049a16cf60a3880dfe8a44d837ebef4f0c,77d4415a45656bdd9264896abccf8f33adceb46465686ce0cb3bf29909082ef9,c0fa9cdb952976b9996131f96a844ab0d507d1170933a05addd1c42b3e59afa6,c0fa9cdb952976b9996131f96a844ab0d507d1170933a05addd1c42b3e59afa6,,
tetouan-zone1-power.csv:A0:cq=0.25,True,True,True,True,True,True,True,True,True,True,True,True,True,True,True,True,True,7dac7c794a4e26f4b6c10ab3f0a75930fcf11b3f79157884d649344a8216cba3,eeb148a01a63d1b26291d55fdca920310c595676074c9c6a27a2e0311c813c6e,26d322dbc4f81dcb8d2235bdcdc13a3656e65deda006dc70f8e65fa5a760f0ed,26d322dbc4f81dcb8d2235bdcdc13a3656e65deda006dc70f8e65fa5a760f0ed,,
tetouan-zone1-power.csv:A1:cq=0.25,True,True,True,True,True,True,True,True,True,True,True,True,True,True,True,True,True,da1eaaf8d43775452217780ac0c6acaf5116fdc9459dc0d47f08c26595e8980a,3ef35bb3b0419ad7653d5b5a5f2c6997721877bda7cbf71641969fafa34c89c2,453f48135de851a855999b5b1a0047b0564756a00d97ad73471b8e6250d9af0b,453f48135de851a855999b5b1a0047b0564756a00d97ad73471b8e6250d9af0b,,
tetouan-zone1-power.csv:A2:cq=0.25,True,True,True,True,True,True,True,True,True,True,True,True,True,True,True,True,True,8de0502ab785a34a57092896acc8092894f4ef1df31c628b4d64ce00dd4ab55a,e5433e89795f00e08aea257ef57c7c5ecfd2e72a62113709b599a2fb25fbb5a3,29facf113d74c7bfb74ed216a3baf8829968a48f2cea2be4c541996aeda9e125,29facf113d74c7bfb74ed216a3baf8829968a48f2cea2be4c541996aeda9e125,,
tetouan-zone1-power.csv:A3:cq=0.25,True,True,True,True,True,True,True,True,True,True,True,True,True,True,True,True,True,932344588a6fb1f80a82524d7035dcdf3a09d2e348edd9c8181bf63b6f965b7c,55d9b13ba888a98b5bfef4445a224adf582105c857778870f8e8e920130bf6df,6489bd37064437c6565ca5ec5272dd0fd024e5b7642b9ab0e2f172fd025e7a23,6489bd37064437c6565ca5ec5272dd0fd024e5b7642b9ab0e2f172fd025e7a23,,
tetouan-zone1-power.csv:A4:cq=0.25,True,True,True,True,True,True,True,True,True,True,True,True,True,True,True,True,True,377fd1a21dac37a0a1ffc26a0e60116b51d620092955c588665ddfb3fd1a6dfe,baadecc7665336813d6e1a7c4519d271f4b9312591c1edeccf97085043157bb9,2c60106d5ea030a71e26a1dc52424c1b5f0bfc600b9c8cd70efedd441387c8ad,2c60106d5ea030a71e26a1dc52424c1b5f0bfc600b9c8cd70efedd441387c8ad,,
tetouan-zone1-power.csv:A0:cq=0.5,True,True,True,True,True,True,True,True,True,True,True,True,True,True,True,True,True,474317e19c011610f84c851518a8bac7f0e31f746501e7af28c698f135ab7163,ceae98748c9cb761f481b7bdc58e580109f8328892504dd6080ff0fa99d3fe5b,ef013ebab916fd37cff02f090028db4db806df7e20773c592b15c045eb87a6b3,ef013ebab916fd37cff02f090028db4db806df7e20773c592b15c045eb87a6b3,,
tetouan-zone1-power.csv:A1:cq=0.5,True,True,True,True,True,True,True,True,True,True,True,True,True,True,True,True,True,c904dfca894c0631507b449dd8ec465d7a006b25984561bb5bce07782358969f,090819c85d5dcffd36f63a5ed74e5810ea6c3bd846fe7d8cbfd39b99664bd0d8,e923c4fbb9b06b4afbbf23d817565ef4793a5499467a2f17485705a29bf9e897,e923c4fbb9b06b4afbbf23d817565ef4793a5499467a2f17485705a29bf9e897,,
tetouan-zone1-power.csv:A2:cq=0.5,True,True,True,True,True,True,True,True,True,True,True,True,True,True,True,True,True,78243be966d61af246ab9586461ec786fb81a57b2e2d6c6b538812c20f608402,a94d40849891ed09eb868575557b1a80a39fd3f41833d24fe9b4dafde7deba98,fea841c91a4ff06d8dc738ab5818247141257d91b1a09fa5bc2b6f95fb9771ce,fea841c91a4ff06d8dc738ab5818247141257d91b1a09fa5bc2b6f95fb9771ce,,
tetouan-zone1-power.csv:A3:cq=0.5,True,True,True,True,True,True,True,True,True,True,True,True,True,True,True,True,True,27b5873212b24eb59483b39720532049fe4c73f40f4674483d8e5a703dc6973a,69910fbea194b358062ed6ad866a3c6e0ffccc30b7b589c95afc5009e41b1ed4,d75cac5d070458b651d5c7315fda560d3e5ce8cf47da6029c3818ae7778130dc,d75cac5d070458b651d5c7315fda560d3e5ce8cf47da6029c3818ae7778130dc,,
tetouan-zone1-power.csv:A4:cq=0.5,True,True,True,True,True,True,True,True,True,True,True,True,True,True,True,True,True,221af27060c17eca80b95df275f5b8d2670ad082620da1275d0d20ee65e0f6d0,3d0c24ce0c3bb13b131906baa9499ab39cc39f7ca168c014e1683fb88e7de877,142497611e904be00993964a2be17a5c1b0ff12f155b11b1355c541634d8151c,142497611e904be00993964a2be17a5c1b0ff12f155b11b1355c541634d8151c,,
tetouan-zone1-power.csv:A0:cq=1,True,True,True,True,True,True,True,True,True,True,True,True,True,True,True,True,True,af15ed0834e1d94ec3622e2219ac62396fdccece6194c80059bd4d6a44e95b45,c8695eed0adb5ec2f7baf94c0a8322e6df565883bb3875d21235a0dd112011a1,544310c8f044d4d1f92317dc100c5f8e6407f3e3d48519a45cc29f2ff016e733,544310c8f044d4d1f92317dc100c5f8e6407f3e3d48519a45cc29f2ff016e733,,
tetouan-zone1-power.csv:A1:cq=1,True,True,True,True,True,True,True,True,True,True,True,True,True,True,True,True,True,18a9ba7bc3561f0414c2a064088477e0c676bd42a02cb91154449a7d03c1f92d,ffae6839acd0aa16df9cb5028fc4290378267176e41b60bb6a52b38d7ab5f57d,53abc892be999c89973a5c812225b919bf6eea01f56f69dc2fe650e723a037fb,53abc892be999c89973a5c812225b919bf6eea01f56f69dc2fe650e723a037fb,,
tetouan-zone1-power.csv:A2:cq=1,True,True,True,True,True,True,True,True,True,True,True,True,True,True,True,True,True,b2fa9d07340878faf823308047782da5eeba33286d8a29c997e769d34bf50bda,3c4fddafcc41223bea86ebccbe43c650de4f6ea32e3e43d6660ff20aa5bebed0,073418ff25592361340ac6c1d832a2cfb5bdbe2fdd4dbf16471cb519390517c2,073418ff25592361340ac6c1d832a2cfb5bdbe2fdd4dbf16471cb519390517c2,,
tetouan-zone1-power.csv:A3:cq=1,True,True,True,True,True,True,True,True,True,True,True,True,True,True,True,True,True,aeb750a87ceb5646f7ce049d1378d883463997ba813cf2dca062758248b12f26,9d357efa934932908bc9556e329cdae30dcfbbf9d753a390dd19264025f2fbea,86605ecb88df82e68cb4b058aa94526e6c394fc393a556ed0a2c03cf84528dbc,86605ecb88df82e68cb4b058aa94526e6c394fc393a556ed0a2c03cf84528dbc,,
tetouan-zone1-power.csv:A4:cq=1,True,True,True,True,True,True,True,True,True,True,True,True,True,True,True,True,True,be80ed63bcfa17d3e6ecf12ee332f3fc54ff393f5d6ec23998ccd8d72c99223f,ea7531ed4d51b5ccffb35eb21dc632d38b4959f8cc14d759ad1b63b9a546d685,5b700103f3e1ca03c3e2ed49c2b20cb2f9aa32eac08725852cab8519049c075c,5b700103f3e1ca03c3e2ed49c2b20cb2f9aa32eac08725852cab8519049c075c,,
tetouan-zone1-power.csv:A0:cq=2,True,True,True,True,True,True,True,True,True,True,True,True,True,True,True,True,True,d10ea8df6e2b1fc3e885d687815fbe0ba5ca28a037fc404a2d69cf9cb8b5dfb9,0985cc76c38f22de9856ea5e8ac5f3d5f436216028de4fe7555bb643b6fc75cf,9d0dc3ac4d435c1c21d8aa10e861ba0fe06496f1d7d4a468ae6d7dc1ddf149f5,9d0dc3ac4d435c1c21d8aa10e861ba0fe06496f1d7d4a468ae6d7dc1ddf149f5,,
tetouan-zone1-power.csv:A1:cq=2,True,True,True,True,True,True,True,True,True,True,True,True,True,True,True,True,True,48e8b68ed325516d42b9e5bf5d5c0f62b2587cc9ec7cdba88ce59d2827b097a3,f5be45b3dc109a0959a3781264dba96db713efdb95f8cbd63475ebbc3f637571,1a162db79d396be7988e4ad2586c39af55432bfc5bb5d19f042f271f9f22ca61,1a162db79d396be7988e4ad2586c39af55432bfc5bb5d19f042f271f9f22ca61,,
tetouan-zone1-power.csv:A2:cq=2,True,True,True,True,True,True,True,True,True,True,True,True,True,True,True,True,True,11dca78904b84ff46cc273d560f3a00fc35522adfed9a70af5a9ddfb894e563b,a2df27813f2dce7b50155097d7b974d20b4f635637589ed43157994d36ecd212,8a57beaa86d2c745aeec181cba00840d87d2a53525e35aa4f99aff26ef04d9ef,8a57beaa86d2c745aeec181cba00840d87d2a53525e35aa4f99aff26ef04d9ef,,
tetouan-zone1-power.csv:A3:cq=2,True,True,True,True,True,True,True,True,True,True,True,True,True,True,True,True,True,45256c2ed4155829372b75999457f2ca9adeb8eb668b5ad0f27a1643aee2226e,d0a7385c4f6a517a739aba77d6483dde65277b3a7037f73746497eaa0370c130,b4f28ba1014d757a30e40c8fb111c8741a1398f93ab0352406ffe8e0f2196d75,b4f28ba1014d757a30e40c8fb111c8741a1398f93ab0352406ffe8e0f2196d75,,
tetouan-zone1-power.csv:A4:cq=2,True,True,True,True,True,True,True,True,True,True,True,True,True,True,True,True,True,799e9a0daa7d5c5ba1f5760f1d456cd981341597e114e7d848fddf5b0b8a1a7c,61d47093c1e79bbe5a064ae73a81ceb7b1a1f22df455a91e1d4fb1d5a9288838,1e561d89f5187d624ab7dbc52d7698be1c73df75561d2d2b352bfecf34b62fcb,1e561d89f5187d624ab7dbc52d7698be1c73df75561d2d2b352bfecf34b62fcb,,
tetouan-zone1-power.csv:A0:cq=4,True,True,True,True,True,True,True,True,True,True,True,True,True,True,True,True,True,c839c6420a3d76c948cedaf941e85922311314dd6a541f2f11602ee0e755adb7,e151818995e9c788efb19298384122c855a9d86bca086fba89b361c2ea90c160,7196eb6a3dd6a28307ea3d24785e0c124a0a7d2a565be90eccddf4f573d9df71,7196eb6a3dd6a28307ea3d24785e0c124a0a7d2a565be90eccddf4f573d9df71,,
tetouan-zone1-power.csv:A1:cq=4,True,True,True,True,True,True,True,True,True,True,True,True,True,True,True,True,True,e709b231ba2225e82067158f2d616920671a288c2ac6817f143fa0df616d1d98,0cf3140c5bea6e0ca5b0e4601ccbdb083feeae0e9e5a507f78b559eb86219889,dc28062bb25634fd80d3b556f8cacd846eea8a0f47142448fc90db709908fc4c,dc28062bb25634fd80d3b556f8cacd846eea8a0f47142448fc90db709908fc4c,,
tetouan-zone1-power.csv:A2:cq=4,True,True,True,True,True,True,True,True,True,True,True,True,True,True,True,True,True,fd800ad47a5c7221730dd34cfead82b91c866222fbe2e9abd08c227efcb33016,86717f118f8e7339cc6ba487fbbf6b6df2bd540696b2249387eabeaa721f91fb,63f60c16e68fdb6f469fc634d883df91219ef80c976dadb9830fc991365cde54,63f60c16e68fdb6f469fc634d883df91219ef80c976dadb9830fc991365cde54,,
tetouan-zone1-power.csv:A3:cq=4,True,True,True,True,True,True,True,True,True,True,True,True,True,True,True,True,True,b48d2ff525946b387835b202410d216ddd8a1dd4609378c7c7533f7d10737925,3439f21ce0c9aa4c7fd43164f9fadded541c5d8d958c46ac71a8a4b8df235028,c52cd8ded247f8b062e463aae6f1fe96eacbed206fc15be216586b6725ec97a5,c52cd8ded247f8b062e463aae6f1fe96eacbed206fc15be216586b6725ec97a5,,
tetouan-zone1-power.csv:A4:cq=4,True,True,True,True,True,True,True,True,True,True,True,True,True,True,True,True,True,bf0a67f9baa9f7544bac5adf2f521fb7bae428c03092edba5d1bff7da4129b21,fcfcea07a31324934bc76479c467a03a01d63e36bb4edb02b17f1aa76040e478,8927ef53ee565645e873e27f47ee9fe0379e83b6329f14c40e0337d9530dc7b9,8927ef53ee565645e873e27f47ee9fe0379e83b6329f14c40e0337d9530dc7b9,,
