dataset,evidence_group,target_id,target_rmse,target_aliases,architecture,architecture_name,match_status,selected_point_id,selected_C_Q,selected_rmse,selected_max_abs_error,selected_encoded_bytes,selected_bits_per_sample,selected_baseline,rate_ratio,classification
sine_noise.csv,internal,sine_noise.csv:D001,0.012265138376683284,sine_noise.csv:A0:cq=0.0625,A0,whole_linear,ELIGIBLE,sine_noise.csv:A0:cq=0.0625,0.0625,0.012265138376683284,0.02186637837856531,466,12.426666666666666,,,
sine_noise.csv,internal,sine_noise.csv:D001,0.012265138376683284,sine_noise.csv:A0:cq=0.0625,A1,fixed_linear,ELIGIBLE,sine_noise.csv:A1:cq=0.0625,0.0625,0.011944993441152262,0.022696171007613064,642,17.12,,,
sine_noise.csv,internal,sine_noise.csv:D001,0.012265138376683284,sine_noise.csv:A0:cq=0.0625,A2,fixed_auto,ELIGIBLE,sine_noise.csv:A2:cq=0.0625,0.0625,0.010646559621372917,0.026834565742510308,642,17.12,,,
sine_noise.csv,internal,sine_noise.csv:D001,0.012265138376683284,sine_noise.csv:A0:cq=0.0625,A3,adaptive_linear,INELIGIBLE,,,,,,,,,
sine_noise.csv,internal,sine_noise.csv:D001,0.012265138376683284,sine_noise.csv:A0:cq=0.0625,A4,adaptive_auto,ELIGIBLE,sine_noise.csv:A4:cq=0.0625,0.0625,0.009782130269799868,0.026834565742510308,686,18.293333333333333,A0,1.4721030042918455,MATERIAL_LOSS
sine_noise.csv,internal,sine_noise.csv:D002,0.023933467073971742,sine_noise.csv:A4:cq=0.125,A0,whole_linear,ELIGIBLE,sine_noise.csv:A0:cq=0.0625,0.0625,0.012265138376683284,0.02186637837856531,466,12.426666666666666,,,
sine_noise.csv,internal,sine_noise.csv:D002,0.023933467073971742,sine_noise.csv:A4:cq=0.125,A1,fixed_linear,ELIGIBLE,sine_noise.csv:A1:cq=0.0625,0.0625,0.011944993441152262,0.022696171007613064,642,17.12,,,
sine_noise.csv,internal,sine_noise.csv:D002,0.023933467073971742,sine_noise.csv:A4:cq=0.125,A2,fixed_auto,ELIGIBLE,sine_noise.csv:A2:cq=0.0625,0.0625,0.010646559621372917,0.026834565742510308,642,17.12,,,
sine_noise.csv,internal,sine_noise.csv:D002,0.023933467073971742,sine_noise.csv:A4:cq=0.125,A3,adaptive_linear,ELIGIBLE,sine_noise.csv:A3:cq=0.0625,0.0625,0.012509316205644752,0.021906224709581035,686,18.293333333333333,,,
sine_noise.csv,internal,sine_noise.csv:D002,0.023933467073971742,sine_noise.csv:A4:cq=0.125,A4,adaptive_auto,ELIGIBLE,sine_noise.csv:A4:cq=0.0625,0.0625,0.009782130269799868,0.026834565742510308,686,18.293333333333333,A0,1.4721030042918455,MATERIAL_LOSS
sine_noise.csv,internal,sine_noise.csv:D003,0.02426881766239287,sine_noise.csv:A1:cq=0.125,A0,whole_linear,ELIGIBLE,sine_noise.csv:A0:cq=0.0625,0.0625,0.012265138376683284,0.02186637837856531,466,12.426666666666666,,,
sine_noise.csv,internal,sine_noise.csv:D003,0.02426881766239287,sine_noise.csv:A1:cq=0.125,A1,fixed_linear,ELIGIBLE,sine_noise.csv:A1:cq=0.0625,0.0625,0.011944993441152262,0.022696171007613064,642,17.12,,,
sine_noise.csv,internal,sine_noise.csv:D003,0.02426881766239287,sine_noise.csv:A1:cq=0.125,A2,fixed_auto,ELIGIBLE,sine_noise.csv:A2:cq=0.0625,0.0625,0.010646559621372917,0.026834565742510308,642,17.12,,,
sine_noise.csv,internal,sine_noise.csv:D003,0.02426881766239287,sine_noise.csv:A1:cq=0.125,A3,adaptive_linear,ELIGIBLE,sine_noise.csv:A3:cq=0.0625,0.0625,0.012509316205644752,0.021906224709581035,686,18.293333333333333,,,
sine_noise.csv,internal,sine_noise.csv:D003,0.02426881766239287,sine_noise.csv:A1:cq=0.125,A4,adaptive_auto,ELIGIBLE,sine_noise.csv:A4:cq=0.0625,0.0625,0.009782130269799868,0.026834565742510308,686,18.293333333333333,A0,1.4721030042918455,MATERIAL_LOSS
sine_noise.csv,internal,sine_noise.csv:D004,0.025265831849615276,sine_noise.csv:A0:cq=0.125,A0,whole_linear,ELIGIBLE,sine_noise.csv:A0:cq=0.0625,0.0625,0.012265138376683284,0.02186637837856531,466,12.426666666666666,,,
sine_noise.csv,internal,sine_noise.csv:D004,0.025265831849615276,sine_noise.csv:A0:cq=0.125,A1,fixed_linear,ELIGIBLE,sine_noise.csv:A1:cq=0.0625,0.0625,0.011944993441152262,0.022696171007613064,642,17.12,,,
sine_noise.csv,internal,sine_noise.csv:D004,0.025265831849615276,sine_noise.csv:A0:cq=0.125,A2,fixed_auto,ELIGIBLE,sine_noise.csv:A2:cq=0.0625,0.0625,0.010646559621372917,0.026834565742510308,642,17.12,,,
sine_noise.csv,internal,sine_noise.csv:D004,0.025265831849615276,sine_noise.csv:A0:cq=0.125,A3,adaptive_linear,ELIGIBLE,sine_noise.csv:A3:cq=0.0625,0.0625,0.012509316205644752,0.021906224709581035,686,18.293333333333333,,,
sine_noise.csv,internal,sine_noise.csv:D004,0.025265831849615276,sine_noise.csv:A0:cq=0.125,A4,adaptive_auto,ELIGIBLE,sine_noise.csv:A4:cq=0.0625,0.0625,0.009782130269799868,0.026834565742510308,686,18.293333333333333,A0,1.4721030042918455,MATERIAL_LOSS
sine_noise.csv,internal,sine_noise.csv:D005,0.03900735940019296,sine_noise.csv:A4:cq=0.25,A0,whole_linear,ELIGIBLE,sine_noise.csv:A0:cq=0.0625,0.0625,0.012265138376683284,0.02186637837856531,466,12.426666666666666,,,
sine_noise.csv,internal,sine_noise.csv:D005,0.03900735940019296,sine_noise.csv:A4:cq=0.25,A1,fixed_linear,ELIGIBLE,sine_noise.csv:A1:cq=0.0625,0.0625,0.011944993441152262,0.022696171007613064,642,17.12,,,
sine_noise.csv,internal,sine_noise.csv:D005,0.03900735940019296,sine_noise.csv:A4:cq=0.25,A2,fixed_auto,ELIGIBLE,sine_noise.csv:A2:cq=0.0625,0.0625,0.010646559621372917,0.026834565742510308,642,17.12,,,
sine_noise.csv,internal,sine_noise.csv:D005,0.03900735940019296,sine_noise.csv:A4:cq=0.25,A3,adaptive_linear,ELIGIBLE,sine_noise.csv:A3:cq=0.0625,0.0625,0.012509316205644752,0.021906224709581035,686,18.293333333333333,,,
sine_noise.csv,internal,sine_noise.csv:D005,0.03900735940019296,sine_noise.csv:A4:cq=0.25,A4,adaptive_auto,ELIGIBLE,sine_noise.csv:A4:cq=0.0625,0.0625,0.009782130269799868,0.026834565742510308,686,18.293333333333333,A0,1.4721030042918455,MATERIAL_LOSS
sine_noise.csv,internal,sine_noise.csv:D006,0.04808928213849706,sine_noise.csv:A1:cq=0.25,A0,whole_linear,ELIGIBLE,sine_noise.csv:A0:cq=0.0625,0.0625,0.012265138376683284,0.02186637837856531,466,12.426666666666666,,,
sine_noise.csv,internal,sine_noise.csv:D006,0.04808928213849706,sine_noise.csv:A1:cq=0.25,A1,fixed_linear,ELIGIBLE,sine_noise.csv:A1:cq=0.0625,0.0625,0.011944993441152262,0.022696171007613064,642,17.12,,,
sine_noise.csv,internal,sine_noise.csv:D006,0.04808928213849706,sine_noise.csv:A1:cq=0.25,A2,fixed_auto,ELIGIBLE,sine_noise.csv:A2:cq=0.0625,0.0625,0.010646559621372917,0.026834565742510308,642,17.12,,,
sine_noise.csv,internal,sine_noise.csv:D006,0.04808928213849706,sine_noise.csv:A1:cq=0.25,A3,adaptive_linear,ELIGIBLE,sine_noise.csv:A3:cq=0.0625,0.0625,0.012509316205644752,0.021906224709581035,686,18.293333333333333,,,
sine_noise.csv,internal,sine_noise.csv:D006,0.04808928213849706,sine_noise.csv:A1:cq=0.25,A4,adaptive_auto,ELIGIBLE,sine_noise.csv:A4:cq=0.0625,0.0625,0.009782130269799868,0.026834565742510308,686,18.293333333333333,A0,1.4721030042918455,MATERIAL_LOSS
sine_noise.csv,internal,sine_noise.csv:D007,0.053428666279751735,sine_noise.csv:A0:cq=0.25,A0,whole_linear,ELIGIBLE,sine_noise.csv:A0:cq=0.0625,0.0625,0.012265138376683284,0.02186637837856531,466,12.426666666666666,,,
sine_noise.csv,internal,sine_noise.csv:D007,0.053428666279751735,sine_noise.csv:A0:cq=0.25,A1,fixed_linear,ELIGIBLE,sine_noise.csv:A1:cq=0.0625,0.0625,0.011944993441152262,0.022696171007613064,642,17.12,,,
sine_noise.csv,internal,sine_noise.csv:D007,0.053428666279751735,sine_noise.csv:A0:cq=0.25,A2,fixed_auto,ELIGIBLE,sine_noise.csv:A2:cq=0.0625,0.0625,0.010646559621372917,0.026834565742510308,642,17.12,,,
sine_noise.csv,internal,sine_noise.csv:D007,0.053428666279751735,sine_noise.csv:A0:cq=0.25,A3,adaptive_linear,ELIGIBLE,sine_noise.csv:A3:cq=0.0625,0.0625,0.012509316205644752,0.021906224709581035,686,18.293333333333333,,,
sine_noise.csv,internal,sine_noise.csv:D007,0.053428666279751735,sine_noise.csv:A0:cq=0.25,A4,adaptive_auto,ELIGIBLE,sine_noise.csv:A4:cq=0.0625,0.0625,0.009782130269799868,0.026834565742510308,686,18.293333333333333,A0,1.4721030042918455,MATERIAL_LOSS
sine_noise.csv,internal,sine_noise.csv:D008,0.08316334375038036,sine_noise.csv:A4:cq=0.5,A0,whole_linear,ELIGIBLE,sine_noise.csv:A0:cq=0.0625,0.0625,0.012265138376683284,0.02186637837856531,466,12.426666666666666,,,
sine_noise.csv,internal,sine_noise.csv:D008,0.08316334375038036,sine_noise.csv:A4:cq=0.5,A1,fixed_linear,ELIGIBLE,sine_noise.csv:A1:cq=0.0625,0.0625,0.011944993441152262,0.022696171007613064,642,17.12,,,
sine_noise.csv,internal,sine_noise.csv:D008,0.08316334375038036,sine_noise.csv:A4:cq=0.5,A2,fixed_auto,ELIGIBLE,sine_noise.csv:A2:cq=0.0625,0.0625,0.010646559621372917,0.026834565742510308,642,17.12,,,
sine_noise.csv,internal,sine_noise.csv:D008,0.08316334375038036,sine_noise.csv:A4:cq=0.5,A3,adaptive_linear,ELIGIBLE,sine_noise.csv:A3:cq=0.0625,0.0625,0.012509316205644752,0.021906224709581035,686,18.293333333333333,,,
sine_noise.csv,internal,sine_noise.csv:D008,0.08316334375038036,sine_noise.csv:A4:cq=0.5,A4,adaptive_auto,ELIGIBLE,sine_noise.csv:A4:cq=0.0625,0.0625,0.009782130269799868,0.026834565742510308,686,18.293333333333333,A0,1.4721030042918455,MATERIAL_LOSS
sine_noise.csv,internal,sine_noise.csv:D009,0.08923306649084181,sine_noise.csv:A1:cq=0.5,A0,whole_linear,ELIGIBLE,sine_noise.csv:A0:cq=0.0625,0.0625,0.012265138376683284,0.02186637837856531,466,12.426666666666666,,,
sine_noise.csv,internal,sine_noise.csv:D009,0.08923306649084181,sine_noise.csv:A1:cq=0.5,A1,fixed_linear,ELIGIBLE,sine_noise.csv:A1:cq=0.0625,0.0625,0.011944993441152262,0.022696171007613064,642,17.12,,,
sine_noise.csv,internal,sine_noise.csv:D009,0.08923306649084181,sine_noise.csv:A1:cq=0.5,A2,fixed_auto,ELIGIBLE,sine_noise.csv:A2:cq=0.0625,0.0625,0.010646559621372917,0.026834565742510308,642,17.12,,,
sine_noise.csv,internal,sine_noise.csv:D009,0.08923306649084181,sine_noise.csv:A1:cq=0.5,A3,adaptive_linear,ELIGIBLE,sine_noise.csv:A3:cq=0.0625,0.0625,0.012509316205644752,0.021906224709581035,686,18.293333333333333,,,
sine_noise.csv,internal,sine_noise.csv:D009,0.08923306649084181,sine_noise.csv:A1:cq=0.5,A4,adaptive_auto,ELIGIBLE,sine_noise.csv:A4:cq=0.0625,0.0625,0.009782130269799868,0.026834565742510308,686,18.293333333333333,A0,1.4721030042918455,MATERIAL_LOSS
sine_noise.csv,internal,sine_noise.csv:D010,0.10624319857372012,sine_noise.csv:A0:cq=0.5,A0,whole_linear,ELIGIBLE,sine_noise.csv:A0:cq=0.0625,0.0625,0.012265138376683284,0.02186637837856531,466,12.426666666666666,,,
sine_noise.csv,internal,sine_noise.csv:D010,0.10624319857372012,sine_noise.csv:A0:cq=0.5,A1,fixed_linear,ELIGIBLE,sine_noise.csv:A1:cq=0.0625,0.0625,0.011944993441152262,0.022696171007613064,642,17.12,,,
sine_noise.csv,internal,sine_noise.csv:D010,0.10624319857372012,sine_noise.csv:A0:cq=0.5,A2,fixed_auto,ELIGIBLE,sine_noise.csv:A2:cq=0.0625,0.0625,0.010646559621372917,0.026834565742510308,642,17.12,,,
sine_noise.csv,internal,sine_noise.csv:D010,0.10624319857372012,sine_noise.csv:A0:cq=0.5,A3,adaptive_linear,ELIGIBLE,sine_noise.csv:A3:cq=0.0625,0.0625,0.012509316205644752,0.021906224709581035,686,18.293333333333333,,,
sine_noise.csv,internal,sine_noise.csv:D010,0.10624319857372012,sine_noise.csv:A0:cq=0.5,A4,adaptive_auto,ELIGIBLE,sine_noise.csv:A4:cq=0.0625,0.0625,0.009782130269799868,0.026834565742510308,686,18.293333333333333,A0,1.4721030042918455,MATERIAL_LOSS
sine_noise.csv,internal,sine_noise.csv:D011,0.18645102476961356,sine_noise.csv:A4:cq=1,A0,whole_linear,ELIGIBLE,sine_noise.csv:A0:cq=0.0625,0.0625,0.012265138376683284,0.02186637837856531,466,12.426666666666666,,,
sine_noise.csv,internal,sine_noise.csv:D011,0.18645102476961356,sine_noise.csv:A4:cq=1,A1,fixed_linear,ELIGIBLE,sine_noise.csv:A1:cq=0.0625,0.0625,0.011944993441152262,0.022696171007613064,642,17.12,,,
sine_noise.csv,internal,sine_noise.csv:D011,0.18645102476961356,sine_noise.csv:A4:cq=1,A2,fixed_auto,ELIGIBLE,sine_noise.csv:A2:cq=0.0625,0.0625,0.010646559621372917,0.026834565742510308,642,17.12,,,
sine_noise.csv,internal,sine_noise.csv:D011,0.18645102476961356,sine_noise.csv:A4:cq=1,A3,adaptive_linear,ELIGIBLE,sine_noise.csv:A3:cq=0.0625,0.0625,0.012509316205644752,0.021906224709581035,686,18.293333333333333,,,
sine_noise.csv,internal,sine_noise.csv:D011,0.18645102476961356,sine_noise.csv:A4:cq=1,A4,adaptive_auto,ELIGIBLE,sine_noise.csv:A4:cq=0.0625,0.0625,0.009782130269799868,0.026834565742510308,686,18.293333333333333,A0,1.4721030042918455,MATERIAL_LOSS
sine_noise.csv,internal,sine_noise.csv:D012,0.1955997072144931,sine_noise.csv:A1:cq=1,A0,whole_linear,ELIGIBLE,sine_noise.csv:A0:cq=0.0625,0.0625,0.012265138376683284,0.02186637837856531,466,12.426666666666666,,,
sine_noise.csv,internal,sine_noise.csv:D012,0.1955997072144931,sine_noise.csv:A1:cq=1,A1,fixed_linear,ELIGIBLE,sine_noise.csv:A1:cq=0.0625,0.0625,0.011944993441152262,0.022696171007613064,642,17.12,,,
sine_noise.csv,internal,sine_noise.csv:D012,0.1955997072144931,sine_noise.csv:A1:cq=1,A2,fixed_auto,ELIGIBLE,sine_noise.csv:A2:cq=0.0625,0.0625,0.010646559621372917,0.026834565742510308,642,17.12,,,
sine_noise.csv,internal,sine_noise.csv:D012,0.1955997072144931,sine_noise.csv:A1:cq=1,A3,adaptive_linear,ELIGIBLE,sine_noise.csv:A3:cq=0.0625,0.0625,0.012509316205644752,0.021906224709581035,686,18.293333333333333,,,
sine_noise.csv,internal,sine_noise.csv:D012,0.1955997072144931,sine_noise.csv:A1:cq=1,A4,adaptive_auto,ELIGIBLE,sine_noise.csv:A4:cq=0.0625,0.0625,0.009782130269799868,0.026834565742510308,686,18.293333333333333,A0,1.4721030042918455,MATERIAL_LOSS
sine_noise.csv,internal,sine_noise.csv:D013,0.2026830019182385,sine_noise.csv:A0:cq=1,A0,whole_linear,ELIGIBLE,sine_noise.csv:A0:cq=0.0625,0.0625,0.012265138376683284,0.02186637837856531,466,12.426666666666666,,,
sine_noise.csv,internal,sine_noise.csv:D013,0.2026830019182385,sine_noise.csv:A0:cq=1,A1,fixed_linear,ELIGIBLE,sine_noise.csv:A1:cq=0.0625,0.0625,0.011944993441152262,0.022696171007613064,642,17.12,,,
sine_noise.csv,internal,sine_noise.csv:D013,0.2026830019182385,sine_noise.csv:A0:cq=1,A2,fixed_auto,ELIGIBLE,sine_noise.csv:A2:cq=0.0625,0.0625,0.010646559621372917,0.026834565742510308,642,17.12,,,
sine_noise.csv,internal,sine_noise.csv:D013,0.2026830019182385,sine_noise.csv:A0:cq=1,A3,adaptive_linear,ELIGIBLE,sine_noise.csv:A3:cq=0.0625,0.0625,0.012509316205644752,0.021906224709581035,686,18.293333333333333,,,
sine_noise.csv,internal,sine_noise.csv:D013,0.2026830019182385,sine_noise.csv:A0:cq=1,A4,adaptive_auto,ELIGIBLE,sine_noise.csv:A4:cq=0.0625,0.0625,0.009782130269799868,0.026834565742510308,686,18.293333333333333,A0,1.4721030042918455,MATERIAL_LOSS
sine_noise.csv,internal,sine_noise.csv:D014,0.3385054184146214,sine_noise.csv:A4:cq=2,A0,whole_linear,ELIGIBLE,sine_noise.csv:A0:cq=0.0625,0.0625,0.012265138376683284,0.02186637837856531,466,12.426666666666666,,,
sine_noise.csv,internal,sine_noise.csv:D014,0.3385054184146214,sine_noise.csv:A4:cq=2,A1,fixed_linear,ELIGIBLE,sine_noise.csv:A1:cq=0.0625,0.0625,0.011944993441152262,0.022696171007613064,642,17.12,,,
sine_noise.csv,internal,sine_noise.csv:D014,0.3385054184146214,sine_noise.csv:A4:cq=2,A2,fixed_auto,ELIGIBLE,sine_noise.csv:A2:cq=0.0625,0.0625,0.010646559621372917,0.026834565742510308,642,17.12,,,
sine_noise.csv,internal,sine_noise.csv:D014,0.3385054184146214,sine_noise.csv:A4:cq=2,A3,adaptive_linear,ELIGIBLE,sine_noise.csv:A3:cq=0.0625,0.0625,0.012509316205644752,0.021906224709581035,686,18.293333333333333,,,
sine_noise.csv,internal,sine_noise.csv:D014,0.3385054184146214,sine_noise.csv:A4:cq=2,A4,adaptive_auto,ELIGIBLE,sine_noise.csv:A4:cq=0.0625,0.0625,0.009782130269799868,0.026834565742510308,686,18.293333333333333,A0,1.4721030042918455,MATERIAL_LOSS
sine_noise.csv,internal,sine_noise.csv:D015,0.4190965206546039,sine_noise.csv:A1:cq=2,A0,whole_linear,ELIGIBLE,sine_noise.csv:A0:cq=0.0625,0.0625,0.012265138376683284,0.02186637837856531,466,12.426666666666666,,,
sine_noise.csv,internal,sine_noise.csv:D015,0.4190965206546039,sine_noise.csv:A1:cq=2,A1,fixed_linear,ELIGIBLE,sine_noise.csv:A1:cq=0.0625,0.0625,0.011944993441152262,0.022696171007613064,642,17.12,,,
sine_noise.csv,internal,sine_noise.csv:D015,0.4190965206546039,sine_noise.csv:A1:cq=2,A2,fixed_auto,ELIGIBLE,sine_noise.csv:A2:cq=0.0625,0.0625,0.010646559621372917,0.026834565742510308,642,17.12,,,
sine_noise.csv,internal,sine_noise.csv:D015,0.4190965206546039,sine_noise.csv:A1:cq=2,A3,adaptive_linear,ELIGIBLE,sine_noise.csv:A3:cq=0.0625,0.0625,0.012509316205644752,0.021906224709581035,686,18.293333333333333,,,
sine_noise.csv,internal,sine_noise.csv:D015,0.4190965206546039,sine_noise.csv:A1:cq=2,A4,adaptive_auto,ELIGIBLE,sine_noise.csv:A4:cq=0.0625,0.0625,0.009782130269799868,0.026834565742510308,686,18.293333333333333,A0,1.4721030042918455,MATERIAL_LOSS
sine_noise.csv,internal,sine_noise.csv:D016,0.4736480854800716,sine_noise.csv:A0:cq=2,A0,whole_linear,ELIGIBLE,sine_noise.csv:A0:cq=0.0625,0.0625,0.012265138376683284,0.02186637837856531,466,12.426666666666666,,,
sine_noise.csv,internal,sine_noise.csv:D016,0.4736480854800716,sine_noise.csv:A0:cq=2,A1,fixed_linear,ELIGIBLE,sine_noise.csv:A1:cq=0.0625,0.0625,0.011944993441152262,0.022696171007613064,642,17.12,,,
sine_noise.csv,internal,sine_noise.csv:D016,0.4736480854800716,sine_noise.csv:A0:cq=2,A2,fixed_auto,ELIGIBLE,sine_noise.csv:A2:cq=0.0625,0.0625,0.010646559621372917,0.026834565742510308,642,17.12,,,
sine_noise.csv,internal,sine_noise.csv:D016,0.4736480854800716,sine_noise.csv:A0:cq=2,A3,adaptive_linear,ELIGIBLE,sine_noise.csv:A3:cq=0.0625,0.0625,0.012509316205644752,0.021906224709581035,686,18.293333333333333,,,
sine_noise.csv,internal,sine_noise.csv:D016,0.4736480854800716,sine_noise.csv:A0:cq=2,A4,adaptive_auto,ELIGIBLE,sine_noise.csv:A4:cq=0.0625,0.0625,0.009782130269799868,0.026834565742510308,686,18.293333333333333,A0,1.4721030042918455,MATERIAL_LOSS
sine_noise.csv,internal,sine_noise.csv:D017,0.6291257705982066,sine_noise.csv:A4:cq=4,A0,whole_linear,ELIGIBLE,sine_noise.csv:A0:cq=0.0625,0.0625,0.012265138376683284,0.02186637837856531,466,12.426666666666666,,,
sine_noise.csv,internal,sine_noise.csv:D017,0.6291257705982066,sine_noise.csv:A4:cq=4,A1,fixed_linear,ELIGIBLE,sine_noise.csv:A1:cq=0.0625,0.0625,0.011944993441152262,0.022696171007613064,642,17.12,,,
sine_noise.csv,internal,sine_noise.csv:D017,0.6291257705982066,sine_noise.csv:A4:cq=4,A2,fixed_auto,ELIGIBLE,sine_noise.csv:A2:cq=0.0625,0.0625,0.010646559621372917,0.026834565742510308,642,17.12,,,
sine_noise.csv,internal,sine_noise.csv:D017,0.6291257705982066,sine_noise.csv:A4:cq=4,A3,adaptive_linear,ELIGIBLE,sine_noise.csv:A3:cq=0.0625,0.0625,0.012509316205644752,0.021906224709581035,686,18.293333333333333,,,
sine_noise.csv,internal,sine_noise.csv:D017,0.6291257705982066,sine_noise.csv:A4:cq=4,A4,adaptive_auto,ELIGIBLE,sine_noise.csv:A4:cq=0.0625,0.0625,0.009782130269799868,0.026834565742510308,686,18.293333333333333,A0,1.4721030042918455,MATERIAL_LOSS
flat_spike.csv,internal,flat_spike.csv:D001,0.02980514013277456,flat_spike.csv:A0:cq=0.0625,A0,whole_linear,ELIGIBLE,flat_spike.csv:A0:cq=0.0625,0.0625,0.02980514013277456,0.05040809181856486,467,12.453333333333333,,,
flat_spike.csv,internal,flat_spike.csv:D001,0.02980514013277456,flat_spike.csv:A0:cq=0.0625,A1,fixed_linear,ELIGIBLE,flat_spike.csv:A1:cq=0.0625,0.0625,0.021415338590461325,0.08031513581710836,642,17.12,,,
flat_spike.csv,internal,flat_spike.csv:D001,0.02980514013277456,flat_spike.csv:A0:cq=0.0625,A2,fixed_auto,ELIGIBLE,flat_spike.csv:A2:cq=0.0625,0.0625,0.017420501529961985,0.08330990349589529,642,17.12,,,
flat_spike.csv,internal,flat_spike.csv:D001,0.02980514013277456,flat_spike.csv:A0:cq=0.0625,A3,adaptive_linear,ELIGIBLE,flat_spike.csv:A3:cq=0.0625,0.0625,0.012153810828249317,0.05193491639569885,598,15.946666666666667,,,
flat_spike.csv,internal,flat_spike.csv:D001,0.02980514013277456,flat_spike.csv:A0:cq=0.0625,A4,adaptive_auto,ELIGIBLE,flat_spike.csv:A4:cq=0.0625,0.0625,0.012153810828249317,0.05193491639569885,598,15.946666666666667,A0,1.2805139186295502,MATERIAL_LOSS
flat_spike.csv,internal,flat_spike.csv:D002,0.04463024939473233,flat_spike.csv:A1:cq=0.125,A0,whole_linear,ELIGIBLE,flat_spike.csv:A0:cq=0.0625,0.0625,0.02980514013277456,0.05040809181856486,467,12.453333333333333,,,
flat_spike.csv,internal,flat_spike.csv:D002,0.04463024939473233,flat_spike.csv:A1:cq=0.125,A1,fixed_linear,ELIGIBLE,flat_spike.csv:A1:cq=0.0625,0.0625,0.021415338590461325,0.08031513581710836,642,17.12,,,
flat_spike.csv,internal,flat_spike.csv:D002,0.04463024939473233,flat_spike.csv:A1:cq=0.125,A2,fixed_auto,ELIGIBLE,flat_spike.csv:A2:cq=0.0625,0.0625,0.017420501529961985,0.08330990349589529,642,17.12,,,
flat_spike.csv,internal,flat_spike.csv:D002,0.04463024939473233,flat_spike.csv:A1:cq=0.125,A3,adaptive_linear,ELIGIBLE,flat_spike.csv:A3:cq=0.0625,0.0625,0.012153810828249317,0.05193491639569885,598,15.946666666666667,,,
flat_spike.csv,internal,flat_spike.csv:D002,0.04463024939473233,flat_spike.csv:A1:cq=0.125,A4,adaptive_auto,ELIGIBLE,flat_spike.csv:A4:cq=0.0625,0.0625,0.012153810828249317,0.05193491639569885,598,15.946666666666667,A0,1.2805139186295502,MATERIAL_LOSS
flat_spike.csv,internal,flat_spike.csv:D003,0.05459253650430685,flat_spike.csv:A0:cq=0.125,A0,whole_linear,ELIGIBLE,flat_spike.csv:A0:cq=0.125,0.125,0.05459253650430685,0.10083486667031946,466,12.426666666666666,,,
flat_spike.csv,internal,flat_spike.csv:D003,0.05459253650430685,flat_spike.csv:A0:cq=0.125,A1,fixed_linear,ELIGIBLE,flat_spike.csv:A1:cq=0.0625,0.0625,0.021415338590461325,0.08031513581710836,642,17.12,,,
flat_spike.csv,internal,flat_spike.csv:D003,0.05459253650430685,flat_spike.csv:A0:cq=0.125,A2,fixed_auto,ELIGIBLE,flat_spike.csv:A2:cq=0.0625,0.0625,0.017420501529961985,0.08330990349589529,642,17.12,,,
flat_spike.csv,internal,flat_spike.csv:D003,0.05459253650430685,flat_spike.csv:A0:cq=0.125,A3,adaptive_linear,ELIGIBLE,flat_spike.csv:A3:cq=0.0625,0.0625,0.012153810828249317,0.05193491639569885,598,15.946666666666667,,,
flat_spike.csv,internal,flat_spike.csv:D003,0.05459253650430685,flat_spike.csv:A0:cq=0.125,A4,adaptive_auto,ELIGIBLE,flat_spike.csv:A4:cq=0.0625,0.0625,0.012153810828249317,0.05193491639569885,598,15.946666666666667,A0,1.2832618025751072,MATERIAL_LOSS
flat_spike.csv,internal,flat_spike.csv:D004,0.05537729330514006,flat_spike.csv:A4:cq=0.25,A0,whole_linear,ELIGIBLE,flat_spike.csv:A0:cq=0.125,0.125,0.05459253650430685,0.10083486667031946,466,12.426666666666666,,,
flat_spike.csv,internal,flat_spike.csv:D004,0.05537729330514006,flat_spike.csv:A4:cq=0.25,A1,fixed_linear,ELIGIBLE,flat_spike.csv:A1:cq=0.0625,0.0625,0.021415338590461325,0.08031513581710836,642,17.12,,,
flat_spike.csv,internal,flat_spike.csv:D004,0.05537729330514006,flat_spike.csv:A4:cq=0.25,A2,fixed_auto,ELIGIBLE,flat_spike.csv:A2:cq=0.0625,0.0625,0.017420501529961985,0.08330990349589529,642,17.12,,,
flat_spike.csv,internal,flat_spike.csv:D004,0.05537729330514006,flat_spike.csv:A4:cq=0.25,A3,adaptive_linear,ELIGIBLE,flat_spike.csv:A3:cq=0.0625,0.0625,0.012153810828249317,0.05193491639569885,598,15.946666666666667,,,
flat_spike.csv,internal,flat_spike.csv:D004,0.05537729330514006,flat_spike.csv:A4:cq=0.25,A4,adaptive_auto,ELIGIBLE,flat_spike.csv:A4:cq=0.0625,0.0625,0.012153810828249317,0.05193491639569885,598,15.946666666666667,A0,1.2832618025751072,MATERIAL_LOSS
flat_spike.csv,internal,flat_spike.csv:D005,0.08436195992820585,flat_spike.csv:A1:cq=0.25,A0,whole_linear,ELIGIBLE,flat_spike.csv:A0:cq=0.125,0.125,0.05459253650430685,0.10083486667031946,466,12.426666666666666,,,
flat_spike.csv,internal,flat_spike.csv:D005,0.08436195992820585,flat_spike.csv:A1:cq=0.25,A1,fixed_linear,ELIGIBLE,flat_spike.csv:A1:cq=0.0625,0.0625,0.021415338590461325,0.08031513581710836,642,17.12,,,
flat_spike.csv,internal,flat_spike.csv:D005,0.08436195992820585,flat_spike.csv:A1:cq=0.25,A2,fixed_auto,ELIGIBLE,flat_spike.csv:A2:cq=0.0625,0.0625,0.017420501529961985,0.08330990349589529,642,17.12,,,
flat_spike.csv,internal,flat_spike.csv:D005,0.08436195992820585,flat_spike.csv:A1:cq=0.25,A3,adaptive_linear,ELIGIBLE,flat_spike.csv:A3:cq=0.0625,0.0625,0.012153810828249317,0.05193491639569885,598,15.946666666666667,,,
flat_spike.csv,internal,flat_spike.csv:D005,0.08436195992820585,flat_spike.csv:A1:cq=0.25,A4,adaptive_auto,ELIGIBLE,flat_spike.csv:A4:cq=0.0625,0.0625,0.012153810828249317,0.05193491639569885,598,15.946666666666667,A0,1.2832618025751072,MATERIAL_LOSS
flat_spike.csv,internal,flat_spike.csv:D006,0.09111113247639768,flat_spike.csv:A4:cq=0.5,A0,whole_linear,ELIGIBLE,flat_spike.csv:A0:cq=0.125,0.125,0.05459253650430685,0.10083486667031946,466,12.426666666666666,,,
flat_spike.csv,internal,flat_spike.csv:D006,0.09111113247639768,flat_spike.csv:A4:cq=0.5,A1,fixed_linear,ELIGIBLE,flat_spike.csv:A1:cq=0.0625,0.0625,0.021415338590461325,0.08031513581710836,642,17.12,,,
flat_spike.csv,internal,flat_spike.csv:D006,0.09111113247639768,flat_spike.csv:A4:cq=0.5,A2,fixed_auto,ELIGIBLE,flat_spike.csv:A2:cq=0.0625,0.0625,0.017420501529961985,0.08330990349589529,642,17.12,,,
flat_spike.csv,internal,flat_spike.csv:D006,0.09111113247639768,flat_spike.csv:A4:cq=0.5,A3,adaptive_linear,ELIGIBLE,flat_spike.csv:A3:cq=0.0625,0.0625,0.012153810828249317,0.05193491639569885,598,15.946666666666667,,,
flat_spike.csv,internal,flat_spike.csv:D006,0.09111113247639768,flat_spike.csv:A4:cq=0.5,A4,adaptive_auto,ELIGIBLE,flat_spike.csv:A4:cq=0.0625,0.0625,0.012153810828249317,0.05193491639569885,598,15.946666666666667,A0,1.2832618025751072,MATERIAL_LOSS
flat_spike.csv,internal,flat_spike.csv:D007,0.1197170672773798,flat_spike.csv:A0:cq=0.25,A0,whole_linear,ELIGIBLE,flat_spike.csv:A0:cq=0.125,0.125,0.05459253650430685,0.10083486667031946,466,12.426666666666666,,,
flat_spike.csv,internal,flat_spike.csv:D007,0.1197170672773798,flat_spike.csv:A0:cq=0.25,A1,fixed_linear,ELIGIBLE,flat_spike.csv:A1:cq=0.0625,0.0625,0.021415338590461325,0.08031513581710836,642,17.12,,,
flat_spike.csv,internal,flat_spike.csv:D007,0.1197170672773798,flat_spike.csv:A0:cq=0.25,A2,fixed_auto,ELIGIBLE,flat_spike.csv:A2:cq=0.0625,0.0625,0.017420501529961985,0.08330990349589529,642,17.12,,,
flat_spike.csv,internal,flat_spike.csv:D007,0.1197170672773798,flat_spike.csv:A0:cq=0.25,A3,adaptive_linear,ELIGIBLE,flat_spike.csv:A3:cq=0.0625,0.0625,0.012153810828249317,0.05193491639569885,598,15.946666666666667,,,
flat_spike.csv,internal,flat_spike.csv:D007,0.1197170672773798,flat_spike.csv:A0:cq=0.25,A4,adaptive_auto,ELIGIBLE,flat_spike.csv:A4:cq=0.0625,0.0625,0.012153810828249317,0.05193491639569885,598,15.946666666666667,A0,1.2832618025751072,MATERIAL_LOSS
flat_spike.csv,internal,flat_spike.csv:D008,0.17831847573046278,flat_spike.csv:A1:cq=0.5,A0,whole_linear,ELIGIBLE,flat_spike.csv:A0:cq=0.125,0.125,0.05459253650430685,0.10083486667031946,466,12.426666666666666,,,
flat_spike.csv,internal,flat_spike.csv:D008,0.17831847573046278,flat_spike.csv:A1:cq=0.5,A1,fixed_linear,ELIGIBLE,flat_spike.csv:A1:cq=0.0625,0.0625,0.021415338590461325,0.08031513581710836,642,17.12,,,
flat_spike.csv,internal,flat_spike.csv:D008,0.17831847573046278,flat_spike.csv:A1:cq=0.5,A2,fixed_auto,ELIGIBLE,flat_spike.csv:A2:cq=0.0625,0.0625,0.017420501529961985,0.08330990349589529,642,17.12,,,
flat_spike.csv,internal,flat_spike.csv:D008,0.17831847573046278,flat_spike.csv:A1:cq=0.5,A3,adaptive_linear,ELIGIBLE,flat_spike.csv:A3:cq=0.0625,0.0625,0.012153810828249317,0.05193491639569885,598,15.946666666666667,,,
flat_spike.csv,internal,flat_spike.csv:D008,0.17831847573046278,flat_spike.csv:A1:cq=0.5,A4,adaptive_auto,ELIGIBLE,flat_spike.csv:A4:cq=0.0625,0.0625,0.012153810828249317,0.05193491639569885,598,15.946666666666667,A0,1.2832618025751072,MATERIAL_LOSS
flat_spike.csv,internal,flat_spike.csv:D009,0.19966866984636006,flat_spike.csv:A4:cq=1,A0,whole_linear,ELIGIBLE,flat_spike.csv:A0:cq=0.125,0.125,0.05459253650430685,0.10083486667031946,466,12.426666666666666,,,
flat_spike.csv,internal,flat_spike.csv:D009,0.19966866984636006,flat_spike.csv:A4:cq=1,A1,fixed_linear,ELIGIBLE,flat_spike.csv:A1:cq=0.0625,0.0625,0.021415338590461325,0.08031513581710836,642,17.12,,,
flat_spike.csv,internal,flat_spike.csv:D009,0.19966866984636006,flat_spike.csv:A4:cq=1,A2,fixed_auto,ELIGIBLE,flat_spike.csv:A2:cq=0.0625,0.0625,0.017420501529961985,0.08330990349589529,642,17.12,,,
flat_spike.csv,internal,flat_spike.csv:D009,0.19966866984636006,flat_spike.csv:A4:cq=1,A3,adaptive_linear,ELIGIBLE,flat_spike.csv:A3:cq=0.0625,0.0625,0.012153810828249317,0.05193491639569885,598,15.946666666666667,,,
flat_spike.csv,internal,flat_spike.csv:D009,0.19966866984636006,flat_spike.csv:A4:cq=1,A4,adaptive_auto,ELIGIBLE,flat_spike.csv:A4:cq=0.0625,0.0625,0.012153810828249317,0.05193491639569885,598,15.946666666666667,A0,1.2832618025751072,MATERIAL_LOSS
flat_spike.csv,internal,flat_spike.csv:D010,0.27807667158438415,flat_spike.csv:A0:cq=0.5,A0,whole_linear,ELIGIBLE,flat_spike.csv:A0:cq=0.125,0.125,0.05459253650430685,0.10083486667031946,466,12.426666666666666,,,
flat_spike.csv,internal,flat_spike.csv:D010,0.27807667158438415,flat_spike.csv:A0:cq=0.5,A1,fixed_linear,ELIGIBLE,flat_spike.csv:A1:cq=0.0625,0.0625,0.021415338590461325,0.08031513581710836,642,17.12,,,
flat_spike.csv,internal,flat_spike.csv:D010,0.27807667158438415,flat_spike.csv:A0:cq=0.5,A2,fixed_auto,ELIGIBLE,flat_spike.csv:A2:cq=0.0625,0.0625,0.017420501529961985,0.08330990349589529,642,17.12,,,
flat_spike.csv,internal,flat_spike.csv:D010,0.27807667158438415,flat_spike.csv:A0:cq=0.5,A3,adaptive_linear,ELIGIBLE,flat_spike.csv:A3:cq=0.0625,0.0625,0.012153810828249317,0.05193491639569885,598,15.946666666666667,,,
flat_spike.csv,internal,flat_spike.csv:D010,0.27807667158438415,flat_spike.csv:A0:cq=0.5,A4,adaptive_auto,ELIGIBLE,flat_spike.csv:A4:cq=0.0625,0.0625,0.012153810828249317,0.05193491639569885,598,15.946666666666667,A0,1.2832618025751072,MATERIAL_LOSS
flat_spike.csv,internal,flat_spike.csv:D011,0.34767159559375005,flat_spike.csv:A4:cq=2,A0,whole_linear,ELIGIBLE,flat_spike.csv:A0:cq=0.125,0.125,0.05459253650430685,0.10083486667031946,466,12.426666666666666,,,
flat_spike.csv,internal,flat_spike.csv:D011,0.34767159559375005,flat_spike.csv:A4:cq=2,A1,fixed_linear,ELIGIBLE,flat_spike.csv:A1:cq=0.0625,0.0625,0.021415338590461325,0.08031513581710836,642,17.12,,,
flat_spike.csv,internal,flat_spike.csv:D011,0.34767159559375005,flat_spike.csv:A4:cq=2,A2,fixed_auto,ELIGIBLE,flat_spike.csv:A2:cq=0.0625,0.0625,0.017420501529961985,0.08330990349589529,642,17.12,,,
flat_spike.csv,internal,flat_spike.csv:D011,0.34767159559375005,flat_spike.csv:A4:cq=2,A3,adaptive_linear,ELIGIBLE,flat_spike.csv:A3:cq=0.0625,0.0625,0.012153810828249317,0.05193491639569885,598,15.946666666666667,,,
flat_spike.csv,internal,flat_spike.csv:D011,0.34767159559375005,flat_spike.csv:A4:cq=2,A4,adaptive_auto,ELIGIBLE,flat_spike.csv:A4:cq=0.0625,0.0625,0.012153810828249317,0.05193491639569885,598,15.946666666666667,A0,1.2832618025751072,MATERIAL_LOSS
flat_spike.csv,internal,flat_spike.csv:D012,0.3842255593308211,flat_spike.csv:A1:cq=1,A0,whole_linear,ELIGIBLE,flat_spike.csv:A0:cq=0.125,0.125,0.05459253650430685,0.10083486667031946,466,12.426666666666666,,,
flat_spike.csv,internal,flat_spike.csv:D012,0.3842255593308211,flat_spike.csv:A1:cq=1,A1,fixed_linear,ELIGIBLE,flat_spike.csv:A1:cq=0.0625,0.0625,0.021415338590461325,0.08031513581710836,642,17.12,,,
flat_spike.csv,internal,flat_spike.csv:D012,0.3842255593308211,flat_spike.csv:A1:cq=1,A2,fixed_auto,ELIGIBLE,flat_spike.csv:A2:cq=0.0625,0.0625,0.017420501529961985,0.08330990349589529,642,17.12,,,
flat_spike.csv,internal,flat_spike.csv:D012,0.3842255593308211,flat_spike.csv:A1:cq=1,A3,adaptive_linear,ELIGIBLE,flat_spike.csv:A3:cq=0.0625,0.0625,0.012153810828249317,0.05193491639569885,598,15.946666666666667,,,
flat_spike.csv,internal,flat_spike.csv:D012,0.3842255593308211,flat_spike.csv:A1:cq=1,A4,adaptive_auto,ELIGIBLE,flat_spike.csv:A4:cq=0.0625,0.0625,0.012153810828249317,0.05193491639569885,598,15.946666666666667,A0,1.2832618025751072,MATERIAL_LOSS
flat_spike.csv,internal,flat_spike.csv:D013,0.538912851252123,flat_spike.csv:A0:cq=1,A0,whole_linear,ELIGIBLE,flat_spike.csv:A0:cq=0.125,0.125,0.05459253650430685,0.10083486667031946,466,12.426666666666666,,,
flat_spike.csv,internal,flat_spike.csv:D013,0.538912851252123,flat_spike.csv:A0:cq=1,A1,fixed_linear,ELIGIBLE,flat_spike.csv:A1:cq=0.0625,0.0625,0.021415338590461325,0.08031513581710836,642,17.12,,,
flat_spike.csv,internal,flat_spike.csv:D013,0.538912851252123,flat_spike.csv:A0:cq=1,A2,fixed_auto,ELIGIBLE,flat_spike.csv:A2:cq=0.0625,0.0625,0.017420501529961985,0.08330990349589529,642,17.12,,,
flat_spike.csv,internal,flat_spike.csv:D013,0.538912851252123,flat_spike.csv:A0:cq=1,A3,adaptive_linear,ELIGIBLE,flat_spike.csv:A3:cq=0.0625,0.0625,0.012153810828249317,0.05193491639569885,598,15.946666666666667,,,
flat_spike.csv,internal,flat_spike.csv:D013,0.538912851252123,flat_spike.csv:A0:cq=1,A4,adaptive_auto,ELIGIBLE,flat_spike.csv:A4:cq=0.0625,0.0625,0.012153810828249317,0.05193491639569885,598,15.946666666666667,A0,1.2832618025751072,MATERIAL_LOSS
flat_spike.csv,internal,flat_spike.csv:D014,0.5928861707302564,flat_spike.csv:A4:cq=4,A0,whole_linear,ELIGIBLE,flat_spike.csv:A0:cq=0.125,0.125,0.05459253650430685,0.10083486667031946,466,12.426666666666666,,,
flat_spike.csv,internal,flat_spike.csv:D014,0.5928861707302564,flat_spike.csv:A4:cq=4,A1,fixed_linear,ELIGIBLE,flat_spike.csv:A1:cq=0.0625,0.0625,0.021415338590461325,0.08031513581710836,642,17.12,,,
flat_spike.csv,internal,flat_spike.csv:D014,0.5928861707302564,flat_spike.csv:A4:cq=4,A2,fixed_auto,ELIGIBLE,flat_spike.csv:A2:cq=0.0625,0.0625,0.017420501529961985,0.08330990349589529,642,17.12,,,
flat_spike.csv,internal,flat_spike.csv:D014,0.5928861707302564,flat_spike.csv:A4:cq=4,A3,adaptive_linear,ELIGIBLE,flat_spike.csv:A3:cq=0.0625,0.0625,0.012153810828249317,0.05193491639569885,598,15.946666666666667,,,
flat_spike.csv,internal,flat_spike.csv:D014,0.5928861707302564,flat_spike.csv:A4:cq=4,A4,adaptive_auto,ELIGIBLE,flat_spike.csv:A4:cq=0.0625,0.0625,0.012153810828249317,0.05193491639569885,598,15.946666666666667,A0,1.2832618025751072,MATERIAL_LOSS
appliances-energy.csv,external,appliances-energy.csv:D001,1.889499109149171,appliances-energy.csv:A0:cq=0.0625,A0,whole_linear,ELIGIBLE,appliances-energy.csv:A0:cq=0.0625,0.0625,1.889499109149171,3.203238470334327,20189,8.184038510260958,,,
appliances-energy.csv,external,appliances-energy.csv:D001,1.889499109149171,appliances-energy.csv:A0:cq=0.0625,A1,fixed_linear,ELIGIBLE,appliances-energy.csv:A1:cq=0.0625,0.0625,1.4789198333162958,6.648971140384674,33653,13.641955915885482,,,
appliances-energy.csv,external,appliances-energy.csv:D001,1.889499109149171,appliances-energy.csv:A0:cq=0.0625,A2,fixed_auto,ELIGIBLE,appliances-energy.csv:A2:cq=0.0625,0.0625,1.3924458693297208,7.147266387939453,33655,13.642766658221435,,,
appliances-energy.csv,external,appliances-energy.csv:D001,1.889499109149171,appliances-energy.csv:A0:cq=0.0625,A3,adaptive_linear,ELIGIBLE,appliances-energy.csv:A3:cq=0.0625,0.0625,1.3421701810026583,7.277503967285156,47100,19.09298201165442,,,
appliances-energy.csv,external,appliances-energy.csv:D001,1.889499109149171,appliances-energy.csv:A0:cq=0.0625,A4,adaptive_auto,ELIGIBLE,appliances-energy.csv:A4:cq=0.0625,0.0625,1.2465530011516357,7.277503967285156,47100,19.09298201165442,A0,2.332953588587845,MATERIAL_LOSS
appliances-energy.csv,external,appliances-energy.csv:D002,2.538103708645568,appliances-energy.csv:A4:cq=0.125,A0,whole_linear,ELIGIBLE,appliances-energy.csv:A0:cq=0.0625,0.0625,1.889499109149171,3.203238470334327,20189,8.184038510260958,,,
appliances-energy.csv,external,appliances-energy.csv:D002,2.538103708645568,appliances-energy.csv:A4:cq=0.125,A1,fixed_linear,ELIGIBLE,appliances-energy.csv:A1:cq=0.0625,0.0625,1.4789198333162958,6.648971140384674,33653,13.641955915885482,,,
appliances-energy.csv,external,appliances-energy.csv:D002,2.538103708645568,appliances-energy.csv:A4:cq=0.125,A2,fixed_auto,ELIGIBLE,appliances-energy.csv:A2:cq=0.0625,0.0625,1.3924458693297208,7.147266387939453,33655,13.642766658221435,,,
appliances-energy.csv,external,appliances-energy.csv:D002,2.538103708645568,appliances-energy.csv:A4:cq=0.125,A3,adaptive_linear,ELIGIBLE,appliances-energy.csv:A3:cq=0.0625,0.0625,1.3421701810026583,7.277503967285156,47100,19.09298201165442,,,
appliances-energy.csv,external,appliances-energy.csv:D002,2.538103708645568,appliances-energy.csv:A4:cq=0.125,A4,adaptive_auto,ELIGIBLE,appliances-energy.csv:A4:cq=0.125,0.125,2.538103708645568,15.05950927734375,47005,19.05447175069673,A0,2.3282480558720096,MATERIAL_LOSS
appliances-energy.csv,external,appliances-energy.csv:D003,2.9847759972652024,appliances-energy.csv:A1:cq=0.125,A0,whole_linear,ELIGIBLE,appliances-energy.csv:A0:cq=0.0625,0.0625,1.889499109149171,3.203238470334327,20189,8.184038510260958,,,
appliances-energy.csv,external,appliances-energy.csv:D003,2.9847759972652024,appliances-energy.csv:A1:cq=0.125,A1,fixed_linear,ELIGIBLE,appliances-energy.csv:A1:cq=0.125,0.125,2.9847759972652024,13.199344038963318,33453,13.560881682290347,,,
appliances-energy.csv,external,appliances-energy.csv:D003,2.9847759972652024,appliances-energy.csv:A1:cq=0.125,A2,fixed_auto,ELIGIBLE,appliances-energy.csv:A2:cq=0.125,0.125,2.822940218278466,15.846904754638672,33453,13.560881682290347,,,
appliances-energy.csv,external,appliances-energy.csv:D003,2.9847759972652024,appliances-energy.csv:A1:cq=0.125,A3,adaptive_linear,ELIGIBLE,appliances-energy.csv:A3:cq=0.125,0.125,2.7199748692351764,14.58502197265625,47005,19.05447175069673,,,
appliances-energy.csv,external,appliances-energy.csv:D003,2.9847759972652024,appliances-energy.csv:A1:cq=0.125,A4,adaptive_auto,ELIGIBLE,appliances-energy.csv:A4:cq=0.125,0.125,2.538103708645568,15.05950927734375,47005,19.05447175069673,A0,2.3282480558720096,MATERIAL_LOSS
appliances-energy.csv,external,appliances-energy.csv:D004,3.6502714789146644,appliances-energy.csv:A0:cq=0.125,A0,whole_linear,ELIGIBLE,appliances-energy.csv:A0:cq=0.125,0.125,3.6502714789146644,6.4071796466596425,19903,8.068102356219914,,,
appliances-energy.csv,external,appliances-energy.csv:D004,3.6502714789146644,appliances-energy.csv:A0:cq=0.125,A1,fixed_linear,ELIGIBLE,appliances-energy.csv:A1:cq=0.125,0.125,2.9847759972652024,13.199344038963318,33453,13.560881682290347,,,
appliances-energy.csv,external,appliances-energy.csv:D004,3.6502714789146644,appliances-energy.csv:A0:cq=0.125,A2,fixed_auto,ELIGIBLE,appliances-energy.csv:A2:cq=0.125,0.125,2.822940218278466,15.846904754638672,33453,13.560881682290347,,,
appliances-energy.csv,external,appliances-energy.csv:D004,3.6502714789146644,appliances-energy.csv:A0:cq=0.125,A3,adaptive_linear,ELIGIBLE,appliances-energy.csv:A3:cq=0.125,0.125,2.7199748692351764,14.58502197265625,47005,19.05447175069673,,,
appliances-energy.csv,external,appliances-energy.csv:D004,3.6502714789146644,appliances-energy.csv:A0:cq=0.125,A4,adaptive_auto,ELIGIBLE,appliances-energy.csv:A4:cq=0.125,0.125,2.538103708645568,15.05950927734375,47005,19.05447175069673,A0,2.36170426568859,MATERIAL_LOSS
appliances-energy.csv,external,appliances-energy.csv:D005,5.1665140967630165,appliances-energy.csv:A4:cq=0.25,A0,whole_linear,ELIGIBLE,appliances-energy.csv:A0:cq=0.125,0.125,3.6502714789146644,6.4071796466596425,19903,8.068102356219914,,,
appliances-energy.csv,external,appliances-energy.csv:D005,5.1665140967630165,appliances-energy.csv:A4:cq=0.25,A1,fixed_linear,ELIGIBLE,appliances-energy.csv:A1:cq=0.125,0.125,2.9847759972652024,13.199344038963318,33453,13.560881682290347,,,
appliances-energy.csv,external,appliances-energy.csv:D005,5.1665140967630165,appliances-energy.csv:A4:cq=0.25,A2,fixed_auto,ELIGIBLE,appliances-energy.csv:A2:cq=0.125,0.125,2.822940218278466,15.846904754638672,33453,13.560881682290347,,,
appliances-energy.csv,external,appliances-energy.csv:D005,5.1665140967630165,appliances-energy.csv:A4:cq=0.25,A3,adaptive_linear,ELIGIBLE,appliances-energy.csv:A3:cq=0.125,0.125,2.7199748692351764,14.58502197265625,47005,19.05447175069673,,,
appliances-energy.csv,external,appliances-energy.csv:D005,5.1665140967630165,appliances-energy.csv:A4:cq=0.25,A4,adaptive_auto,ELIGIBLE,appliances-energy.csv:A4:cq=0.125,0.125,2.538103708645568,15.05950927734375,47005,19.05447175069673,A0,2.36170426568859,MATERIAL_LOSS
appliances-energy.csv,external,appliances-energy.csv:D006,5.924404839799881,appliances-energy.csv:A1:cq=0.25,A0,whole_linear,ELIGIBLE,appliances-energy.csv:A0:cq=0.125,0.125,3.6502714789146644,6.4071796466596425,19903,8.068102356219914,,,
appliances-energy.csv,external,appliances-energy.csv:D006,5.924404839799881,appliances-energy.csv:A1:cq=0.25,A1,fixed_linear,ELIGIBLE,appliances-energy.csv:A1:cq=0.125,0.125,2.9847759972652024,13.199344038963318,33453,13.560881682290347,,,
appliances-energy.csv,external,appliances-energy.csv:D006,5.924404839799881,appliances-energy.csv:A1:cq=0.25,A2,fixed_auto,ELIGIBLE,appliances-energy.csv:A2:cq=0.125,0.125,2.822940218278466,15.846904754638672,33453,13.560881682290347,,,
appliances-energy.csv,external,appliances-energy.csv:D006,5.924404839799881,appliances-energy.csv:A1:cq=0.25,A3,adaptive_linear,ELIGIBLE,appliances-energy.csv:A3:cq=0.125,0.125,2.7199748692351764,14.58502197265625,47005,19.05447175069673,,,
appliances-energy.csv,external,appliances-energy.csv:D006,5.924404839799881,appliances-energy.csv:A1:cq=0.25,A4,adaptive_auto,ELIGIBLE,appliances-energy.csv:A4:cq=0.125,0.125,2.538103708645568,15.05950927734375,47005,19.05447175069673,A0,2.36170426568859,MATERIAL_LOSS
appliances-energy.csv,external,appliances-energy.csv:D007,7.436345517888099,appliances-energy.csv:A0:cq=0.25,A0,whole_linear,ELIGIBLE,appliances-energy.csv:A0:cq=0.25,0.25,7.436345517888099,12.814285400963854,19901,8.067291613883963,,,
appliances-energy.csv,external,appliances-energy.csv:D007,7.436345517888099,appliances-energy.csv:A0:cq=0.25,A1,fixed_linear,ELIGIBLE,appliances-energy.csv:A1:cq=0.125,0.125,2.9847759972652024,13.199344038963318,33453,13.560881682290347,,,
appliances-energy.csv,external,appliances-energy.csv:D007,7.436345517888099,appliances-energy.csv:A0:cq=0.25,A2,fixed_auto,ELIGIBLE,appliances-energy.csv:A2:cq=0.125,0.125,2.822940218278466,15.846904754638672,33453,13.560881682290347,,,
appliances-energy.csv,external,appliances-energy.csv:D007,7.436345517888099,appliances-energy.csv:A0:cq=0.25,A3,adaptive_linear,ELIGIBLE,appliances-energy.csv:A3:cq=0.125,0.125,2.7199748692351764,14.58502197265625,47005,19.05447175069673,,,
appliances-energy.csv,external,appliances-energy.csv:D007,7.436345517888099,appliances-energy.csv:A0:cq=0.25,A4,adaptive_auto,ELIGIBLE,appliances-energy.csv:A4:cq=0.125,0.125,2.538103708645568,15.05950927734375,47005,19.05447175069673,A0,2.361941610974323,MATERIAL_LOSS
appliances-energy.csv,external,appliances-energy.csv:D008,10.236401919900306,appliances-energy.csv:A4:cq=0.5,A0,whole_linear,ELIGIBLE,appliances-energy.csv:A0:cq=0.25,0.25,7.436345517888099,12.814285400963854,19901,8.067291613883963,,,
appliances-energy.csv,external,appliances-energy.csv:D008,10.236401919900306,appliances-energy.csv:A4:cq=0.5,A1,fixed_linear,ELIGIBLE,appliances-energy.csv:A1:cq=0.125,0.125,2.9847759972652024,13.199344038963318,33453,13.560881682290347,,,
appliances-energy.csv,external,appliances-energy.csv:D008,10.236401919900306,appliances-energy.csv:A4:cq=0.5,A2,fixed_auto,ELIGIBLE,appliances-energy.csv:A2:cq=0.125,0.125,2.822940218278466,15.846904754638672,33453,13.560881682290347,,,
appliances-energy.csv,external,appliances-energy.csv:D008,10.236401919900306,appliances-energy.csv:A4:cq=0.5,A3,adaptive_linear,ELIGIBLE,appliances-energy.csv:A3:cq=0.125,0.125,2.7199748692351764,14.58502197265625,47005,19.05447175069673,,,
appliances-energy.csv,external,appliances-energy.csv:D008,10.236401919900306,appliances-energy.csv:A4:cq=0.5,A4,adaptive_auto,ELIGIBLE,appliances-energy.csv:A4:cq=0.125,0.125,2.538103708645568,15.05950927734375,47005,19.05447175069673,A0,2.361941610974323,MATERIAL_LOSS
appliances-energy.csv,external,appliances-energy.csv:D009,11.983610018261452,appliances-energy.csv:A1:cq=0.5,A0,whole_linear,ELIGIBLE,appliances-energy.csv:A0:cq=0.25,0.25,7.436345517888099,12.814285400963854,19901,8.067291613883963,,,
appliances-energy.csv,external,appliances-energy.csv:D009,11.983610018261452,appliances-energy.csv:A1:cq=0.5,A1,fixed_linear,ELIGIBLE,appliances-energy.csv:A1:cq=0.125,0.125,2.9847759972652024,13.199344038963318,33453,13.560881682290347,,,
appliances-energy.csv,external,appliances-energy.csv:D009,11.983610018261452,appliances-energy.csv:A1:cq=0.5,A2,fixed_auto,ELIGIBLE,appliances-energy.csv:A2:cq=0.125,0.125,2.822940218278466,15.846904754638672,33453,13.560881682290347,,,
appliances-energy.csv,external,appliances-energy.csv:D009,11.983610018261452,appliances-energy.csv:A1:cq=0.5,A3,adaptive_linear,ELIGIBLE,appliances-energy.csv:A3:cq=0.125,0.125,2.7199748692351764,14.58502197265625,47005,19.05447175069673,,,
appliances-energy.csv,external,appliances-energy.csv:D009,11.983610018261452,appliances-energy.csv:A1:cq=0.5,A4,adaptive_auto,ELIGIBLE,appliances-energy.csv:A4:cq=0.125,0.125,2.538103708645568,15.05950927734375,47005,19.05447175069673,A0,2.361941610974323,MATERIAL_LOSS
appliances-energy.csv,external,appliances-energy.csv:D010,13.377262479410563,appliances-energy.csv:A0:cq=0.5,A0,whole_linear,ELIGIBLE,appliances-energy.csv:A0:cq=0.25,0.25,7.436345517888099,12.814285400963854,19901,8.067291613883963,,,
appliances-energy.csv,external,appliances-energy.csv:D010,13.377262479410563,appliances-energy.csv:A0:cq=0.5,A1,fixed_linear,ELIGIBLE,appliances-energy.csv:A1:cq=0.125,0.125,2.9847759972652024,13.199344038963318,33453,13.560881682290347,,,
appliances-energy.csv,external,appliances-energy.csv:D010,13.377262479410563,appliances-energy.csv:A0:cq=0.5,A2,fixed_auto,ELIGIBLE,appliances-energy.csv:A2:cq=0.125,0.125,2.822940218278466,15.846904754638672,33453,13.560881682290347,,,
appliances-energy.csv,external,appliances-energy.csv:D010,13.377262479410563,appliances-energy.csv:A0:cq=0.5,A3,adaptive_linear,ELIGIBLE,appliances-energy.csv:A3:cq=0.125,0.125,2.7199748692351764,14.58502197265625,47005,19.05447175069673,,,
appliances-energy.csv,external,appliances-energy.csv:D010,13.377262479410563,appliances-energy.csv:A0:cq=0.5,A4,adaptive_auto,ELIGIBLE,appliances-energy.csv:A4:cq=0.125,0.125,2.538103708645568,15.05950927734375,47005,19.05447175069673,A0,2.361941610974323,MATERIAL_LOSS
appliances-energy.csv,external,appliances-energy.csv:D011,20.752676134716765,appliances-energy.csv:A4:cq=1,A0,whole_linear,ELIGIBLE,appliances-energy.csv:A0:cq=0.25,0.25,7.436345517888099,12.814285400963854,19901,8.067291613883963,,,
appliances-energy.csv,external,appliances-energy.csv:D011,20.752676134716765,appliances-energy.csv:A4:cq=1,A1,fixed_linear,ELIGIBLE,appliances-energy.csv:A1:cq=0.125,0.125,2.9847759972652024,13.199344038963318,33453,13.560881682290347,,,
appliances-energy.csv,external,appliances-energy.csv:D011,20.752676134716765,appliances-energy.csv:A4:cq=1,A2,fixed_auto,ELIGIBLE,appliances-energy.csv:A2:cq=0.125,0.125,2.822940218278466,15.846904754638672,33453,13.560881682290347,,,
appliances-energy.csv,external,appliances-energy.csv:D011,20.752676134716765,appliances-energy.csv:A4:cq=1,A3,adaptive_linear,ELIGIBLE,appliances-energy.csv:A3:cq=0.125,0.125,2.7199748692351764,14.58502197265625,47005,19.05447175069673,,,
appliances-energy.csv,external,appliances-energy.csv:D011,20.752676134716765,appliances-energy.csv:A4:cq=1,A4,adaptive_auto,ELIGIBLE,appliances-energy.csv:A4:cq=0.125,0.125,2.538103708645568,15.05950927734375,47005,19.05447175069673,A0,2.361941610974323,MATERIAL_LOSS
appliances-energy.csv,external,appliances-energy.csv:D012,24.31523233138486,appliances-energy.csv:A1:cq=1,A0,whole_linear,ELIGIBLE,appliances-energy.csv:A0:cq=0.25,0.25,7.436345517888099,12.814285400963854,19901,8.067291613883963,,,
appliances-energy.csv,external,appliances-energy.csv:D012,24.31523233138486,appliances-energy.csv:A1:cq=1,A1,fixed_linear,ELIGIBLE,appliances-energy.csv:A1:cq=0.125,0.125,2.9847759972652024,13.199344038963318,33453,13.560881682290347,,,
appliances-energy.csv,external,appliances-energy.csv:D012,24.31523233138486,appliances-energy.csv:A1:cq=1,A2,fixed_auto,ELIGIBLE,appliances-energy.csv:A2:cq=0.125,0.125,2.822940218278466,15.846904754638672,33453,13.560881682290347,,,
appliances-energy.csv,external,appliances-energy.csv:D012,24.31523233138486,appliances-energy.csv:A1:cq=1,A3,adaptive_linear,ELIGIBLE,appliances-energy.csv:A3:cq=0.125,0.125,2.7199748692351764,14.58502197265625,47005,19.05447175069673,,,
appliances-energy.csv,external,appliances-energy.csv:D012,24.31523233138486,appliances-energy.csv:A1:cq=1,A4,adaptive_auto,ELIGIBLE,appliances-energy.csv:A4:cq=0.125,0.125,2.538103708645568,15.05950927734375,47005,19.05447175069673,A0,2.361941610974323,MATERIAL_LOSS
appliances-energy.csv,external,appliances-energy.csv:D013,35.30882993301048,appliances-energy.csv:A0:cq=1,A0,whole_linear,ELIGIBLE,appliances-energy.csv:A0:cq=0.25,0.25,7.436345517888099,12.814285400963854,19901,8.067291613883963,,,
appliances-energy.csv,external,appliances-energy.csv:D013,35.30882993301048,appliances-energy.csv:A0:cq=1,A1,fixed_linear,ELIGIBLE,appliances-energy.csv:A1:cq=0.125,0.125,2.9847759972652024,13.199344038963318,33453,13.560881682290347,,,
appliances-energy.csv,external,appliances-energy.csv:D013,35.30882993301048,appliances-energy.csv:A0:cq=1,A2,fixed_auto,ELIGIBLE,appliances-energy.csv:A2:cq=0.125,0.125,2.822940218278466,15.846904754638672,33453,13.560881682290347,,,
appliances-energy.csv,external,appliances-energy.csv:D013,35.30882993301048,appliances-energy.csv:A0:cq=1,A3,adaptive_linear,ELIGIBLE,appliances-energy.csv:A3:cq=0.125,0.125,2.7199748692351764,14.58502197265625,47005,19.05447175069673,,,
appliances-energy.csv,external,appliances-energy.csv:D013,35.30882993301048,appliances-energy.csv:A0:cq=1,A4,adaptive_auto,ELIGIBLE,appliances-energy.csv:A4:cq=0.125,0.125,2.538103708645568,15.05950927734375,47005,19.05447175069673,A0,2.361941610974323,MATERIAL_LOSS
appliances-energy.csv,external,appliances-energy.csv:D014,38.247021224531636,appliances-energy.csv:A4:cq=2,A0,whole_linear,ELIGIBLE,appliances-energy.csv:A0:cq=0.25,0.25,7.436345517888099,12.814285400963854,19901,8.067291613883963,,,
appliances-energy.csv,external,appliances-energy.csv:D014,38.247021224531636,appliances-energy.csv:A4:cq=2,A1,fixed_linear,ELIGIBLE,appliances-energy.csv:A1:cq=0.125,0.125,2.9847759972652024,13.199344038963318,33453,13.560881682290347,,,
appliances-energy.csv,external,appliances-energy.csv:D014,38.247021224531636,appliances-energy.csv:A4:cq=2,A2,fixed_auto,ELIGIBLE,appliances-energy.csv:A2:cq=0.125,0.125,2.822940218278466,15.846904754638672,33453,13.560881682290347,,,
appliances-energy.csv,external,appliances-energy.csv:D014,38.247021224531636,appliances-energy.csv:A4:cq=2,A3,adaptive_linear,ELIGIBLE,appliances-energy.csv:A3:cq=0.125,0.125,2.7199748692351764,14.58502197265625,47005,19.05447175069673,,,
appliances-energy.csv,external,appliances-energy.csv:D014,38.247021224531636,appliances-energy.csv:A4:cq=2,A4,adaptive_auto,ELIGIBLE,appliances-energy.csv:A4:cq=0.125,0.125,2.538103708645568,15.05950927734375,47005,19.05447175069673,A0,2.361941610974323,MATERIAL_LOSS
appliances-energy.csv,external,appliances-energy.csv:D015,43.236444110415405,appliances-energy.csv:A1:cq=2,A0,whole_linear,ELIGIBLE,appliances-energy.csv:A0:cq=0.25,0.25,7.436345517888099,12.814285400963854,19901,8.067291613883963,,,
appliances-energy.csv,external,appliances-energy.csv:D015,43.236444110415405,appliances-energy.csv:A1:cq=2,A1,fixed_linear,ELIGIBLE,appliances-energy.csv:A1:cq=0.125,0.125,2.9847759972652024,13.199344038963318,33453,13.560881682290347,,,
appliances-energy.csv,external,appliances-energy.csv:D015,43.236444110415405,appliances-energy.csv:A1:cq=2,A2,fixed_auto,ELIGIBLE,appliances-energy.csv:A2:cq=0.125,0.125,2.822940218278466,15.846904754638672,33453,13.560881682290347,,,
appliances-energy.csv,external,appliances-energy.csv:D015,43.236444110415405,appliances-energy.csv:A1:cq=2,A3,adaptive_linear,ELIGIBLE,appliances-energy.csv:A3:cq=0.125,0.125,2.7199748692351764,14.58502197265625,47005,19.05447175069673,,,
appliances-energy.csv,external,appliances-energy.csv:D015,43.236444110415405,appliances-energy.csv:A1:cq=2,A4,adaptive_auto,ELIGIBLE,appliances-energy.csv:A4:cq=0.125,0.125,2.538103708645568,15.05950927734375,47005,19.05447175069673,A0,2.361941610974323,MATERIAL_LOSS
appliances-energy.csv,external,appliances-energy.csv:D016,44.49847986651543,appliances-energy.csv:A0:cq=2,A0,whole_linear,ELIGIBLE,appliances-energy.csv:A0:cq=0.25,0.25,7.436345517888099,12.814285400963854,19901,8.067291613883963,,,
appliances-energy.csv,external,appliances-energy.csv:D016,44.49847986651543,appliances-energy.csv:A0:cq=2,A1,fixed_linear,ELIGIBLE,appliances-energy.csv:A1:cq=0.125,0.125,2.9847759972652024,13.199344038963318,33453,13.560881682290347,,,
appliances-energy.csv,external,appliances-energy.csv:D016,44.49847986651543,appliances-energy.csv:A0:cq=2,A2,fixed_auto,ELIGIBLE,appliances-energy.csv:A2:cq=0.125,0.125,2.822940218278466,15.846904754638672,33453,13.560881682290347,,,
appliances-energy.csv,external,appliances-energy.csv:D016,44.49847986651543,appliances-energy.csv:A0:cq=2,A3,adaptive_linear,ELIGIBLE,appliances-energy.csv:A3:cq=0.125,0.125,2.7199748692351764,14.58502197265625,47005,19.05447175069673,,,
appliances-energy.csv,external,appliances-energy.csv:D016,44.49847986651543,appliances-energy.csv:A0:cq=2,A4,adaptive_auto,ELIGIBLE,appliances-energy.csv:A4:cq=0.125,0.125,2.538103708645568,15.05950927734375,47005,19.05447175069673,A0,2.361941610974323,MATERIAL_LOSS
appliances-energy.csv,external,appliances-energy.csv:D017,55.82001642525255,appliances-energy.csv:A4:cq=4,A0,whole_linear,ELIGIBLE,appliances-energy.csv:A0:cq=0.25,0.25,7.436345517888099,12.814285400963854,19901,8.067291613883963,,,
appliances-energy.csv,external,appliances-energy.csv:D017,55.82001642525255,appliances-energy.csv:A4:cq=4,A1,fixed_linear,ELIGIBLE,appliances-energy.csv:A1:cq=0.125,0.125,2.9847759972652024,13.199344038963318,33453,13.560881682290347,,,
appliances-energy.csv,external,appliances-energy.csv:D017,55.82001642525255,appliances-energy.csv:A4:cq=4,A2,fixed_auto,ELIGIBLE,appliances-energy.csv:A2:cq=0.125,0.125,2.822940218278466,15.846904754638672,33453,13.560881682290347,,,
appliances-energy.csv,external,appliances-energy.csv:D017,55.82001642525255,appliances-energy.csv:A4:cq=4,A3,adaptive_linear,ELIGIBLE,appliances-energy.csv:A3:cq=0.125,0.125,2.7199748692351764,14.58502197265625,47005,19.05447175069673,,,
appliances-energy.csv,external,appliances-energy.csv:D017,55.82001642525255,appliances-energy.csv:A4:cq=4,A4,adaptive_auto,ELIGIBLE,appliances-energy.csv:A4:cq=0.125,0.125,2.538103708645568,15.05950927734375,47005,19.05447175069673,A0,2.361941610974323,MATERIAL_LOSS
metro-traffic.csv,external,metro-traffic.csv:D001,36.0633463129256,metro-traffic.csv:A0:cq=0.0625,A0,whole_linear,ELIGIBLE,metro-traffic.csv:A0:cq=0.0625,0.0625,36.0633463129256,62.082089805044234,48370,8.027549580947639,,,
metro-traffic.csv,external,metro-traffic.csv:D001,36.0633463129256,metro-traffic.csv:A0:cq=0.0625,A1,fixed_linear,ELIGIBLE,metro-traffic.csv:A1:cq=0.0625,0.0625,33.62081302478378,71.93825054168701,81502,13.526180399966808,,,
metro-traffic.csv,external,metro-traffic.csv:D001,36.0633463129256,metro-traffic.csv:A0:cq=0.0625,A2,fixed_auto,ELIGIBLE,metro-traffic.csv:A2:cq=0.0625,0.0625,31.51776864709162,109.96211624145508,81565,13.53663596382043,,,
metro-traffic.csv,external,metro-traffic.csv:D001,36.0633463129256,metro-traffic.csv:A0:cq=0.0625,A3,adaptive_linear,ELIGIBLE,metro-traffic.csv:A3:cq=0.0625,0.0625,31.219929269737793,79.54736137390137,114634,19.024811218985977,,,
metro-traffic.csv,external,metro-traffic.csv:D001,36.0633463129256,metro-traffic.csv:A0:cq=0.0625,A4,adaptive_auto,ELIGIBLE,metro-traffic.csv:A4:cq=0.0625,0.0625,27.959393988919423,102.56661987304688,114675,19.03161563355738,A0,2.370787678313004,MATERIAL_LOSS
metro-traffic.csv,external,metro-traffic.csv:D002,55.34748445939157,metro-traffic.csv:A4:cq=0.125,A0,whole_linear,ELIGIBLE,metro-traffic.csv:A0:cq=0.0625,0.0625,36.0633463129256,62.082089805044234,48370,8.027549580947639,,,
metro-traffic.csv,external,metro-traffic.csv:D002,55.34748445939157,metro-traffic.csv:A4:cq=0.125,A1,fixed_linear,ELIGIBLE,metro-traffic.csv:A1:cq=0.0625,0.0625,33.62081302478378,71.93825054168701,81502,13.526180399966808,,,
metro-traffic.csv,external,metro-traffic.csv:D002,55.34748445939157,metro-traffic.csv:A4:cq=0.125,A2,fixed_auto,ELIGIBLE,metro-traffic.csv:A2:cq=0.0625,0.0625,31.51776864709162,109.96211624145508,81565,13.53663596382043,,,
metro-traffic.csv,external,metro-traffic.csv:D002,55.34748445939157,metro-traffic.csv:A4:cq=0.125,A3,adaptive_linear,ELIGIBLE,metro-traffic.csv:A3:cq=0.0625,0.0625,31.219929269737793,79.54736137390137,114634,19.024811218985977,,,
metro-traffic.csv,external,metro-traffic.csv:D002,55.34748445939157,metro-traffic.csv:A4:cq=0.125,A4,adaptive_auto,ELIGIBLE,metro-traffic.csv:A4:cq=0.125,0.125,55.34748445939157,241.084228515625,114634,19.024811218985977,A0,2.3699400454827373,MATERIAL_LOSS
metro-traffic.csv,external,metro-traffic.csv:D003,67.32222200018825,metro-traffic.csv:A1:cq=0.125,A0,whole_linear,ELIGIBLE,metro-traffic.csv:A0:cq=0.0625,0.0625,36.0633463129256,62.082089805044234,48370,8.027549580947639,,,
metro-traffic.csv,external,metro-traffic.csv:D003,67.32222200018825,metro-traffic.csv:A1:cq=0.125,A1,fixed_linear,ELIGIBLE,metro-traffic.csv:A1:cq=0.0625,0.0625,33.62081302478378,71.93825054168701,81502,13.526180399966808,,,
metro-traffic.csv,external,metro-traffic.csv:D003,67.32222200018825,metro-traffic.csv:A1:cq=0.125,A2,fixed_auto,ELIGIBLE,metro-traffic.csv:A2:cq=0.125,0.125,63.121322842583396,186.9319305419922,81502,13.526180399966808,,,
metro-traffic.csv,external,metro-traffic.csv:D003,67.32222200018825,metro-traffic.csv:A1:cq=0.125,A3,adaptive_linear,ELIGIBLE,metro-traffic.csv:A3:cq=0.0625,0.0625,31.219929269737793,79.54736137390137,114634,19.024811218985977,,,
metro-traffic.csv,external,metro-traffic.csv:D003,67.32222200018825,metro-traffic.csv:A1:cq=0.125,A4,adaptive_auto,ELIGIBLE,metro-traffic.csv:A4:cq=0.125,0.125,55.34748445939157,241.084228515625,114634,19.024811218985977,A0,2.3699400454827373,MATERIAL_LOSS
metro-traffic.csv,external,metro-traffic.csv:D004,71.47747842723889,metro-traffic.csv:A0:cq=0.125,A0,whole_linear,ELIGIBLE,metro-traffic.csv:A0:cq=0.0625,0.0625,36.0633463129256,62.082089805044234,48370,8.027549580947639,,,
metro-traffic.csv,external,metro-traffic.csv:D004,71.47747842723889,metro-traffic.csv:A0:cq=0.125,A1,fixed_linear,ELIGIBLE,metro-traffic.csv:A1:cq=0.0625,0.0625,33.62081302478378,71.93825054168701,81502,13.526180399966808,,,
metro-traffic.csv,external,metro-traffic.csv:D004,71.47747842723889,metro-traffic.csv:A0:cq=0.125,A2,fixed_auto,ELIGIBLE,metro-traffic.csv:A2:cq=0.125,0.125,63.121322842583396,186.9319305419922,81502,13.526180399966808,,,
metro-traffic.csv,external,metro-traffic.csv:D004,71.47747842723889,metro-traffic.csv:A0:cq=0.125,A3,adaptive_linear,ELIGIBLE,metro-traffic.csv:A3:cq=0.0625,0.0625,31.219929269737793,79.54736137390137,114634,19.024811218985977,,,
metro-traffic.csv,external,metro-traffic.csv:D004,71.47747842723889,metro-traffic.csv:A0:cq=0.125,A4,adaptive_auto,ELIGIBLE,metro-traffic.csv:A4:cq=0.125,0.125,55.34748445939157,241.084228515625,114634,19.024811218985977,A0,2.3699400454827373,MATERIAL_LOSS
metro-traffic.csv,external,metro-traffic.csv:D005,111.8251719059157,metro-traffic.csv:A4:cq=0.25,A0,whole_linear,ELIGIBLE,metro-traffic.csv:A0:cq=0.0625,0.0625,36.0633463129256,62.082089805044234,48370,8.027549580947639,,,
metro-traffic.csv,external,metro-traffic.csv:D005,111.8251719059157,metro-traffic.csv:A4:cq=0.25,A1,fixed_linear,ELIGIBLE,metro-traffic.csv:A1:cq=0.0625,0.0625,33.62081302478378,71.93825054168701,81502,13.526180399966808,,,
metro-traffic.csv,external,metro-traffic.csv:D005,111.8251719059157,metro-traffic.csv:A4:cq=0.25,A2,fixed_auto,ELIGIBLE,metro-traffic.csv:A2:cq=0.125,0.125,63.121322842583396,186.9319305419922,81502,13.526180399966808,,,
metro-traffic.csv,external,metro-traffic.csv:D005,111.8251719059157,metro-traffic.csv:A4:cq=0.25,A3,adaptive_linear,ELIGIBLE,metro-traffic.csv:A3:cq=0.0625,0.0625,31.219929269737793,79.54736137390137,114634,19.024811218985977,,,
metro-traffic.csv,external,metro-traffic.csv:D005,111.8251719059157,metro-traffic.csv:A4:cq=0.25,A4,adaptive_auto,ELIGIBLE,metro-traffic.csv:A4:cq=0.125,0.125,55.34748445939157,241.084228515625,114634,19.024811218985977,A0,2.3699400454827373,MATERIAL_LOSS
metro-traffic.csv,external,metro-traffic.csv:D006,134.9445920302232,metro-traffic.csv:A1:cq=0.25,A0,whole_linear,ELIGIBLE,metro-traffic.csv:A0:cq=0.0625,0.0625,36.0633463129256,62.082089805044234,48370,8.027549580947639,,,
metro-traffic.csv,external,metro-traffic.csv:D006,134.9445920302232,metro-traffic.csv:A1:cq=0.25,A1,fixed_linear,ELIGIBLE,metro-traffic.csv:A1:cq=0.0625,0.0625,33.62081302478378,71.93825054168701,81502,13.526180399966808,,,
metro-traffic.csv,external,metro-traffic.csv:D006,134.9445920302232,metro-traffic.csv:A1:cq=0.25,A2,fixed_auto,ELIGIBLE,metro-traffic.csv:A2:cq=0.125,0.125,63.121322842583396,186.9319305419922,81502,13.526180399966808,,,
metro-traffic.csv,external,metro-traffic.csv:D006,134.9445920302232,metro-traffic.csv:A1:cq=0.25,A3,adaptive_linear,ELIGIBLE,metro-traffic.csv:A3:cq=0.0625,0.0625,31.219929269737793,79.54736137390137,114634,19.024811218985977,,,
metro-traffic.csv,external,metro-traffic.csv:D006,134.9445920302232,metro-traffic.csv:A1:cq=0.25,A4,adaptive_auto,ELIGIBLE,metro-traffic.csv:A4:cq=0.125,0.125,55.34748445939157,241.084228515625,114634,19.024811218985977,A0,2.3699400454827373,MATERIAL_LOSS
metro-traffic.csv,external,metro-traffic.csv:D007,139.2027008220656,metro-traffic.csv:A0:cq=0.25,A0,whole_linear,ELIGIBLE,metro-traffic.csv:A0:cq=0.0625,0.0625,36.0633463129256,62.082089805044234,48370,8.027549580947639,,,
metro-traffic.csv,external,metro-traffic.csv:D007,139.2027008220656,metro-traffic.csv:A0:cq=0.25,A1,fixed_linear,ELIGIBLE,metro-traffic.csv:A1:cq=0.0625,0.0625,33.62081302478378,71.93825054168701,81502,13.526180399966808,,,
metro-traffic.csv,external,metro-traffic.csv:D007,139.2027008220656,metro-traffic.csv:A0:cq=0.25,A2,fixed_auto,ELIGIBLE,metro-traffic.csv:A2:cq=0.125,0.125,63.121322842583396,186.9319305419922,81502,13.526180399966808,,,
metro-traffic.csv,external,metro-traffic.csv:D007,139.2027008220656,metro-traffic.csv:A0:cq=0.25,A3,adaptive_linear,ELIGIBLE,metro-traffic.csv:A3:cq=0.0625,0.0625,31.219929269737793,79.54736137390137,114634,19.024811218985977,,,
metro-traffic.csv,external,metro-traffic.csv:D007,139.2027008220656,metro-traffic.csv:A0:cq=0.25,A4,adaptive_auto,ELIGIBLE,metro-traffic.csv:A4:cq=0.125,0.125,55.34748445939157,241.084228515625,114634,19.024811218985977,A0,2.3699400454827373,MATERIAL_LOSS
metro-traffic.csv,external,metro-traffic.csv:D008,224.40184285871382,metro-traffic.csv:A4:cq=0.5,A0,whole_linear,ELIGIBLE,metro-traffic.csv:A0:cq=0.0625,0.0625,36.0633463129256,62.082089805044234,48370,8.027549580947639,,,
metro-traffic.csv,external,metro-traffic.csv:D008,224.40184285871382,metro-traffic.csv:A4:cq=0.5,A1,fixed_linear,ELIGIBLE,metro-traffic.csv:A1:cq=0.0625,0.0625,33.62081302478378,71.93825054168701,81502,13.526180399966808,,,
metro-traffic.csv,external,metro-traffic.csv:D008,224.40184285871382,metro-traffic.csv:A4:cq=0.5,A2,fixed_auto,ELIGIBLE,metro-traffic.csv:A2:cq=0.125,0.125,63.121322842583396,186.9319305419922,81502,13.526180399966808,,,
metro-traffic.csv,external,metro-traffic.csv:D008,224.40184285871382,metro-traffic.csv:A4:cq=0.5,A3,adaptive_linear,ELIGIBLE,metro-traffic.csv:A3:cq=0.0625,0.0625,31.219929269737793,79.54736137390137,114634,19.024811218985977,,,
metro-traffic.csv,external,metro-traffic.csv:D008,224.40184285871382,metro-traffic.csv:A4:cq=0.5,A4,adaptive_auto,ELIGIBLE,metro-traffic.csv:A4:cq=0.125,0.125,55.34748445939157,241.084228515625,114634,19.024811218985977,A0,2.3699400454827373,MATERIAL_LOSS
metro-traffic.csv,external,metro-traffic.csv:D009,268.3214552940732,metro-traffic.csv:A1:cq=0.5,A0,whole_linear,ELIGIBLE,metro-traffic.csv:A0:cq=0.0625,0.0625,36.0633463129256,62.082089805044234,48370,8.027549580947639,,,
metro-traffic.csv,external,metro-traffic.csv:D009,268.3214552940732,metro-traffic.csv:A1:cq=0.5,A1,fixed_linear,ELIGIBLE,metro-traffic.csv:A1:cq=0.0625,0.0625,33.62081302478378,71.93825054168701,81502,13.526180399966808,,,
metro-traffic.csv,external,metro-traffic.csv:D009,268.3214552940732,metro-traffic.csv:A1:cq=0.5,A2,fixed_auto,ELIGIBLE,metro-traffic.csv:A2:cq=0.125,0.125,63.121322842583396,186.9319305419922,81502,13.526180399966808,,,
metro-traffic.csv,external,metro-traffic.csv:D009,268.3214552940732,metro-traffic.csv:A1:cq=0.5,A3,adaptive_linear,ELIGIBLE,metro-traffic.csv:A3:cq=0.0625,0.0625,31.219929269737793,79.54736137390137,114634,19.024811218985977,,,
metro-traffic.csv,external,metro-traffic.csv:D009,268.3214552940732,metro-traffic.csv:A1:cq=0.5,A4,adaptive_auto,ELIGIBLE,metro-traffic.csv:A4:cq=0.125,0.125,55.34748445939157,241.084228515625,114634,19.024811218985977,A0,2.3699400454827373,MATERIAL_LOSS
metro-traffic.csv,external,metro-traffic.csv:D010,285.23518077491354,metro-traffic.csv:A0:cq=0.5,A0,whole_linear,ELIGIBLE,metro-traffic.csv:A0:cq=0.0625,0.0625,36.0633463129256,62.082089805044234,48370,8.027549580947639,,,
metro-traffic.csv,external,metro-traffic.csv:D010,285.23518077491354,metro-traffic.csv:A0:cq=0.5,A1,fixed_linear,ELIGIBLE,metro-traffic.csv:A1:cq=0.0625,0.0625,33.62081302478378,71.93825054168701,81502,13.526180399966808,,,
metro-traffic.csv,external,metro-traffic.csv:D010,285.23518077491354,metro-traffic.csv:A0:cq=0.5,A2,fixed_auto,ELIGIBLE,metro-traffic.csv:A2:cq=0.125,0.125,63.121322842583396,186.9319305419922,81502,13.526180399966808,,,
metro-traffic.csv,external,metro-traffic.csv:D010,285.23518077491354,metro-traffic.csv:A0:cq=0.5,A3,adaptive_linear,ELIGIBLE,metro-traffic.csv:A3:cq=0.0625,0.0625,31.219929269737793,79.54736137390137,114634,19.024811218985977,,,
metro-traffic.csv,external,metro-traffic.csv:D010,285.23518077491354,metro-traffic.csv:A0:cq=0.5,A4,adaptive_auto,ELIGIBLE,metro-traffic.csv:A4:cq=0.125,0.125,55.34748445939157,241.084228515625,114634,19.024811218985977,A0,2.3699400454827373,MATERIAL_LOSS
metro-traffic.csv,external,metro-traffic.csv:D011,452.58318715639064,metro-traffic.csv:A4:cq=1,A0,whole_linear,ELIGIBLE,metro-traffic.csv:A0:cq=0.0625,0.0625,36.0633463129256,62.082089805044234,48370,8.027549580947639,,,
metro-traffic.csv,external,metro-traffic.csv:D011,452.58318715639064,metro-traffic.csv:A4:cq=1,A1,fixed_linear,ELIGIBLE,metro-traffic.csv:A1:cq=0.0625,0.0625,33.62081302478378,71.93825054168701,81502,13.526180399966808,,,
metro-traffic.csv,external,metro-traffic.csv:D011,452.58318715639064,metro-traffic.csv:A4:cq=1,A2,fixed_auto,ELIGIBLE,metro-traffic.csv:A2:cq=0.125,0.125,63.121322842583396,186.9319305419922,81502,13.526180399966808,,,
metro-traffic.csv,external,metro-traffic.csv:D011,452.58318715639064,metro-traffic.csv:A4:cq=1,A3,adaptive_linear,ELIGIBLE,metro-traffic.csv:A3:cq=0.0625,0.0625,31.219929269737793,79.54736137390137,114634,19.024811218985977,,,
metro-traffic.csv,external,metro-traffic.csv:D011,452.58318715639064,metro-traffic.csv:A4:cq=1,A4,adaptive_auto,ELIGIBLE,metro-traffic.csv:A4:cq=0.125,0.125,55.34748445939157,241.084228515625,114634,19.024811218985977,A0,2.3699400454827373,MATERIAL_LOSS
metro-traffic.csv,external,metro-traffic.csv:D012,556.1561531970291,metro-traffic.csv:A1:cq=1,A0,whole_linear,ELIGIBLE,metro-traffic.csv:A0:cq=0.0625,0.0625,36.0633463129256,62.082089805044234,48370,8.027549580947639,,,
metro-traffic.csv,external,metro-traffic.csv:D012,556.1561531970291,metro-traffic.csv:A1:cq=1,A1,fixed_linear,ELIGIBLE,metro-traffic.csv:A1:cq=0.0625,0.0625,33.62081302478378,71.93825054168701,81502,13.526180399966808,,,
metro-traffic.csv,external,metro-traffic.csv:D012,556.1561531970291,metro-traffic.csv:A1:cq=1,A2,fixed_auto,ELIGIBLE,metro-traffic.csv:A2:cq=0.125,0.125,63.121322842583396,186.9319305419922,81502,13.526180399966808,,,
metro-traffic.csv,external,metro-traffic.csv:D012,556.1561531970291,metro-traffic.csv:A1:cq=1,A3,adaptive_linear,ELIGIBLE,metro-traffic.csv:A3:cq=0.0625,0.0625,31.219929269737793,79.54736137390137,114634,19.024811218985977,,,
metro-traffic.csv,external,metro-traffic.csv:D012,556.1561531970291,metro-traffic.csv:A1:cq=1,A4,adaptive_auto,ELIGIBLE,metro-traffic.csv:A4:cq=0.125,0.125,55.34748445939157,241.084228515625,114634,19.024811218985977,A0,2.3699400454827373,MATERIAL_LOSS
metro-traffic.csv,external,metro-traffic.csv:D013,613.4642479798339,metro-traffic.csv:A0:cq=1,A0,whole_linear,ELIGIBLE,metro-traffic.csv:A0:cq=0.0625,0.0625,36.0633463129256,62.082089805044234,48370,8.027549580947639,,,
metro-traffic.csv,external,metro-traffic.csv:D013,613.4642479798339,metro-traffic.csv:A0:cq=1,A1,fixed_linear,ELIGIBLE,metro-traffic.csv:A1:cq=0.0625,0.0625,33.62081302478378,71.93825054168701,81502,13.526180399966808,,,
metro-traffic.csv,external,metro-traffic.csv:D013,613.4642479798339,metro-traffic.csv:A0:cq=1,A2,fixed_auto,ELIGIBLE,metro-traffic.csv:A2:cq=0.125,0.125,63.121322842583396,186.9319305419922,81502,13.526180399966808,,,
metro-traffic.csv,external,metro-traffic.csv:D013,613.4642479798339,metro-traffic.csv:A0:cq=1,A3,adaptive_linear,ELIGIBLE,metro-traffic.csv:A3:cq=0.0625,0.0625,31.219929269737793,79.54736137390137,114634,19.024811218985977,,,
metro-traffic.csv,external,metro-traffic.csv:D013,613.4642479798339,metro-traffic.csv:A0:cq=1,A4,adaptive_auto,ELIGIBLE,metro-traffic.csv:A4:cq=0.125,0.125,55.34748445939157,241.084228515625,114634,19.024811218985977,A0,2.3699400454827373,MATERIAL_LOSS
metro-traffic.csv,external,metro-traffic.csv:D014,958.0861959245367,metro-traffic.csv:A4:cq=2,A0,whole_linear,ELIGIBLE,metro-traffic.csv:A0:cq=0.0625,0.0625,36.0633463129256,62.082089805044234,48370,8.027549580947639,,,
metro-traffic.csv,external,metro-traffic.csv:D014,958.0861959245367,metro-traffic.csv:A4:cq=2,A1,fixed_linear,ELIGIBLE,metro-traffic.csv:A1:cq=0.0625,0.0625,33.62081302478378,71.93825054168701,81502,13.526180399966808,,,
metro-traffic.csv,external,metro-traffic.csv:D014,958.0861959245367,metro-traffic.csv:A4:cq=2,A2,fixed_auto,ELIGIBLE,metro-traffic.csv:A2:cq=0.125,0.125,63.121322842583396,186.9319305419922,81502,13.526180399966808,,,
metro-traffic.csv,external,metro-traffic.csv:D014,958.0861959245367,metro-traffic.csv:A4:cq=2,A3,adaptive_linear,ELIGIBLE,metro-traffic.csv:A3:cq=0.0625,0.0625,31.219929269737793,79.54736137390137,114634,19.024811218985977,,,
metro-traffic.csv,external,metro-traffic.csv:D014,958.0861959245367,metro-traffic.csv:A4:cq=2,A4,adaptive_auto,ELIGIBLE,metro-traffic.csv:A4:cq=0.125,0.125,55.34748445939157,241.084228515625,114634,19.024811218985977,A0,2.3699400454827373,MATERIAL_LOSS
metro-traffic.csv,external,metro-traffic.csv:D015,1191.018050148861,metro-traffic.csv:A1:cq=2,A0,whole_linear,ELIGIBLE,metro-traffic.csv:A0:cq=0.0625,0.0625,36.0633463129256,62.082089805044234,48370,8.027549580947639,,,
metro-traffic.csv,external,metro-traffic.csv:D015,1191.018050148861,metro-traffic.csv:A1:cq=2,A1,fixed_linear,ELIGIBLE,metro-traffic.csv:A1:cq=0.0625,0.0625,33.62081302478378,71.93825054168701,81502,13.526180399966808,,,
metro-traffic.csv,external,metro-traffic.csv:D015,1191.018050148861,metro-traffic.csv:A1:cq=2,A2,fixed_auto,ELIGIBLE,metro-traffic.csv:A2:cq=0.125,0.125,63.121322842583396,186.9319305419922,81502,13.526180399966808,,,
metro-traffic.csv,external,metro-traffic.csv:D015,1191.018050148861,metro-traffic.csv:A1:cq=2,A3,adaptive_linear,ELIGIBLE,metro-traffic.csv:A3:cq=0.0625,0.0625,31.219929269737793,79.54736137390137,114634,19.024811218985977,,,
metro-traffic.csv,external,metro-traffic.csv:D015,1191.018050148861,metro-traffic.csv:A1:cq=2,A4,adaptive_auto,ELIGIBLE,metro-traffic.csv:A4:cq=0.125,0.125,55.34748445939157,241.084228515625,114634,19.024811218985977,A0,2.3699400454827373,MATERIAL_LOSS
metro-traffic.csv,external,metro-traffic.csv:D016,1260.3691333270597,metro-traffic.csv:A0:cq=2,A0,whole_linear,ELIGIBLE,metro-traffic.csv:A0:cq=0.0625,0.0625,36.0633463129256,62.082089805044234,48370,8.027549580947639,,,
metro-traffic.csv,external,metro-traffic.csv:D016,1260.3691333270597,metro-traffic.csv:A0:cq=2,A1,fixed_linear,ELIGIBLE,metro-traffic.csv:A1:cq=0.0625,0.0625,33.62081302478378,71.93825054168701,81502,13.526180399966808,,,
metro-traffic.csv,external,metro-traffic.csv:D016,1260.3691333270597,metro-traffic.csv:A0:cq=2,A2,fixed_auto,ELIGIBLE,metro-traffic.csv:A2:cq=0.125,0.125,63.121322842583396,186.9319305419922,81502,13.526180399966808,,,
metro-traffic.csv,external,metro-traffic.csv:D016,1260.3691333270597,metro-traffic.csv:A0:cq=2,A3,adaptive_linear,ELIGIBLE,metro-traffic.csv:A3:cq=0.0625,0.0625,31.219929269737793,79.54736137390137,114634,19.024811218985977,,,
metro-traffic.csv,external,metro-traffic.csv:D016,1260.3691333270597,metro-traffic.csv:A0:cq=2,A4,adaptive_auto,ELIGIBLE,metro-traffic.csv:A4:cq=0.125,0.125,55.34748445939157,241.084228515625,114634,19.024811218985977,A0,2.3699400454827373,MATERIAL_LOSS
metro-traffic.csv,external,metro-traffic.csv:D017,1652.9113119277922,metro-traffic.csv:A4:cq=4,A0,whole_linear,ELIGIBLE,metro-traffic.csv:A0:cq=0.0625,0.0625,36.0633463129256,62.082089805044234,48370,8.027549580947639,,,
metro-traffic.csv,external,metro-traffic.csv:D017,1652.9113119277922,metro-traffic.csv:A4:cq=4,A1,fixed_linear,ELIGIBLE,metro-traffic.csv:A1:cq=0.0625,0.0625,33.62081302478378,71.93825054168701,81502,13.526180399966808,,,
metro-traffic.csv,external,metro-traffic.csv:D017,1652.9113119277922,metro-traffic.csv:A4:cq=4,A2,fixed_auto,ELIGIBLE,metro-traffic.csv:A2:cq=0.125,0.125,63.121322842583396,186.9319305419922,81502,13.526180399966808,,,
metro-traffic.csv,external,metro-traffic.csv:D017,1652.9113119277922,metro-traffic.csv:A4:cq=4,A3,adaptive_linear,ELIGIBLE,metro-traffic.csv:A3:cq=0.0625,0.0625,31.219929269737793,79.54736137390137,114634,19.024811218985977,,,
metro-traffic.csv,external,metro-traffic.csv:D017,1652.9113119277922,metro-traffic.csv:A4:cq=4,A4,adaptive_auto,ELIGIBLE,metro-traffic.csv:A4:cq=0.125,0.125,55.34748445939157,241.084228515625,114634,19.024811218985977,A0,2.3699400454827373,MATERIAL_LOSS
beijing-pm25.csv,external,beijing-pm25.csv:D001,1.4753391252853478,beijing-pm25.csv:A0:cq=0.0625,A0,whole_linear,ELIGIBLE,beijing-pm25.csv:A0:cq=0.0625,0.0625,1.4753391252853478,2.5659190276346635,34557,8.097952488356425,,,
beijing-pm25.csv,external,beijing-pm25.csv:D001,1.4753391252853478,beijing-pm25.csv:A0:cq=0.0625,A1,fixed_linear,ELIGIBLE,beijing-pm25.csv:A1:cq=0.0625,0.0625,0.8199961306921006,5.9634785652160645,57793,13.542986027710244,,,
beijing-pm25.csv,external,beijing-pm25.csv:D001,1.4753391252853478,beijing-pm25.csv:A0:cq=0.0625,A2,fixed_auto,ELIGIBLE,beijing-pm25.csv:A2:cq=0.0625,0.0625,0.791082381708264,6.2106170654296875,57820,13.549313102316999,,,
beijing-pm25.csv,external,beijing-pm25.csv:D001,1.4753391252853478,beijing-pm25.csv:A0:cq=0.0625,A3,adaptive_linear,ELIGIBLE,beijing-pm25.csv:A3:cq=0.125,0.125,1.2813258747202083,15.998075485229492,81209,19.030200064442425,,,
beijing-pm25.csv,external,beijing-pm25.csv:D001,1.4753391252853478,beijing-pm25.csv:A0:cq=0.0625,A4,adaptive_auto,ELIGIBLE,beijing-pm25.csv:A4:cq=0.125,0.125,1.1979857588644056,15.998075485229492,81209,19.030200064442425,A0,2.350001446884857,MATERIAL_LOSS
beijing-pm25.csv,external,beijing-pm25.csv:D002,1.63958821353444,beijing-pm25.csv:A1:cq=0.125,A0,whole_linear,ELIGIBLE,beijing-pm25.csv:A0:cq=0.0625,0.0625,1.4753391252853478,2.5659190276346635,34557,8.097952488356425,,,
beijing-pm25.csv,external,beijing-pm25.csv:D002,1.63958821353444,beijing-pm25.csv:A1:cq=0.125,A1,fixed_linear,ELIGIBLE,beijing-pm25.csv:A1:cq=0.125,0.125,1.63958821353444,11.921498775482178,57757,13.53454992823457,,,
beijing-pm25.csv,external,beijing-pm25.csv:D002,1.63958821353444,beijing-pm25.csv:A1:cq=0.125,A2,fixed_auto,ELIGIBLE,beijing-pm25.csv:A2:cq=0.125,0.125,1.579592038987459,12.091552734375,57757,13.53454992823457,,,
beijing-pm25.csv,external,beijing-pm25.csv:D002,1.63958821353444,beijing-pm25.csv:A1:cq=0.125,A3,adaptive_linear,ELIGIBLE,beijing-pm25.csv:A3:cq=0.125,0.125,1.2813258747202083,15.998075485229492,81209,19.030200064442425,,,
beijing-pm25.csv,external,beijing-pm25.csv:D002,1.63958821353444,beijing-pm25.csv:A1:cq=0.125,A4,adaptive_auto,ELIGIBLE,beijing-pm25.csv:A4:cq=0.125,0.125,1.1979857588644056,15.998075485229492,81209,19.030200064442425,A0,2.350001446884857,MATERIAL_LOSS
beijing-pm25.csv,external,beijing-pm25.csv:D003,2.3636894469555916,beijing-pm25.csv:A4:cq=0.25,A0,whole_linear,ELIGIBLE,beijing-pm25.csv:A0:cq=0.0625,0.0625,1.4753391252853478,2.5659190276346635,34557,8.097952488356425,,,
beijing-pm25.csv,external,beijing-pm25.csv:D003,2.3636894469555916,beijing-pm25.csv:A4:cq=0.25,A1,fixed_linear,ELIGIBLE,beijing-pm25.csv:A1:cq=0.125,0.125,1.63958821353444,11.921498775482178,57757,13.53454992823457,,,
beijing-pm25.csv,external,beijing-pm25.csv:D003,2.3636894469555916,beijing-pm25.csv:A4:cq=0.25,A2,fixed_auto,ELIGIBLE,beijing-pm25.csv:A2:cq=0.125,0.125,1.579592038987459,12.091552734375,57757,13.53454992823457,,,
beijing-pm25.csv,external,beijing-pm25.csv:D003,2.3636894469555916,beijing-pm25.csv:A4:cq=0.25,A3,adaptive_linear,ELIGIBLE,beijing-pm25.csv:A3:cq=0.125,0.125,1.2813258747202083,15.998075485229492,81209,19.030200064442425,,,
beijing-pm25.csv,external,beijing-pm25.csv:D003,2.3636894469555916,beijing-pm25.csv:A4:cq=0.25,A4,adaptive_auto,ELIGIBLE,beijing-pm25.csv:A4:cq=0.125,0.125,1.1979857588644056,15.998075485229492,81209,19.030200064442425,A0,2.350001446884857,MATERIAL_LOSS
beijing-pm25.csv,external,beijing-pm25.csv:D004,2.963779800574368,beijing-pm25.csv:A0:cq=0.125,A0,whole_linear,ELIGIBLE,beijing-pm25.csv:A0:cq=0.125,0.125,2.963779800574368,5.13181347947102,34306,8.03913412812326,,,
beijing-pm25.csv,external,beijing-pm25.csv:D004,2.963779800574368,beijing-pm25.csv:A0:cq=0.125,A1,fixed_linear,ELIGIBLE,beijing-pm25.csv:A1:cq=0.125,0.125,1.63958821353444,11.921498775482178,57757,13.53454992823457,,,
beijing-pm25.csv,external,beijing-pm25.csv:D004,2.963779800574368,beijing-pm25.csv:A0:cq=0.125,A2,fixed_auto,ELIGIBLE,beijing-pm25.csv:A2:cq=0.125,0.125,1.579592038987459,12.091552734375,57757,13.53454992823457,,,
beijing-pm25.csv,external,beijing-pm25.csv:D004,2.963779800574368,beijing-pm25.csv:A0:cq=0.125,A3,adaptive_linear,ELIGIBLE,beijing-pm25.csv:A3:cq=0.125,0.125,1.2813258747202083,15.998075485229492,81209,19.030200064442425,,,
beijing-pm25.csv,external,beijing-pm25.csv:D004,2.963779800574368,beijing-pm25.csv:A0:cq=0.125,A4,adaptive_auto,ELIGIBLE,beijing-pm25.csv:A4:cq=0.125,0.125,1.1979857588644056,15.998075485229492,81209,19.030200064442425,A0,2.367195242814668,MATERIAL_LOSS
beijing-pm25.csv,external,beijing-pm25.csv:D005,3.335156767047348,beijing-pm25.csv:A1:cq=0.25,A0,whole_linear,ELIGIBLE,beijing-pm25.csv:A0:cq=0.125,0.125,2.963779800574368,5.13181347947102,34306,8.03913412812326,,,
beijing-pm25.csv,external,beijing-pm25.csv:D005,3.335156767047348,beijing-pm25.csv:A1:cq=0.25,A1,fixed_linear,ELIGIBLE,beijing-pm25.csv:A1:cq=0.125,0.125,1.63958821353444,11.921498775482178,57757,13.53454992823457,,,
beijing-pm25.csv,external,beijing-pm25.csv:D005,3.335156767047348,beijing-pm25.csv:A1:cq=0.25,A2,fixed_auto,ELIGIBLE,beijing-pm25.csv:A2:cq=0.125,0.125,1.579592038987459,12.091552734375,57757,13.53454992823457,,,
beijing-pm25.csv,external,beijing-pm25.csv:D005,3.335156767047348,beijing-pm25.csv:A1:cq=0.25,A3,adaptive_linear,ELIGIBLE,beijing-pm25.csv:A3:cq=0.125,0.125,1.2813258747202083,15.998075485229492,81209,19.030200064442425,,,
beijing-pm25.csv,external,beijing-pm25.csv:D005,3.335156767047348,beijing-pm25.csv:A1:cq=0.25,A4,adaptive_auto,ELIGIBLE,beijing-pm25.csv:A4:cq=0.125,0.125,1.1979857588644056,15.998075485229492,81209,19.030200064442425,A0,2.367195242814668,MATERIAL_LOSS
beijing-pm25.csv,external,beijing-pm25.csv:D006,4.682270930838247,beijing-pm25.csv:A4:cq=0.5,A0,whole_linear,ELIGIBLE,beijing-pm25.csv:A0:cq=0.125,0.125,2.963779800574368,5.13181347947102,34306,8.03913412812326,,,
beijing-pm25.csv,external,beijing-pm25.csv:D006,4.682270930838247,beijing-pm25.csv:A4:cq=0.5,A1,fixed_linear,ELIGIBLE,beijing-pm25.csv:A1:cq=0.125,0.125,1.63958821353444,11.921498775482178,57757,13.53454992823457,,,
beijing-pm25.csv,external,beijing-pm25.csv:D006,4.682270930838247,beijing-pm25.csv:A4:cq=0.5,A2,fixed_auto,ELIGIBLE,beijing-pm25.csv:A2:cq=0.125,0.125,1.579592038987459,12.091552734375,57757,13.53454992823457,,,
beijing-pm25.csv,external,beijing-pm25.csv:D006,4.682270930838247,beijing-pm25.csv:A4:cq=0.5,A3,adaptive_linear,ELIGIBLE,beijing-pm25.csv:A3:cq=0.125,0.125,1.2813258747202083,15.998075485229492,81209,19.030200064442425,,,
beijing-pm25.csv,external,beijing-pm25.csv:D006,4.682270930838247,beijing-pm25.csv:A4:cq=0.5,A4,adaptive_auto,ELIGIBLE,beijing-pm25.csv:A4:cq=0.125,0.125,1.1979857588644056,15.998075485229492,81209,19.030200064442425,A0,2.367195242814668,MATERIAL_LOSS
beijing-pm25.csv,external,beijing-pm25.csv:D007,6.091994299467598,beijing-pm25.csv:A0:cq=0.25,A0,whole_linear,ELIGIBLE,beijing-pm25.csv:A0:cq=0.25,0.25,6.091994299467598,10.263810335221933,34305,8.038899792026715,,,
beijing-pm25.csv,external,beijing-pm25.csv:D007,6.091994299467598,beijing-pm25.csv:A0:cq=0.25,A1,fixed_linear,ELIGIBLE,beijing-pm25.csv:A1:cq=0.125,0.125,1.63958821353444,11.921498775482178,57757,13.53454992823457,,,
beijing-pm25.csv,external,beijing-pm25.csv:D007,6.091994299467598,beijing-pm25.csv:A0:cq=0.25,A2,fixed_auto,ELIGIBLE,beijing-pm25.csv:A2:cq=0.125,0.125,1.579592038987459,12.091552734375,57757,13.53454992823457,,,
beijing-pm25.csv,external,beijing-pm25.csv:D007,6.091994299467598,beijing-pm25.csv:A0:cq=0.25,A3,adaptive_linear,ELIGIBLE,beijing-pm25.csv:A3:cq=0.125,0.125,1.2813258747202083,15.998075485229492,81209,19.030200064442425,,,
beijing-pm25.csv,external,beijing-pm25.csv:D007,6.091994299467598,beijing-pm25.csv:A0:cq=0.25,A4,adaptive_auto,ELIGIBLE,beijing-pm25.csv:A4:cq=0.125,0.125,1.1979857588644056,15.998075485229492,81209,19.030200064442425,A0,2.3672642471942864,MATERIAL_LOSS
beijing-pm25.csv,external,beijing-pm25.csv:D008,6.654438943967774,beijing-pm25.csv:A1:cq=0.5,A0,whole_linear,ELIGIBLE,beijing-pm25.csv:A0:cq=0.25,0.25,6.091994299467598,10.263810335221933,34305,8.038899792026715,,,
beijing-pm25.csv,external,beijing-pm25.csv:D008,6.654438943967774,beijing-pm25.csv:A1:cq=0.5,A1,fixed_linear,ELIGIBLE,beijing-pm25.csv:A1:cq=0.125,0.125,1.63958821353444,11.921498775482178,57757,13.53454992823457,,,
beijing-pm25.csv,external,beijing-pm25.csv:D008,6.654438943967774,beijing-pm25.csv:A1:cq=0.5,A2,fixed_auto,ELIGIBLE,beijing-pm25.csv:A2:cq=0.125,0.125,1.579592038987459,12.091552734375,57757,13.53454992823457,,,
beijing-pm25.csv,external,beijing-pm25.csv:D008,6.654438943967774,beijing-pm25.csv:A1:cq=0.5,A3,adaptive_linear,ELIGIBLE,beijing-pm25.csv:A3:cq=0.125,0.125,1.2813258747202083,15.998075485229492,81209,19.030200064442425,,,
beijing-pm25.csv,external,beijing-pm25.csv:D008,6.654438943967774,beijing-pm25.csv:A1:cq=0.5,A4,adaptive_auto,ELIGIBLE,beijing-pm25.csv:A4:cq=0.125,0.125,1.1979857588644056,15.998075485229492,81209,19.030200064442425,A0,2.3672642471942864,MATERIAL_LOSS
beijing-pm25.csv,external,beijing-pm25.csv:D009,9.346939084114505,beijing-pm25.csv:A4:cq=1,A0,whole_linear,ELIGIBLE,beijing-pm25.csv:A0:cq=0.25,0.25,6.091994299467598,10.263810335221933,34305,8.038899792026715,,,
beijing-pm25.csv,external,beijing-pm25.csv:D009,9.346939084114505,beijing-pm25.csv:A4:cq=1,A1,fixed_linear,ELIGIBLE,beijing-pm25.csv:A1:cq=0.125,0.125,1.63958821353444,11.921498775482178,57757,13.53454992823457,,,
beijing-pm25.csv,external,beijing-pm25.csv:D009,9.346939084114505,beijing-pm25.csv:A4:cq=1,A2,fixed_auto,ELIGIBLE,beijing-pm25.csv:A2:cq=0.125,0.125,1.579592038987459,12.091552734375,57757,13.53454992823457,,,
beijing-pm25.csv,external,beijing-pm25.csv:D009,9.346939084114505,beijing-pm25.csv:A4:cq=1,A3,adaptive_linear,ELIGIBLE,beijing-pm25.csv:A3:cq=0.125,0.125,1.2813258747202083,15.998075485229492,81209,19.030200064442425,,,
beijing-pm25.csv,external,beijing-pm25.csv:D009,9.346939084114505,beijing-pm25.csv:A4:cq=1,A4,adaptive_auto,ELIGIBLE,beijing-pm25.csv:A4:cq=0.125,0.125,1.1979857588644056,15.998075485229492,81209,19.030200064442425,A0,2.3672642471942864,MATERIAL_LOSS
beijing-pm25.csv,external,beijing-pm25.csv:D010,12.045059773233728,beijing-pm25.csv:A0:cq=0.5,A0,whole_linear,ELIGIBLE,beijing-pm25.csv:A0:cq=0.25,0.25,6.091994299467598,10.263810335221933,34305,8.038899792026715,,,
beijing-pm25.csv,external,beijing-pm25.csv:D010,12.045059773233728,beijing-pm25.csv:A0:cq=0.5,A1,fixed_linear,ELIGIBLE,beijing-pm25.csv:A1:cq=0.125,0.125,1.63958821353444,11.921498775482178,57757,13.53454992823457,,,
beijing-pm25.csv,external,beijing-pm25.csv:D010,12.045059773233728,beijing-pm25.csv:A0:cq=0.5,A2,fixed_auto,ELIGIBLE,beijing-pm25.csv:A2:cq=0.125,0.125,1.579592038987459,12.091552734375,57757,13.53454992823457,,,
beijing-pm25.csv,external,beijing-pm25.csv:D010,12.045059773233728,beijing-pm25.csv:A0:cq=0.5,A3,adaptive_linear,ELIGIBLE,beijing-pm25.csv:A3:cq=0.125,0.125,1.2813258747202083,15.998075485229492,81209,19.030200064442425,,,
beijing-pm25.csv,external,beijing-pm25.csv:D010,12.045059773233728,beijing-pm25.csv:A0:cq=0.5,A4,adaptive_auto,ELIGIBLE,beijing-pm25.csv:A4:cq=0.125,0.125,1.1979857588644056,15.998075485229492,81209,19.030200064442425,A0,2.3672642471942864,MATERIAL_LOSS
beijing-pm25.csv,external,beijing-pm25.csv:D011,13.208418392802049,beijing-pm25.csv:A1:cq=1,A0,whole_linear,ELIGIBLE,beijing-pm25.csv:A0:cq=0.25,0.25,6.091994299467598,10.263810335221933,34305,8.038899792026715,,,
beijing-pm25.csv,external,beijing-pm25.csv:D011,13.208418392802049,beijing-pm25.csv:A1:cq=1,A1,fixed_linear,ELIGIBLE,beijing-pm25.csv:A1:cq=0.125,0.125,1.63958821353444,11.921498775482178,57757,13.53454992823457,,,
beijing-pm25.csv,external,beijing-pm25.csv:D011,13.208418392802049,beijing-pm25.csv:A1:cq=1,A2,fixed_auto,ELIGIBLE,beijing-pm25.csv:A2:cq=0.125,0.125,1.579592038987459,12.091552734375,57757,13.53454992823457,,,
beijing-pm25.csv,external,beijing-pm25.csv:D011,13.208418392802049,beijing-pm25.csv:A1:cq=1,A3,adaptive_linear,ELIGIBLE,beijing-pm25.csv:A3:cq=0.125,0.125,1.2813258747202083,15.998075485229492,81209,19.030200064442425,,,
beijing-pm25.csv,external,beijing-pm25.csv:D011,13.208418392802049,beijing-pm25.csv:A1:cq=1,A4,adaptive_auto,ELIGIBLE,beijing-pm25.csv:A4:cq=0.125,0.125,1.1979857588644056,15.998075485229492,81209,19.030200064442425,A0,2.3672642471942864,MATERIAL_LOSS
beijing-pm25.csv,external,beijing-pm25.csv:D012,18.830049485666738,beijing-pm25.csv:A4:cq=2,A0,whole_linear,ELIGIBLE,beijing-pm25.csv:A0:cq=0.25,0.25,6.091994299467598,10.263810335221933,34305,8.038899792026715,,,
beijing-pm25.csv,external,beijing-pm25.csv:D012,18.830049485666738,beijing-pm25.csv:A4:cq=2,A1,fixed_linear,ELIGIBLE,beijing-pm25.csv:A1:cq=0.125,0.125,1.63958821353444,11.921498775482178,57757,13.53454992823457,,,
beijing-pm25.csv,external,beijing-pm25.csv:D012,18.830049485666738,beijing-pm25.csv:A4:cq=2,A2,fixed_auto,ELIGIBLE,beijing-pm25.csv:A2:cq=0.125,0.125,1.579592038987459,12.091552734375,57757,13.53454992823457,,,
beijing-pm25.csv,external,beijing-pm25.csv:D012,18.830049485666738,beijing-pm25.csv:A4:cq=2,A3,adaptive_linear,ELIGIBLE,beijing-pm25.csv:A3:cq=0.125,0.125,1.2813258747202083,15.998075485229492,81209,19.030200064442425,,,
beijing-pm25.csv,external,beijing-pm25.csv:D012,18.830049485666738,beijing-pm25.csv:A4:cq=2,A4,adaptive_auto,ELIGIBLE,beijing-pm25.csv:A4:cq=0.125,0.125,1.1979857588644056,15.998075485229492,81209,19.030200064442425,A0,2.3672642471942864,MATERIAL_LOSS
beijing-pm25.csv,external,beijing-pm25.csv:D013,22.853865963093458,beijing-pm25.csv:A0:cq=1,A0,whole_linear,ELIGIBLE,beijing-pm25.csv:A0:cq=0.25,0.25,6.091994299467598,10.263810335221933,34305,8.038899792026715,,,
beijing-pm25.csv,external,beijing-pm25.csv:D013,22.853865963093458,beijing-pm25.csv:A0:cq=1,A1,fixed_linear,ELIGIBLE,beijing-pm25.csv:A1:cq=0.125,0.125,1.63958821353444,11.921498775482178,57757,13.53454992823457,,,
beijing-pm25.csv,external,beijing-pm25.csv:D013,22.853865963093458,beijing-pm25.csv:A0:cq=1,A2,fixed_auto,ELIGIBLE,beijing-pm25.csv:A2:cq=0.125,0.125,1.579592038987459,12.091552734375,57757,13.53454992823457,,,
beijing-pm25.csv,external,beijing-pm25.csv:D013,22.853865963093458,beijing-pm25.csv:A0:cq=1,A3,adaptive_linear,ELIGIBLE,beijing-pm25.csv:A3:cq=0.125,0.125,1.2813258747202083,15.998075485229492,81209,19.030200064442425,,,
beijing-pm25.csv,external,beijing-pm25.csv:D013,22.853865963093458,beijing-pm25.csv:A0:cq=1,A4,adaptive_auto,ELIGIBLE,beijing-pm25.csv:A4:cq=0.125,0.125,1.1979857588644056,15.998075485229492,81209,19.030200064442425,A0,2.3672642471942864,MATERIAL_LOSS
beijing-pm25.csv,external,beijing-pm25.csv:D014,27.332481191442753,beijing-pm25.csv:A1:cq=2,A0,whole_linear,ELIGIBLE,beijing-pm25.csv:A0:cq=0.25,0.25,6.091994299467598,10.263810335221933,34305,8.038899792026715,,,
beijing-pm25.csv,external,beijing-pm25.csv:D014,27.332481191442753,beijing-pm25.csv:A1:cq=2,A1,fixed_linear,ELIGIBLE,beijing-pm25.csv:A1:cq=0.125,0.125,1.63958821353444,11.921498775482178,57757,13.53454992823457,,,
beijing-pm25.csv,external,beijing-pm25.csv:D014,27.332481191442753,beijing-pm25.csv:A1:cq=2,A2,fixed_auto,ELIGIBLE,beijing-pm25.csv:A2:cq=0.125,0.125,1.579592038987459,12.091552734375,57757,13.53454992823457,,,
beijing-pm25.csv,external,beijing-pm25.csv:D014,27.332481191442753,beijing-pm25.csv:A1:cq=2,A3,adaptive_linear,ELIGIBLE,beijing-pm25.csv:A3:cq=0.125,0.125,1.2813258747202083,15.998075485229492,81209,19.030200064442425,,,
beijing-pm25.csv,external,beijing-pm25.csv:D014,27.332481191442753,beijing-pm25.csv:A1:cq=2,A4,adaptive_auto,ELIGIBLE,beijing-pm25.csv:A4:cq=0.125,0.125,1.1979857588644056,15.998075485229492,81209,19.030200064442425,A0,2.3672642471942864,MATERIAL_LOSS
beijing-pm25.csv,external,beijing-pm25.csv:D015,31.088866707478477,beijing-pm25.csv:A4:cq=4,A0,whole_linear,ELIGIBLE,beijing-pm25.csv:A0:cq=0.25,0.25,6.091994299467598,10.263810335221933,34305,8.038899792026715,,,
beijing-pm25.csv,external,beijing-pm25.csv:D015,31.088866707478477,beijing-pm25.csv:A4:cq=4,A1,fixed_linear,ELIGIBLE,beijing-pm25.csv:A1:cq=0.125,0.125,1.63958821353444,11.921498775482178,57757,13.53454992823457,,,
beijing-pm25.csv,external,beijing-pm25.csv:D015,31.088866707478477,beijing-pm25.csv:A4:cq=4,A2,fixed_auto,ELIGIBLE,beijing-pm25.csv:A2:cq=0.125,0.125,1.579592038987459,12.091552734375,57757,13.53454992823457,,,
beijing-pm25.csv,external,beijing-pm25.csv:D015,31.088866707478477,beijing-pm25.csv:A4:cq=4,A3,adaptive_linear,ELIGIBLE,beijing-pm25.csv:A3:cq=0.125,0.125,1.2813258747202083,15.998075485229492,81209,19.030200064442425,,,
beijing-pm25.csv,external,beijing-pm25.csv:D015,31.088866707478477,beijing-pm25.csv:A4:cq=4,A4,adaptive_auto,ELIGIBLE,beijing-pm25.csv:A4:cq=0.125,0.125,1.1979857588644056,15.998075485229492,81209,19.030200064442425,A0,2.3672642471942864,MATERIAL_LOSS
seoul-bike-demand.csv,external,seoul-bike-demand.csv:D001,10.94681415185137,seoul-bike-demand.csv:A0:cq=0.0625,A0,whole_linear,ELIGIBLE,seoul-bike-demand.csv:A0:cq=0.0625,0.0625,10.94681415185137,18.939799576997757,8943,8.167123287671233,,,
seoul-bike-demand.csv,external,seoul-bike-demand.csv:D001,10.94681415185137,seoul-bike-demand.csv:A0:cq=0.0625,A1,fixed_linear,ELIGIBLE,seoul-bike-demand.csv:A1:cq=0.0625,0.0625,8.876086478252796,25.999337673187256,14912,13.618264840182649,,,
seoul-bike-demand.csv,external,seoul-bike-demand.csv:D001,10.94681415185137,seoul-bike-demand.csv:A0:cq=0.0625,A2,fixed_auto,ELIGIBLE,seoul-bike-demand.csv:A2:cq=0.0625,0.0625,8.549243948679354,26.119285583496094,14917,13.62283105022831,,,
seoul-bike-demand.csv,external,seoul-bike-demand.csv:D001,10.94681415185137,seoul-bike-demand.csv:A0:cq=0.0625,A3,adaptive_linear,ELIGIBLE,seoul-bike-demand.csv:A3:cq=0.0625,0.0625,8.382521996211604,26.13080596923828,20941,19.12420091324201,,,
seoul-bike-demand.csv,external,seoul-bike-demand.csv:D001,10.94681415185137,seoul-bike-demand.csv:A0:cq=0.0625,A4,adaptive_auto,ELIGIBLE,seoul-bike-demand.csv:A4:cq=0.0625,0.0625,7.7805221370034285,26.298099517822266,20944,19.126940639269407,A0,2.341943419434194,MATERIAL_LOSS
seoul-bike-demand.csv,external,seoul-bike-demand.csv:D002,15.72402555835666,seoul-bike-demand.csv:A4:cq=0.125,A0,whole_linear,ELIGIBLE,seoul-bike-demand.csv:A0:cq=0.0625,0.0625,10.94681415185137,18.939799576997757,8943,8.167123287671233,,,
seoul-bike-demand.csv,external,seoul-bike-demand.csv:D002,15.72402555835666,seoul-bike-demand.csv:A4:cq=0.125,A1,fixed_linear,ELIGIBLE,seoul-bike-demand.csv:A1:cq=0.0625,0.0625,8.876086478252796,25.999337673187256,14912,13.618264840182649,,,
seoul-bike-demand.csv,external,seoul-bike-demand.csv:D002,15.72402555835666,seoul-bike-demand.csv:A4:cq=0.125,A2,fixed_auto,ELIGIBLE,seoul-bike-demand.csv:A2:cq=0.0625,0.0625,8.549243948679354,26.119285583496094,14917,13.62283105022831,,,
seoul-bike-demand.csv,external,seoul-bike-demand.csv:D002,15.72402555835666,seoul-bike-demand.csv:A4:cq=0.125,A3,adaptive_linear,ELIGIBLE,seoul-bike-demand.csv:A3:cq=0.0625,0.0625,8.382521996211604,26.13080596923828,20941,19.12420091324201,,,
seoul-bike-demand.csv,external,seoul-bike-demand.csv:D002,15.72402555835666,seoul-bike-demand.csv:A4:cq=0.125,A4,adaptive_auto,ELIGIBLE,seoul-bike-demand.csv:A4:cq=0.125,0.125,15.72402555835666,59.59239959716797,20938,19.121461187214614,A0,2.3412725036341273,MATERIAL_LOSS
seoul-bike-demand.csv,external,seoul-bike-demand.csv:D003,17.795816747196255,seoul-bike-demand.csv:A1:cq=0.125,A0,whole_linear,ELIGIBLE,seoul-bike-demand.csv:A0:cq=0.0625,0.0625,10.94681415185137,18.939799576997757,8943,8.167123287671233,,,
seoul-bike-demand.csv,external,seoul-bike-demand.csv:D003,17.795816747196255,seoul-bike-demand.csv:A1:cq=0.125,A1,fixed_linear,ELIGIBLE,seoul-bike-demand.csv:A1:cq=0.125,0.125,17.795816747196255,51.89345169067383,14910,13.616438356164384,,,
seoul-bike-demand.csv,external,seoul-bike-demand.csv:D003,17.795816747196255,seoul-bike-demand.csv:A1:cq=0.125,A2,fixed_auto,ELIGIBLE,seoul-bike-demand.csv:A2:cq=0.125,0.125,17.31733721429941,74.73481750488281,14910,13.616438356164384,,,
seoul-bike-demand.csv,external,seoul-bike-demand.csv:D003,17.795816747196255,seoul-bike-demand.csv:A1:cq=0.125,A3,adaptive_linear,ELIGIBLE,seoul-bike-demand.csv:A3:cq=0.125,0.125,16.602795884143646,52.94689655303955,20938,19.121461187214614,,,
seoul-bike-demand.csv,external,seoul-bike-demand.csv:D003,17.795816747196255,seoul-bike-demand.csv:A1:cq=0.125,A4,adaptive_auto,ELIGIBLE,seoul-bike-demand.csv:A4:cq=0.125,0.125,15.72402555835666,59.59239959716797,20938,19.121461187214614,A0,2.3412725036341273,MATERIAL_LOSS
seoul-bike-demand.csv,external,seoul-bike-demand.csv:D004,22.012022400694146,seoul-bike-demand.csv:A0:cq=0.125,A0,whole_linear,ELIGIBLE,seoul-bike-demand.csv:A0:cq=0.125,0.125,22.012022400694146,37.8759426176548,8926,8.151598173515982,,,
seoul-bike-demand.csv,external,seoul-bike-demand.csv:D004,22.012022400694146,seoul-bike-demand.csv:A0:cq=0.125,A1,fixed_linear,ELIGIBLE,seoul-bike-demand.csv:A1:cq=0.125,0.125,17.795816747196255,51.89345169067383,14910,13.616438356164384,,,
seoul-bike-demand.csv,external,seoul-bike-demand.csv:D004,22.012022400694146,seoul-bike-demand.csv:A0:cq=0.125,A2,fixed_auto,ELIGIBLE,seoul-bike-demand.csv:A2:cq=0.125,0.125,17.31733721429941,74.73481750488281,14910,13.616438356164384,,,
seoul-bike-demand.csv,external,seoul-bike-demand.csv:D004,22.012022400694146,seoul-bike-demand.csv:A0:cq=0.125,A3,adaptive_linear,ELIGIBLE,seoul-bike-demand.csv:A3:cq=0.125,0.125,16.602795884143646,52.94689655303955,20938,19.121461187214614,,,
seoul-bike-demand.csv,external,seoul-bike-demand.csv:D004,22.012022400694146,seoul-bike-demand.csv:A0:cq=0.125,A4,adaptive_auto,ELIGIBLE,seoul-bike-demand.csv:A4:cq=0.125,0.125,15.72402555835666,59.59239959716797,20938,19.121461187214614,A0,2.3457315706923594,MATERIAL_LOSS
seoul-bike-demand.csv,external,seoul-bike-demand.csv:D005,31.040553930306764,seoul-bike-demand.csv:A4:cq=0.25,A0,whole_linear,ELIGIBLE,seoul-bike-demand.csv:A0:cq=0.125,0.125,22.012022400694146,37.8759426176548,8926,8.151598173515982,,,
seoul-bike-demand.csv,external,seoul-bike-demand.csv:D005,31.040553930306764,seoul-bike-demand.csv:A4:cq=0.25,A1,fixed_linear,ELIGIBLE,seoul-bike-demand.csv:A1:cq=0.125,0.125,17.795816747196255,51.89345169067383,14910,13.616438356164384,,,
seoul-bike-demand.csv,external,seoul-bike-demand.csv:D005,31.040553930306764,seoul-bike-demand.csv:A4:cq=0.25,A2,fixed_auto,ELIGIBLE,seoul-bike-demand.csv:A2:cq=0.125,0.125,17.31733721429941,74.73481750488281,14910,13.616438356164384,,,
seoul-bike-demand.csv,external,seoul-bike-demand.csv:D005,31.040553930306764,seoul-bike-demand.csv:A4:cq=0.25,A3,adaptive_linear,ELIGIBLE,seoul-bike-demand.csv:A3:cq=0.125,0.125,16.602795884143646,52.94689655303955,20938,19.121461187214614,,,
seoul-bike-demand.csv,external,seoul-bike-demand.csv:D005,31.040553930306764,seoul-bike-demand.csv:A4:cq=0.25,A4,adaptive_auto,ELIGIBLE,seoul-bike-demand.csv:A4:cq=0.125,0.125,15.72402555835666,59.59239959716797,20938,19.121461187214614,A0,2.3457315706923594,MATERIAL_LOSS
seoul-bike-demand.csv,external,seoul-bike-demand.csv:D006,36.06543169621541,seoul-bike-demand.csv:A1:cq=0.25,A0,whole_linear,ELIGIBLE,seoul-bike-demand.csv:A0:cq=0.125,0.125,22.012022400694146,37.8759426176548,8926,8.151598173515982,,,
seoul-bike-demand.csv,external,seoul-bike-demand.csv:D006,36.06543169621541,seoul-bike-demand.csv:A1:cq=0.25,A1,fixed_linear,ELIGIBLE,seoul-bike-demand.csv:A1:cq=0.125,0.125,17.795816747196255,51.89345169067383,14910,13.616438356164384,,,
seoul-bike-demand.csv,external,seoul-bike-demand.csv:D006,36.06543169621541,seoul-bike-demand.csv:A1:cq=0.25,A2,fixed_auto,ELIGIBLE,seoul-bike-demand.csv:A2:cq=0.125,0.125,17.31733721429941,74.73481750488281,14910,13.616438356164384,,,
seoul-bike-demand.csv,external,seoul-bike-demand.csv:D006,36.06543169621541,seoul-bike-demand.csv:A1:cq=0.25,A3,adaptive_linear,ELIGIBLE,seoul-bike-demand.csv:A3:cq=0.125,0.125,16.602795884143646,52.94689655303955,20938,19.121461187214614,,,
seoul-bike-demand.csv,external,seoul-bike-demand.csv:D006,36.06543169621541,seoul-bike-demand.csv:A1:cq=0.25,A4,adaptive_auto,ELIGIBLE,seoul-bike-demand.csv:A4:cq=0.125,0.125,15.72402555835666,59.59239959716797,20938,19.121461187214614,A0,2.3457315706923594,MATERIAL_LOSS
seoul-bike-demand.csv,external,seoul-bike-demand.csv:D007,43.801780005682254,seoul-bike-demand.csv:A0:cq=0.25,A0,whole_linear,ELIGIBLE,seoul-bike-demand.csv:A0:cq=0.125,0.125,22.012022400694146,37.8759426176548,8926,8.151598173515982,,,
seoul-bike-demand.csv,external,seoul-bike-demand.csv:D007,43.801780005682254,seoul-bike-demand.csv:A0:cq=0.25,A1,fixed_linear,ELIGIBLE,seoul-bike-demand.csv:A1:cq=0.125,0.125,17.795816747196255,51.89345169067383,14910,13.616438356164384,,,
seoul-bike-demand.csv,external,seoul-bike-demand.csv:D007,43.801780005682254,seoul-bike-demand.csv:A0:cq=0.25,A2,fixed_auto,ELIGIBLE,seoul-bike-demand.csv:A2:cq=0.125,0.125,17.31733721429941,74.73481750488281,14910,13.616438356164384,,,
seoul-bike-demand.csv,external,seoul-bike-demand.csv:D007,43.801780005682254,seoul-bike-demand.csv:A0:cq=0.25,A3,adaptive_linear,ELIGIBLE,seoul-bike-demand.csv:A3:cq=0.125,0.125,16.602795884143646,52.94689655303955,20938,19.121461187214614,,,
seoul-bike-demand.csv,external,seoul-bike-demand.csv:D007,43.801780005682254,seoul-bike-demand.csv:A0:cq=0.25,A4,adaptive_auto,ELIGIBLE,seoul-bike-demand.csv:A4:cq=0.125,0.125,15.72402555835666,59.59239959716797,20938,19.121461187214614,A0,2.3457315706923594,MATERIAL_LOSS
seoul-bike-demand.csv,external,seoul-bike-demand.csv:D008,62.27735487170732,seoul-bike-demand.csv:A4:cq=0.5,A0,whole_linear,ELIGIBLE,seoul-bike-demand.csv:A0:cq=0.125,0.125,22.012022400694146,37.8759426176548,8926,8.151598173515982,,,
seoul-bike-demand.csv,external,seoul-bike-demand.csv:D008,62.27735487170732,seoul-bike-demand.csv:A4:cq=0.5,A1,fixed_linear,ELIGIBLE,seoul-bike-demand.csv:A1:cq=0.125,0.125,17.795816747196255,51.89345169067383,14910,13.616438356164384,,,
seoul-bike-demand.csv,external,seoul-bike-demand.csv:D008,62.27735487170732,seoul-bike-demand.csv:A4:cq=0.5,A2,fixed_auto,ELIGIBLE,seoul-bike-demand.csv:A2:cq=0.125,0.125,17.31733721429941,74.73481750488281,14910,13.616438356164384,,,
seoul-bike-demand.csv,external,seoul-bike-demand.csv:D008,62.27735487170732,seoul-bike-demand.csv:A4:cq=0.5,A3,adaptive_linear,ELIGIBLE,seoul-bike-demand.csv:A3:cq=0.125,0.125,16.602795884143646,52.94689655303955,20938,19.121461187214614,,,
seoul-bike-demand.csv,external,seoul-bike-demand.csv:D008,62.27735487170732,seoul-bike-demand.csv:A4:cq=0.5,A4,adaptive_auto,ELIGIBLE,seoul-bike-demand.csv:A4:cq=0.125,0.125,15.72402555835666,59.59239959716797,20938,19.121461187214614,A0,2.3457315706923594,MATERIAL_LOSS
seoul-bike-demand.csv,external,seoul-bike-demand.csv:D009,71.53392794502504,seoul-bike-demand.csv:A1:cq=0.5,A0,whole_linear,ELIGIBLE,seoul-bike-demand.csv:A0:cq=0.125,0.125,22.012022400694146,37.8759426176548,8926,8.151598173515982,,,
seoul-bike-demand.csv,external,seoul-bike-demand.csv:D009,71.53392794502504,seoul-bike-demand.csv:A1:cq=0.5,A1,fixed_linear,ELIGIBLE,seoul-bike-demand.csv:A1:cq=0.125,0.125,17.795816747196255,51.89345169067383,14910,13.616438356164384,,,
seoul-bike-demand.csv,external,seoul-bike-demand.csv:D009,71.53392794502504,seoul-bike-demand.csv:A1:cq=0.5,A2,fixed_auto,ELIGIBLE,seoul-bike-demand.csv:A2:cq=0.125,0.125,17.31733721429941,74.73481750488281,14910,13.616438356164384,,,
seoul-bike-demand.csv,external,seoul-bike-demand.csv:D009,71.53392794502504,seoul-bike-demand.csv:A1:cq=0.5,A3,adaptive_linear,ELIGIBLE,seoul-bike-demand.csv:A3:cq=0.125,0.125,16.602795884143646,52.94689655303955,20938,19.121461187214614,,,
seoul-bike-demand.csv,external,seoul-bike-demand.csv:D009,71.53392794502504,seoul-bike-demand.csv:A1:cq=0.5,A4,adaptive_auto,ELIGIBLE,seoul-bike-demand.csv:A4:cq=0.125,0.125,15.72402555835666,59.59239959716797,20938,19.121461187214614,A0,2.3457315706923594,MATERIAL_LOSS
seoul-bike-demand.csv,external,seoul-bike-demand.csv:D010,87.07343726450355,seoul-bike-demand.csv:A0:cq=0.5,A0,whole_linear,ELIGIBLE,seoul-bike-demand.csv:A0:cq=0.125,0.125,22.012022400694146,37.8759426176548,8926,8.151598173515982,,,
seoul-bike-demand.csv,external,seoul-bike-demand.csv:D010,87.07343726450355,seoul-bike-demand.csv:A0:cq=0.5,A1,fixed_linear,ELIGIBLE,seoul-bike-demand.csv:A1:cq=0.125,0.125,17.795816747196255,51.89345169067383,14910,13.616438356164384,,,
seoul-bike-demand.csv,external,seoul-bike-demand.csv:D010,87.07343726450355,seoul-bike-demand.csv:A0:cq=0.5,A2,fixed_auto,ELIGIBLE,seoul-bike-demand.csv:A2:cq=0.125,0.125,17.31733721429941,74.73481750488281,14910,13.616438356164384,,,
seoul-bike-demand.csv,external,seoul-bike-demand.csv:D010,87.07343726450355,seoul-bike-demand.csv:A0:cq=0.5,A3,adaptive_linear,ELIGIBLE,seoul-bike-demand.csv:A3:cq=0.125,0.125,16.602795884143646,52.94689655303955,20938,19.121461187214614,,,
seoul-bike-demand.csv,external,seoul-bike-demand.csv:D010,87.07343726450355,seoul-bike-demand.csv:A0:cq=0.5,A4,adaptive_auto,ELIGIBLE,seoul-bike-demand.csv:A4:cq=0.125,0.125,15.72402555835666,59.59239959716797,20938,19.121461187214614,A0,2.3457315706923594,MATERIAL_LOSS
seoul-bike-demand.csv,external,seoul-bike-demand.csv:D011,126.29056974832385,seoul-bike-demand.csv:A4:cq=1,A0,whole_linear,ELIGIBLE,seoul-bike-demand.csv:A0:cq=0.125,0.125,22.012022400694146,37.8759426176548,8926,8.151598173515982,,,
seoul-bike-demand.csv,external,seoul-bike-demand.csv:D011,126.29056974832385,seoul-bike-demand.csv:A4:cq=1,A1,fixed_linear,ELIGIBLE,seoul-bike-demand.csv:A1:cq=0.125,0.125,17.795816747196255,51.89345169067383,14910,13.616438356164384,,,
seoul-bike-demand.csv,external,seoul-bike-demand.csv:D011,126.29056974832385,seoul-bike-demand.csv:A4:cq=1,A2,fixed_auto,ELIGIBLE,seoul-bike-demand.csv:A2:cq=0.125,0.125,17.31733721429941,74.73481750488281,14910,13.616438356164384,,,
seoul-bike-demand.csv,external,seoul-bike-demand.csv:D011,126.29056974832385,seoul-bike-demand.csv:A4:cq=1,A3,adaptive_linear,ELIGIBLE,seoul-bike-demand.csv:A3:cq=0.125,0.125,16.602795884143646,52.94689655303955,20938,19.121461187214614,,,
seoul-bike-demand.csv,external,seoul-bike-demand.csv:D011,126.29056974832385,seoul-bike-demand.csv:A4:cq=1,A4,adaptive_auto,ELIGIBLE,seoul-bike-demand.csv:A4:cq=0.125,0.125,15.72402555835666,59.59239959716797,20938,19.121461187214614,A0,2.3457315706923594,MATERIAL_LOSS
seoul-bike-demand.csv,external,seoul-bike-demand.csv:D012,144.71665014845064,seoul-bike-demand.csv:A1:cq=1,A0,whole_linear,ELIGIBLE,seoul-bike-demand.csv:A0:cq=0.125,0.125,22.012022400694146,37.8759426176548,8926,8.151598173515982,,,
seoul-bike-demand.csv,external,seoul-bike-demand.csv:D012,144.71665014845064,seoul-bike-demand.csv:A1:cq=1,A1,fixed_linear,ELIGIBLE,seoul-bike-demand.csv:A1:cq=0.125,0.125,17.795816747196255,51.89345169067383,14910,13.616438356164384,,,
seoul-bike-demand.csv,external,seoul-bike-demand.csv:D012,144.71665014845064,seoul-bike-demand.csv:A1:cq=1,A2,fixed_auto,ELIGIBLE,seoul-bike-demand.csv:A2:cq=0.125,0.125,17.31733721429941,74.73481750488281,14910,13.616438356164384,,,
seoul-bike-demand.csv,external,seoul-bike-demand.csv:D012,144.71665014845064,seoul-bike-demand.csv:A1:cq=1,A3,adaptive_linear,ELIGIBLE,seoul-bike-demand.csv:A3:cq=0.125,0.125,16.602795884143646,52.94689655303955,20938,19.121461187214614,,,
seoul-bike-demand.csv,external,seoul-bike-demand.csv:D012,144.71665014845064,seoul-bike-demand.csv:A1:cq=1,A4,adaptive_auto,ELIGIBLE,seoul-bike-demand.csv:A4:cq=0.125,0.125,15.72402555835666,59.59239959716797,20938,19.121461187214614,A0,2.3457315706923594,MATERIAL_LOSS
seoul-bike-demand.csv,external,seoul-bike-demand.csv:D013,182.9537192117596,seoul-bike-demand.csv:A0:cq=1,A0,whole_linear,ELIGIBLE,seoul-bike-demand.csv:A0:cq=0.125,0.125,22.012022400694146,37.8759426176548,8926,8.151598173515982,,,
seoul-bike-demand.csv,external,seoul-bike-demand.csv:D013,182.9537192117596,seoul-bike-demand.csv:A0:cq=1,A1,fixed_linear,ELIGIBLE,seoul-bike-demand.csv:A1:cq=0.125,0.125,17.795816747196255,51.89345169067383,14910,13.616438356164384,,,
seoul-bike-demand.csv,external,seoul-bike-demand.csv:D013,182.9537192117596,seoul-bike-demand.csv:A0:cq=1,A2,fixed_auto,ELIGIBLE,seoul-bike-demand.csv:A2:cq=0.125,0.125,17.31733721429941,74.73481750488281,14910,13.616438356164384,,,
seoul-bike-demand.csv,external,seoul-bike-demand.csv:D013,182.9537192117596,seoul-bike-demand.csv:A0:cq=1,A3,adaptive_linear,ELIGIBLE,seoul-bike-demand.csv:A3:cq=0.125,0.125,16.602795884143646,52.94689655303955,20938,19.121461187214614,,,
seoul-bike-demand.csv,external,seoul-bike-demand.csv:D013,182.9537192117596,seoul-bike-demand.csv:A0:cq=1,A4,adaptive_auto,ELIGIBLE,seoul-bike-demand.csv:A4:cq=0.125,0.125,15.72402555835666,59.59239959716797,20938,19.121461187214614,A0,2.3457315706923594,MATERIAL_LOSS
seoul-bike-demand.csv,external,seoul-bike-demand.csv:D014,269.45654522470585,seoul-bike-demand.csv:A4:cq=2,A0,whole_linear,ELIGIBLE,seoul-bike-demand.csv:A0:cq=0.125,0.125,22.012022400694146,37.8759426176548,8926,8.151598173515982,,,
seoul-bike-demand.csv,external,seoul-bike-demand.csv:D014,269.45654522470585,seoul-bike-demand.csv:A4:cq=2,A1,fixed_linear,ELIGIBLE,seoul-bike-demand.csv:A1:cq=0.125,0.125,17.795816747196255,51.89345169067383,14910,13.616438356164384,,,
seoul-bike-demand.csv,external,seoul-bike-demand.csv:D014,269.45654522470585,seoul-bike-demand.csv:A4:cq=2,A2,fixed_auto,ELIGIBLE,seoul-bike-demand.csv:A2:cq=0.125,0.125,17.31733721429941,74.73481750488281,14910,13.616438356164384,,,
seoul-bike-demand.csv,external,seoul-bike-demand.csv:D014,269.45654522470585,seoul-bike-demand.csv:A4:cq=2,A3,adaptive_linear,ELIGIBLE,seoul-bike-demand.csv:A3:cq=0.125,0.125,16.602795884143646,52.94689655303955,20938,19.121461187214614,,,
seoul-bike-demand.csv,external,seoul-bike-demand.csv:D014,269.45654522470585,seoul-bike-demand.csv:A4:cq=2,A4,adaptive_auto,ELIGIBLE,seoul-bike-demand.csv:A4:cq=0.125,0.125,15.72402555835666,59.59239959716797,20938,19.121461187214614,A0,2.3457315706923594,MATERIAL_LOSS
seoul-bike-demand.csv,external,seoul-bike-demand.csv:D015,293.0210387418811,seoul-bike-demand.csv:A1:cq=2,A0,whole_linear,ELIGIBLE,seoul-bike-demand.csv:A0:cq=0.125,0.125,22.012022400694146,37.8759426176548,8926,8.151598173515982,,,
seoul-bike-demand.csv,external,seoul-bike-demand.csv:D015,293.0210387418811,seoul-bike-demand.csv:A1:cq=2,A1,fixed_linear,ELIGIBLE,seoul-bike-demand.csv:A1:cq=0.125,0.125,17.795816747196255,51.89345169067383,14910,13.616438356164384,,,
seoul-bike-demand.csv,external,seoul-bike-demand.csv:D015,293.0210387418811,seoul-bike-demand.csv:A1:cq=2,A2,fixed_auto,ELIGIBLE,seoul-bike-demand.csv:A2:cq=0.125,0.125,17.31733721429941,74.73481750488281,14910,13.616438356164384,,,
seoul-bike-demand.csv,external,seoul-bike-demand.csv:D015,293.0210387418811,seoul-bike-demand.csv:A1:cq=2,A3,adaptive_linear,ELIGIBLE,seoul-bike-demand.csv:A3:cq=0.125,0.125,16.602795884143646,52.94689655303955,20938,19.121461187214614,,,
seoul-bike-demand.csv,external,seoul-bike-demand.csv:D015,293.0210387418811,seoul-bike-demand.csv:A1:cq=2,A4,adaptive_auto,ELIGIBLE,seoul-bike-demand.csv:A4:cq=0.125,0.125,15.72402555835666,59.59239959716797,20938,19.121461187214614,A0,2.3457315706923594,MATERIAL_LOSS
seoul-bike-demand.csv,external,seoul-bike-demand.csv:D016,334.0605168922728,seoul-bike-demand.csv:A0:cq=2,A0,whole_linear,ELIGIBLE,seoul-bike-demand.csv:A0:cq=0.125,0.125,22.012022400694146,37.8759426176548,8926,8.151598173515982,,,
seoul-bike-demand.csv,external,seoul-bike-demand.csv:D016,334.0605168922728,seoul-bike-demand.csv:A0:cq=2,A1,fixed_linear,ELIGIBLE,seoul-bike-demand.csv:A1:cq=0.125,0.125,17.795816747196255,51.89345169067383,14910,13.616438356164384,,,
seoul-bike-demand.csv,external,seoul-bike-demand.csv:D016,334.0605168922728,seoul-bike-demand.csv:A0:cq=2,A2,fixed_auto,ELIGIBLE,seoul-bike-demand.csv:A2:cq=0.125,0.125,17.31733721429941,74.73481750488281,14910,13.616438356164384,,,
seoul-bike-demand.csv,external,seoul-bike-demand.csv:D016,334.0605168922728,seoul-bike-demand.csv:A0:cq=2,A3,adaptive_linear,ELIGIBLE,seoul-bike-demand.csv:A3:cq=0.125,0.125,16.602795884143646,52.94689655303955,20938,19.121461187214614,,,
seoul-bike-demand.csv,external,seoul-bike-demand.csv:D016,334.0605168922728,seoul-bike-demand.csv:A0:cq=2,A4,adaptive_auto,ELIGIBLE,seoul-bike-demand.csv:A4:cq=0.125,0.125,15.72402555835666,59.59239959716797,20938,19.121461187214614,A0,2.3457315706923594,MATERIAL_LOSS
seoul-bike-demand.csv,external,seoul-bike-demand.csv:D017,432.8730973181103,seoul-bike-demand.csv:A4:cq=4,A0,whole_linear,ELIGIBLE,seoul-bike-demand.csv:A0:cq=0.125,0.125,22.012022400694146,37.8759426176548,8926,8.151598173515982,,,
seoul-bike-demand.csv,external,seoul-bike-demand.csv:D017,432.8730973181103,seoul-bike-demand.csv:A4:cq=4,A1,fixed_linear,ELIGIBLE,seoul-bike-demand.csv:A1:cq=0.125,0.125,17.795816747196255,51.89345169067383,14910,13.616438356164384,,,
seoul-bike-demand.csv,external,seoul-bike-demand.csv:D017,432.8730973181103,seoul-bike-demand.csv:A4:cq=4,A2,fixed_auto,ELIGIBLE,seoul-bike-demand.csv:A2:cq=0.125,0.125,17.31733721429941,74.73481750488281,14910,13.616438356164384,,,
seoul-bike-demand.csv,external,seoul-bike-demand.csv:D017,432.8730973181103,seoul-bike-demand.csv:A4:cq=4,A3,adaptive_linear,ELIGIBLE,seoul-bike-demand.csv:A3:cq=0.125,0.125,16.602795884143646,52.94689655303955,20938,19.121461187214614,,,
seoul-bike-demand.csv,external,seoul-bike-demand.csv:D017,432.8730973181103,seoul-bike-demand.csv:A4:cq=4,A4,adaptive_auto,ELIGIBLE,seoul-bike-demand.csv:A4:cq=0.125,0.125,15.72402555835666,59.59239959716797,20938,19.121461187214614,A0,2.3457315706923594,MATERIAL_LOSS
fan-vibration-x.csv,external,fan-vibration-x.csv:D001,0.014117262024319063,fan-vibration-x.csv:A0:cq=0.0625,A0,whole_linear,ELIGIBLE,fan-vibration-x.csv:A0:cq=0.0625,0.0625,0.014117262024319063,0.02418574325791989,155491,8.130248366013072,,,
fan-vibration-x.csv,external,fan-vibration-x.csv:D001,0.014117262024319063,fan-vibration-x.csv:A0:cq=0.0625,A1,fixed_linear,ELIGIBLE,fan-vibration-x.csv:A1:cq=0.0625,0.0625,0.013674331798143879,0.0816713615134359,258413,13.511790849673202,,,
fan-vibration-x.csv,external,fan-vibration-x.csv:D001,0.014117262024319063,fan-vibration-x.csv:A0:cq=0.0625,A2,fixed_auto,ELIGIBLE,fan-vibration-x.csv:A2:cq=0.0625,0.0625,0.013330004623491903,0.07997643852233893,258411,13.511686274509804,,,
fan-vibration-x.csv,external,fan-vibration-x.csv:D001,0.014117262024319063,fan-vibration-x.csv:A0:cq=0.0625,A3,adaptive_linear,ELIGIBLE,fan-vibration-x.csv:A3:cq=0.0625,0.0625,0.013489385475637754,0.10306579130887972,238987,12.4960522875817,,,
fan-vibration-x.csv,external,fan-vibration-x.csv:D001,0.014117262024319063,fan-vibration-x.csv:A0:cq=0.0625,A4,adaptive_auto,ELIGIBLE,fan-vibration-x.csv:A4:cq=0.0625,0.0625,0.01295857671063801,0.09978137946128829,238985,12.495947712418301,A0,1.5369699854010843,MATERIAL_LOSS
fan-vibration-x.csv,external,fan-vibration-x.csv:D002,0.026052280679955662,fan-vibration-x.csv:A4:cq=0.125,A0,whole_linear,ELIGIBLE,fan-vibration-x.csv:A0:cq=0.0625,0.0625,0.014117262024319063,0.02418574325791989,155491,8.130248366013072,,,
fan-vibration-x.csv,external,fan-vibration-x.csv:D002,0.026052280679955662,fan-vibration-x.csv:A4:cq=0.125,A1,fixed_linear,ELIGIBLE,fan-vibration-x.csv:A1:cq=0.0625,0.0625,0.013674331798143879,0.0816713615134359,258413,13.511790849673202,,,
fan-vibration-x.csv,external,fan-vibration-x.csv:D002,0.026052280679955662,fan-vibration-x.csv:A4:cq=0.125,A2,fixed_auto,ELIGIBLE,fan-vibration-x.csv:A2:cq=0.0625,0.0625,0.013330004623491903,0.07997643852233893,258411,13.511686274509804,,,
fan-vibration-x.csv,external,fan-vibration-x.csv:D002,0.026052280679955662,fan-vibration-x.csv:A4:cq=0.125,A3,adaptive_linear,ELIGIBLE,fan-vibration-x.csv:A3:cq=0.0625,0.0625,0.013489385475637754,0.10306579130887972,238987,12.4960522875817,,,
fan-vibration-x.csv,external,fan-vibration-x.csv:D002,0.026052280679955662,fan-vibration-x.csv:A4:cq=0.125,A4,adaptive_auto,ELIGIBLE,fan-vibration-x.csv:A4:cq=0.125,0.125,0.026052280679955662,0.2076799859404561,238922,12.492653594771243,A0,1.5365648172563042,MATERIAL_LOSS
fan-vibration-x.csv,external,fan-vibration-x.csv:D003,0.026713623656971726,fan-vibration-x.csv:A0:cq=0.125,A0,whole_linear,ELIGIBLE,fan-vibration-x.csv:A0:cq=0.125,0.125,0.026713623656971726,0.04837115869603126,153311,8.016261437908497,,,
fan-vibration-x.csv,external,fan-vibration-x.csv:D003,0.026713623656971726,fan-vibration-x.csv:A0:cq=0.125,A1,fixed_linear,ELIGIBLE,fan-vibration-x.csv:A1:cq=0.0625,0.0625,0.013674331798143879,0.0816713615134359,258413,13.511790849673202,,,
fan-vibration-x.csv,external,fan-vibration-x.csv:D003,0.026713623656971726,fan-vibration-x.csv:A0:cq=0.125,A2,fixed_auto,ELIGIBLE,fan-vibration-x.csv:A2:cq=0.125,0.125,0.026711035568281218,0.16371305608749376,258326,13.50724183006536,,,
fan-vibration-x.csv,external,fan-vibration-x.csv:D003,0.026713623656971726,fan-vibration-x.csv:A0:cq=0.125,A3,adaptive_linear,ELIGIBLE,fan-vibration-x.csv:A3:cq=0.0625,0.0625,0.013489385475637754,0.10306579130887972,238987,12.4960522875817,,,
fan-vibration-x.csv,external,fan-vibration-x.csv:D003,0.026713623656971726,fan-vibration-x.csv:A0:cq=0.125,A4,adaptive_auto,ELIGIBLE,fan-vibration-x.csv:A4:cq=0.125,0.125,0.026052280679955662,0.2076799859404561,238922,12.492653594771243,A0,1.558413942900379,MATERIAL_LOSS
fan-vibration-x.csv,external,fan-vibration-x.csv:D004,0.02742673777925393,fan-vibration-x.csv:A1:cq=0.125,A0,whole_linear,ELIGIBLE,fan-vibration-x.csv:A0:cq=0.125,0.125,0.026713623656971726,0.04837115869603126,153311,8.016261437908497,,,
fan-vibration-x.csv,external,fan-vibration-x.csv:D004,0.02742673777925393,fan-vibration-x.csv:A1:cq=0.125,A1,fixed_linear,ELIGIBLE,fan-vibration-x.csv:A1:cq=0.125,0.125,0.02742673777925393,0.1625754944160578,258326,13.50724183006536,,,
fan-vibration-x.csv,external,fan-vibration-x.csv:D004,0.02742673777925393,fan-vibration-x.csv:A1:cq=0.125,A2,fixed_auto,ELIGIBLE,fan-vibration-x.csv:A2:cq=0.125,0.125,0.026711035568281218,0.16371305608749376,258326,13.50724183006536,,,
fan-vibration-x.csv,external,fan-vibration-x.csv:D004,0.02742673777925393,fan-vibration-x.csv:A1:cq=0.125,A3,adaptive_linear,ELIGIBLE,fan-vibration-x.csv:A3:cq=0.125,0.125,0.027045705210317517,0.2076799859404561,238922,12.492653594771243,,,
fan-vibration-x.csv,external,fan-vibration-x.csv:D004,0.02742673777925393,fan-vibration-x.csv:A1:cq=0.125,A4,adaptive_auto,ELIGIBLE,fan-vibration-x.csv:A4:cq=0.125,0.125,0.026052280679955662,0.2076799859404561,238922,12.492653594771243,A0,1.558413942900379,MATERIAL_LOSS
fan-vibration-x.csv,external,fan-vibration-x.csv:D005,0.04621838024368732,fan-vibration-x.csv:A0:cq=0.25,A0,whole_linear,ELIGIBLE,fan-vibration-x.csv:A0:cq=0.25,0.25,0.04621838024368732,0.09673946765129282,153166,8.008679738562092,,,
fan-vibration-x.csv,external,fan-vibration-x.csv:D005,0.04621838024368732,fan-vibration-x.csv:A0:cq=0.25,A1,fixed_linear,ELIGIBLE,fan-vibration-x.csv:A1:cq=0.125,0.125,0.02742673777925393,0.1625754944160578,258326,13.50724183006536,,,
fan-vibration-x.csv,external,fan-vibration-x.csv:D005,0.04621838024368732,fan-vibration-x.csv:A0:cq=0.25,A2,fixed_auto,ELIGIBLE,fan-vibration-x.csv:A2:cq=0.125,0.125,0.026711035568281218,0.16371305608749376,258326,13.50724183006536,,,
fan-vibration-x.csv,external,fan-vibration-x.csv:D005,0.04621838024368732,fan-vibration-x.csv:A0:cq=0.25,A3,adaptive_linear,ELIGIBLE,fan-vibration-x.csv:A3:cq=0.125,0.125,0.027045705210317517,0.2076799859404561,238922,12.492653594771243,,,
fan-vibration-x.csv,external,fan-vibration-x.csv:D005,0.04621838024368732,fan-vibration-x.csv:A0:cq=0.25,A4,adaptive_auto,ELIGIBLE,fan-vibration-x.csv:A4:cq=0.125,0.125,0.026052280679955662,0.2076799859404561,238922,12.492653594771243,A0,1.5598892704647245,MATERIAL_LOSS
fan-vibration-x.csv,external,fan-vibration-x.csv:D006,0.05215048916589112,fan-vibration-x.csv:A4:cq=0.25,A0,whole_linear,ELIGIBLE,fan-vibration-x.csv:A0:cq=0.25,0.25,0.04621838024368732,0.09673946765129282,153166,8.008679738562092,,,
fan-vibration-x.csv,external,fan-vibration-x.csv:D006,0.05215048916589112,fan-vibration-x.csv:A4:cq=0.25,A1,fixed_linear,ELIGIBLE,fan-vibration-x.csv:A1:cq=0.125,0.125,0.02742673777925393,0.1625754944160578,258326,13.50724183006536,,,
fan-vibration-x.csv,external,fan-vibration-x.csv:D006,0.05215048916589112,fan-vibration-x.csv:A4:cq=0.25,A2,fixed_auto,ELIGIBLE,fan-vibration-x.csv:A2:cq=0.125,0.125,0.026711035568281218,0.16371305608749376,258326,13.50724183006536,,,
fan-vibration-x.csv,external,fan-vibration-x.csv:D006,0.05215048916589112,fan-vibration-x.csv:A4:cq=0.25,A3,adaptive_linear,ELIGIBLE,fan-vibration-x.csv:A3:cq=0.125,0.125,0.027045705210317517,0.2076799859404561,238922,12.492653594771243,,,
fan-vibration-x.csv,external,fan-vibration-x.csv:D006,0.05215048916589112,fan-vibration-x.csv:A4:cq=0.25,A4,adaptive_auto,ELIGIBLE,fan-vibration-x.csv:A4:cq=0.125,0.125,0.026052280679955662,0.2076799859404561,238922,12.492653594771243,A0,1.5598892704647245,MATERIAL_LOSS
fan-vibration-x.csv,external,fan-vibration-x.csv:D007,0.05448031678672292,fan-vibration-x.csv:A1:cq=0.25,A0,whole_linear,ELIGIBLE,fan-vibration-x.csv:A0:cq=0.25,0.25,0.04621838024368732,0.09673946765129282,153166,8.008679738562092,,,
fan-vibration-x.csv,external,fan-vibration-x.csv:D007,0.05448031678672292,fan-vibration-x.csv:A1:cq=0.25,A1,fixed_linear,ELIGIBLE,fan-vibration-x.csv:A1:cq=0.125,0.125,0.02742673777925393,0.1625754944160578,258326,13.50724183006536,,,
fan-vibration-x.csv,external,fan-vibration-x.csv:D007,0.05448031678672292,fan-vibration-x.csv:A1:cq=0.25,A2,fixed_auto,ELIGIBLE,fan-vibration-x.csv:A2:cq=0.125,0.125,0.026711035568281218,0.16371305608749376,258326,13.50724183006536,,,
fan-vibration-x.csv,external,fan-vibration-x.csv:D007,0.05448031678672292,fan-vibration-x.csv:A1:cq=0.25,A3,adaptive_linear,ELIGIBLE,fan-vibration-x.csv:A3:cq=0.125,0.125,0.027045705210317517,0.2076799859404561,238922,12.492653594771243,,,
fan-vibration-x.csv,external,fan-vibration-x.csv:D007,0.05448031678672292,fan-vibration-x.csv:A1:cq=0.25,A4,adaptive_auto,ELIGIBLE,fan-vibration-x.csv:A4:cq=0.125,0.125,0.026052280679955662,0.2076799859404561,238922,12.492653594771243,A0,1.5598892704647245,MATERIAL_LOSS
fan-vibration-x.csv,external,fan-vibration-x.csv:D008,0.07962196458064782,fan-vibration-x.csv:A0:cq=0.5,A0,whole_linear,ELIGIBLE,fan-vibration-x.csv:A0:cq=0.25,0.25,0.04621838024368732,0.09673946765129282,153166,8.008679738562092,,,
fan-vibration-x.csv,external,fan-vibration-x.csv:D008,0.07962196458064782,fan-vibration-x.csv:A0:cq=0.5,A1,fixed_linear,ELIGIBLE,fan-vibration-x.csv:A1:cq=0.125,0.125,0.02742673777925393,0.1625754944160578,258326,13.50724183006536,,,
fan-vibration-x.csv,external,fan-vibration-x.csv:D008,0.07962196458064782,fan-vibration-x.csv:A0:cq=0.5,A2,fixed_auto,ELIGIBLE,fan-vibration-x.csv:A2:cq=0.125,0.125,0.026711035568281218,0.16371305608749376,258326,13.50724183006536,,,
fan-vibration-x.csv,external,fan-vibration-x.csv:D008,0.07962196458064782,fan-vibration-x.csv:A0:cq=0.5,A3,adaptive_linear,ELIGIBLE,fan-vibration-x.csv:A3:cq=0.125,0.125,0.027045705210317517,0.2076799859404561,238922,12.492653594771243,,,
fan-vibration-x.csv,external,fan-vibration-x.csv:D008,0.07962196458064782,fan-vibration-x.csv:A0:cq=0.5,A4,adaptive_auto,ELIGIBLE,fan-vibration-x.csv:A4:cq=0.125,0.125,0.026052280679955662,0.2076799859404561,238922,12.492653594771243,A0,1.5598892704647245,MATERIAL_LOSS
fan-vibration-x.csv,external,fan-vibration-x.csv:D009,0.10516196451416596,fan-vibration-x.csv:A4:cq=0.5,A0,whole_linear,ELIGIBLE,fan-vibration-x.csv:A0:cq=0.25,0.25,0.04621838024368732,0.09673946765129282,153166,8.008679738562092,,,
fan-vibration-x.csv,external,fan-vibration-x.csv:D009,0.10516196451416596,fan-vibration-x.csv:A4:cq=0.5,A1,fixed_linear,ELIGIBLE,fan-vibration-x.csv:A1:cq=0.125,0.125,0.02742673777925393,0.1625754944160578,258326,13.50724183006536,,,
fan-vibration-x.csv,external,fan-vibration-x.csv:D009,0.10516196451416596,fan-vibration-x.csv:A4:cq=0.5,A2,fixed_auto,ELIGIBLE,fan-vibration-x.csv:A2:cq=0.125,0.125,0.026711035568281218,0.16371305608749376,258326,13.50724183006536,,,
fan-vibration-x.csv,external,fan-vibration-x.csv:D009,0.10516196451416596,fan-vibration-x.csv:A4:cq=0.5,A3,adaptive_linear,ELIGIBLE,fan-vibration-x.csv:A3:cq=0.125,0.125,0.027045705210317517,0.2076799859404561,238922,12.492653594771243,,,
fan-vibration-x.csv,external,fan-vibration-x.csv:D009,0.10516196451416596,fan-vibration-x.csv:A4:cq=0.5,A4,adaptive_auto,ELIGIBLE,fan-vibration-x.csv:A4:cq=0.125,0.125,0.026052280679955662,0.2076799859404561,238922,12.492653594771243,A0,1.5598892704647245,MATERIAL_LOSS
fan-vibration-x.csv,external,fan-vibration-x.csv:D010,0.10981260638055854,fan-vibration-x.csv:A1:cq=0.5,A0,whole_linear,ELIGIBLE,fan-vibration-x.csv:A0:cq=0.25,0.25,0.04621838024368732,0.09673946765129282,153166,8.008679738562092,,,
fan-vibration-x.csv,external,fan-vibration-x.csv:D010,0.10981260638055854,fan-vibration-x.csv:A1:cq=0.5,A1,fixed_linear,ELIGIBLE,fan-vibration-x.csv:A1:cq=0.125,0.125,0.02742673777925393,0.1625754944160578,258326,13.50724183006536,,,
fan-vibration-x.csv,external,fan-vibration-x.csv:D010,0.10981260638055854,fan-vibration-x.csv:A1:cq=0.5,A2,fixed_auto,ELIGIBLE,fan-vibration-x.csv:A2:cq=0.125,0.125,0.026711035568281218,0.16371305608749376,258326,13.50724183006536,,,
fan-vibration-x.csv,external,fan-vibration-x.csv:D010,0.10981260638055854,fan-vibration-x.csv:A1:cq=0.5,A3,adaptive_linear,ELIGIBLE,fan-vibration-x.csv:A3:cq=0.125,0.125,0.027045705210317517,0.2076799859404561,238922,12.492653594771243,,,
fan-vibration-x.csv,external,fan-vibration-x.csv:D010,0.10981260638055854,fan-vibration-x.csv:A1:cq=0.5,A4,adaptive_auto,ELIGIBLE,fan-vibration-x.csv:A4:cq=0.125,0.125,0.026052280679955662,0.2076799859404561,238922,12.492653594771243,A0,1.5598892704647245,MATERIAL_LOSS
fan-vibration-x.csv,external,fan-vibration-x.csv:D011,0.13196048655835896,fan-vibration-x.csv:A0:cq=1,A0,whole_linear,ELIGIBLE,fan-vibration-x.csv:A0:cq=0.25,0.25,0.04621838024368732,0.09673946765129282,153166,8.008679738562092,,,
fan-vibration-x.csv,external,fan-vibration-x.csv:D011,0.13196048655835896,fan-vibration-x.csv:A0:cq=1,A1,fixed_linear,ELIGIBLE,fan-vibration-x.csv:A1:cq=0.125,0.125,0.02742673777925393,0.1625754944160578,258326,13.50724183006536,,,
fan-vibration-x.csv,external,fan-vibration-x.csv:D011,0.13196048655835896,fan-vibration-x.csv:A0:cq=1,A2,fixed_auto,ELIGIBLE,fan-vibration-x.csv:A2:cq=0.125,0.125,0.026711035568281218,0.16371305608749376,258326,13.50724183006536,,,
fan-vibration-x.csv,external,fan-vibration-x.csv:D011,0.13196048655835896,fan-vibration-x.csv:A0:cq=1,A3,adaptive_linear,ELIGIBLE,fan-vibration-x.csv:A3:cq=0.125,0.125,0.027045705210317517,0.2076799859404561,238922,12.492653594771243,,,
fan-vibration-x.csv,external,fan-vibration-x.csv:D011,0.13196048655835896,fan-vibration-x.csv:A0:cq=1,A4,adaptive_auto,ELIGIBLE,fan-vibration-x.csv:A4:cq=0.125,0.125,0.026052280679955662,0.2076799859404561,238922,12.492653594771243,A0,1.5598892704647245,MATERIAL_LOSS
fan-vibration-x.csv,external,fan-vibration-x.csv:D012,0.21030984133869832,fan-vibration-x.csv:A4:cq=1,A0,whole_linear,ELIGIBLE,fan-vibration-x.csv:A0:cq=0.25,0.25,0.04621838024368732,0.09673946765129282,153166,8.008679738562092,,,
fan-vibration-x.csv,external,fan-vibration-x.csv:D012,0.21030984133869832,fan-vibration-x.csv:A4:cq=1,A1,fixed_linear,ELIGIBLE,fan-vibration-x.csv:A1:cq=0.125,0.125,0.02742673777925393,0.1625754944160578,258326,13.50724183006536,,,
fan-vibration-x.csv,external,fan-vibration-x.csv:D012,0.21030984133869832,fan-vibration-x.csv:A4:cq=1,A2,fixed_auto,ELIGIBLE,fan-vibration-x.csv:A2:cq=0.125,0.125,0.026711035568281218,0.16371305608749376,258326,13.50724183006536,,,
fan-vibration-x.csv,external,fan-vibration-x.csv:D012,0.21030984133869832,fan-vibration-x.csv:A4:cq=1,A3,adaptive_linear,ELIGIBLE,fan-vibration-x.csv:A3:cq=0.125,0.125,0.027045705210317517,0.2076799859404561,238922,12.492653594771243,,,
fan-vibration-x.csv,external,fan-vibration-x.csv:D012,0.21030984133869832,fan-vibration-x.csv:A4:cq=1,A4,adaptive_auto,ELIGIBLE,fan-vibration-x.csv:A4:cq=0.125,0.125,0.026052280679955662,0.2076799859404561,238922,12.492653594771243,A0,1.5598892704647245,MATERIAL_LOSS
fan-vibration-x.csv,external,fan-vibration-x.csv:D013,0.21846534171139878,fan-vibration-x.csv:A1:cq=1,A0,whole_linear,ELIGIBLE,fan-vibration-x.csv:A0:cq=0.25,0.25,0.04621838024368732,0.09673946765129282,153166,8.008679738562092,,,
fan-vibration-x.csv,external,fan-vibration-x.csv:D013,0.21846534171139878,fan-vibration-x.csv:A1:cq=1,A1,fixed_linear,ELIGIBLE,fan-vibration-x.csv:A1:cq=0.125,0.125,0.02742673777925393,0.1625754944160578,258326,13.50724183006536,,,
fan-vibration-x.csv,external,fan-vibration-x.csv:D013,0.21846534171139878,fan-vibration-x.csv:A1:cq=1,A2,fixed_auto,ELIGIBLE,fan-vibration-x.csv:A2:cq=0.125,0.125,0.026711035568281218,0.16371305608749376,258326,13.50724183006536,,,
fan-vibration-x.csv,external,fan-vibration-x.csv:D013,0.21846534171139878,fan-vibration-x.csv:A1:cq=1,A3,adaptive_linear,ELIGIBLE,fan-vibration-x.csv:A3:cq=0.125,0.125,0.027045705210317517,0.2076799859404561,238922,12.492653594771243,,,
fan-vibration-x.csv,external,fan-vibration-x.csv:D013,0.21846534171139878,fan-vibration-x.csv:A1:cq=1,A4,adaptive_auto,ELIGIBLE,fan-vibration-x.csv:A4:cq=0.125,0.125,0.026052280679955662,0.2076799859404561,238922,12.492653594771243,A0,1.5598892704647245,MATERIAL_LOSS
fan-vibration-x.csv,external,fan-vibration-x.csv:D014,0.2291204930611396,fan-vibration-x.csv:A0:cq=2,A0,whole_linear,ELIGIBLE,fan-vibration-x.csv:A0:cq=0.25,0.25,0.04621838024368732,0.09673946765129282,153166,8.008679738562092,,,
fan-vibration-x.csv,external,fan-vibration-x.csv:D014,0.2291204930611396,fan-vibration-x.csv:A0:cq=2,A1,fixed_linear,ELIGIBLE,fan-vibration-x.csv:A1:cq=0.125,0.125,0.02742673777925393,0.1625754944160578,258326,13.50724183006536,,,
fan-vibration-x.csv,external,fan-vibration-x.csv:D014,0.2291204930611396,fan-vibration-x.csv:A0:cq=2,A2,fixed_auto,ELIGIBLE,fan-vibration-x.csv:A2:cq=0.125,0.125,0.026711035568281218,0.16371305608749376,258326,13.50724183006536,,,
fan-vibration-x.csv,external,fan-vibration-x.csv:D014,0.2291204930611396,fan-vibration-x.csv:A0:cq=2,A3,adaptive_linear,ELIGIBLE,fan-vibration-x.csv:A3:cq=0.125,0.125,0.027045705210317517,0.2076799859404561,238922,12.492653594771243,,,
fan-vibration-x.csv,external,fan-vibration-x.csv:D014,0.2291204930611396,fan-vibration-x.csv:A0:cq=2,A4,adaptive_auto,ELIGIBLE,fan-vibration-x.csv:A4:cq=0.125,0.125,0.026052280679955662,0.2076799859404561,238922,12.492653594771243,A0,1.5598892704647245,MATERIAL_LOSS
fan-vibration-x.csv,external,fan-vibration-x.csv:D015,0.3977044247825357,fan-vibration-x.csv:A0:cq=4,A0,whole_linear,ELIGIBLE,fan-vibration-x.csv:A0:cq=0.25,0.25,0.04621838024368732,0.09673946765129282,153166,8.008679738562092,,,
fan-vibration-x.csv,external,fan-vibration-x.csv:D015,0.3977044247825357,fan-vibration-x.csv:A0:cq=4,A1,fixed_linear,ELIGIBLE,fan-vibration-x.csv:A1:cq=0.125,0.125,0.02742673777925393,0.1625754944160578,258326,13.50724183006536,,,
fan-vibration-x.csv,external,fan-vibration-x.csv:D015,0.3977044247825357,fan-vibration-x.csv:A0:cq=4,A2,fixed_auto,ELIGIBLE,fan-vibration-x.csv:A2:cq=0.125,0.125,0.026711035568281218,0.16371305608749376,258326,13.50724183006536,,,
fan-vibration-x.csv,external,fan-vibration-x.csv:D015,0.3977044247825357,fan-vibration-x.csv:A0:cq=4,A3,adaptive_linear,ELIGIBLE,fan-vibration-x.csv:A3:cq=0.125,0.125,0.027045705210317517,0.2076799859404561,238922,12.492653594771243,,,
fan-vibration-x.csv,external,fan-vibration-x.csv:D015,0.3977044247825357,fan-vibration-x.csv:A0:cq=4,A4,adaptive_auto,ELIGIBLE,fan-vibration-x.csv:A4:cq=0.125,0.125,0.026052280679955662,0.2076799859404561,238922,12.492653594771243,A0,1.5598892704647245,MATERIAL_LOSS
dow-jones-weekly-return.csv,external,dow-jones-weekly-return.csv:D001,0.06614296413492886,dow-jones-weekly-return.csv:A0:cq=0.0625;dow-jones-weekly-return.csv:A1:cq=0.0625;dow-jones-weekly-return.csv:A4:cq=0.0625,A0,whole_linear,ELIGIBLE,dow-jones-weekly-return.csv:A0:cq=0.0625,0.0625,0.06614296413492886,0.10519275592231753,191,61.12,,,
dow-jones-weekly-return.csv,external,dow-jones-weekly-return.csv:D001,0.06614296413492886,dow-jones-weekly-return.csv:A0:cq=0.0625;dow-jones-weekly-return.csv:A1:cq=0.0625;dow-jones-weekly-return.csv:A4:cq=0.0625,A1,fixed_linear,ELIGIBLE,dow-jones-weekly-return.csv:A1:cq=0.0625,0.0625,0.06614296413492886,0.10519275592231753,191,61.12,,,
dow-jones-weekly-return.csv,external,dow-jones-weekly-return.csv:D001,0.06614296413492886,dow-jones-weekly-return.csv:A0:cq=0.0625;dow-jones-weekly-return.csv:A1:cq=0.0625;dow-jones-weekly-return.csv:A4:cq=0.0625,A2,fixed_auto,ELIGIBLE,dow-jones-weekly-return.csv:A2:cq=0.0625,0.0625,0.06614296413492886,0.10519275592231753,191,61.12,,,
dow-jones-weekly-return.csv,external,dow-jones-weekly-return.csv:D001,0.06614296413492886,dow-jones-weekly-return.csv:A0:cq=0.0625;dow-jones-weekly-return.csv:A1:cq=0.0625;dow-jones-weekly-return.csv:A4:cq=0.0625,A3,adaptive_linear,ELIGIBLE,dow-jones-weekly-return.csv:A3:cq=0.0625,0.0625,0.06614296413492886,0.10519275592231753,191,61.12,,,
dow-jones-weekly-return.csv,external,dow-jones-weekly-return.csv:D001,0.06614296413492886,dow-jones-weekly-return.csv:A0:cq=0.0625;dow-jones-weekly-return.csv:A1:cq=0.0625;dow-jones-weekly-return.csv:A4:cq=0.0625,A4,adaptive_auto,ELIGIBLE,dow-jones-weekly-return.csv:A4:cq=0.0625,0.0625,0.06614296413492886,0.10519275592231753,191,61.12,A0,1.0,PRACTICAL_TIE
dow-jones-weekly-return.csv,external,dow-jones-weekly-return.csv:D002,0.12077601795197325,dow-jones-weekly-return.csv:A0:cq=0.125;dow-jones-weekly-return.csv:A1:cq=0.125;dow-jones-weekly-return.csv:A4:cq=0.125,A0,whole_linear,ELIGIBLE,dow-jones-weekly-return.csv:A0:cq=0.0625,0.0625,0.06614296413492886,0.10519275592231753,191,61.12,,,
dow-jones-weekly-return.csv,external,dow-jones-weekly-return.csv:D002,0.12077601795197325,dow-jones-weekly-return.csv:A0:cq=0.125;dow-jones-weekly-return.csv:A1:cq=0.125;dow-jones-weekly-return.csv:A4:cq=0.125,A1,fixed_linear,ELIGIBLE,dow-jones-weekly-return.csv:A1:cq=0.0625,0.0625,0.06614296413492886,0.10519275592231753,191,61.12,,,
dow-jones-weekly-return.csv,external,dow-jones-weekly-return.csv:D002,0.12077601795197325,dow-jones-weekly-return.csv:A0:cq=0.125;dow-jones-weekly-return.csv:A1:cq=0.125;dow-jones-weekly-return.csv:A4:cq=0.125,A2,fixed_auto,ELIGIBLE,dow-jones-weekly-return.csv:A2:cq=0.0625,0.0625,0.06614296413492886,0.10519275592231753,191,61.12,,,
dow-jones-weekly-return.csv,external,dow-jones-weekly-return.csv:D002,0.12077601795197325,dow-jones-weekly-return.csv:A0:cq=0.125;dow-jones-weekly-return.csv:A1:cq=0.125;dow-jones-weekly-return.csv:A4:cq=0.125,A3,adaptive_linear,ELIGIBLE,dow-jones-weekly-return.csv:A3:cq=0.0625,0.0625,0.06614296413492886,0.10519275592231753,191,61.12,,,
dow-jones-weekly-return.csv,external,dow-jones-weekly-return.csv:D002,0.12077601795197325,dow-jones-weekly-return.csv:A0:cq=0.125;dow-jones-weekly-return.csv:A1:cq=0.125;dow-jones-weekly-return.csv:A4:cq=0.125,A4,adaptive_auto,ELIGIBLE,dow-jones-weekly-return.csv:A4:cq=0.0625,0.0625,0.06614296413492886,0.10519275592231753,191,61.12,A0,1.0,PRACTICAL_TIE
dow-jones-weekly-return.csv,external,dow-jones-weekly-return.csv:D003,0.24829953308091268,dow-jones-weekly-return.csv:A0:cq=0.25;dow-jones-weekly-return.csv:A1:cq=0.25;dow-jones-weekly-return.csv:A4:cq=0.25,A0,whole_linear,ELIGIBLE,dow-jones-weekly-return.csv:A0:cq=0.0625,0.0625,0.06614296413492886,0.10519275592231753,191,61.12,,,
dow-jones-weekly-return.csv,external,dow-jones-weekly-return.csv:D003,0.24829953308091268,dow-jones-weekly-return.csv:A0:cq=0.25;dow-jones-weekly-return.csv:A1:cq=0.25;dow-jones-weekly-return.csv:A4:cq=0.25,A1,fixed_linear,ELIGIBLE,dow-jones-weekly-return.csv:A1:cq=0.0625,0.0625,0.06614296413492886,0.10519275592231753,191,61.12,,,
dow-jones-weekly-return.csv,external,dow-jones-weekly-return.csv:D003,0.24829953308091268,dow-jones-weekly-return.csv:A0:cq=0.25;dow-jones-weekly-return.csv:A1:cq=0.25;dow-jones-weekly-return.csv:A4:cq=0.25,A2,fixed_auto,ELIGIBLE,dow-jones-weekly-return.csv:A2:cq=0.0625,0.0625,0.06614296413492886,0.10519275592231753,191,61.12,,,
dow-jones-weekly-return.csv,external,dow-jones-weekly-return.csv:D003,0.24829953308091268,dow-jones-weekly-return.csv:A0:cq=0.25;dow-jones-weekly-return.csv:A1:cq=0.25;dow-jones-weekly-return.csv:A4:cq=0.25,A3,adaptive_linear,ELIGIBLE,dow-jones-weekly-return.csv:A3:cq=0.0625,0.0625,0.06614296413492886,0.10519275592231753,191,61.12,,,
dow-jones-weekly-return.csv,external,dow-jones-weekly-return.csv:D003,0.24829953308091268,dow-jones-weekly-return.csv:A0:cq=0.25;dow-jones-weekly-return.csv:A1:cq=0.25;dow-jones-weekly-return.csv:A4:cq=0.25,A4,adaptive_auto,ELIGIBLE,dow-jones-weekly-return.csv:A4:cq=0.0625,0.0625,0.06614296413492886,0.10519275592231753,191,61.12,A0,1.0,PRACTICAL_TIE
dow-jones-weekly-return.csv,external,dow-jones-weekly-return.csv:D004,0.4970135637925724,dow-jones-weekly-return.csv:A4:cq=0.5,A0,whole_linear,ELIGIBLE,dow-jones-weekly-return.csv:A0:cq=0.0625,0.0625,0.06614296413492886,0.10519275592231753,191,61.12,,,
dow-jones-weekly-return.csv,external,dow-jones-weekly-return.csv:D004,0.4970135637925724,dow-jones-weekly-return.csv:A4:cq=0.5,A1,fixed_linear,ELIGIBLE,dow-jones-weekly-return.csv:A1:cq=0.0625,0.0625,0.06614296413492886,0.10519275592231753,191,61.12,,,
dow-jones-weekly-return.csv,external,dow-jones-weekly-return.csv:D004,0.4970135637925724,dow-jones-weekly-return.csv:A4:cq=0.5,A2,fixed_auto,ELIGIBLE,dow-jones-weekly-return.csv:A2:cq=0.0625,0.0625,0.06614296413492886,0.10519275592231753,191,61.12,,,
dow-jones-weekly-return.csv,external,dow-jones-weekly-return.csv:D004,0.4970135637925724,dow-jones-weekly-return.csv:A4:cq=0.5,A3,adaptive_linear,ELIGIBLE,dow-jones-weekly-return.csv:A3:cq=0.0625,0.0625,0.06614296413492886,0.10519275592231753,191,61.12,,,
dow-jones-weekly-return.csv,external,dow-jones-weekly-return.csv:D004,0.4970135637925724,dow-jones-weekly-return.csv:A4:cq=0.5,A4,adaptive_auto,ELIGIBLE,dow-jones-weekly-return.csv:A4:cq=0.0625,0.0625,0.06614296413492886,0.10519275592231753,191,61.12,A0,1.0,PRACTICAL_TIE
dow-jones-weekly-return.csv,external,dow-jones-weekly-return.csv:D005,0.4974854045958653,dow-jones-weekly-return.csv:A0:cq=0.5;dow-jones-weekly-return.csv:A1:cq=0.5,A0,whole_linear,ELIGIBLE,dow-jones-weekly-return.csv:A0:cq=0.0625,0.0625,0.06614296413492886,0.10519275592231753,191,61.12,,,
dow-jones-weekly-return.csv,external,dow-jones-weekly-return.csv:D005,0.4974854045958653,dow-jones-weekly-return.csv:A0:cq=0.5;dow-jones-weekly-return.csv:A1:cq=0.5,A1,fixed_linear,ELIGIBLE,dow-jones-weekly-return.csv:A1:cq=0.0625,0.0625,0.06614296413492886,0.10519275592231753,191,61.12,,,
dow-jones-weekly-return.csv,external,dow-jones-weekly-return.csv:D005,0.4974854045958653,dow-jones-weekly-return.csv:A0:cq=0.5;dow-jones-weekly-return.csv:A1:cq=0.5,A2,fixed_auto,ELIGIBLE,dow-jones-weekly-return.csv:A2:cq=0.0625,0.0625,0.06614296413492886,0.10519275592231753,191,61.12,,,
dow-jones-weekly-return.csv,external,dow-jones-weekly-return.csv:D005,0.4974854045958653,dow-jones-weekly-return.csv:A0:cq=0.5;dow-jones-weekly-return.csv:A1:cq=0.5,A3,adaptive_linear,ELIGIBLE,dow-jones-weekly-return.csv:A3:cq=0.0625,0.0625,0.06614296413492886,0.10519275592231753,191,61.12,,,
dow-jones-weekly-return.csv,external,dow-jones-weekly-return.csv:D005,0.4974854045958653,dow-jones-weekly-return.csv:A0:cq=0.5;dow-jones-weekly-return.csv:A1:cq=0.5,A4,adaptive_auto,ELIGIBLE,dow-jones-weekly-return.csv:A4:cq=0.0625,0.0625,0.06614296413492886,0.10519275592231753,191,61.12,A0,1.0,PRACTICAL_TIE
dow-jones-weekly-return.csv,external,dow-jones-weekly-return.csv:D006,0.8527150973234796,dow-jones-weekly-return.csv:A4:cq=1,A0,whole_linear,ELIGIBLE,dow-jones-weekly-return.csv:A0:cq=0.0625,0.0625,0.06614296413492886,0.10519275592231753,191,61.12,,,
dow-jones-weekly-return.csv,external,dow-jones-weekly-return.csv:D006,0.8527150973234796,dow-jones-weekly-return.csv:A4:cq=1,A1,fixed_linear,ELIGIBLE,dow-jones-weekly-return.csv:A1:cq=0.0625,0.0625,0.06614296413492886,0.10519275592231753,191,61.12,,,
dow-jones-weekly-return.csv,external,dow-jones-weekly-return.csv:D006,0.8527150973234796,dow-jones-weekly-return.csv:A4:cq=1,A2,fixed_auto,ELIGIBLE,dow-jones-weekly-return.csv:A2:cq=0.0625,0.0625,0.06614296413492886,0.10519275592231753,191,61.12,,,
dow-jones-weekly-return.csv,external,dow-jones-weekly-return.csv:D006,0.8527150973234796,dow-jones-weekly-return.csv:A4:cq=1,A3,adaptive_linear,ELIGIBLE,dow-jones-weekly-return.csv:A3:cq=0.0625,0.0625,0.06614296413492886,0.10519275592231753,191,61.12,,,
dow-jones-weekly-return.csv,external,dow-jones-weekly-return.csv:D006,0.8527150973234796,dow-jones-weekly-return.csv:A4:cq=1,A4,adaptive_auto,ELIGIBLE,dow-jones-weekly-return.csv:A4:cq=0.0625,0.0625,0.06614296413492886,0.10519275592231753,191,61.12,A0,1.0,PRACTICAL_TIE
dow-jones-weekly-return.csv,external,dow-jones-weekly-return.csv:D007,0.9525226419315241,dow-jones-weekly-return.csv:A0:cq=1;dow-jones-weekly-return.csv:A1:cq=1,A0,whole_linear,ELIGIBLE,dow-jones-weekly-return.csv:A0:cq=0.0625,0.0625,0.06614296413492886,0.10519275592231753,191,61.12,,,
dow-jones-weekly-return.csv,external,dow-jones-weekly-return.csv:D007,0.9525226419315241,dow-jones-weekly-return.csv:A0:cq=1;dow-jones-weekly-return.csv:A1:cq=1,A1,fixed_linear,ELIGIBLE,dow-jones-weekly-return.csv:A1:cq=0.0625,0.0625,0.06614296413492886,0.10519275592231753,191,61.12,,,
dow-jones-weekly-return.csv,external,dow-jones-weekly-return.csv:D007,0.9525226419315241,dow-jones-weekly-return.csv:A0:cq=1;dow-jones-weekly-return.csv:A1:cq=1,A2,fixed_auto,ELIGIBLE,dow-jones-weekly-return.csv:A2:cq=0.0625,0.0625,0.06614296413492886,0.10519275592231753,191,61.12,,,
dow-jones-weekly-return.csv,external,dow-jones-weekly-return.csv:D007,0.9525226419315241,dow-jones-weekly-return.csv:A0:cq=1;dow-jones-weekly-return.csv:A1:cq=1,A3,adaptive_linear,ELIGIBLE,dow-jones-weekly-return.csv:A3:cq=0.0625,0.0625,0.06614296413492886,0.10519275592231753,191,61.12,,,
dow-jones-weekly-return.csv,external,dow-jones-weekly-return.csv:D007,0.9525226419315241,dow-jones-weekly-return.csv:A0:cq=1;dow-jones-weekly-return.csv:A1:cq=1,A4,adaptive_auto,ELIGIBLE,dow-jones-weekly-return.csv:A4:cq=0.0625,0.0625,0.06614296413492886,0.10519275592231753,191,61.12,A0,1.0,PRACTICAL_TIE
dow-jones-weekly-return.csv,external,dow-jones-weekly-return.csv:D008,2.20954565600052,dow-jones-weekly-return.csv:A0:cq=2;dow-jones-weekly-return.csv:A1:cq=2;dow-jones-weekly-return.csv:A4:cq=2,A0,whole_linear,ELIGIBLE,dow-jones-weekly-return.csv:A0:cq=0.0625,0.0625,0.06614296413492886,0.10519275592231753,191,61.12,,,
dow-jones-weekly-return.csv,external,dow-jones-weekly-return.csv:D008,2.20954565600052,dow-jones-weekly-return.csv:A0:cq=2;dow-jones-weekly-return.csv:A1:cq=2;dow-jones-weekly-return.csv:A4:cq=2,A1,fixed_linear,ELIGIBLE,dow-jones-weekly-return.csv:A1:cq=0.0625,0.0625,0.06614296413492886,0.10519275592231753,191,61.12,,,
dow-jones-weekly-return.csv,external,dow-jones-weekly-return.csv:D008,2.20954565600052,dow-jones-weekly-return.csv:A0:cq=2;dow-jones-weekly-return.csv:A1:cq=2;dow-jones-weekly-return.csv:A4:cq=2,A2,fixed_auto,ELIGIBLE,dow-jones-weekly-return.csv:A2:cq=0.0625,0.0625,0.06614296413492886,0.10519275592231753,191,61.12,,,
dow-jones-weekly-return.csv,external,dow-jones-weekly-return.csv:D008,2.20954565600052,dow-jones-weekly-return.csv:A0:cq=2;dow-jones-weekly-return.csv:A1:cq=2;dow-jones-weekly-return.csv:A4:cq=2,A3,adaptive_linear,ELIGIBLE,dow-jones-weekly-return.csv:A3:cq=0.0625,0.0625,0.06614296413492886,0.10519275592231753,191,61.12,,,
dow-jones-weekly-return.csv,external,dow-jones-weekly-return.csv:D008,2.20954565600052,dow-jones-weekly-return.csv:A0:cq=2;dow-jones-weekly-return.csv:A1:cq=2;dow-jones-weekly-return.csv:A4:cq=2,A4,adaptive_auto,ELIGIBLE,dow-jones-weekly-return.csv:A4:cq=0.0625,0.0625,0.06614296413492886,0.10519275592231753,191,61.12,A0,1.0,PRACTICAL_TIE
dow-jones-weekly-return.csv,external,dow-jones-weekly-return.csv:D009,3.282544420859218,dow-jones-weekly-return.csv:A0:cq=4;dow-jones-weekly-return.csv:A1:cq=4;dow-jones-weekly-return.csv:A4:cq=4,A0,whole_linear,ELIGIBLE,dow-jones-weekly-return.csv:A0:cq=0.0625,0.0625,0.06614296413492886,0.10519275592231753,191,61.12,,,
dow-jones-weekly-return.csv,external,dow-jones-weekly-return.csv:D009,3.282544420859218,dow-jones-weekly-return.csv:A0:cq=4;dow-jones-weekly-return.csv:A1:cq=4;dow-jones-weekly-return.csv:A4:cq=4,A1,fixed_linear,ELIGIBLE,dow-jones-weekly-return.csv:A1:cq=0.0625,0.0625,0.06614296413492886,0.10519275592231753,191,61.12,,,
dow-jones-weekly-return.csv,external,dow-jones-weekly-return.csv:D009,3.282544420859218,dow-jones-weekly-return.csv:A0:cq=4;dow-jones-weekly-return.csv:A1:cq=4;dow-jones-weekly-return.csv:A4:cq=4,A2,fixed_auto,ELIGIBLE,dow-jones-weekly-return.csv:A2:cq=0.0625,0.0625,0.06614296413492886,0.10519275592231753,191,61.12,,,
dow-jones-weekly-return.csv,external,dow-jones-weekly-return.csv:D009,3.282544420859218,dow-jones-weekly-return.csv:A0:cq=4;dow-jones-weekly-return.csv:A1:cq=4;dow-jones-weekly-return.csv:A4:cq=4,A3,adaptive_linear,ELIGIBLE,dow-jones-weekly-return.csv:A3:cq=0.0625,0.0625,0.06614296413492886,0.10519275592231753,191,61.12,,,
dow-jones-weekly-return.csv,external,dow-jones-weekly-return.csv:D009,3.282544420859218,dow-jones-weekly-return.csv:A0:cq=4;dow-jones-weekly-return.csv:A1:cq=4;dow-jones-weekly-return.csv:A4:cq=4,A4,adaptive_auto,ELIGIBLE,dow-jones-weekly-return.csv:A4:cq=0.0625,0.0625,0.06614296413492886,0.10519275592231753,191,61.12,A0,1.0,PRACTICAL_TIE
room-occupancy-count.csv,external,room-occupancy-count.csv:D001,0.016416849744945384,room-occupancy-count.csv:A0:cq=0.0625,A0,whole_linear,ELIGIBLE,room-occupancy-count.csv:A0:cq=0.0625,0.0625,0.016416849744945384,0.026570040368824266,10295,8.131108697798402,,,
room-occupancy-count.csv,external,room-occupancy-count.csv:D001,0.016416849744945384,room-occupancy-count.csv:A0:cq=0.0625,A1,fixed_linear,ELIGIBLE,room-occupancy-count.csv:A1:cq=0.125,0.125,0.005232796866803444,0.051123764365911484,17247,13.621877776680817,,,
room-occupancy-count.csv,external,room-occupancy-count.csv:D001,0.016416849744945384,room-occupancy-count.csv:A0:cq=0.0625,A2,fixed_auto,ELIGIBLE,room-occupancy-count.csv:A2:cq=0.25,0.25,0.0026976327928285057,0.023529767990112305,17247,13.621877776680817,,,
room-occupancy-count.csv,external,room-occupancy-count.csv:D001,0.016416849744945384,room-occupancy-count.csv:A0:cq=0.0625,A3,adaptive_linear,ELIGIBLE,room-occupancy-count.csv:A3:cq=0.25,0.25,0.013341396986923918,0.08593168156221509,13771,10.87649323723961,,,
room-occupancy-count.csv,external,room-occupancy-count.csv:D001,0.016416849744945384,room-occupancy-count.csv:A0:cq=0.0625,A4,adaptive_auto,ELIGIBLE,room-occupancy-count.csv:A4:cq=0.25,0.25,0.003265874076712447,0.03590226173400879,13771,10.87649323723961,A0,1.337639630888781,MATERIAL_LOSS
room-occupancy-count.csv,external,room-occupancy-count.csv:D002,0.0206962727756906,room-occupancy-count.csv:A1:cq=0.5,A0,whole_linear,ELIGIBLE,room-occupancy-count.csv:A0:cq=0.0625,0.0625,0.016416849744945384,0.026570040368824266,10295,8.131108697798402,,,
room-occupancy-count.csv,external,room-occupancy-count.csv:D002,0.0206962727756906,room-occupancy-count.csv:A1:cq=0.5,A1,fixed_linear,ELIGIBLE,room-occupancy-count.csv:A1:cq=0.125,0.125,0.005232796866803444,0.051123764365911484,17247,13.621877776680817,,,
room-occupancy-count.csv,external,room-occupancy-count.csv:D002,0.0206962727756906,room-occupancy-count.csv:A1:cq=0.5,A2,fixed_auto,ELIGIBLE,room-occupancy-count.csv:A2:cq=0.25,0.25,0.0026976327928285057,0.023529767990112305,17247,13.621877776680817,,,
room-occupancy-count.csv,external,room-occupancy-count.csv:D002,0.0206962727756906,room-occupancy-count.csv:A1:cq=0.5,A3,adaptive_linear,ELIGIBLE,room-occupancy-count.csv:A3:cq=0.25,0.25,0.013341396986923918,0.08593168156221509,13771,10.87649323723961,,,
room-occupancy-count.csv,external,room-occupancy-count.csv:D002,0.0206962727756906,room-occupancy-count.csv:A1:cq=0.5,A4,adaptive_auto,ELIGIBLE,room-occupancy-count.csv:A4:cq=0.25,0.25,0.003265874076712447,0.03590226173400879,13771,10.87649323723961,A0,1.337639630888781,MATERIAL_LOSS
room-occupancy-count.csv,external,room-occupancy-count.csv:D003,0.023139011126310394,room-occupancy-count.csv:A4:cq=2,A0,whole_linear,ELIGIBLE,room-occupancy-count.csv:A0:cq=0.0625,0.0625,0.016416849744945384,0.026570040368824266,10295,8.131108697798402,,,
room-occupancy-count.csv,external,room-occupancy-count.csv:D003,0.023139011126310394,room-occupancy-count.csv:A4:cq=2,A1,fixed_linear,ELIGIBLE,room-occupancy-count.csv:A1:cq=0.125,0.125,0.005232796866803444,0.051123764365911484,17247,13.621877776680817,,,
room-occupancy-count.csv,external,room-occupancy-count.csv:D003,0.023139011126310394,room-occupancy-count.csv:A4:cq=2,A2,fixed_auto,ELIGIBLE,room-occupancy-count.csv:A2:cq=0.25,0.25,0.0026976327928285057,0.023529767990112305,17247,13.621877776680817,,,
room-occupancy-count.csv,external,room-occupancy-count.csv:D003,0.023139011126310394,room-occupancy-count.csv:A4:cq=2,A3,adaptive_linear,ELIGIBLE,room-occupancy-count.csv:A3:cq=0.25,0.25,0.013341396986923918,0.08593168156221509,13771,10.87649323723961,,,
room-occupancy-count.csv,external,room-occupancy-count.csv:D003,0.023139011126310394,room-occupancy-count.csv:A4:cq=2,A4,adaptive_auto,ELIGIBLE,room-occupancy-count.csv:A4:cq=0.25,0.25,0.003265874076712447,0.03590226173400879,13771,10.87649323723961,A0,1.337639630888781,MATERIAL_LOSS
room-occupancy-count.csv,external,room-occupancy-count.csv:D004,0.03017948629084564,room-occupancy-count.csv:A0:cq=0.125,A0,whole_linear,ELIGIBLE,room-occupancy-count.csv:A0:cq=0.0625,0.0625,0.016416849744945384,0.026570040368824266,10295,8.131108697798402,,,
room-occupancy-count.csv,external,room-occupancy-count.csv:D004,0.03017948629084564,room-occupancy-count.csv:A0:cq=0.125,A1,fixed_linear,ELIGIBLE,room-occupancy-count.csv:A1:cq=0.125,0.125,0.005232796866803444,0.051123764365911484,17247,13.621877776680817,,,
room-occupancy-count.csv,external,room-occupancy-count.csv:D004,0.03017948629084564,room-occupancy-count.csv:A0:cq=0.125,A2,fixed_auto,ELIGIBLE,room-occupancy-count.csv:A2:cq=0.25,0.25,0.0026976327928285057,0.023529767990112305,17247,13.621877776680817,,,
room-occupancy-count.csv,external,room-occupancy-count.csv:D004,0.03017948629084564,room-occupancy-count.csv:A0:cq=0.125,A3,adaptive_linear,ELIGIBLE,room-occupancy-count.csv:A3:cq=0.25,0.25,0.013341396986923918,0.08593168156221509,13771,10.87649323723961,,,
room-occupancy-count.csv,external,room-occupancy-count.csv:D004,0.03017948629084564,room-occupancy-count.csv:A0:cq=0.125,A4,adaptive_auto,ELIGIBLE,room-occupancy-count.csv:A4:cq=0.25,0.25,0.003265874076712447,0.03590226173400879,13771,10.87649323723961,A0,1.337639630888781,MATERIAL_LOSS
room-occupancy-count.csv,external,room-occupancy-count.csv:D005,0.04237518922080826,room-occupancy-count.csv:A1:cq=1,A0,whole_linear,ELIGIBLE,room-occupancy-count.csv:A0:cq=0.0625,0.0625,0.016416849744945384,0.026570040368824266,10295,8.131108697798402,,,
room-occupancy-count.csv,external,room-occupancy-count.csv:D005,0.04237518922080826,room-occupancy-count.csv:A1:cq=1,A1,fixed_linear,ELIGIBLE,room-occupancy-count.csv:A1:cq=0.125,0.125,0.005232796866803444,0.051123764365911484,17247,13.621877776680817,,,
room-occupancy-count.csv,external,room-occupancy-count.csv:D005,0.04237518922080826,room-occupancy-count.csv:A1:cq=1,A2,fixed_auto,ELIGIBLE,room-occupancy-count.csv:A2:cq=0.25,0.25,0.0026976327928285057,0.023529767990112305,17247,13.621877776680817,,,
room-occupancy-count.csv,external,room-occupancy-count.csv:D005,0.04237518922080826,room-occupancy-count.csv:A1:cq=1,A3,adaptive_linear,ELIGIBLE,room-occupancy-count.csv:A3:cq=0.25,0.25,0.013341396986923918,0.08593168156221509,13771,10.87649323723961,,,
room-occupancy-count.csv,external,room-occupancy-count.csv:D005,0.04237518922080826,room-occupancy-count.csv:A1:cq=1,A4,adaptive_auto,ELIGIBLE,room-occupancy-count.csv:A4:cq=0.25,0.25,0.003265874076712447,0.03590226173400879,13771,10.87649323723961,A0,1.337639630888781,MATERIAL_LOSS
room-occupancy-count.csv,external,room-occupancy-count.csv:D006,0.04293360385463985,room-occupancy-count.csv:A4:cq=4,A0,whole_linear,ELIGIBLE,room-occupancy-count.csv:A0:cq=0.0625,0.0625,0.016416849744945384,0.026570040368824266,10295,8.131108697798402,,,
room-occupancy-count.csv,external,room-occupancy-count.csv:D006,0.04293360385463985,room-occupancy-count.csv:A4:cq=4,A1,fixed_linear,ELIGIBLE,room-occupancy-count.csv:A1:cq=0.125,0.125,0.005232796866803444,0.051123764365911484,17247,13.621877776680817,,,
room-occupancy-count.csv,external,room-occupancy-count.csv:D006,0.04293360385463985,room-occupancy-count.csv:A4:cq=4,A2,fixed_auto,ELIGIBLE,room-occupancy-count.csv:A2:cq=0.25,0.25,0.0026976327928285057,0.023529767990112305,17247,13.621877776680817,,,
room-occupancy-count.csv,external,room-occupancy-count.csv:D006,0.04293360385463985,room-occupancy-count.csv:A4:cq=4,A3,adaptive_linear,ELIGIBLE,room-occupancy-count.csv:A3:cq=0.25,0.25,0.013341396986923918,0.08593168156221509,13771,10.87649323723961,,,
room-occupancy-count.csv,external,room-occupancy-count.csv:D006,0.04293360385463985,room-occupancy-count.csv:A4:cq=4,A4,adaptive_auto,ELIGIBLE,room-occupancy-count.csv:A4:cq=0.25,0.25,0.003265874076712447,0.03590226173400879,13771,10.87649323723961,A0,1.337639630888781,MATERIAL_LOSS
tetouan-zone1-power.csv,external,tetouan-zone1-power.csv:D001,128.79370757758977,tetouan-zone1-power.csv:A0:cq=0.0625,A0,whole_linear,ELIGIBLE,tetouan-zone1-power.csv:A0:cq=0.0625,0.0625,128.79370757758977,222.82529581059134,52582,8.025335775335776,,,
tetouan-zone1-power.csv,external,tetouan-zone1-power.csv:D001,128.79370757758977,tetouan-zone1-power.csv:A0:cq=0.0625,A1,fixed_linear,ELIGIBLE,tetouan-zone1-power.csv:A1:cq=0.0625,0.0625,58.93537507493662,206.40453922363304,88574,13.51862026862027,,,
tetouan-zone1-power.csv,external,tetouan-zone1-power.csv:D001,128.79370757758977,tetouan-zone1-power.csv:A0:cq=0.0625,A2,fixed_auto,ELIGIBLE,tetouan-zone1-power.csv:A2:cq=0.125,0.125,89.47137089444273,413.91415287109703,88574,13.51862026862027,,,
tetouan-zone1-power.csv,external,tetouan-zone1-power.csv:D001,128.79370757758977,tetouan-zone1-power.csv:A0:cq=0.0625,A3,adaptive_linear,ELIGIBLE,tetouan-zone1-power.csv:A3:cq=0.125,0.125,58.955152002526674,294.8134133300773,124610,19.018620268620268,,,
tetouan-zone1-power.csv,external,tetouan-zone1-power.csv:D001,128.79370757758977,tetouan-zone1-power.csv:A0:cq=0.0625,A4,adaptive_auto,ELIGIBLE,tetouan-zone1-power.csv:A4:cq=0.125,0.125,49.14464549999273,299.01173421875137,124610,19.018620268620268,A0,2.36982237267506,MATERIAL_LOSS
tetouan-zone1-power.csv,external,tetouan-zone1-power.csv:D002,197.046103880121,tetouan-zone1-power.csv:A4:cq=0.5,A0,whole_linear,ELIGIBLE,tetouan-zone1-power.csv:A0:cq=0.0625,0.0625,128.79370757758977,222.82529581059134,52582,8.025335775335776,,,
tetouan-zone1-power.csv,external,tetouan-zone1-power.csv:D002,197.046103880121,tetouan-zone1-power.csv:A4:cq=0.5,A1,fixed_linear,ELIGIBLE,tetouan-zone1-power.csv:A1:cq=0.0625,0.0625,58.93537507493662,206.40453922363304,88574,13.51862026862027,,,
tetouan-zone1-power.csv,external,tetouan-zone1-power.csv:D002,197.046103880121,tetouan-zone1-power.csv:A4:cq=0.5,A2,fixed_auto,ELIGIBLE,tetouan-zone1-power.csv:A2:cq=0.125,0.125,89.47137089444273,413.91415287109703,88574,13.51862026862027,,,
tetouan-zone1-power.csv,external,tetouan-zone1-power.csv:D002,197.046103880121,tetouan-zone1-power.csv:A4:cq=0.5,A3,adaptive_linear,ELIGIBLE,tetouan-zone1-power.csv:A3:cq=0.125,0.125,58.955152002526674,294.8134133300773,124610,19.018620268620268,,,
tetouan-zone1-power.csv,external,tetouan-zone1-power.csv:D002,197.046103880121,tetouan-zone1-power.csv:A4:cq=0.5,A4,adaptive_auto,ELIGIBLE,tetouan-zone1-power.csv:A4:cq=0.125,0.125,49.14464549999273,299.01173421875137,124610,19.018620268620268,A0,2.36982237267506,MATERIAL_LOSS
tetouan-zone1-power.csv,external,tetouan-zone1-power.csv:D003,234.74027712311357,tetouan-zone1-power.csv:A1:cq=0.25,A0,whole_linear,ELIGIBLE,tetouan-zone1-power.csv:A0:cq=0.0625,0.0625,128.79370757758977,222.82529581059134,52582,8.025335775335776,,,
tetouan-zone1-power.csv,external,tetouan-zone1-power.csv:D003,234.74027712311357,tetouan-zone1-power.csv:A1:cq=0.25,A1,fixed_linear,ELIGIBLE,tetouan-zone1-power.csv:A1:cq=0.0625,0.0625,58.93537507493662,206.40453922363304,88574,13.51862026862027,,,
tetouan-zone1-power.csv,external,tetouan-zone1-power.csv:D003,234.74027712311357,tetouan-zone1-power.csv:A1:cq=0.25,A2,fixed_auto,ELIGIBLE,tetouan-zone1-power.csv:A2:cq=0.125,0.125,89.47137089444273,413.91415287109703,88574,13.51862026862027,,,
tetouan-zone1-power.csv,external,tetouan-zone1-power.csv:D003,234.74027712311357,tetouan-zone1-power.csv:A1:cq=0.25,A3,adaptive_linear,ELIGIBLE,tetouan-zone1-power.csv:A3:cq=0.125,0.125,58.955152002526674,294.8134133300773,124610,19.018620268620268,,,
tetouan-zone1-power.csv,external,tetouan-zone1-power.csv:D003,234.74027712311357,tetouan-zone1-power.csv:A1:cq=0.25,A4,adaptive_auto,ELIGIBLE,tetouan-zone1-power.csv:A4:cq=0.125,0.125,49.14464549999273,299.01173421875137,124610,19.018620268620268,A0,2.36982237267506,MATERIAL_LOSS
tetouan-zone1-power.csv,external,tetouan-zone1-power.csv:D004,256.6738060444137,tetouan-zone1-power.csv:A0:cq=0.125,A0,whole_linear,ELIGIBLE,tetouan-zone1-power.csv:A0:cq=0.0625,0.0625,128.79370757758977,222.82529581059134,52582,8.025335775335776,,,
tetouan-zone1-power.csv,external,tetouan-zone1-power.csv:D004,256.6738060444137,tetouan-zone1-power.csv:A0:cq=0.125,A1,fixed_linear,ELIGIBLE,tetouan-zone1-power.csv:A1:cq=0.0625,0.0625,58.93537507493662,206.40453922363304,88574,13.51862026862027,,,
tetouan-zone1-power.csv,external,tetouan-zone1-power.csv:D004,256.6738060444137,tetouan-zone1-power.csv:A0:cq=0.125,A2,fixed_auto,ELIGIBLE,tetouan-zone1-power.csv:A2:cq=0.125,0.125,89.47137089444273,413.91415287109703,88574,13.51862026862027,,,
tetouan-zone1-power.csv,external,tetouan-zone1-power.csv:D004,256.6738060444137,tetouan-zone1-power.csv:A0:cq=0.125,A3,adaptive_linear,ELIGIBLE,tetouan-zone1-power.csv:A3:cq=0.125,0.125,58.955152002526674,294.8134133300773,124610,19.018620268620268,,,
tetouan-zone1-power.csv,external,tetouan-zone1-power.csv:D004,256.6738060444137,tetouan-zone1-power.csv:A0:cq=0.125,A4,adaptive_auto,ELIGIBLE,tetouan-zone1-power.csv:A4:cq=0.125,0.125,49.14464549999273,299.01173421875137,124610,19.018620268620268,A0,2.36982237267506,MATERIAL_LOSS
tetouan-zone1-power.csv,external,tetouan-zone1-power.csv:D005,386.94403415186184,tetouan-zone1-power.csv:A4:cq=1,A0,whole_linear,ELIGIBLE,tetouan-zone1-power.csv:A0:cq=0.0625,0.0625,128.79370757758977,222.82529581059134,52582,8.025335775335776,,,
tetouan-zone1-power.csv,external,tetouan-zone1-power.csv:D005,386.94403415186184,tetouan-zone1-power.csv:A4:cq=1,A1,fixed_linear,ELIGIBLE,tetouan-zone1-power.csv:A1:cq=0.0625,0.0625,58.93537507493662,206.40453922363304,88574,13.51862026862027,,,
tetouan-zone1-power.csv,external,tetouan-zone1-power.csv:D005,386.94403415186184,tetouan-zone1-power.csv:A4:cq=1,A2,fixed_auto,ELIGIBLE,tetouan-zone1-power.csv:A2:cq=0.125,0.125,89.47137089444273,413.91415287109703,88574,13.51862026862027,,,
tetouan-zone1-power.csv,external,tetouan-zone1-power.csv:D005,386.94403415186184,tetouan-zone1-power.csv:A4:cq=1,A3,adaptive_linear,ELIGIBLE,tetouan-zone1-power.csv:A3:cq=0.125,0.125,58.955152002526674,294.8134133300773,124610,19.018620268620268,,,
tetouan-zone1-power.csv,external,tetouan-zone1-power.csv:D005,386.94403415186184,tetouan-zone1-power.csv:A4:cq=1,A4,adaptive_auto,ELIGIBLE,tetouan-zone1-power.csv:A4:cq=0.125,0.125,49.14464549999273,299.01173421875137,124610,19.018620268620268,A0,2.36982237267506,MATERIAL_LOSS
tetouan-zone1-power.csv,external,tetouan-zone1-power.csv:D006,474.3404299889762,tetouan-zone1-power.csv:A1:cq=0.5,A0,whole_linear,ELIGIBLE,tetouan-zone1-power.csv:A0:cq=0.0625,0.0625,128.79370757758977,222.82529581059134,52582,8.025335775335776,,,
tetouan-zone1-power.csv,external,tetouan-zone1-power.csv:D006,474.3404299889762,tetouan-zone1-power.csv:A1:cq=0.5,A1,fixed_linear,ELIGIBLE,tetouan-zone1-power.csv:A1:cq=0.0625,0.0625,58.93537507493662,206.40453922363304,88574,13.51862026862027,,,
tetouan-zone1-power.csv,external,tetouan-zone1-power.csv:D006,474.3404299889762,tetouan-zone1-power.csv:A1:cq=0.5,A2,fixed_auto,ELIGIBLE,tetouan-zone1-power.csv:A2:cq=0.125,0.125,89.47137089444273,413.91415287109703,88574,13.51862026862027,,,
tetouan-zone1-power.csv,external,tetouan-zone1-power.csv:D006,474.3404299889762,tetouan-zone1-power.csv:A1:cq=0.5,A3,adaptive_linear,ELIGIBLE,tetouan-zone1-power.csv:A3:cq=0.125,0.125,58.955152002526674,294.8134133300773,124610,19.018620268620268,,,
tetouan-zone1-power.csv,external,tetouan-zone1-power.csv:D006,474.3404299889762,tetouan-zone1-power.csv:A1:cq=0.5,A4,adaptive_auto,ELIGIBLE,tetouan-zone1-power.csv:A4:cq=0.125,0.125,49.14464549999273,299.01173421875137,124610,19.018620268620268,A0,2.36982237267506,MATERIAL_LOSS
tetouan-zone1-power.csv,external,tetouan-zone1-power.csv:D007,513.758373715414,tetouan-zone1-power.csv:A0:cq=0.25,A0,whole_linear,ELIGIBLE,tetouan-zone1-power.csv:A0:cq=0.0625,0.0625,128.79370757758977,222.82529581059134,52582,8.025335775335776,,,
tetouan-zone1-power.csv,external,tetouan-zone1-power.csv:D007,513.758373715414,tetouan-zone1-power.csv:A0:cq=0.25,A1,fixed_linear,ELIGIBLE,tetouan-zone1-power.csv:A1:cq=0.0625,0.0625,58.93537507493662,206.40453922363304,88574,13.51862026862027,,,
tetouan-zone1-power.csv,external,tetouan-zone1-power.csv:D007,513.758373715414,tetouan-zone1-power.csv:A0:cq=0.25,A2,fixed_auto,ELIGIBLE,tetouan-zone1-power.csv:A2:cq=0.125,0.125,89.47137089444273,413.91415287109703,88574,13.51862026862027,,,
tetouan-zone1-power.csv,external,tetouan-zone1-power.csv:D007,513.758373715414,tetouan-zone1-power.csv:A0:cq=0.25,A3,adaptive_linear,ELIGIBLE,tetouan-zone1-power.csv:A3:cq=0.125,0.125,58.955152002526674,294.8134133300773,124610,19.018620268620268,,,
tetouan-zone1-power.csv,external,tetouan-zone1-power.csv:D007,513.758373715414,tetouan-zone1-power.csv:A0:cq=0.25,A4,adaptive_auto,ELIGIBLE,tetouan-zone1-power.csv:A4:cq=0.125,0.125,49.14464549999273,299.01173421875137,124610,19.018620268620268,A0,2.36982237267506,MATERIAL_LOSS
tetouan-zone1-power.csv,external,tetouan-zone1-power.csv:D008,860.3513728123635,tetouan-zone1-power.csv:A4:cq=2,A0,whole_linear,ELIGIBLE,tetouan-zone1-power.csv:A0:cq=0.0625,0.0625,128.79370757758977,222.82529581059134,52582,8.025335775335776,,,
tetouan-zone1-power.csv,external,tetouan-zone1-power.csv:D008,860.3513728123635,tetouan-zone1-power.csv:A4:cq=2,A1,fixed_linear,ELIGIBLE,tetouan-zone1-power.csv:A1:cq=0.0625,0.0625,58.93537507493662,206.40453922363304,88574,13.51862026862027,,,
tetouan-zone1-power.csv,external,tetouan-zone1-power.csv:D008,860.3513728123635,tetouan-zone1-power.csv:A4:cq=2,A2,fixed_auto,ELIGIBLE,tetouan-zone1-power.csv:A2:cq=0.125,0.125,89.47137089444273,413.91415287109703,88574,13.51862026862027,,,
tetouan-zone1-power.csv,external,tetouan-zone1-power.csv:D008,860.3513728123635,tetouan-zone1-power.csv:A4:cq=2,A3,adaptive_linear,ELIGIBLE,tetouan-zone1-power.csv:A3:cq=0.125,0.125,58.955152002526674,294.8134133300773,124610,19.018620268620268,,,
tetouan-zone1-power.csv,external,tetouan-zone1-power.csv:D008,860.3513728123635,tetouan-zone1-power.csv:A4:cq=2,A4,adaptive_auto,ELIGIBLE,tetouan-zone1-power.csv:A4:cq=0.125,0.125,49.14464549999273,299.01173421875137,124610,19.018620268620268,A0,2.36982237267506,MATERIAL_LOSS
tetouan-zone1-power.csv,external,tetouan-zone1-power.csv:D009,931.5702598856685,tetouan-zone1-power.csv:A1:cq=1,A0,whole_linear,ELIGIBLE,tetouan-zone1-power.csv:A0:cq=0.0625,0.0625,128.79370757758977,222.82529581059134,52582,8.025335775335776,,,
tetouan-zone1-power.csv,external,tetouan-zone1-power.csv:D009,931.5702598856685,tetouan-zone1-power.csv:A1:cq=1,A1,fixed_linear,ELIGIBLE,tetouan-zone1-power.csv:A1:cq=0.0625,0.0625,58.93537507493662,206.40453922363304,88574,13.51862026862027,,,
tetouan-zone1-power.csv,external,tetouan-zone1-power.csv:D009,931.5702598856685,tetouan-zone1-power.csv:A1:cq=1,A2,fixed_auto,ELIGIBLE,tetouan-zone1-power.csv:A2:cq=0.125,0.125,89.47137089444273,413.91415287109703,88574,13.51862026862027,,,
tetouan-zone1-power.csv,external,tetouan-zone1-power.csv:D009,931.5702598856685,tetouan-zone1-power.csv:A1:cq=1,A3,adaptive_linear,ELIGIBLE,tetouan-zone1-power.csv:A3:cq=0.125,0.125,58.955152002526674,294.8134133300773,124610,19.018620268620268,,,
tetouan-zone1-power.csv,external,tetouan-zone1-power.csv:D009,931.5702598856685,tetouan-zone1-power.csv:A1:cq=1,A4,adaptive_auto,ELIGIBLE,tetouan-zone1-power.csv:A4:cq=0.125,0.125,49.14464549999273,299.01173421875137,124610,19.018620268620268,A0,2.36982237267506,MATERIAL_LOSS
tetouan-zone1-power.csv,external,tetouan-zone1-power.csv:D010,1022.2163590019469,tetouan-zone1-power.csv:A0:cq=0.5,A0,whole_linear,ELIGIBLE,tetouan-zone1-power.csv:A0:cq=0.0625,0.0625,128.79370757758977,222.82529581059134,52582,8.025335775335776,,,
tetouan-zone1-power.csv,external,tetouan-zone1-power.csv:D010,1022.2163590019469,tetouan-zone1-power.csv:A0:cq=0.5,A1,fixed_linear,ELIGIBLE,tetouan-zone1-power.csv:A1:cq=0.0625,0.0625,58.93537507493662,206.40453922363304,88574,13.51862026862027,,,
tetouan-zone1-power.csv,external,tetouan-zone1-power.csv:D010,1022.2163590019469,tetouan-zone1-power.csv:A0:cq=0.5,A2,fixed_auto,ELIGIBLE,tetouan-zone1-power.csv:A2:cq=0.125,0.125,89.47137089444273,413.91415287109703,88574,13.51862026862027,,,
tetouan-zone1-power.csv,external,tetouan-zone1-power.csv:D010,1022.2163590019469,tetouan-zone1-power.csv:A0:cq=0.5,A3,adaptive_linear,ELIGIBLE,tetouan-zone1-power.csv:A3:cq=0.125,0.125,58.955152002526674,294.8134133300773,124610,19.018620268620268,,,
tetouan-zone1-power.csv,external,tetouan-zone1-power.csv:D010,1022.2163590019469,tetouan-zone1-power.csv:A0:cq=0.5,A4,adaptive_auto,ELIGIBLE,tetouan-zone1-power.csv:A4:cq=0.125,0.125,49.14464549999273,299.01173421875137,124610,19.018620268620268,A0,2.36982237267506,MATERIAL_LOSS
tetouan-zone1-power.csv,external,tetouan-zone1-power.csv:D011,1347.5658735855989,tetouan-zone1-power.csv:A4:cq=4,A0,whole_linear,ELIGIBLE,tetouan-zone1-power.csv:A0:cq=0.0625,0.0625,128.79370757758977,222.82529581059134,52582,8.025335775335776,,,
tetouan-zone1-power.csv,external,tetouan-zone1-power.csv:D011,1347.5658735855989,tetouan-zone1-power.csv:A4:cq=4,A1,fixed_linear,ELIGIBLE,tetouan-zone1-power.csv:A1:cq=0.0625,0.0625,58.93537507493662,206.40453922363304,88574,13.51862026862027,,,
tetouan-zone1-power.csv,external,tetouan-zone1-power.csv:D011,1347.5658735855989,tetouan-zone1-power.csv:A4:cq=4,A2,fixed_auto,ELIGIBLE,tetouan-zone1-power.csv:A2:cq=0.125,0.125,89.47137089444273,413.91415287109703,88574,13.51862026862027,,,
tetouan-zone1-power.csv,external,tetouan-zone1-power.csv:D011,1347.5658735855989,tetouan-zone1-power.csv:A4:cq=4,A3,adaptive_linear,ELIGIBLE,tetouan-zone1-power.csv:A3:cq=0.125,0.125,58.955152002526674,294.8134133300773,124610,19.018620268620268,,,
tetouan-zone1-power.csv,external,tetouan-zone1-power.csv:D011,1347.5658735855989,tetouan-zone1-power.csv:A4:cq=4,A4,adaptive_auto,ELIGIBLE,tetouan-zone1-power.csv:A4:cq=0.125,0.125,49.14464549999273,299.01173421875137,124610,19.018620268620268,A0,2.36982237267506,MATERIAL_LOSS
