point_id,dataset,evidence_group,architecture,architecture_name,C_Q,Q_MIN,n_samples,raw_bytes,encoded_bytes,bits_per_sample,compression_ratio,mse,rmse,max_abs_error,segment_count,mean_segment_length,min_segment_length_observed,max_segment_length_observed,mean_predictor_segments,linear_predictor_segments,rw_predictor_segments,global_and_context_bytes,segment_metadata_bytes,residual_block_metadata_bytes,residual_payload_bytes,structural_bytes,encode_time_ms,decode_time_ms
trend.csv:A0:cq=0.0625,trend.csv,internal,A0,whole_linear,0.0625,1e-06,200,1600,366,14.64,4.371584699453552,2.938427225065253e-14,1.714184128110295e-07,2.9653310562594015e-07,1,200.0,200,200,0,1,0,122,32,12,200,166,0.714418,0.160472
trend.csv:A1:cq=0.0625,trend.csv,internal,A1,fixed_linear,0.0625,1e-06,200,1600,498,19.92,3.21285140562249,2.813971920081926e-14,1.677489767504388e-07,2.8461217738140476e-07,4,50.0,8,64,0,4,0,122,128,48,200,298,0.732792,0.153851
trend.csv:A2:cq=0.0625,trend.csv,internal,A2,fixed_auto,0.0625,1e-06,200,1600,498,19.92,3.21285140562249,2.813971920081926e-14,1.677489767504388e-07,2.8461217738140476e-07,4,50.0,8,64,0,4,0,122,128,48,200,298,1.327259,0.142902
trend.csv:A3:cq=0.0625,trend.csv,internal,A3,adaptive_linear,0.0625,1e-06,200,1600,410,16.4,3.902439024390244,2.938427280249448e-14,1.7141841442066393e-07,2.9653310562594015e-07,2,100.0,72,128,0,2,0,122,64,24,200,210,4.333064,0.121636
trend.csv:A4:cq=0.0625,trend.csv,internal,A4,adaptive_auto,0.0625,1e-06,200,1600,410,16.4,3.902439024390244,2.938427280249448e-14,1.7141841442066393e-07,2.9653310562594015e-07,2,100.0,72,128,0,2,0,122,64,24,200,210,4.873418,0.125233
trend.csv:A0:cq=0.125,trend.csv,internal,A0,whole_linear,0.125,1e-06,200,1600,366,14.64,4.371584699453552,2.938427225065253e-14,1.714184128110295e-07,2.9653310562594015e-07,1,200.0,200,200,0,1,0,122,32,12,200,166,0.568243,0.11611
trend.csv:A1:cq=0.125,trend.csv,internal,A1,fixed_linear,0.125,1e-06,200,1600,498,19.92,3.21285140562249,2.813971920081926e-14,1.677489767504388e-07,2.8461217738140476e-07,4,50.0,8,64,0,4,0,122,128,48,200,298,0.599134,0.133585
trend.csv:A2:cq=0.125,trend.csv,internal,A2,fixed_auto,0.125,1e-06,200,1600,498,19.92,3.21285140562249,2.813971920081926e-14,1.677489767504388e-07,2.8461217738140476e-07,4,50.0,8,64,0,4,0,122,128,48,200,298,1.19009,0.131383
trend.csv:A3:cq=0.125,trend.csv,internal,A3,adaptive_linear,0.125,1e-06,200,1600,410,16.4,3.902439024390244,2.938427280249448e-14,1.7141841442066393e-07,2.9653310562594015e-07,2,100.0,72,128,0,2,0,122,64,24,200,210,4.301728,0.125114
trend.csv:A4:cq=0.125,trend.csv,internal,A4,adaptive_auto,0.125,1e-06,200,1600,410,16.4,3.902439024390244,2.938427280249448e-14,1.7141841442066393e-07,2.9653310562594015e-07,2,100.0,72,128,0,2,0,122,64,24,200,210,4.873743,0.126625
trend.csv:A0:cq=0.25,trend.csv,internal,A0,whole_linear,0.25,1e-06,200,1600,366,14.64,4.371584699453552,2.938427225065253e-14,1.714184128110295e-07,2.9653310562594015e-07,1,200.0,200,200,0,1,0,122,32,12,200,166,0.568879,0.118611
trend.csv:A1:cq=0.25,trend.csv,internal,A1,fixed_linear,0.25,1e-06,200,1600,498,19.92,3.21285140562249,2.813971920081926e-14,1.677489767504388e-07,2.8461217738140476e-07,4,50.0,8,64,0,4,0,122,128,48,200,298,0.598276,0.132761
trend.csv:A2:cq=0.25,trend.csv,internal,A2,fixed_auto,0.25,1e-06,200,1600,498,19.92,3.21285140562249,2.813971920081926e-14,1.677489767504388e-07,2.8461217738140476e-07,4,50.0,8,64,0,4,0,122,128,48,200,298,1.188774,0.130818
trend.csv:A3:cq=0.25,trend.csv,internal,A3,adaptive_linear,0.25,1e-06,200,1600,410,16.4,3.902439024390244,2.938427280249448e-14,1.7141841442066393e-07,2.9653310562594015e-07,2,100.0,72,128,0,2,0,122,64,24,200,210,4.282576,0.122396
trend.csv:A4:cq=0.25,trend.csv,internal,A4,adaptive_auto,0.25,1e-06,200,1600,410,16.4,3.902439024390244,2.938427280249448e-14,1.7141841442066393e-07,2.9653310562594015e-07,2,100.0,72,128,0,2,0,122,64,24,200,210,4.876476,0.122364
trend.csv:A0:cq=0.5,trend.csv,internal,A0,whole_linear,0.5,1e-06,200,1600,366,14.64,4.371584699453552,2.938427225065253e-14,1.714184128110295e-07,2.9653310562594015e-07,1,200.0,200,200,0,1,0,122,32,12,200,166,0.560526,0.117997
trend.csv:A1:cq=0.5,trend.csv,internal,A1,fixed_linear,0.5,1e-06,200,1600,498,19.92,3.21285140562249,2.813971920081926e-14,1.677489767504388e-07,2.8461217738140476e-07,4,50.0,8,64,0,4,0,122,128,48,200,298,0.599586,0.131714
trend.csv:A2:cq=0.5,trend.csv,internal,A2,fixed_auto,0.5,1e-06,200,1600,498,19.92,3.21285140562249,2.813971920081926e-14,1.677489767504388e-07,2.8461217738140476e-07,4,50.0,8,64,0,4,0,122,128,48,200,298,1.182837,0.133271
trend.csv:A3:cq=0.5,trend.csv,internal,A3,adaptive_linear,0.5,1e-06,200,1600,410,16.4,3.902439024390244,2.938427280249448e-14,1.7141841442066393e-07,2.9653310562594015e-07,2,100.0,72,128,0,2,0,122,64,24,200,210,4.30053,0.122999
trend.csv:A4:cq=0.5,trend.csv,internal,A4,adaptive_auto,0.5,1e-06,200,1600,410,16.4,3.902439024390244,2.938427280249448e-14,1.7141841442066393e-07,2.9653310562594015e-07,2,100.0,72,128,0,2,0,122,64,24,200,210,4.883804,0.121942
trend.csv:A0:cq=1,trend.csv,internal,A0,whole_linear,1.0,1e-06,200,1600,366,14.64,4.371584699453552,2.938427225065253e-14,1.714184128110295e-07,2.9653310562594015e-07,1,200.0,200,200,0,1,0,122,32,12,200,166,0.56253,0.114884
trend.csv:A1:cq=1,trend.csv,internal,A1,fixed_linear,1.0,1e-06,200,1600,498,19.92,3.21285140562249,2.813971920081926e-14,1.677489767504388e-07,2.8461217738140476e-07,4,50.0,8,64,0,4,0,122,128,48,200,298,0.598895,0.133235
trend.csv:A2:cq=1,trend.csv,internal,A2,fixed_auto,1.0,1e-06,200,1600,498,19.92,3.21285140562249,2.813971920081926e-14,1.677489767504388e-07,2.8461217738140476e-07,4,50.0,8,64,0,4,0,122,128,48,200,298,1.184491,0.131753
trend.csv:A3:cq=1,trend.csv,internal,A3,adaptive_linear,1.0,1e-06,200,1600,410,16.4,3.902439024390244,2.938427280249448e-14,1.7141841442066393e-07,2.9653310562594015e-07,2,100.0,72,128,0,2,0,122,64,24,200,210,4.325152,0.123417
trend.csv:A4:cq=1,trend.csv,internal,A4,adaptive_auto,1.0,1e-06,200,1600,410,16.4,3.902439024390244,2.938427280249448e-14,1.7141841442066393e-07,2.9653310562594015e-07,2,100.0,72,128,0,2,0,122,64,24,200,210,4.883267,0.125361
trend.csv:A0:cq=2,trend.csv,internal,A0,whole_linear,2.0,1e-06,200,1600,366,14.64,4.371584699453552,2.938427225065253e-14,1.714184128110295e-07,2.9653310562594015e-07,1,200.0,200,200,0,1,0,122,32,12,200,166,0.558303,0.116653
trend.csv:A1:cq=2,trend.csv,internal,A1,fixed_linear,2.0,1e-06,200,1600,498,19.92,3.21285140562249,2.813971920081926e-14,1.677489767504388e-07,2.8461217738140476e-07,4,50.0,8,64,0,4,0,122,128,48,200,298,0.605412,0.133548
trend.csv:A2:cq=2,trend.csv,internal,A2,fixed_auto,2.0,1e-06,200,1600,498,19.92,3.21285140562249,2.813971920081926e-14,1.677489767504388e-07,2.8461217738140476e-07,4,50.0,8,64,0,4,0,122,128,48,200,298,1.183451,0.133208
trend.csv:A3:cq=2,trend.csv,internal,A3,adaptive_linear,2.0,1e-06,200,1600,410,16.4,3.902439024390244,2.938427280249448e-14,1.7141841442066393e-07,2.9653310562594015e-07,2,100.0,72,128,0,2,0,122,64,24,200,210,4.309999,0.12211
trend.csv:A4:cq=2,trend.csv,internal,A4,adaptive_auto,2.0,1e-06,200,1600,410,16.4,3.902439024390244,2.938427280249448e-14,1.7141841442066393e-07,2.9653310562594015e-07,2,100.0,72,128,0,2,0,122,64,24,200,210,4.907499,0.126033
trend.csv:A0:cq=4,trend.csv,internal,A0,whole_linear,4.0,1e-06,200,1600,366,14.64,4.371584699453552,2.938427225065253e-14,1.714184128110295e-07,2.9653310562594015e-07,1,200.0,200,200,0,1,0,122,32,12,200,166,0.559084,0.117104
trend.csv:A1:cq=4,trend.csv,internal,A1,fixed_linear,4.0,1e-06,200,1600,498,19.92,3.21285140562249,2.813971920081926e-14,1.677489767504388e-07,2.8461217738140476e-07,4,50.0,8,64,0,4,0,122,128,48,200,298,0.601694,0.132787
trend.csv:A2:cq=4,trend.csv,internal,A2,fixed_auto,4.0,1e-06,200,1600,498,19.92,3.21285140562249,2.813971920081926e-14,1.677489767504388e-07,2.8461217738140476e-07,4,50.0,8,64,0,4,0,122,128,48,200,298,1.183096,0.133429
trend.csv:A3:cq=4,trend.csv,internal,A3,adaptive_linear,4.0,1e-06,200,1600,410,16.4,3.902439024390244,2.938427280249448e-14,1.7141841442066393e-07,2.9653310562594015e-07,2,100.0,72,128,0,2,0,122,64,24,200,210,4.309834,0.123265
trend.csv:A4:cq=4,trend.csv,internal,A4,adaptive_auto,4.0,1e-06,200,1600,410,16.4,3.902439024390244,2.938427280249448e-14,1.7141841442066393e-07,2.9653310562594015e-07,2,100.0,72,128,0,2,0,122,64,24,200,210,5.004063,0.125954
sine_noise.csv:A0:cq=0.0625,sine_noise.csv,internal,A0,whole_linear,0.0625,1e-06,300,2400,466,12.426666666666666,5.150214592274678,0.00015043361939918906,0.012265138376683284,0.02186637837856531,1,300.0,300,300,0,1,0,122,32,12,300,166,0.835656,0.175372
sine_noise.csv:A1:cq=0.0625,sine_noise.csv,internal,A1,fixed_linear,0.0625,1e-06,300,2400,642,17.12,3.7383177570093458,0.00014268286830917054,0.011944993441152262,0.022696171007613064,5,60.0,44,64,0,5,0,122,160,60,300,342,0.886622,0.189304
sine_noise.csv:A2:cq=0.0625,sine_noise.csv,internal,A2,fixed_auto,0.0625,1e-06,300,2400,642,17.12,3.7383177570093458,0.00011334923177144823,0.010646559621372917,0.026834565742510308,5,60.0,44,64,0,3,2,122,160,60,300,342,1.767992,0.189757
sine_noise.csv:A3:cq=0.0625,sine_noise.csv,internal,A3,adaptive_linear,0.0625,1e-06,300,2400,686,18.293333333333333,3.498542274052478,0.00015648299193280643,0.012509316205644752,0.021906224709581035,6,50.0,41,64,0,6,0,122,192,72,300,386,3.077172,0.193062
sine_noise.csv:A4:cq=0.0625,sine_noise.csv,internal,A4,adaptive_auto,0.0625,1e-06,300,2400,686,18.293333333333333,3.498542274052478,9.569007261533485e-05,0.009782130269799868,0.026834565742510308,6,50.0,41,64,1,2,3,122,192,72,300,386,3.983296,0.1903
sine_noise.csv:A0:cq=0.125,sine_noise.csv,internal,A0,whole_linear,0.125,1e-06,300,2400,466,12.426666666666666,5.150214592274678,0.0006383622590530336,0.025265831849615276,0.04462791828289736,1,300.0,300,300,0,1,0,122,32,12,300,166,0.832304,0.175338
sine_noise.csv:A1:cq=0.125,sine_noise.csv,internal,A1,fixed_linear,0.125,1e-06,300,2400,642,17.12,3.7383177570093458,0.0005889755107304722,0.02426881766239287,0.045688268929485576,5,60.0,44,64,0,5,0,122,160,60,300,342,0.884598,0.188275
sine_noise.csv:A2:cq=0.125,sine_noise.csv,internal,A2,fixed_auto,0.125,1e-06,300,2400,642,17.12,3.7383177570093458,0.00046972244024390405,0.021673081004875704,0.04536105599043583,5,60.0,44,64,3,1,1,122,160,60,300,342,1.826796,0.484371
sine_noise.csv:A3:cq=0.125,sine_noise.csv,internal,A3,adaptive_linear,0.125,1e-06,300,2400,686,18.293333333333333,3.498542274052478,0.0006120718017441591,0.024740084917884965,0.04415741560184083,6,50.0,41,64,0,6,0,122,192,72,300,386,3.07932,0.195586
sine_noise.csv:A4:cq=0.125,sine_noise.csv,internal,A4,adaptive_auto,0.125,1e-06,300,2400,686,18.293333333333333,3.498542274052478,0.0005728108461808894,0.023933467073971742,0.04380318917334991,6,50.0,41,64,3,3,0,122,192,72,300,386,4.127818,0.188604
sine_noise.csv:A0:cq=0.25,sine_noise.csv,internal,A0,whole_linear,0.25,1e-06,300,2400,466,12.426666666666666,5.150214592274678,0.0028546223804330802,0.053428666279751735,0.08880561233709028,1,300.0,300,300,0,1,0,122,32,12,300,166,0.853773,0.177648
sine_noise.csv:A1:cq=0.25,sine_noise.csv,internal,A1,fixed_linear,0.25,1e-06,300,2400,642,17.12,3.7383177570093458,0.002312579056595972,0.04808928213849706,0.09084839693531,5,60.0,44,64,0,5,0,122,160,60,300,342,0.920719,0.184507
sine_noise.csv:A2:cq=0.25,sine_noise.csv,internal,A2,fixed_auto,0.25,1e-06,300,2400,642,17.12,3.7383177570093458,0.0016864655719914506,0.04106659922603101,0.09084839693531,5,60.0,44,64,0,3,2,122,160,60,300,342,1.755886,0.183588
sine_noise.csv:A3:cq=0.25,sine_noise.csv,internal,A3,adaptive_linear,0.25,1e-06,300,2400,686,18.293333333333333,3.498542274052478,0.002402254613293934,0.04901280050450019,0.08761914656143122,6,50.0,41,64,0,6,0,122,192,72,300,386,3.066338,0.193874
sine_noise.csv:A4:cq=0.25,sine_noise.csv,internal,A4,adaptive_auto,0.25,1e-06,300,2400,686,18.293333333333333,3.498542274052478,0.0015215740873758222,0.03900735940019296,0.08633121804245672,6,50.0,41,64,1,2,3,122,192,72,300,386,3.971689,0.193201
sine_noise.csv:A0:cq=0.5,sine_noise.csv,internal,A0,whole_linear,0.5,1e-06,300,2400,466,12.426666666666666,5.150214592274678,0.011287617243174926,0.10624319857372012,0.17855739601807907,1,300.0,300,300,0,1,0,122,32,12,300,166,0.823534,0.173283
sine_noise.csv:A1:cq=0.5,sine_noise.csv,internal,A1,fixed_linear,0.5,1e-06,300,2400,642,17.12,3.7383177570093458,0.007962540155358995,0.08923306649084181,0.18282823594172737,5,60.0,44,64,0,5,0,122,160,60,300,342,0.872138,0.182572
sine_noise.csv:A2:cq=0.5,sine_noise.csv,internal,A2,fixed_auto,0.5,1e-06,300,2400,642,17.12,3.7383177570093458,0.007700743389629807,0.08775387962722678,0.22685726275514606,5,60.0,44,64,1,3,1,122,160,60,300,342,1.799757,0.190009
sine_noise.csv:A3:cq=0.5,sine_noise.csv,internal,A3,adaptive_linear,0.5,1e-06,300,2400,686,18.293333333333333,3.498542274052478,0.009917831819198076,0.09958831165954203,0.17532619314479103,6,50.0,41,64,0,6,0,122,192,72,300,386,3.056957,0.191623
sine_noise.csv:A4:cq=0.5,sine_noise.csv,internal,A4,adaptive_auto,0.5,1e-06,300,2400,686,18.293333333333333,3.498542274052478,0.006916141743743927,0.08316334375038036,0.18020470503978037,6,50.0,41,64,1,2,3,122,192,72,300,386,3.990209,0.19063
sine_noise.csv:A0:cq=1,sine_noise.csv,internal,A0,whole_linear,1.0,1e-06,300,2400,466,12.426666666666666,5.150214592274678,0.041080399266588664,0.2026830019182385,0.3543106658312518,1,300.0,300,300,0,1,0,122,32,12,300,166,0.823522,0.171065
sine_noise.csv:A1:cq=1,sine_noise.csv,internal,A1,fixed_linear,1.0,1e-06,300,2400,642,17.12,3.7383177570093458,0.038259245462395425,0.1955997072144931,0.3606962990739716,5,60.0,44,64,0,5,0,122,160,60,300,342,0.872634,0.185901
sine_noise.csv:A2:cq=1,sine_noise.csv,internal,A2,fixed_auto,1.0,1e-06,300,2400,642,17.12,3.7383177570093458,0.027780963888412245,0.16667622472450067,0.37636577957796624,5,60.0,44,64,2,1,2,122,160,60,300,342,1.7582,0.177611
sine_noise.csv:A3:cq=1,sine_noise.csv,internal,A3,adaptive_linear,1.0,1e-06,300,2400,686,18.293333333333333,3.498542274052478,0.03714377168730657,0.19272719498635,0.3487320445189961,6,50.0,41,64,0,6,0,122,192,72,300,386,3.065164,0.190487
sine_noise.csv:A4:cq=1,sine_noise.csv,internal,A4,adaptive_auto,1.0,1e-06,300,2400,686,18.293333333333333,3.498542274052478,0.03476398463763905,0.18645102476961356,0.3519752825749739,6,50.0,41,64,2,3,1,122,192,72,300,386,3.945355,0.187094
sine_noise.csv:A0:cq=2,sine_noise.csv,internal,A0,whole_linear,2.0,1e-06,300,2400,466,12.426666666666666,5.150214592274678,0.2243425088789372,0.4736480854800716,0.7131855002147482,1,300.0,300,300,0,1,0,122,32,12,300,166,0.817605,0.17052
sine_noise.csv:A1:cq=2,sine_noise.csv,internal,A1,fixed_linear,2.0,1e-06,300,2400,642,17.12,3.7383177570093458,0.17564189362479482,0.4190965206546039,0.7185932316343896,5,60.0,44,64,0,5,0,122,160,60,300,342,0.876663,0.182426
sine_noise.csv:A2:cq=2,sine_noise.csv,internal,A2,fixed_auto,2.0,1e-06,300,2400,642,17.12,3.7383177570093458,0.11972002518674123,0.34600581669495273,0.7185932316343896,5,60.0,44,64,0,3,2,122,160,60,300,342,1.746928,0.1833
sine_noise.csv:A3:cq=2,sine_noise.csv,internal,A3,adaptive_linear,2.0,1e-06,300,2400,686,18.293333333333333,3.498542274052478,0.18827366092116338,0.4339051289408358,0.6899949714376415,6,50.0,41,64,0,6,0,122,192,72,300,386,3.070055,0.191517
sine_noise.csv:A4:cq=2,sine_noise.csv,internal,A4,adaptive_auto,2.0,1e-06,300,2400,686,18.293333333333333,3.498542274052478,0.1145859182960579,0.3385054184146214,0.7408653116172661,6,50.0,41,64,0,2,4,122,192,72,300,386,3.942583,0.19123
sine_noise.csv:A0:cq=4,sine_noise.csv,internal,A0,whole_linear,4.0,1e-06,300,2400,466,12.426666666666666,5.150214592274678,0.510647101841423,0.7145957611415164,1.3585920571617651,1,300.0,300,300,0,1,0,122,32,12,300,166,0.822451,0.165973
sine_noise.csv:A1:cq=4,sine_noise.csv,internal,A1,fixed_linear,4.0,1e-06,300,2400,642,17.12,3.7383177570093458,0.4253466111345905,0.6521860249457899,1.3603811029129287,5,60.0,44,64,0,5,0,122,160,60,300,342,0.867295,0.183141
sine_noise.csv:A2:cq=4,sine_noise.csv,internal,A2,fixed_auto,4.0,1e-06,300,2400,642,17.12,3.7383177570093458,0.4253466111345905,0.6521860249457899,1.3603811029129287,5,60.0,44,64,0,5,0,122,160,60,300,342,1.735585,0.182221
sine_noise.csv:A3:cq=4,sine_noise.csv,internal,A3,adaptive_linear,4.0,1e-06,300,2400,686,18.293333333333333,3.498542274052478,0.44302430629920964,0.6656007108614065,1.297452630071231,6,50.0,41,64,0,6,0,122,192,72,300,386,3.058255,0.18948
sine_noise.csv:A4:cq=4,sine_noise.csv,internal,A4,adaptive_auto,4.0,1e-06,300,2400,686,18.293333333333333,3.498542274052478,0.3957992352307873,0.6291257705982066,1.297452630071231,6,50.0,41,64,0,5,1,122,192,72,300,386,3.922776,0.189471
flat_spike.csv:A0:cq=0.0625,flat_spike.csv,internal,A0,whole_linear,0.0625,1e-06,300,2400,467,12.453333333333333,5.139186295503212,0.0008883463783343286,0.02980514013277456,0.05040809181856486,1,300.0,300,300,0,1,0,122,32,12,301,166,0.836085,0.179984
flat_spike.csv:A1:cq=0.0625,flat_spike.csv,internal,A1,fixed_linear,0.0625,1e-06,300,2400,642,17.12,3.7383177570093458,0.00045861672694410204,0.021415338590461325,0.08031513581710836,5,60.0,44,64,0,5,0,122,160,60,300,342,0.904131,0.187109
flat_spike.csv:A2:cq=0.0625,flat_spike.csv,internal,A2,fixed_auto,0.0625,1e-06,300,2400,642,17.12,3.7383177570093458,0.0003034738735554079,0.017420501529961985,0.08330990349589529,5,60.0,44,64,4,1,0,122,160,60,300,342,1.778278,0.177599
flat_spike.csv:A3:cq=0.0625,flat_spike.csv,internal,A3,adaptive_linear,0.0625,1e-06,300,2400,598,15.946666666666667,4.013377926421405,0.00014771511764887036,0.012153810828249317,0.05193491639569885,4,75.0,32,128,0,4,0,122,128,48,300,298,6.187863,0.186078
flat_spike.csv:A4:cq=0.0625,flat_spike.csv,internal,A4,adaptive_auto,0.0625,1e-06,300,2400,598,15.946666666666667,4.013377926421405,0.00014771511764887036,0.012153810828249317,0.05193491639569885,4,75.0,32,128,0,4,0,122,128,48,300,298,7.09509,0.188421
flat_spike.csv:A0:cq=0.125,flat_spike.csv,internal,A0,whole_linear,0.125,1e-06,300,2400,466,12.426666666666666,5.150214592274678,0.002980345041974076,0.05459253650430685,0.10083486667031946,1,300.0,300,300,0,1,0,122,32,12,300,166,0.83089,0.174999
flat_spike.csv:A1:cq=0.125,flat_spike.csv,internal,A1,fixed_linear,0.125,1e-06,300,2400,642,17.12,3.7383177570093458,0.001991859161036005,0.04463024939473233,0.15888934177604686,5,60.0,44,64,0,5,0,122,160,60,300,342,0.892896,0.190592
flat_spike.csv:A2:cq=0.125,flat_spike.csv,internal,A2,fixed_auto,0.125,1e-06,300,2400,642,17.12,3.7383177570093458,0.000563528502825187,0.023738755292247043,0.15281947408533725,5,60.0,44,64,2,2,1,122,160,60,300,342,1.76917,0.19224
flat_spike.csv:A3:cq=0.125,flat_spike.csv,internal,A3,adaptive_linear,0.125,1e-06,300,2400,598,15.946666666666667,4.013377926421405,0.0007319585626411379,0.027054732721672522,0.10459946143920895,4,75.0,32,128,0,4,0,122,128,48,300,298,6.213442,0.187317
flat_spike.csv:A4:cq=0.125,flat_spike.csv,internal,A4,adaptive_auto,0.125,1e-06,300,2400,598,15.946666666666667,4.013377926421405,0.0007319184242008963,0.02705399091078609,0.10459946143920895,4,75.0,32,128,2,2,0,122,128,48,300,298,7.093712,0.17763
flat_spike.csv:A0:cq=0.25,flat_spike.csv,internal,A0,whole_linear,0.25,1e-06,300,2400,466,12.426666666666666,5.150214592274678,0.01433217619749668,0.1197170672773798,0.20129126610378953,1,300.0,300,300,0,1,0,122,32,12,300,166,0.819906,0.173951
flat_spike.csv:A1:cq=0.25,flat_spike.csv,internal,A1,fixed_linear,0.25,1e-06,300,2400,642,17.12,3.7383177570093458,0.007116940282928209,0.08436195992820585,0.31946142495358704,5,60.0,44,64,0,5,0,122,160,60,300,342,0.883154,0.183981
flat_spike.csv:A2:cq=0.25,flat_spike.csv,internal,A2,fixed_auto,0.25,1e-06,300,2400,642,17.12,3.7383177570093458,0.006299769998437365,0.07937109044505666,0.32524322774969505,5,60.0,44,64,4,1,0,122,160,60,300,342,1.74635,0.185803
flat_spike.csv:A3:cq=0.25,flat_spike.csv,internal,A3,adaptive_linear,0.25,1e-06,300,2400,598,15.946666666666667,4.013377926421405,0.003066734744587337,0.055378107087434264,0.20350782233032216,4,75.0,32,128,0,4,0,122,128,48,300,298,6.151066,0.181631
flat_spike.csv:A4:cq=0.25,flat_spike.csv,internal,A4,adaptive_auto,0.25,1e-06,300,2400,598,15.946666666666667,4.013377926421405,0.00306664461380351,0.05537729330514006,0.20350782233032216,4,75.0,32,128,2,2,0,122,128,48,300,298,7.053353,0.180822
flat_spike.csv:A0:cq=0.5,flat_spike.csv,internal,A0,whole_linear,0.5,1e-06,300,2400,466,12.426666666666666,5.150214592274678,0.07732663527944944,0.27807667158438415,0.40164902954303244,1,300.0,300,300,0,1,0,122,32,12,300,166,0.823026,0.170584
flat_spike.csv:A1:cq=0.5,flat_spike.csv,internal,A1,fixed_linear,0.5,1e-06,300,2400,642,17.12,3.7383177570093458,0.03179747878683564,0.17831847573046278,0.6438536474484176,5,60.0,44,64,0,5,0,122,160,60,300,342,0.878281,0.186582
flat_spike.csv:A2:cq=0.5,flat_spike.csv,internal,A2,fixed_auto,0.5,1e-06,300,2400,642,17.12,3.7383177570093458,0.018726014153207966,0.1368430274190394,0.6571517036090091,5,60.0,44,64,5,0,0,122,160,60,300,342,1.732276,0.180138
flat_spike.csv:A3:cq=0.5,flat_spike.csv,internal,A3,adaptive_linear,0.5,1e-06,300,2400,598,15.946666666666667,4.013377926421405,0.011224301276598719,0.1059448029711638,0.4148313471976621,4,75.0,32,128,0,4,0,122,128,48,300,298,6.333286,0.183626
flat_spike.csv:A4:cq=0.5,flat_spike.csv,internal,A4,adaptive_auto,0.5,1e-06,300,2400,598,15.946666666666667,4.013377926421405,0.008301238461131689,0.09111113247639768,0.5874046398628341,4,75.0,32,128,1,2,1,122,128,48,300,298,7.023659,0.175434
flat_spike.csv:A0:cq=1,flat_spike.csv,internal,A0,whole_linear,1.0,1e-06,300,2400,466,12.426666666666666,5.150214592274678,0.2904270612446928,0.538912851252123,0.7950126361636283,1,300.0,300,300,0,1,0,122,32,12,300,166,0.825912,0.172078
flat_spike.csv:A1:cq=1,flat_spike.csv,internal,A1,fixed_linear,1.0,1e-06,300,2400,642,17.12,3.7383177570093458,0.14762928044308232,0.3842255593308211,1.275954392335925,5,60.0,44,64,0,5,0,122,160,60,300,342,0.87529,0.183477
flat_spike.csv:A2:cq=1,flat_spike.csv,internal,A2,fixed_auto,1.0,1e-06,300,2400,642,17.12,3.7383177570093458,0.05975761215544221,0.24445370145580167,1.333159451828247,5,60.0,44,64,2,3,0,122,160,60,300,342,1.760106,0.189256
flat_spike.csv:A3:cq=1,flat_spike.csv,internal,A3,adaptive_linear,1.0,1e-06,300,2400,598,15.946666666666667,4.013377926421405,0.039867742824784065,0.19966908329729985,0.8188968681418762,4,75.0,32,128,0,4,0,122,128,48,300,298,6.160366,0.184727
flat_spike.csv:A4:cq=1,flat_spike.csv,internal,A4,adaptive_auto,1.0,1e-06,300,2400,598,15.946666666666667,4.013377926421405,0.03986757771821473,0.19966866984636006,0.8188968681418762,4,75.0,32,128,1,3,0,122,128,48,300,298,7.198901,0.18615
flat_spike.csv:A0:cq=2,flat_spike.csv,internal,A0,whole_linear,2.0,1e-06,300,2400,466,12.426666666666666,5.150214592274678,0.3795146491585466,0.6160476029971601,1.6084334778043878,1,300.0,300,300,0,1,0,122,32,12,300,166,0.833563,0.171422
flat_spike.csv:A1:cq=2,flat_spike.csv,internal,A1,fixed_linear,2.0,1e-06,300,2400,642,17.12,3.7383177570093458,0.678067484365931,0.8234485317042778,2.5799752112039265,5,60.0,44,64,0,5,0,122,160,60,300,342,0.875802,0.184051
flat_spike.csv:A2:cq=2,flat_spike.csv,internal,A2,fixed_auto,2.0,1e-06,300,2400,642,17.12,3.7383177570093458,0.6780668925578509,0.8234481723568587,2.5799752112039265,5,60.0,44,64,1,4,0,122,160,60,300,342,1.745309,0.18176
flat_spike.csv:A3:cq=2,flat_spike.csv,internal,A3,adaptive_linear,2.0,1e-06,300,2400,598,15.946666666666667,4.013377926421405,0.2039911864084151,0.451653834710185,1.6527247408407897,4,75.0,32,128,0,4,0,122,128,48,300,298,6.153496,0.178958
flat_spike.csv:A4:cq=2,flat_spike.csv,internal,A4,adaptive_auto,2.0,1e-06,300,2400,598,15.946666666666667,4.013377926421405,0.12087553838270408,0.34767159559375005,1.6527247408407897,4,75.0,32,128,0,3,1,122,128,48,300,298,7.021649,0.184778
flat_spike.csv:A0:cq=4,flat_spike.csv,internal,A0,whole_linear,4.0,1e-06,300,2400,466,12.426666666666666,5.150214592274678,0.648932943538205,0.8055637426909213,3.1615157950540054,1,300.0,300,300,0,1,0,122,32,12,300,166,0.827818,0.168389
flat_spike.csv:A1:cq=4,flat_spike.csv,internal,A1,fixed_linear,4.0,1e-06,300,2400,642,17.12,3.7383177570093458,1.4249745400332037,1.1937229745771016,4.717612729067658,5,60.0,44,64,0,5,0,122,160,60,300,342,0.870399,0.183459
flat_spike.csv:A2:cq=4,flat_spike.csv,internal,A2,fixed_auto,4.0,1e-06,300,2400,642,17.12,3.7383177570093458,0.09307812982536147,0.3050870856417254,2.1056710059146626,5,60.0,44,64,4,0,1,122,160,60,300,342,1.790806,0.181288
flat_spike.csv:A3:cq=4,flat_spike.csv,internal,A3,adaptive_linear,4.0,1e-06,300,2400,598,15.946666666666667,4.013377926421405,0.5266748651628125,0.7257236837549209,3.3468850870887756,4,75.0,32,128,0,4,0,122,128,48,300,298,6.25211,0.181232
flat_spike.csv:A4:cq=4,flat_spike.csv,internal,A4,adaptive_auto,4.0,1e-06,300,2400,598,15.946666666666667,4.013377926421405,0.3515140114431867,0.5928861707302564,2.965262832135397,4,75.0,32,128,0,3,1,122,128,48,300,298,7.025792,0.177937
appliances-energy.csv:A0:cq=0.0625,appliances-energy.csv,external,A0,whole_linear,0.0625,1e-06,19735,157880,20189,8.184038510260958,7.820100054485116,3.570206883475511,1.889499109149171,3.203238470334327,1,19735.0,19735,19735,0,1,0,122,32,12,20023,166,51.497287,10.605609
appliances-energy.csv:A1:cq=0.0625,appliances-energy.csv,external,A1,fixed_linear,0.0625,1e-06,19735,157880,33653,13.641955915885482,4.691409384007369,2.1872038733763004,1.4789198333162958,6.648971140384674,309,63.86731391585761,23,64,0,309,0,122,9888,3708,19935,13718,54.400672,10.350898
appliances-energy.csv:A2:cq=0.0625,appliances-energy.csv,external,A2,fixed_auto,0.0625,1e-06,19735,157880,33655,13.642766658221435,4.691130589808349,1.9389054990134018,1.3924458693297208,7.147266387939453,309,63.86731391585761,23,64,85,184,40,122,9888,3708,19937,13718,112.208195,10.191361
appliances-energy.csv:A3:cq=0.0625,appliances-energy.csv,external,A3,adaptive_linear,0.0625,1e-06,19735,157880,47100,19.09298201165442,3.3520169851380044,1.8014207947727086,1.3421701810026583,7.277503967285156,617,31.985413290113453,23,32,0,617,0,122,19744,7404,19830,27270,70.483594,12.024785
appliances-energy.csv:A4:cq=0.0625,appliances-energy.csv,external,A4,adaptive_auto,0.0625,1e-06,19735,157880,47100,19.09298201165442,3.3520169851380044,1.5538943846801498,1.2465530011516357,7.277503967285156,617,31.985413290113453,23,32,165,319,133,122,19744,7404,19830,27270,134.01825,11.883923
appliances-energy.csv:A0:cq=0.125,appliances-energy.csv,external,A0,whole_linear,0.125,1e-06,19735,157880,19903,8.068102356219914,7.932472491584183,13.324481869777852,3.6502714789146644,6.4071796466596425,1,19735.0,19735,19735,0,1,0,122,32,12,19737,166,51.521569,10.090988
appliances-energy.csv:A1:cq=0.125,appliances-energy.csv,external,A1,fixed_linear,0.125,1e-06,19735,157880,33453,13.560881682290347,4.71945714883568,8.908887753850482,2.9847759972652024,13.199344038963318,309,63.86731391585761,23,64,0,309,0,122,9888,3708,19735,13718,56.0374,10.360156
appliances-energy.csv:A2:cq=0.125,appliances-energy.csv,external,A2,fixed_auto,0.125,1e-06,19735,157880,33453,13.560881682290347,4.71945714883568,7.968991475974073,2.822940218278466,15.846904754638672,309,63.86731391585761,23,64,77,183,49,122,9888,3708,19735,13718,111.228653,10.181422
appliances-energy.csv:A3:cq=0.125,appliances-energy.csv,external,A3,adaptive_linear,0.125,1e-06,19735,157880,47005,19.05447175069673,3.358791617912988,7.398263289270915,2.7199748692351764,14.58502197265625,617,31.985413290113453,23,32,0,617,0,122,19744,7404,19735,27270,70.071654,11.900723
appliances-energy.csv:A4:cq=0.125,appliances-energy.csv,external,A4,adaptive_auto,0.125,1e-06,19735,157880,47005,19.05447175069673,3.358791617912988,6.441970435840386,2.538103708645568,15.05950927734375,617,31.985413290113453,23,32,180,297,140,122,19744,7404,19735,27270,129.955177,11.77109
appliances-energy.csv:A0:cq=0.25,appliances-energy.csv,external,A0,whole_linear,0.25,1e-06,19735,157880,19901,8.067291613883963,7.933269684940456,55.29923466141442,7.436345517888099,12.814285400963854,1,19735.0,19735,19735,0,1,0,122,32,12,19735,166,51.03094,10.075304
appliances-energy.csv:A1:cq=0.25,appliances-energy.csv,external,A1,fixed_linear,0.25,1e-06,19735,157880,33453,13.560881682290347,4.71945714883568,35.098572705844255,5.924404839799881,26.095528066158295,309,63.86731391585761,23,64,0,309,0,122,9888,3708,19735,13718,53.918574,10.177403
appliances-energy.csv:A2:cq=0.25,appliances-energy.csv,external,A2,fixed_auto,0.25,1e-06,19735,157880,33453,13.560881682290347,4.71945714883568,33.321085111304726,5.772441867295393,26.049152374267578,309,63.86731391585761,23,64,86,188,35,122,9888,3708,19735,13718,111.205548,10.077754
appliances-energy.csv:A3:cq=0.25,appliances-energy.csv,external,A3,adaptive_linear,0.25,1e-06,19735,157880,47005,19.05447175069673,3.358791617912988,28.417054203167133,5.330764879749165,27.797304153442383,617,31.985413290113453,23,32,0,617,0,122,19744,7404,19735,27270,67.903952,11.873339
appliances-energy.csv:A4:cq=0.25,appliances-energy.csv,external,A4,adaptive_auto,0.25,1e-06,19735,157880,47005,19.05447175069673,3.358791617912988,26.692867912050968,5.1665140967630165,30.81688690185547,617,31.985413290113453,23,32,169,338,110,122,19744,7404,19735,27270,128.679382,11.636851
appliances-energy.csv:A0:cq=0.5,appliances-energy.csv,external,A0,whole_linear,0.5,1e-06,19735,157880,19901,8.067291613883963,7.933269684940456,178.95115144304563,13.377262479410563,25.615081467898563,1,19735.0,19735,19735,0,1,0,122,32,12,19735,166,51.015481,10.082994
appliances-energy.csv:A1:cq=0.5,appliances-energy.csv,external,A1,fixed_linear,0.5,1e-06,19735,157880,33453,13.560881682290347,4.71945714883568,143.60690906977624,11.983610018261452,52.9276664853096,309,63.86731391585761,23,64,0,309,0,122,9888,3708,19735,13718,53.712684,10.118258
appliances-energy.csv:A2:cq=0.5,appliances-energy.csv,external,A2,fixed_auto,0.5,1e-06,19735,157880,33453,13.560881682290347,4.71945714883568,133.49774522916823,11.55412243440272,70.0,309,63.86731391585761,23,64,87,194,28,122,9888,3708,19735,13718,110.435399,9.949097
appliances-energy.csv:A3:cq=0.5,appliances-energy.csv,external,A3,adaptive_linear,0.5,1e-06,19735,157880,47005,19.05447175069673,3.358791617912988,115.46328484108159,10.74538435055171,60.303138732910156,617,31.985413290113453,23,32,0,617,0,122,19744,7404,19735,27270,66.828809,11.788112
appliances-energy.csv:A4:cq=0.5,appliances-energy.csv,external,A4,adaptive_auto,0.5,1e-06,19735,157880,47005,19.05447175069673,3.358791617912988,104.78392426573868,10.236401919900306,63.436492919921875,617,31.985413290113453,23,32,174,323,120,122,19744,7404,19735,27270,128.109605,11.614756
appliances-energy.csv:A0:cq=1,appliances-energy.csv,external,A0,whole_linear,1.0,1e-06,19735,157880,19901,8.067291613883963,7.933269684940456,1246.7134712382567,35.30882993301048,51.243601580004906,1,19735.0,19735,19735,0,1,0,122,32,12,19735,166,50.682294,10.082834
appliances-energy.csv:A1:cq=1,appliances-energy.csv,external,A1,fixed_linear,1.0,1e-06,19735,157880,33453,13.560881682290347,4.71945714883568,591.2305233292236,24.31523233138486,107.09135293960571,309,63.86731391585761,23,64,0,309,0,122,9888,3708,19735,13718,53.821955,10.093643
appliances-energy.csv:A2:cq=1,appliances-energy.csv,external,A2,fixed_auto,1.0,1e-06,19735,157880,33453,13.560881682290347,4.71945714883568,542.5497543941981,23.292697447788182,120.0,309,63.86731391585761,23,64,50,213,46,122,9888,3708,19735,13718,110.293614,10.017336
appliances-energy.csv:A3:cq=1,appliances-energy.csv,external,A3,adaptive_linear,1.0,1e-06,19735,157880,47005,19.05447175069673,3.358791617912988,493.3869021804498,22.212314201371495,120.86183166503906,617,31.985413290113453,23,32,0,617,0,122,19744,7404,19735,27270,66.767427,11.793969
appliances-energy.csv:A4:cq=1,appliances-energy.csv,external,A4,adaptive_auto,1.0,1e-06,19735,157880,47005,19.05447175069673,3.358791617912988,430.67356675244275,20.752676134716765,135.4660186767578,617,31.985413290113453,23,32,137,300,180,122,19744,7404,19735,27270,128.689275,11.721687
appliances-energy.csv:A0:cq=2,appliances-energy.csv,external,A0,whole_linear,2.0,1e-06,19735,157880,19901,8.067291613883963,7.933269684940456,1980.1147104306792,44.49847986651543,102.44073334924178,1,19735.0,19735,19735,0,1,0,122,32,12,19735,166,50.52989,9.985919
appliances-energy.csv:A1:cq=2,appliances-energy.csv,external,A1,fixed_linear,2.0,1e-06,19735,157880,33453,13.560881682290347,4.71945714883568,1869.390099313075,43.236444110415405,211.3221219778061,309,63.86731391585761,23,64,0,309,0,122,9888,3708,19735,13718,53.430379,10.02944
appliances-energy.csv:A2:cq=2,appliances-energy.csv,external,A2,fixed_auto,2.0,1e-06,19735,157880,33453,13.560881682290347,4.71945714883568,1714.4643723630315,41.40609100558795,251.52178955078125,309,63.86731391585761,23,64,88,175,46,122,9888,3708,19735,13718,110.015092,9.848288
appliances-energy.csv:A3:cq=2,appliances-energy.csv,external,A3,adaptive_linear,2.0,1e-06,19735,157880,47005,19.05447175069673,3.358791617912988,1687.2955794843942,41.07670361025084,238.7298355102539,617,31.985413290113453,23,32,0,617,0,122,19744,7404,19735,27270,66.51506,11.709171
appliances-energy.csv:A4:cq=2,appliances-energy.csv,external,A4,adaptive_auto,2.0,1e-06,19735,157880,47005,19.05447175069673,3.358791617912988,1462.8346325497735,38.247021224531636,329.0679626464844,617,31.985413290113453,23,32,161,362,94,122,19744,7404,19735,27270,147.409756,12.145696
appliances-energy.csv:A0:cq=4,appliances-energy.csv,external,A0,whole_linear,4.0,1e-06,19735,157880,19901,8.067291613883963,7.933269684940456,3672.143888903782,60.59821687891305,204.00667486869497,1,19735.0,19735,19735,0,1,0,122,32,12,19735,166,50.640659,9.929692
appliances-energy.csv:A1:cq=4,appliances-energy.csv,external,A1,fixed_linear,4.0,1e-06,19735,157880,33453,13.560881682290347,4.71945714883568,3533.664177869011,59.444631194658875,418.8340429663658,309,63.86731391585761,23,64,0,309,0,122,9888,3708,19735,13718,53.311957,9.981606
appliances-energy.csv:A2:cq=4,appliances-energy.csv,external,A2,fixed_auto,4.0,1e-06,19735,157880,33453,13.560881682290347,4.71945714883568,3424.958582239156,58.52314569671692,560.0,309,63.86731391585761,23,64,74,218,17,122,9888,3708,19735,13718,110.158305,9.815982
appliances-energy.csv:A3:cq=4,appliances-energy.csv,external,A3,adaptive_linear,4.0,1e-06,19735,157880,47005,19.05447175069673,3.358791617912988,3463.0431050556404,58.8476261633011,460.5238437652588,617,31.985413290113453,23,32,0,617,0,122,19744,7404,19735,27270,66.771785,11.668417
appliances-energy.csv:A4:cq=4,appliances-energy.csv,external,A4,adaptive_auto,4.0,1e-06,19735,157880,47005,19.05447175069673,3.358791617912988,3115.874233715464,55.82001642525255,460.5238437652588,617,31.985413290113453,23,32,133,416,68,122,19744,7404,19735,27270,127.839758,11.490867
metro-traffic.csv:A0:cq=0.0625,metro-traffic.csv,external,A0,whole_linear,0.0625,1e-06,48204,385632,48370,8.027549580947639,7.9725449658879475,1300.5649472860048,36.0633463129256,62.082089805044234,1,48204.0,48204,48204,0,1,0,122,32,12,48204,166,128.321859,26.005885
metro-traffic.csv:A1:cq=0.0625,metro-traffic.csv,external,A1,fixed_linear,0.0625,1e-06,48204,385632,81502,13.526180399966808,4.731564869573753,1130.3590684474705,33.62081302478378,71.93825054168701,754,63.93103448275862,12,64,0,754,0,122,24128,9048,48204,33298,133.188593,25.703931
metro-traffic.csv:A2:cq=0.0625,metro-traffic.csv,external,A2,fixed_auto,0.0625,1e-06,48204,385632,81565,13.53663596382043,4.727910255624349,993.3697404915916,31.51776864709162,109.96211624145508,754,63.93103448275862,12,64,216,380,158,122,24128,9048,48267,33298,276.267096,25.386376
metro-traffic.csv:A3:cq=0.0625,metro-traffic.csv,external,A3,adaptive_linear,0.0625,1e-06,48204,385632,114634,19.024811218985977,3.3640281242912224,974.6839836074306,31.219929269737793,79.54736137390137,1507,31.986728599867288,12,32,0,1507,0,122,48224,18084,48204,66430,166.80442,29.580673
metro-traffic.csv:A4:cq=0.0625,metro-traffic.csv,external,A4,adaptive_auto,0.0625,1e-06,48204,385632,114675,19.03161563355738,3.362825376062786,781.7277122276236,27.959393988919423,102.56661987304688,1507,31.986728599867288,12,32,350,669,488,122,48224,18084,48245,66430,317.827259,29.355967
metro-traffic.csv:A0:cq=0.125,metro-traffic.csv,external,A0,whole_linear,0.125,1e-06,48204,385632,48370,8.027549580947639,7.9725449658879475,5109.029922316401,71.47747842723889,124.16881188680418,1,48204.0,48204,48204,0,1,0,122,32,12,48204,166,128.572713,25.353527
metro-traffic.csv:A1:cq=0.125,metro-traffic.csv,external,A1,fixed_linear,0.125,1e-06,48204,385632,81502,13.526180399966808,4.731564869573753,4532.281575042631,67.32222200018825,144.0128583908081,754,63.93103448275862,12,64,0,754,0,122,24128,9048,48204,33298,135.583637,25.668867
metro-traffic.csv:A2:cq=0.125,metro-traffic.csv,external,A2,fixed_auto,0.125,1e-06,48204,385632,81502,13.526180399966808,4.731564869573753,3984.3013973976404,63.121322842583396,186.9319305419922,754,63.93103448275862,12,64,239,365,150,122,24128,9048,48204,33298,276.822461,24.966588
metro-traffic.csv:A3:cq=0.125,metro-traffic.csv,external,A3,adaptive_linear,0.125,1e-06,48204,385632,114634,19.024811218985977,3.3640281242912224,3856.6849336905093,62.10221359734699,158.43721771240234,1507,31.986728599867288,12,32,0,1507,0,122,48224,18084,48204,66430,166.861391,29.481561
metro-traffic.csv:A4:cq=0.125,metro-traffic.csv,external,A4,adaptive_auto,0.125,1e-06,48204,385632,114634,19.024811218985977,3.3640281242912224,3063.344035982592,55.34748445939157,241.084228515625,1507,31.986728599867288,12,32,329,656,522,122,48224,18084,48204,66430,317.303103,29.212309
metro-traffic.csv:A0:cq=0.25,metro-traffic.csv,external,A0,whole_linear,0.25,1e-06,48204,385632,48370,8.027549580947639,7.9725449658879475,19377.3919161575,139.2027008220656,248.34813211788423,1,48204.0,48204,48204,0,1,0,122,32,12,48204,166,126.886677,25.095071
metro-traffic.csv:A1:cq=0.25,metro-traffic.csv,external,A1,fixed_linear,0.25,1e-06,48204,385632,81502,13.526180399966808,4.731564869573753,18210.042918203377,134.9445920302232,291.1470775604248,754,63.93103448275862,12,64,0,754,0,122,24128,9048,48204,33298,134.838635,25.48366
metro-traffic.csv:A2:cq=0.25,metro-traffic.csv,external,A2,fixed_auto,0.25,1e-06,48204,385632,81502,13.526180399966808,4.731564869573753,15723.306647550242,125.39261001969072,398.82373046875,754,63.93103448275862,12,64,244,339,171,122,24128,9048,48204,33298,273.04388,24.831871
metro-traffic.csv:A3:cq=0.25,metro-traffic.csv,external,A3,adaptive_linear,0.25,1e-06,48204,385632,114634,19.024811218985977,3.3640281242912224,15574.823510250588,124.79913265023355,323.18824195861816,1507,31.986728599867288,12,32,0,1507,0,122,48224,18084,48204,66430,164.434645,29.259742
metro-traffic.csv:A4:cq=0.25,metro-traffic.csv,external,A4,adaptive_auto,0.25,1e-06,48204,385632,114634,19.024811218985977,3.3640281242912224,12504.869071787596,111.8251719059157,420.5578918457031,1507,31.986728599867288,12,32,354,643,510,122,48224,18084,48204,66430,314.669947,28.93113
metro-traffic.csv:A0:cq=0.5,metro-traffic.csv,external,A0,whole_linear,0.5,1e-06,48204,385632,48370,8.027549580947639,7.9725449658879475,81359.1083516976,285.23518077491354,496.6952227624133,1,48204.0,48204,48204,0,1,0,122,32,12,48204,166,127.458226,25.05901
metro-traffic.csv:A1:cq=0.5,metro-traffic.csv,external,A1,fixed_linear,0.5,1e-06,48204,385632,81502,13.526180399966808,4.731564869573753,71996.40337112932,268.3214552940732,571.2182922363281,754,63.93103448275862,12,64,0,754,0,122,24128,9048,48204,33298,131.895655,25.183002
metro-traffic.csv:A2:cq=0.5,metro-traffic.csv,external,A2,fixed_auto,0.5,1e-06,48204,385632,81502,13.526180399966808,4.731564869573753,63122.26157346203,251.241440796422,871.408935546875,754,63.93103448275862,12,64,257,323,174,122,24128,9048,48204,33298,270.0213,24.661168
metro-traffic.csv:A3:cq=0.5,metro-traffic.csv,external,A3,adaptive_linear,0.5,1e-06,48204,385632,114634,19.024811218985977,3.3640281242912224,63197.536712925335,251.39120253685357,610.5976448059082,1507,31.986728599867288,12,32,0,1507,0,122,48224,18084,48204,66430,163.345472,29.077954
metro-traffic.csv:A4:cq=0.5,metro-traffic.csv,external,A4,adaptive_auto,0.5,1e-06,48204,385632,114634,19.024811218985977,3.3640281242912224,50356.187078386894,224.40184285871382,829.7301635742188,1507,31.986728599867288,12,32,356,616,535,122,48224,18084,48204,66430,313.972408,28.720582
metro-traffic.csv:A0:cq=1,metro-traffic.csv,external,A0,whole_linear,1.0,1e-06,48204,385632,48370,8.027549580947639,7.9725449658879475,376338.3835494631,613.4642479798339,993.3949779584073,1,48204.0,48204,48204,0,1,0,122,32,12,48204,166,127.527334,25.337085
metro-traffic.csv:A1:cq=1,metro-traffic.csv,external,A1,fixed_linear,1.0,1e-06,48204,385632,81502,13.526180399966808,4.731564869573753,309309.6667389173,556.1561531970291,1147.5421695709229,754,63.93103448275862,12,64,0,754,0,122,24128,9048,48204,33298,132.249506,25.18075
metro-traffic.csv:A2:cq=1,metro-traffic.csv,external,A2,fixed_auto,1.0,1e-06,48204,385632,81502,13.526180399966808,4.731564869573753,275220.47254264186,524.6145942905533,1913.94677734375,754,63.93103448275862,12,64,170,417,167,122,24128,9048,48204,33298,272.666384,26.863007
metro-traffic.csv:A3:cq=1,metro-traffic.csv,external,A3,adaptive_linear,1.0,1e-06,48204,385632,114634,19.024811218985977,3.3640281242912224,251105.644371038,501.1044246173027,1185.9143295288086,1507,31.986728599867288,12,32,0,1507,0,122,48224,18084,48204,66430,165.009066,29.059099
metro-traffic.csv:A4:cq=1,metro-traffic.csv,external,A4,adaptive_auto,1.0,1e-06,48204,385632,114634,19.024811218985977,3.3640281242912224,204831.5412966365,452.58318715639064,1643.0810546875,1507,31.986728599867288,12,32,299,682,526,122,48224,18084,48204,66430,313.857288,28.957039
metro-traffic.csv:A0:cq=2,metro-traffic.csv,external,A0,whole_linear,2.0,1e-06,48204,385632,48370,8.027549580947639,7.9725449658879475,1588530.3522436034,1260.3691333270597,1986.7742029686924,1,48204.0,48204,48204,0,1,0,122,32,12,48204,166,127.219136,25.327249
metro-traffic.csv:A1:cq=2,metro-traffic.csv,external,A1,fixed_linear,2.0,1e-06,48204,385632,81502,13.526180399966808,4.731564869573753,1418523.9957803946,1191.018050148861,2337.1138458251953,754,63.93103448275862,12,64,0,754,0,122,24128,9048,48204,33298,132.357454,25.11417
metro-traffic.csv:A2:cq=2,metro-traffic.csv,external,A2,fixed_auto,2.0,1e-06,48204,385632,81502,13.526180399966808,4.731564869573753,1230720.4264994056,1109.378396445237,3963.26025390625,754,63.93103448275862,12,64,170,351,233,122,24128,9048,48204,33298,269.833933,24.798434
metro-traffic.csv:A3:cq=2,metro-traffic.csv,external,A3,adaptive_linear,2.0,1e-06,48204,385632,114634,19.024811218985977,3.3640281242912224,1198917.1881086347,1094.9507697191846,2589.3025646209717,1507,31.986728599867288,12,32,0,1507,0,122,48224,18084,48204,66430,163.406888,29.163104
metro-traffic.csv:A4:cq=2,metro-traffic.csv,external,A4,adaptive_auto,2.0,1e-06,48204,385632,114634,19.024811218985977,3.3640281242912224,917929.1588211497,958.0861959245367,3370.665283203125,1507,31.986728599867288,12,32,189,643,675,122,48224,18084,48204,66430,312.950472,28.894564
metro-traffic.csv:A0:cq=4,metro-traffic.csv,external,A0,whole_linear,4.0,1e-06,48204,385632,48370,8.027549580947639,7.9725449658879475,3947311.987283806,1986.784333359765,3971.852682472905,1,48204.0,48204,48204,0,1,0,122,32,12,48204,166,125.408225,25.055202
metro-traffic.csv:A1:cq=4,metro-traffic.csv,external,A1,fixed_linear,4.0,1e-06,48204,385632,81502,13.526180399966808,4.731564869573753,3455822.7869820143,1858.984342855532,4224.2705078125,754,63.93103448275862,12,64,0,754,0,122,24128,9048,48204,33298,130.847038,24.694839
metro-traffic.csv:A2:cq=4,metro-traffic.csv,external,A2,fixed_auto,4.0,1e-06,48204,385632,81502,13.526180399966808,4.731564869573753,3338138.6680984767,1827.057379530943,5106.04736328125,754,63.93103448275862,12,64,12,649,93,122,24128,9048,48204,33298,269.343835,24.725958
metro-traffic.csv:A3:cq=4,metro-traffic.csv,external,A3,adaptive_linear,4.0,1e-06,48204,385632,114634,19.024811218985977,3.3640281242912224,2929151.259308889,1711.4763391028487,4459.778526306152,1507,31.986728599867288,12,32,0,1507,0,122,48224,18084,48204,66430,163.077562,28.63354
metro-traffic.csv:A4:cq=4,metro-traffic.csv,external,A4,adaptive_auto,4.0,1e-06,48204,385632,114634,19.024811218985977,3.3640281242912224,2732115.8050988554,1652.9113119277922,5272.40771484375,1507,31.986728599867288,12,32,25,1149,333,122,48224,18084,48204,66430,311.861236,28.870248
beijing-pm25.csv:A0:cq=0.0625,beijing-pm25.csv,external,A0,whole_linear,0.0625,1e-06,34139,273112,34557,8.097952488356425,7.903232340770321,2.1766255345977354,1.4753391252853478,2.5659190276346635,1,34139.0,34139,34139,0,1,0,122,32,12,34391,166,91.33895,18.532963
beijing-pm25.csv:A1:cq=0.0625,beijing-pm25.csv,external,A1,fixed_linear,0.0625,1e-06,34139,273112,57793,13.542986027710244,4.725693423078919,0.6723936543500166,0.8199961306921006,5.9634785652160645,534,63.93071161048689,27,64,0,534,0,122,17088,6408,34175,23618,95.719915,18.237933
beijing-pm25.csv:A2:cq=0.0625,beijing-pm25.csv,external,A2,fixed_auto,0.0625,1e-06,34139,273112,57820,13.549313102316999,4.7234866828087165,0.6258113346492195,0.791082381708264,6.2106170654296875,534,63.93071161048689,27,64,76,387,71,122,17088,6408,34202,23618,194.882655,18.261382
beijing-pm25.csv:A3:cq=0.0625,beijing-pm25.csv,external,A3,adaptive_linear,0.0625,1e-06,34139,273112,81240,19.037464483435368,3.3617922205809947,0.4190191572967384,0.6473168909403944,7.991610527038574,1067,31.995313964386128,27,32,0,1067,0,122,34144,12804,34170,47070,117.934503,21.052129
beijing-pm25.csv:A4:cq=0.0625,beijing-pm25.csv,external,A4,adaptive_auto,0.0625,1e-06,34139,273112,81272,19.044963238524854,3.360468550054139,0.36084164468588636,0.6007009611161667,7.991610527038574,1067,31.995313964386128,27,32,159,726,182,122,34144,12804,34202,47070,226.442778,20.901642
beijing-pm25.csv:A0:cq=0.125,beijing-pm25.csv,external,A0,whole_linear,0.125,1e-06,34139,273112,34306,8.03913412812326,7.961056374978138,8.78399070629264,2.963779800574368,5.13181347947102,1,34139.0,34139,34139,0,1,0,122,32,12,34140,166,91.647843,18.524868
beijing-pm25.csv:A1:cq=0.125,beijing-pm25.csv,external,A1,fixed_linear,0.125,1e-06,34139,273112,57757,13.53454992823457,4.728638952854199,2.6882495099610564,1.63958821353444,11.921498775482178,534,63.93071161048689,27,64,0,534,0,122,17088,6408,34139,23618,95.148574,18.238286
beijing-pm25.csv:A2:cq=0.125,beijing-pm25.csv,external,A2,fixed_auto,0.125,1e-06,34139,273112,57757,13.53454992823457,4.728638952854199,2.495111009632558,1.579592038987459,12.091552734375,534,63.93071161048689,27,64,69,401,64,122,17088,6408,34139,23618,198.473209,18.136986
beijing-pm25.csv:A3:cq=0.125,beijing-pm25.csv,external,A3,adaptive_linear,0.125,1e-06,34139,273112,81209,19.030200064442425,3.3630755211860754,1.641795997227507,1.2813258747202083,15.998075485229492,1067,31.995313964386128,27,32,0,1067,0,122,34144,12804,34139,47070,117.295687,21.175803
beijing-pm25.csv:A4:cq=0.125,beijing-pm25.csv,external,A4,adaptive_auto,0.125,1e-06,34139,273112,81209,19.030200064442425,3.3630755211860754,1.4351698784419258,1.1979857588644056,15.998075485229492,1067,31.995313964386128,27,32,144,746,177,122,34144,12804,34139,47070,224.828694,20.72836
beijing-pm25.csv:A0:cq=0.25,beijing-pm25.csv,external,A0,whole_linear,0.25,1e-06,34139,273112,34305,8.038899792026715,7.961288441918088,37.11239454474571,6.091994299467598,10.263810335221933,1,34139.0,34139,34139,0,1,0,122,32,12,34139,166,91.294006,18.241265
beijing-pm25.csv:A1:cq=0.25,beijing-pm25.csv,external,A1,fixed_linear,0.25,1e-06,34139,273112,57757,13.53454992823457,4.728638952854199,11.123270660781717,3.335156767047348,24.10261058807373,534,63.93071161048689,27,64,0,534,0,122,17088,6408,34139,23618,95.724874,17.889911
beijing-pm25.csv:A2:cq=0.25,beijing-pm25.csv,external,A2,fixed_auto,0.25,1e-06,34139,273112,57757,13.53454992823457,4.728638952854199,9.876004511596344,3.1426110977332757,27.713790893554688,534,63.93071161048689,27,64,81,389,64,122,17088,6408,34139,23618,194.146081,17.861295
beijing-pm25.csv:A3:cq=0.25,beijing-pm25.csv,external,A3,adaptive_linear,0.25,1e-06,34139,273112,81209,19.030200064442425,3.3630755211860754,6.505484459887931,2.550585121082598,29.258214950561523,1067,31.995313964386128,27,32,0,1067,0,122,34144,12804,34139,47070,116.244538,20.522449
beijing-pm25.csv:A4:cq=0.25,beijing-pm25.csv,external,A4,adaptive_auto,0.25,1e-06,34139,273112,81209,19.030200064442425,3.3630755211860754,5.5870278016492305,2.3636894469555916,29.258214950561523,1067,31.995313964386128,27,32,144,751,172,122,34144,12804,34139,47070,223.199612,20.400301
beijing-pm25.csv:A0:cq=0.5,beijing-pm25.csv,external,A0,whole_linear,0.5,1e-06,34139,273112,34305,8.038899792026715,7.961288441918088,145.08346494077335,12.045059773233728,20.525962427665945,1,34139.0,34139,34139,0,1,0,122,32,12,34139,166,90.567257,18.266804
beijing-pm25.csv:A1:cq=0.5,beijing-pm25.csv,external,A1,fixed_linear,0.5,1e-06,34139,273112,57757,13.53454992823457,4.728638952854199,44.28155765899494,6.654438943967774,48.12329721450806,534,63.93071161048689,27,64,0,534,0,122,17088,6408,34139,23618,93.792013,17.72307
beijing-pm25.csv:A2:cq=0.5,beijing-pm25.csv,external,A2,fixed_auto,0.5,1e-06,34139,273112,57757,13.53454992823457,4.728638952854199,38.38252265620077,6.195362996322392,50.23492431640625,534,63.93071161048689,27,64,76,392,66,122,17088,6408,34139,23618,193.534706,17.743555
beijing-pm25.csv:A3:cq=0.5,beijing-pm25.csv,external,A3,adaptive_linear,0.5,1e-06,34139,273112,81209,19.030200064442425,3.3630755211860754,26.090163464821003,5.107853116997493,64.35104656219482,1067,31.995313964386128,27,32,0,1067,0,122,34144,12804,34139,47070,116.645337,20.469791
beijing-pm25.csv:A4:cq=0.5,beijing-pm25.csv,external,A4,adaptive_auto,0.5,1e-06,34139,273112,81209,19.030200064442425,3.3630755211860754,21.923661069772866,4.682270930838247,63.374908447265625,1067,31.995313964386128,27,32,135,774,158,122,34144,12804,34139,47070,226.736075,20.458995
beijing-pm25.csv:A0:cq=1,beijing-pm25.csv,external,A0,whole_linear,1.0,1e-06,34139,273112,34305,8.038899792026715,7.961288441918088,522.2991894590417,22.853865963093458,41.04851289311773,1,34139.0,34139,34139,0,1,0,122,32,12,34139,166,92.580995,19.839249
beijing-pm25.csv:A1:cq=1,beijing-pm25.csv,external,A1,fixed_linear,1.0,1e-06,34139,273112,57757,13.53454992823457,4.728638952854199,174.46231643931145,13.208418392802049,96.20192337036133,534,63.93071161048689,27,64,0,534,0,122,17088,6408,34139,23618,109.078144,19.49016
beijing-pm25.csv:A2:cq=1,beijing-pm25.csv,external,A2,fixed_auto,1.0,1e-06,34139,273112,57757,13.53454992823457,4.728638952854199,155.3343095841199,12.463318562249778,96.22885131835938,534,63.93071161048689,27,64,89,368,77,122,17088,6408,34139,23618,191.999962,17.691523
beijing-pm25.csv:A3:cq=1,beijing-pm25.csv,external,A3,adaptive_linear,1.0,1e-06,34139,273112,81209,19.030200064442425,3.3630755211860754,110.36875216080007,10.505653342881635,128.62377452850342,1067,31.995313964386128,27,32,0,1067,0,122,34144,12804,34139,47070,115.814559,20.489842
beijing-pm25.csv:A4:cq=1,beijing-pm25.csv,external,A4,adaptive_auto,1.0,1e-06,34139,273112,81209,19.030200064442425,3.3630755211860754,87.36527024214729,9.346939084114505,112.49310302734375,1067,31.995313964386128,27,32,163,728,176,122,34144,12804,34139,47070,222.063812,20.385936
beijing-pm25.csv:A0:cq=2,beijing-pm25.csv,external,A0,whole_linear,2.0,1e-06,34139,273112,34305,8.038899792026715,7.961288441918088,2526.459083934079,50.26389443660408,82.10831625707215,1,34139.0,34139,34139,0,1,0,122,32,12,34139,166,90.043513,18.698206
beijing-pm25.csv:A1:cq=2,beijing-pm25.csv,external,A1,fixed_linear,2.0,1e-06,34139,273112,57757,13.53454992823457,4.728638952854199,747.0645280805718,27.332481191442753,191.18990182876587,534,63.93071161048689,27,64,0,534,0,122,17088,6408,34139,23618,94.031468,17.749467
beijing-pm25.csv:A2:cq=2,beijing-pm25.csv,external,A2,fixed_auto,2.0,1e-06,34139,273112,57757,13.53454992823457,4.728638952854199,652.0798117586334,25.535853456632957,191.18990182876587,534,63.93071161048689,27,64,69,372,93,122,17088,6408,34139,23618,196.920778,17.621869
beijing-pm25.csv:A3:cq=2,beijing-pm25.csv,external,A3,adaptive_linear,2.0,1e-06,34139,273112,81209,19.030200064442425,3.3630755211860754,450.14606955268914,21.21664604862628,209.14772605895996,1067,31.995313964386128,27,32,0,1067,0,122,34144,12804,34139,47070,116.039825,20.442067
beijing-pm25.csv:A4:cq=2,beijing-pm25.csv,external,A4,adaptive_auto,2.0,1e-06,34139,273112,81209,19.030200064442425,3.3630755211860754,354.57076363265816,18.830049485666738,236.24655151367188,1067,31.995313964386128,27,32,158,684,225,122,34144,12804,34139,47070,231.747166,20.291362
beijing-pm25.csv:A0:cq=4,beijing-pm25.csv,external,A0,whole_linear,4.0,1e-06,34139,273112,34305,8.038899792026715,7.961288441918088,4028.6229809546767,63.471434369759415,164.2169693215983,1,34139.0,34139,34139,0,1,0,122,32,12,34139,166,95.127188,18.142089
beijing-pm25.csv:A1:cq=4,beijing-pm25.csv,external,A1,fixed_linear,4.0,1e-06,34139,273112,57757,13.53454992823457,4.728638952854199,1770.0219918949626,42.07162929926725,352.9966244697571,534,63.93071161048689,27,64,0,534,0,122,17088,6408,34139,23618,93.001732,17.463244
beijing-pm25.csv:A2:cq=4,beijing-pm25.csv,external,A2,fixed_auto,4.0,1e-06,34139,273112,57757,13.53454992823457,4.728638952854199,1577.537150808027,39.718221898871896,352.579345703125,534,63.93071161048689,27,64,56,404,74,122,17088,6408,34139,23618,207.398284,17.440913
beijing-pm25.csv:A3:cq=4,beijing-pm25.csv,external,A3,adaptive_linear,4.0,1e-06,34139,273112,81209,19.030200064442425,3.3630755211860754,1111.4069343429796,33.33777038649975,495.9041986465454,1067,31.995313964386128,27,32,0,1067,0,122,34144,12804,34139,47070,116.250772,20.198275
beijing-pm25.csv:A4:cq=4,beijing-pm25.csv,external,A4,adaptive_auto,4.0,1e-06,34139,273112,81209,19.030200064442425,3.3630755211860754,966.5176331553637,31.088866707478477,494.0628662109375,1067,31.995313964386128,27,32,92,788,187,122,34144,12804,34139,47070,221.100269,23.432672
seoul-bike-demand.csv:A0:cq=0.0625,seoul-bike-demand.csv,external,A0,whole_linear,0.0625,1e-06,8760,70080,8943,8.167123287671233,7.83629654478363,119.83274007517343,10.94681415185137,18.939799576997757,1,8760.0,8760,8760,0,1,0,122,32,12,8777,166,22.872458,4.645792
seoul-bike-demand.csv:A1:cq=0.0625,seoul-bike-demand.csv,external,A1,fixed_linear,0.0625,1e-06,8760,70080,14912,13.618264840182649,4.6995708154506435,78.78491116942213,8.876086478252796,25.999337673187256,137,63.941605839416056,56,64,0,137,0,122,4384,1644,8762,6150,24.247015,4.675528
seoul-bike-demand.csv:A2:cq=0.0625,seoul-bike-demand.csv,external,A2,fixed_auto,0.0625,1e-06,8760,70080,14917,13.62283105022831,4.697995575517866,73.08957209403056,8.549243948679354,26.119285583496094,137,63.941605839416056,56,64,40,90,7,122,4384,1644,8767,6150,51.946256,4.625305
seoul-bike-demand.csv:A3:cq=0.0625,seoul-bike-demand.csv,external,A3,adaptive_linear,0.0625,1e-06,8760,70080,20941,19.12420091324201,3.346545055154959,70.26667501697138,8.382521996211604,26.13080596923828,274,31.970802919708028,24,32,0,274,0,122,8768,3288,8763,12178,29.950102,5.326611
seoul-bike-demand.csv:A4:cq=0.0625,seoul-bike-demand.csv,external,A4,adaptive_auto,0.0625,1e-06,8760,70080,20944,19.126940639269407,3.3460656990068753,60.5365247244004,7.7805221370034285,26.298099517822266,274,31.970802919708028,24,32,96,135,43,122,8768,3288,8766,12178,57.713437,5.235787
seoul-bike-demand.csv:A0:cq=0.125,seoul-bike-demand.csv,external,A0,whole_linear,0.125,1e-06,8760,70080,8926,8.151598173515982,7.851221151691687,484.5291301686609,22.012022400694146,37.8759426176548,1,8760.0,8760,8760,0,1,0,122,32,12,8760,166,22.751088,4.584344
seoul-bike-demand.csv:A1:cq=0.125,seoul-bike-demand.csv,external,A1,fixed_linear,0.125,1e-06,8760,70080,14910,13.616438356164384,4.7002012072434605,316.6910936997907,17.795816747196255,51.89345169067383,137,63.941605839416056,56,64,0,137,0,122,4384,1644,8760,6150,24.19486,4.603852
seoul-bike-demand.csv:A2:cq=0.125,seoul-bike-demand.csv,external,A2,fixed_auto,0.125,1e-06,8760,70080,14910,13.616438356164384,4.7002012072434605,299.8901681937593,17.31733721429941,74.73481750488281,137,63.941605839416056,56,64,42,86,9,122,4384,1644,8760,6150,49.732736,4.533548
seoul-bike-demand.csv:A3:cq=0.125,seoul-bike-demand.csv,external,A3,adaptive_linear,0.125,1e-06,8760,70080,20938,19.121461187214614,3.3470245486674943,275.6528311705372,16.602795884143646,52.94689655303955,274,31.970802919708028,24,32,0,274,0,122,8768,3288,8760,12178,30.996175,5.363084
seoul-bike-demand.csv:A4:cq=0.125,seoul-bike-demand.csv,external,A4,adaptive_auto,0.125,1e-06,8760,70080,20938,19.121461187214614,3.3470245486674943,247.24497975985346,15.72402555835666,59.59239959716797,274,31.970802919708028,24,32,88,149,37,122,8768,3288,8760,12178,58.240516,5.20877
seoul-bike-demand.csv:A0:cq=0.25,seoul-bike-demand.csv,external,A0,whole_linear,0.25,1e-06,8760,70080,8926,8.151598173515982,7.851221151691687,1918.5959316661856,43.801780005682254,75.76153391599655,1,8760.0,8760,8760,0,1,0,122,32,12,8760,166,22.590655,4.575502
seoul-bike-demand.csv:A1:cq=0.25,seoul-bike-demand.csv,external,A1,fixed_linear,0.25,1e-06,8760,70080,14910,13.616438356164384,4.7002012072434605,1300.7153634343792,36.06543169621541,104.10847473144531,137,63.941605839416056,56,64,0,137,0,122,4384,1644,8760,6150,26.010488,4.655773
seoul-bike-demand.csv:A2:cq=0.25,seoul-bike-demand.csv,external,A2,fixed_auto,0.25,1e-06,8760,70080,14910,13.616438356164384,4.7002012072434605,1171.6526312487804,34.22941178648532,102.4480209350586,137,63.941605839416056,56,64,46,80,11,122,4384,1644,8760,6150,51.395581,5.191319
seoul-bike-demand.csv:A3:cq=0.25,seoul-bike-demand.csv,external,A3,adaptive_linear,0.25,1e-06,8760,70080,20938,19.121461187214614,3.3470245486674943,1115.899492701028,33.40508183946012,107.05109786987305,274,31.970802919708028,24,32,0,274,0,122,8768,3288,8760,12178,41.452299,5.304151
seoul-bike-demand.csv:A4:cq=0.25,seoul-bike-demand.csv,external,A4,adaptive_auto,0.25,1e-06,8760,70080,20938,19.121461187214614,3.3470245486674943,963.5159883002827,31.040553930306764,125.08858489990234,274,31.970802919708028,24,32,86,137,51,122,8768,3288,8760,12178,57.193766,5.147856
seoul-bike-demand.csv:A0:cq=0.5,seoul-bike-demand.csv,external,A0,whole_linear,0.5,1e-06,8760,70080,8926,8.151598173515982,7.851221151691687,7581.783477055436,87.07343726450355,151.5017917752266,1,8760.0,8760,8760,0,1,0,122,32,12,8760,166,22.50703,4.547369
seoul-bike-demand.csv:A1:cq=0.5,seoul-bike-demand.csv,external,A1,fixed_linear,0.5,1e-06,8760,70080,14910,13.616438356164384,4.7002012072434605,5117.102847244035,71.53392794502504,205.68415546417236,137,63.941605839416056,56,64,0,137,0,122,4384,1644,8760,6150,23.910445,4.532669
seoul-bike-demand.csv:A2:cq=0.5,seoul-bike-demand.csv,external,A2,fixed_auto,0.5,1e-06,8760,70080,14910,13.616438356164384,4.7002012072434605,4896.879820425327,69.97770945397775,233.5736083984375,137,63.941605839416056,56,64,47,85,5,122,4384,1644,8760,6150,49.45057,4.43377
seoul-bike-demand.csv:A3:cq=0.5,seoul-bike-demand.csv,external,A3,adaptive_linear,0.5,1e-06,8760,70080,20938,19.121461187214614,3.3470245486674943,4491.141138358259,67.01597673956755,210.14120936393738,274,31.970802919708028,24,32,0,274,0,122,8768,3288,8760,12178,29.622538,5.23819
seoul-bike-demand.csv:A4:cq=0.5,seoul-bike-demand.csv,external,A4,adaptive_auto,0.5,1e-06,8760,70080,20938,19.121461187214614,3.3470245486674943,3878.468929816567,62.27735487170732,235.59152221679688,274,31.970802919708028,24,32,92,140,42,122,8768,3288,8760,12178,59.464695,5.384487
seoul-bike-demand.csv:A0:cq=1,seoul-bike-demand.csv,external,A0,whole_linear,1.0,1e-06,8760,70080,8926,8.151598173515982,7.851221151691687,33472.06337341537,182.9537192117596,303.04120491445065,1,8760.0,8760,8760,0,1,0,122,32,12,8760,166,22.483432,4.551566
seoul-bike-demand.csv:A1:cq=1,seoul-bike-demand.csv,external,A1,fixed_linear,1.0,1e-06,8760,70080,14910,13.616438356164384,4.7002012072434605,20942.90883018906,144.71665014845064,412.0855326652527,137,63.941605839416056,56,64,0,137,0,122,4384,1644,8760,6150,23.989005,4.550989
seoul-bike-demand.csv:A2:cq=1,seoul-bike-demand.csv,external,A2,fixed_auto,1.0,1e-06,8760,70080,14910,13.616438356164384,4.7002012072434605,19710.95413264568,140.39570553491185,473.9312744140625,137,63.941605839416056,56,64,43,87,7,122,4384,1644,8760,6150,49.583818,4.480289
seoul-bike-demand.csv:A3:cq=1,seoul-bike-demand.csv,external,A3,adaptive_linear,1.0,1e-06,8760,70080,20938,19.121461187214614,3.3470245486674943,17954.008149036883,133.99256751416058,422.63230991363525,274,31.970802919708028,24,32,0,274,0,122,8768,3288,8760,12178,29.640138,5.252246
seoul-bike-demand.csv:A4:cq=1,seoul-bike-demand.csv,external,A4,adaptive_auto,1.0,1e-06,8760,70080,20938,19.121461187214614,3.3470245486674943,15949.30800735625,126.29056974832385,422.63230991363525,274,31.970802919708028,24,32,100,133,41,122,8768,3288,8760,12178,56.736858,5.13878
seoul-bike-demand.csv:A0:cq=2,seoul-bike-demand.csv,external,A0,whole_linear,2.0,1e-06,8760,70080,8926,8.151598173515982,7.851221151691687,111596.42894633248,334.0605168922728,606.0229684263468,1,8760.0,8760,8760,0,1,0,122,32,12,8760,166,22.401546,4.502618
seoul-bike-demand.csv:A1:cq=2,seoul-bike-demand.csv,external,A1,fixed_linear,2.0,1e-06,8760,70080,14910,13.616438356164384,4.7002012072434605,85861.329145371,293.0210387418811,825.449538230896,137,63.941605839416056,56,64,0,137,0,122,4384,1644,8760,6150,24.504793,4.579981
seoul-bike-demand.csv:A2:cq=2,seoul-bike-demand.csv,external,A2,fixed_auto,2.0,1e-06,8760,70080,14910,13.616438356164384,4.7002012072434605,83722.8309830159,289.3489778503043,1163.0281982421875,137,63.941605839416056,56,64,29,103,5,122,4384,1644,8760,6150,49.065946,4.505769
seoul-bike-demand.csv:A3:cq=2,seoul-bike-demand.csv,external,A3,adaptive_linear,2.0,1e-06,8760,70080,20938,19.121461187214614,3.3470245486674943,79772.34494099722,282.43998467107525,855.9060716629028,274,31.970802919708028,24,32,0,274,0,122,8768,3288,8760,12178,29.829533,5.254051
seoul-bike-demand.csv:A4:cq=2,seoul-bike-demand.csv,external,A4,adaptive_auto,2.0,1e-06,8760,70080,20938,19.121461187214614,3.3470245486674943,72606.82976443395,269.45654522470585,894.3737182617188,274,31.970802919708028,24,32,105,131,38,122,8768,3288,8760,12178,56.751128,5.10521
seoul-bike-demand.csv:A0:cq=4,seoul-bike-demand.csv,external,A0,whole_linear,4.0,1e-06,8760,70080,8926,8.151598173515982,7.851221151691687,270551.74009170075,520.1458834708785,1212.0889611393213,1,8760.0,8760,8760,0,1,0,122,32,12,8760,166,22.467009,4.480411
seoul-bike-demand.csv:A1:cq=4,seoul-bike-demand.csv,external,A1,fixed_linear,4.0,1e-06,8760,70080,14910,13.616438356164384,4.7002012072434605,211542.36419718634,459.9373481216614,1659.628472328186,137,63.941605839416056,56,64,0,137,0,122,4384,1644,8760,6150,23.615511,4.475942
seoul-bike-demand.csv:A2:cq=4,seoul-bike-demand.csv,external,A2,fixed_auto,4.0,1e-06,8760,70080,14910,13.616438356164384,4.7002012072434605,207521.32025102797,455.5450803718859,1659.628472328186,137,63.941605839416056,56,64,29,99,9,122,4384,1644,8760,6150,48.679929,4.469101
seoul-bike-demand.csv:A3:cq=4,seoul-bike-demand.csv,external,A3,adaptive_linear,4.0,1e-06,8760,70080,20938,19.121461187214614,3.3470245486674943,190990.56534810975,437.02467361478546,1676.471441745758,274,31.970802919708028,24,32,0,274,0,122,8768,3288,8760,12178,33.45806,5.187776
seoul-bike-demand.csv:A4:cq=4,seoul-bike-demand.csv,external,A4,adaptive_auto,4.0,1e-06,8760,70080,20938,19.121461187214614,3.3470245486674943,187379.1183817742,432.8730973181103,1676.471441745758,274,31.970802919708028,24,32,43,204,27,122,8768,3288,8760,12178,56.684446,5.170618
fan-vibration-x.csv:A0:cq=0.0625,fan-vibration-x.csv,external,A0,whole_linear,0.0625,1e-06,153000,1224000,155491,8.130248366013072,7.871838241441627,0.00019929708706328114,0.014117262024319063,0.02418574325791989,1,153000.0,153000,153000,0,1,0,122,32,12,155325,166,416.681151,87.262127
fan-vibration-x.csv:A1:cq=0.0625,fan-vibration-x.csv,external,A1,fixed_linear,0.0625,1e-06,153000,1224000,258413,13.511790849673202,4.736603808631918,0.00018698735012572882,0.013674331798143879,0.0816713615134359,2391,63.98996235884567,40,64,0,2391,0,122,76512,28692,153087,105326,431.324978,85.957499
fan-vibration-x.csv:A2:cq=0.0625,fan-vibration-x.csv,external,A2,fixed_auto,0.0625,1e-06,153000,1224000,258411,13.511686274509804,4.736640468091529,0.00017768902326231552,0.013330004623491903,0.07997643852233893,2391,63.98996235884567,40,64,1102,1273,16,122,76512,28692,153085,105326,909.962839,83.062363
fan-vibration-x.csv:A3:cq=0.0625,fan-vibration-x.csv,external,A3,adaptive_linear,0.0625,1e-06,153000,1224000,238987,12.4960522875817,5.121617493838577,0.0001819635205103468,0.013489385475637754,0.10306579130887972,1950,78.46153846153847,32,128,0,1950,0,122,62400,23400,153065,85922,3337.501677,84.31464
fan-vibration-x.csv:A4:cq=0.0625,fan-vibration-x.csv,external,A4,adaptive_auto,0.0625,1e-06,153000,1224000,238985,12.495947712418301,5.121660355252422,0.0001679247103654898,0.01295857671063801,0.09978137946128829,1950,78.46153846153847,32,128,858,1085,7,122,62400,23400,153063,85922,3781.750811,83.203789
fan-vibration-x.csv:A0:cq=0.125,fan-vibration-x.csv,external,A0,whole_linear,0.125,1e-06,153000,1224000,153311,8.016261437908497,7.983771549334359,0.0007136176888863195,0.026713623656971726,0.04837115869603126,1,153000.0,153000,153000,0,1,0,122,32,12,153145,166,423.087861,82.189212
fan-vibration-x.csv:A1:cq=0.125,fan-vibration-x.csv,external,A1,fixed_linear,0.125,1e-06,153000,1224000,258326,13.50724183006536,4.738199019843144,0.0007522259452119547,0.02742673777925393,0.1625754944160578,2391,63.98996235884567,40,64,0,2391,0,122,76512,28692,153000,105326,433.630135,86.825902
fan-vibration-x.csv:A2:cq=0.125,fan-vibration-x.csv,external,A2,fixed_auto,0.125,1e-06,153000,1224000,258326,13.50724183006536,4.738199019843144,0.0007134794211299843,0.026711035568281218,0.16371305608749376,2391,63.98996235884567,40,64,1134,1240,17,122,76512,28692,153000,105326,899.975711,80.297881
fan-vibration-x.csv:A3:cq=0.125,fan-vibration-x.csv,external,A3,adaptive_linear,0.125,1e-06,153000,1224000,238922,12.492653594771243,5.123010857099807,0.000731470170323396,0.027045705210317517,0.2076799859404561,1950,78.46153846153847,32,128,0,1950,0,122,62400,23400,153000,85922,3388.036829,82.724692
fan-vibration-x.csv:A4:cq=0.125,fan-vibration-x.csv,external,A4,adaptive_auto,0.125,1e-06,153000,1224000,238922,12.492653594771243,5.123010857099807,0.0006787213286271911,0.026052280679955662,0.2076799859404561,1950,78.46153846153847,32,128,909,1037,4,122,62400,23400,153000,85922,3874.285808,79.220996
fan-vibration-x.csv:A0:cq=0.25,fan-vibration-x.csv,external,A0,whole_linear,0.25,1e-06,153000,1224000,153166,8.008679738562092,7.991329668464281,0.002136138672350066,0.04621838024368732,0.09673946765129282,1,153000.0,153000,153000,0,1,0,122,32,12,153000,166,407.492797,81.489482
fan-vibration-x.csv:A1:cq=0.25,fan-vibration-x.csv,external,A1,fixed_linear,0.25,1e-06,153000,1224000,258326,13.50724183006536,4.738199019843144,0.0029681049171816827,0.05448031678672292,0.3199213379137218,2391,63.98996235884567,40,64,0,2391,0,122,76512,28692,153000,105326,428.216418,81.007544
fan-vibration-x.csv:A2:cq=0.25,fan-vibration-x.csv,external,A2,fixed_auto,0.25,1e-06,153000,1224000,258326,13.50724183006536,4.738199019843144,0.002848751198293395,0.05337369387903928,0.3200844688415527,2391,63.98996235884567,40,64,1081,1310,0,122,76512,28692,153000,105326,875.617457,79.440972
fan-vibration-x.csv:A3:cq=0.25,fan-vibration-x.csv,external,A3,adaptive_linear,0.25,1e-06,153000,1224000,238922,12.492653594771243,5.123010857099807,0.00289986236389906,0.05385037013706647,0.4045467221140857,1950,78.46153846153847,32,128,0,1950,0,122,62400,23400,153000,85922,3408.417961,82.016331
fan-vibration-x.csv:A4:cq=0.25,fan-vibration-x.csv,external,A4,adaptive_auto,0.25,1e-06,153000,1224000,238922,12.492653594771243,5.123010857099807,0.0027196735202417274,0.05215048916589112,0.4045467221140857,1950,78.46153846153847,32,128,856,1094,0,122,62400,23400,153000,85922,3985.743784,76.965791
fan-vibration-x.csv:A0:cq=0.5,fan-vibration-x.csv,external,A0,whole_linear,0.5,1e-06,153000,1224000,153166,8.008679738562092,7.991329668464281,0.006339657243681937,0.07962196458064782,0.19348571486153196,1,153000.0,153000,153000,0,1,0,122,32,12,153000,166,460.689648,83.462187
fan-vibration-x.csv:A1:cq=0.5,fan-vibration-x.csv,external,A1,fixed_linear,0.5,1e-06,153000,1224000,258326,13.50724183006536,4.738199019843144,0.012058808520091484,0.10981260638055854,0.6518061356842519,2391,63.98996235884567,40,64,0,2391,0,122,76512,28692,153000,105326,480.030929,92.885155
fan-vibration-x.csv:A2:cq=0.5,fan-vibration-x.csv,external,A2,fixed_auto,0.5,1e-06,153000,1224000,258326,13.50724183006536,4.738199019843144,0.011597314080199357,0.107690826351177,0.6508670024871825,2391,63.98996235884567,40,64,1124,1267,0,122,76512,28692,153000,105326,987.555284,87.791528
fan-vibration-x.csv:A3:cq=0.5,fan-vibration-x.csv,external,A3,adaptive_linear,0.5,1e-06,153000,1224000,238922,12.492653594771243,5.123010857099807,0.011680145172142437,0.10807472031951985,0.8308311331272127,1950,78.46153846153847,32,128,0,1950,0,122,62400,23400,153000,85922,3978.911887,83.496462
fan-vibration-x.csv:A4:cq=0.5,fan-vibration-x.csv,external,A4,adaptive_auto,0.5,1e-06,153000,1224000,238922,12.492653594771243,5.123010857099807,0.0110590387804787,0.10516196451416596,0.8308311331272127,1950,78.46153846153847,32,128,904,1046,0,122,62400,23400,153000,85922,4398.906565,82.245229
fan-vibration-x.csv:A0:cq=1,fan-vibration-x.csv,external,A0,whole_linear,1.0,1e-06,153000,1224000,153166,8.008679738562092,7.991329668464281,0.017413570012718836,0.13196048655835896,0.38697105213313865,1,153000.0,153000,153000,0,1,0,122,32,12,153000,166,445.778534,93.432643
fan-vibration-x.csv:A1:cq=1,fan-vibration-x.csv,external,A1,fixed_linear,1.0,1e-06,153000,1224000,258326,13.50724183006536,4.738199019843144,0.04772710552907824,0.21846534171139878,1.294477435484529,2391,63.98996235884567,40,64,0,2391,0,122,76512,28692,153000,105326,483.704377,84.386675
fan-vibration-x.csv:A2:cq=1,fan-vibration-x.csv,external,A2,fixed_auto,1.0,1e-06,153000,1224000,258326,13.50724183006536,4.738199019843144,0.04659338417604047,0.2158550072989748,1.294477435484529,2391,63.98996235884567,40,64,1055,1336,0,122,76512,28692,153000,105326,875.548877,79.01851
fan-vibration-x.csv:A3:cq=1,fan-vibration-x.csv,external,A3,adaptive_linear,1.0,1e-06,153000,1224000,238922,12.492653594771243,5.123010857099807,0.045939051321513394,0.21433397145929386,1.6229734641313553,1950,78.46153846153847,32,128,0,1950,0,122,62400,23400,153000,85922,3747.033894,156.085679
fan-vibration-x.csv:A4:cq=1,fan-vibration-x.csv,external,A4,adaptive_auto,1.0,1e-06,153000,1224000,238922,12.492653594771243,5.123010857099807,0.04423022936390846,0.21030984133869832,1.4907500017881394,1950,78.46153846153847,32,128,860,1090,0,122,62400,23400,153000,85922,4174.835194,82.151618
fan-vibration-x.csv:A0:cq=2,fan-vibration-x.csv,external,A0,whole_linear,2.0,1e-06,153000,1224000,153166,8.008679738562092,7.991329668464281,0.05249620034057972,0.2291204930611396,0.7739449920571431,1,153000.0,153000,153000,0,1,0,122,32,12,153000,166,470.768567,90.809234
fan-vibration-x.csv:A1:cq=2,fan-vibration-x.csv,external,A1,fixed_linear,2.0,1e-06,153000,1224000,258326,13.50724183006536,4.738199019843144,0.17707246005046984,0.4207997861815876,2.613178106404841,2391,63.98996235884567,40,64,0,2391,0,122,76512,28692,153000,105326,510.427896,94.469094
fan-vibration-x.csv:A2:cq=2,fan-vibration-x.csv,external,A2,fixed_auto,2.0,1e-06,153000,1224000,258326,13.50724183006536,4.738199019843144,0.1751561718845388,0.418516632745389,2.613178106404841,2391,63.98996235884567,40,64,1105,1286,0,122,76512,28692,153000,105326,893.225454,79.563378
fan-vibration-x.csv:A3:cq=2,fan-vibration-x.csv,external,A3,adaptive_linear,2.0,1e-06,153000,1224000,238922,12.492653594771243,5.123010857099807,0.17330049588436794,0.41629376152468095,3.0395100139379503,1950,78.46153846153847,32,128,0,1950,0,122,62400,23400,153000,85922,3360.288032,80.923147
fan-vibration-x.csv:A4:cq=2,fan-vibration-x.csv,external,A4,adaptive_auto,2.0,1e-06,153000,1224000,238922,12.492653594771243,5.123010857099807,0.16991008316550482,0.41220150796122135,3.20630221748352,1950,78.46153846153847,32,128,827,1123,0,122,62400,23400,153000,85922,4116.883173,89.932291
fan-vibration-x.csv:A0:cq=4,fan-vibration-x.csv,external,A0,whole_linear,4.0,1e-06,153000,1224000,153166,8.008679738562092,7.991329668464281,0.1581688094916076,0.3977044247825357,1.5478774206691495,1,153000.0,153000,153000,0,1,0,122,32,12,153000,166,429.339249,81.056974
fan-vibration-x.csv:A1:cq=4,fan-vibration-x.csv,external,A1,fixed_linear,4.0,1e-06,153000,1224000,258326,13.50724183006536,4.738199019843144,0.4381335432673036,0.6619165682072806,5.091552270531654,2391,63.98996235884567,40,64,0,2391,0,122,76512,28692,153000,105326,478.27839,80.574597
fan-vibration-x.csv:A2:cq=4,fan-vibration-x.csv,external,A2,fixed_auto,4.0,1e-06,153000,1224000,258326,13.50724183006536,4.738199019843144,0.43581598128209786,0.6601636019064501,5.091552270531654,2391,63.98996235884567,40,64,826,1565,0,122,76512,28692,153000,105326,906.451113,77.719121
fan-vibration-x.csv:A3:cq=4,fan-vibration-x.csv,external,A3,adaptive_linear,4.0,1e-06,153000,1224000,238922,12.492653594771243,5.123010857099807,0.4376724672116483,0.6615681878775976,6.592419828057289,1950,78.46153846153847,32,128,0,1950,0,122,62400,23400,153000,85922,3492.078222,78.210083
fan-vibration-x.csv:A4:cq=4,fan-vibration-x.csv,external,A4,adaptive_auto,4.0,1e-06,153000,1224000,238922,12.492653594771243,5.123010857099807,0.4337758246320323,0.6586165991166881,6.592419828057289,1950,78.46153846153847,32,128,699,1250,1,122,62400,23400,153000,85922,3811.705939,76.302838
dow-jones-weekly-return.csv:A0:cq=0.0625,dow-jones-weekly-return.csv,external,A0,whole_linear,0.0625,1e-06,25,200,191,61.12,1.0471204188481675,0.004374891704554486,0.06614296413492886,0.10519275592231753,1,25.0,25,25,0,1,0,122,32,12,25,166,0.118974,0.039347
dow-jones-weekly-return.csv:A1:cq=0.0625,dow-jones-weekly-return.csv,external,A1,fixed_linear,0.0625,1e-06,25,200,191,61.12,1.0471204188481675,0.004374891704554486,0.06614296413492886,0.10519275592231753,1,25.0,25,25,0,1,0,122,32,12,25,166,0.116449,0.041161
dow-jones-weekly-return.csv:A2:cq=0.0625,dow-jones-weekly-return.csv,external,A2,fixed_auto,0.0625,1e-06,25,200,191,61.12,1.0471204188481675,0.004374891704554486,0.06614296413492886,0.10519275592231753,1,25.0,25,25,0,1,0,122,32,12,25,166,0.207732,0.038675
dow-jones-weekly-return.csv:A3:cq=0.0625,dow-jones-weekly-return.csv,external,A3,adaptive_linear,0.0625,1e-06,25,200,191,61.12,1.0471204188481675,0.004374891704554486,0.06614296413492886,0.10519275592231753,1,25.0,25,25,0,1,0,122,32,12,25,166,0.136441,0.038887
dow-jones-weekly-return.csv:A4:cq=0.0625,dow-jones-weekly-return.csv,external,A4,adaptive_auto,0.0625,1e-06,25,200,191,61.12,1.0471204188481675,0.004374891704554486,0.06614296413492886,0.10519275592231753,1,25.0,25,25,0,1,0,122,32,12,25,166,0.216149,0.037865
dow-jones-weekly-return.csv:A0:cq=0.125,dow-jones-weekly-return.csv,external,A0,whole_linear,0.125,1e-06,25,200,191,61.12,1.0471204188481675,0.014586846512335364,0.12077601795197325,0.21506281219959256,1,25.0,25,25,0,1,0,122,32,12,25,166,0.115894,0.038128
dow-jones-weekly-return.csv:A1:cq=0.125,dow-jones-weekly-return.csv,external,A1,fixed_linear,0.125,1e-06,25,200,191,61.12,1.0471204188481675,0.014586846512335364,0.12077601795197325,0.21506281219959256,1,25.0,25,25,0,1,0,122,32,12,25,166,0.115825,0.038156
dow-jones-weekly-return.csv:A2:cq=0.125,dow-jones-weekly-return.csv,external,A2,fixed_auto,0.125,1e-06,25,200,191,61.12,1.0471204188481675,0.014586846512335364,0.12077601795197325,0.21506281219959256,1,25.0,25,25,0,1,0,122,32,12,25,166,0.201658,0.037297
dow-jones-weekly-return.csv:A3:cq=0.125,dow-jones-weekly-return.csv,external,A3,adaptive_linear,0.125,1e-06,25,200,191,61.12,1.0471204188481675,0.014586846512335364,0.12077601795197325,0.21506281219959256,1,25.0,25,25,0,1,0,122,32,12,25,166,0.129554,0.041151
dow-jones-weekly-return.csv:A4:cq=0.125,dow-jones-weekly-return.csv,external,A4,adaptive_auto,0.125,1e-06,25,200,191,61.12,1.0471204188481675,0.014586846512335364,0.12077601795197325,0.21506281219959256,1,25.0,25,25,0,1,0,122,32,12,25,166,0.221431,0.037951
dow-jones-weekly-return.csv:A0:cq=0.25,dow-jones-weekly-return.csv,external,A0,whole_linear,0.25,1e-06,25,200,191,61.12,1.0471204188481675,0.06165265812819925,0.24829953308091268,0.43114787783622743,1,25.0,25,25,0,1,0,122,32,12,25,166,0.117492,0.037976
dow-jones-weekly-return.csv:A1:cq=0.25,dow-jones-weekly-return.csv,external,A1,fixed_linear,0.25,1e-06,25,200,191,61.12,1.0471204188481675,0.06165265812819925,0.24829953308091268,0.43114787783622743,1,25.0,25,25,0,1,0,122,32,12,25,166,0.117176,0.037961
dow-jones-weekly-return.csv:A2:cq=0.25,dow-jones-weekly-return.csv,external,A2,fixed_auto,0.25,1e-06,25,200,191,61.12,1.0471204188481675,0.06165265812819925,0.24829953308091268,0.43114787783622743,1,25.0,25,25,0,1,0,122,32,12,25,166,0.205927,0.037544
dow-jones-weekly-return.csv:A3:cq=0.25,dow-jones-weekly-return.csv,external,A3,adaptive_linear,0.25,1e-06,25,200,191,61.12,1.0471204188481675,0.06165265812819925,0.24829953308091268,0.43114787783622743,1,25.0,25,25,0,1,0,122,32,12,25,166,0.128365,0.037858
dow-jones-weekly-return.csv:A4:cq=0.25,dow-jones-weekly-return.csv,external,A4,adaptive_auto,0.25,1e-06,25,200,191,61.12,1.0471204188481675,0.06165265812819925,0.24829953308091268,0.43114787783622743,1,25.0,25,25,0,1,0,122,32,12,25,166,0.214396,0.038251
dow-jones-weekly-return.csv:A0:cq=0.5,dow-jones-weekly-return.csv,external,A0,whole_linear,0.5,1e-06,25,200,191,61.12,1.0471204188481675,0.24749172778591183,0.4974854045958653,0.813875684091568,1,25.0,25,25,0,1,0,122,32,12,25,166,0.11588,0.040709
dow-jones-weekly-return.csv:A1:cq=0.5,dow-jones-weekly-return.csv,external,A1,fixed_linear,0.5,1e-06,25,200,191,61.12,1.0471204188481675,0.24749172778591183,0.4974854045958653,0.813875684091568,1,25.0,25,25,0,1,0,122,32,12,25,166,0.113654,0.038192
dow-jones-weekly-return.csv:A2:cq=0.5,dow-jones-weekly-return.csv,external,A2,fixed_auto,0.5,1e-06,25,200,191,61.12,1.0471204188481675,0.24702248259379342,0.4970135637925724,0.7972763876914977,1,25.0,25,25,1,0,0,122,32,12,25,166,0.200695,0.036084
dow-jones-weekly-return.csv:A3:cq=0.5,dow-jones-weekly-return.csv,external,A3,adaptive_linear,0.5,1e-06,25,200,191,61.12,1.0471204188481675,0.24749172778591183,0.4974854045958653,0.813875684091568,1,25.0,25,25,0,1,0,122,32,12,25,166,0.130678,0.041683
dow-jones-weekly-return.csv:A4:cq=0.5,dow-jones-weekly-return.csv,external,A4,adaptive_auto,0.5,1e-06,25,200,191,61.12,1.0471204188481675,0.24702248259379342,0.4970135637925724,0.7972763876914977,1,25.0,25,25,1,0,0,122,32,12,25,166,0.215796,0.036311
dow-jones-weekly-return.csv:A0:cq=1,dow-jones-weekly-return.csv,external,A0,whole_linear,1.0,1e-06,25,200,191,61.12,1.0471204188481675,0.9072993833922105,0.9525226419315241,1.618243063030243,1,25.0,25,25,0,1,0,122,32,12,25,166,0.113937,0.037861
dow-jones-weekly-return.csv:A1:cq=1,dow-jones-weekly-return.csv,external,A1,fixed_linear,1.0,1e-06,25,200,191,61.12,1.0471204188481675,0.9072993833922105,0.9525226419315241,1.618243063030243,1,25.0,25,25,0,1,0,122,32,12,25,166,0.113719,0.038686
dow-jones-weekly-return.csv:A2:cq=1,dow-jones-weekly-return.csv,external,A2,fixed_auto,1.0,1e-06,25,200,191,61.12,1.0471204188481675,0.7271230372033913,0.8527150973234796,1.5759114179039002,1,25.0,25,25,1,0,0,122,32,12,25,166,0.20708,0.036894
dow-jones-weekly-return.csv:A3:cq=1,dow-jones-weekly-return.csv,external,A3,adaptive_linear,1.0,1e-06,25,200,191,61.12,1.0471204188481675,0.9072993833922105,0.9525226419315241,1.618243063030243,1,25.0,25,25,0,1,0,122,32,12,25,166,0.127623,0.038009
dow-jones-weekly-return.csv:A4:cq=1,dow-jones-weekly-return.csv,external,A4,adaptive_auto,1.0,1e-06,25,200,191,61.12,1.0471204188481675,0.7271230372033913,0.8527150973234796,1.5759114179039002,1,25.0,25,25,1,0,0,122,32,12,25,166,0.214282,0.038557
dow-jones-weekly-return.csv:A0:cq=2,dow-jones-weekly-return.csv,external,A0,whole_linear,2.0,1e-06,25,200,191,61.12,1.0471204188481675,4.882092005950768,2.20954565600052,3.449074902234077,1,25.0,25,25,0,1,0,122,32,12,25,166,0.117645,0.037726
dow-jones-weekly-return.csv:A1:cq=2,dow-jones-weekly-return.csv,external,A1,fixed_linear,2.0,1e-06,25,200,191,61.12,1.0471204188481675,4.882092005950768,2.20954565600052,3.449074902234077,1,25.0,25,25,0,1,0,122,32,12,25,166,0.114229,0.040613
dow-jones-weekly-return.csv:A2:cq=2,dow-jones-weekly-return.csv,external,A2,fixed_auto,2.0,1e-06,25,200,191,61.12,1.0471204188481675,4.882092005950768,2.20954565600052,3.449074902234077,1,25.0,25,25,0,1,0,122,32,12,25,166,0.206896,0.037911
dow-jones-weekly-return.csv:A3:cq=2,dow-jones-weekly-return.csv,external,A3,adaptive_linear,2.0,1e-06,25,200,191,61.12,1.0471204188481675,4.882092005950768,2.20954565600052,3.449074902234077,1,25.0,25,25,0,1,0,122,32,12,25,166,0.131067,0.038106
dow-jones-weekly-return.csv:A4:cq=2,dow-jones-weekly-return.csv,external,A4,adaptive_auto,2.0,1e-06,25,200,191,61.12,1.0471204188481675,4.882092005950768,2.20954565600052,3.449074902234077,1,25.0,25,25,0,1,0,122,32,12,25,166,0.214225,0.03773
dow-jones-weekly-return.csv:A0:cq=4,dow-jones-weekly-return.csv,external,A0,whole_linear,4.0,1e-06,25,200,191,61.12,1.0471204188481675,10.775097874913978,3.282544420859218,5.807991601819992,1,25.0,25,25,0,1,0,122,32,12,25,166,0.113244,0.037785
dow-jones-weekly-return.csv:A1:cq=4,dow-jones-weekly-return.csv,external,A1,fixed_linear,4.0,1e-06,25,200,191,61.12,1.0471204188481675,10.775097874913978,3.282544420859218,5.807991601819992,1,25.0,25,25,0,1,0,122,32,12,25,166,0.113292,0.037922
dow-jones-weekly-return.csv:A2:cq=4,dow-jones-weekly-return.csv,external,A2,fixed_auto,4.0,1e-06,25,200,191,61.12,1.0471204188481675,10.775097874913978,3.282544420859218,5.807991601819992,1,25.0,25,25,0,1,0,122,32,12,25,166,0.19947,0.037205
dow-jones-weekly-return.csv:A3:cq=4,dow-jones-weekly-return.csv,external,A3,adaptive_linear,4.0,1e-06,25,200,191,61.12,1.0471204188481675,10.775097874913978,3.282544420859218,5.807991601819992,1,25.0,25,25,0,1,0,122,32,12,25,166,0.125603,0.037619
dow-jones-weekly-return.csv:A4:cq=4,dow-jones-weekly-return.csv,external,A4,adaptive_auto,4.0,1e-06,25,200,191,61.12,1.0471204188481675,10.775097874913978,3.282544420859218,5.807991601819992,1,25.0,25,25,0,1,0,122,32,12,25,166,0.21584,0.038059
room-occupancy-count.csv:A0:cq=0.0625,room-occupancy-count.csv,external,A0,whole_linear,0.0625,1e-06,10129,81032,10295,8.131108697798402,7.871005342399223,0.0002695129555481133,0.016416849744945384,0.026570040368824266,1,10129.0,10129,10129,0,1,0,122,32,12,10129,166,26.795652,5.484172
room-occupancy-count.csv:A1:cq=0.0625,room-occupancy-count.csv,external,A1,fixed_linear,0.0625,1e-06,10129,81032,17255,13.62819626814098,4.696146044624746,6.570527362747108e-06,0.0025633039934325206,0.02523070201277733,159,63.704402515723274,17,64,0,159,0,122,5088,1908,10137,7118,27.136148,5.244995
room-occupancy-count.csv:A2:cq=0.0625,room-occupancy-count.csv,external,A2,fixed_auto,0.0625,1e-06,10129,81032,17270,13.640043439628789,4.69206716850029,3.4322551637285495e-08,0.00018526346546819612,0.008945545181632042,159,63.704402515723274,17,64,140,0,19,122,5088,1908,10152,7118,54.137051,4.849862
room-occupancy-count.csv:A3:cq=0.0625,room-occupancy-count.csv,external,A3,adaptive_linear,0.0625,1e-06,10129,81032,13773,10.87807286010465,5.883395048282872,1.115052563055665e-05,0.0033392402774518413,0.021479584742337465,80,126.6125,85,128,0,80,0,122,2560,960,10131,3642,260.727171,5.537751
room-occupancy-count.csv:A4:cq=0.0625,room-occupancy-count.csv,external,A4,adaptive_auto,0.0625,1e-06,10129,81032,13795,10.895448711620102,5.8740123233055455,5.178085351110039e-07,0.0007195891432692713,0.010411765426397324,80,126.6125,85,128,63,0,17,122,2560,960,10153,3642,422.785837,5.090453
room-occupancy-count.csv:A0:cq=0.125,room-occupancy-count.csv,external,A0,whole_linear,0.125,1e-06,10129,81032,10295,8.131108697798402,7.871005342399223,0.00091080139277934,0.03017948629084564,0.053134551460971124,1,10129.0,10129,10129,0,1,0,122,32,12,10129,166,59.27489,7.578146
room-occupancy-count.csv:A1:cq=0.125,room-occupancy-count.csv,external,A1,fixed_linear,0.125,1e-06,10129,81032,17247,13.621877776680817,4.698324346263118,2.7382163049227938e-05,0.005232796866803444,0.051123764365911484,159,63.704402515723274,17,64,0,159,0,122,5088,1908,10129,7118,30.760885,5.575846
room-occupancy-count.csv:A2:cq=0.125,room-occupancy-count.csv,external,A2,fixed_auto,0.125,1e-06,10129,81032,17261,13.632935136736105,4.6945136434737265,6.292835943151465e-06,0.0025085525593759174,0.02297757938504219,159,63.704402515723274,17,64,142,0,17,122,5088,1908,10143,7118,60.727454,11.746139
room-occupancy-count.csv:A3:cq=0.125,room-occupancy-count.csv,external,A3,adaptive_linear,0.125,1e-06,10129,81032,13772,10.87728304867213,5.8838222480395,4.2813676195015635e-05,0.0065432160437368745,0.04265712108463049,80,126.6125,85,128,0,80,0,122,2560,960,10130,3642,350.964047,5.239498
room-occupancy-count.csv:A4:cq=0.125,room-occupancy-count.csv,external,A4,adaptive_auto,0.125,1e-06,10129,81032,13784,10.886760785862375,5.8786999419616945,2.5263932453390512e-06,0.0015894631940812757,0.01890859752893448,80,126.6125,85,128,63,1,16,122,2560,960,10142,3642,364.091213,5.733052
room-occupancy-count.csv:A0:cq=0.25,room-occupancy-count.csv,external,A0,whole_linear,0.25,1e-06,10129,81032,10295,8.131108697798402,7.871005342399223,0.003433938916501645,0.058599820106393204,0.10626768969814293,1,10129.0,10129,10129,0,1,0,122,32,12,10129,166,35.445338,6.383122
room-occupancy-count.csv:A1:cq=0.25,room-occupancy-count.csv,external,A1,fixed_linear,0.25,1e-06,10129,81032,17247,13.621877776680817,4.698324346263118,0.00010826919806364429,0.010405248582501251,0.1029343418776989,159,63.704402515723274,17,64,0,159,0,122,5088,1908,10129,7118,34.890405,12.305053
room-occupancy-count.csv:A2:cq=0.25,room-occupancy-count.csv,external,A2,fixed_auto,0.25,1e-06,10129,81032,17247,13.621877776680817,4.698324346263118,7.2772226849437235e-06,0.0026976327928285057,0.023529767990112305,159,63.704402515723274,17,64,141,0,18,122,5088,1908,10129,7118,79.663553,14.027027
room-occupancy-count.csv:A3:cq=0.25,room-occupancy-count.csv,external,A3,adaptive_linear,0.25,1e-06,10129,81032,13771,10.87649323723961,5.884249509839518,0.0001779928735627026,0.013341396986923918,0.08593168156221509,80,126.6125,85,128,0,80,0,122,2560,960,10129,3642,268.572223,5.206453
room-occupancy-count.csv:A4:cq=0.25,room-occupancy-count.csv,external,A4,adaptive_auto,0.25,1e-06,10129,81032,13771,10.87649323723961,5.884249509839518,1.0665933484942377e-05,0.003265874076712447,0.03590226173400879,80,126.6125,85,128,63,1,16,122,2560,960,10129,3642,273.240488,4.578995
room-occupancy-count.csv:A0:cq=0.5,room-occupancy-count.csv,external,A0,whole_linear,0.5,1e-06,10129,81032,10295,8.131108697798402,7.871005342399223,0.014491031978996635,0.12037870234803429,0.21258389035938308,1,10129.0,10129,10129,0,1,0,122,32,12,10129,166,29.49039,6.099874
room-occupancy-count.csv:A1:cq=0.5,room-occupancy-count.csv,external,A1,fixed_linear,0.5,1e-06,10129,81032,17247,13.621877776680817,4.698324346263118,0.0004283357068057919,0.0206962727756906,0.20650659129023552,159,63.704402515723274,17,64,0,159,0,122,5088,1908,10129,7118,27.239062,5.189174
room-occupancy-count.csv:A2:cq=0.5,room-occupancy-count.csv,external,A2,fixed_auto,0.5,1e-06,10129,81032,17247,13.621877776680817,4.698324346263118,8.266087573938307e-06,0.0028750804465159418,0.06605567038059235,159,63.704402515723274,17,64,141,0,18,122,5088,1908,10129,7118,62.854709,4.819593
room-occupancy-count.csv:A3:cq=0.5,room-occupancy-count.csv,external,A3,adaptive_linear,0.5,1e-06,10129,81032,13771,10.87649323723961,5.884249509839518,0.0006562753314950447,0.02561787133028513,0.171187162399292,80,126.6125,85,128,0,80,0,122,2560,960,10129,3642,248.640525,4.968352
room-occupancy-count.csv:A4:cq=0.5,room-occupancy-count.csv,external,A4,adaptive_auto,0.5,1e-06,10129,81032,13771,10.87649323723961,5.884249509839518,2.56939660728933e-05,0.005068921588749751,0.09050250053405762,80,126.6125,85,128,66,0,14,122,2560,960,10129,3642,278.688982,4.548866
room-occupancy-count.csv:A0:cq=1,room-occupancy-count.csv,external,A0,whole_linear,1.0,1e-06,10129,81032,10295,8.131108697798402,7.871005342399223,0.06463556791090454,0.2542352609511602,0.42513985848927405,1,10129.0,10129,10129,0,1,0,122,32,12,10129,166,27.163071,5.302443
room-occupancy-count.csv:A1:cq=1,room-occupancy-count.csv,external,A1,fixed_linear,1.0,1e-06,10129,81032,17247,13.621877776680817,4.698324346263118,0.0017956566614993046,0.04237518922080826,0.4111769273877144,159,63.704402515723274,17,64,0,159,0,122,5088,1908,10129,7118,28.941809,5.189305
room-occupancy-count.csv:A2:cq=1,room-occupancy-count.csv,external,A2,fixed_auto,1.0,1e-06,10129,81032,17247,13.621877776680817,4.698324346263118,5.172583433009888e-05,0.0071920674586727065,0.1321113407611847,159,63.704402515723274,17,64,140,0,19,122,5088,1908,10129,7118,56.24938,5.092024
room-occupancy-count.csv:A3:cq=1,room-occupancy-count.csv,external,A3,adaptive_linear,1.0,1e-06,10129,81032,13771,10.87649323723961,5.884249509839518,0.0031643925758547344,0.056252933931082515,0.34402971528470516,80,126.6125,85,128,0,80,0,122,2560,960,10129,3642,249.260816,4.948431
room-occupancy-count.csv:A4:cq=1,room-occupancy-count.csv,external,A4,adaptive_auto,1.0,1e-06,10129,81032,13771,10.87649323723961,5.884249509839518,0.0001411422542810604,0.011880330562785717,0.1115366518497467,80,126.6125,85,128,67,0,13,122,2560,960,10129,3642,308.553212,5.866386
room-occupancy-count.csv:A0:cq=2,room-occupancy-count.csv,external,A0,whole_linear,2.0,1e-06,10129,81032,10295,8.131108697798402,7.871005342399223,0.18984917107728216,0.4357168473645266,0.8417044712405186,1,10129.0,10129,10129,0,1,0,122,32,12,10129,166,26.077215,5.212301
room-occupancy-count.csv:A1:cq=2,room-occupancy-count.csv,external,A1,fixed_linear,2.0,1e-06,10129,81032,17247,13.621877776680817,4.698324346263118,0.006979242915781881,0.08354186325299359,0.8234890066087246,159,63.704402515723274,17,64,0,159,0,122,5088,1908,10129,7118,32.100384,5.34186
room-occupancy-count.csv:A2:cq=2,room-occupancy-count.csv,external,A2,fixed_auto,2.0,1e-06,10129,81032,17247,13.621877776680817,4.698324346263118,0.0001291884302299641,0.011366108842957827,0.21834933757781982,159,63.704402515723274,17,64,139,0,20,122,5088,1908,10129,7118,54.00558,4.838883
room-occupancy-count.csv:A3:cq=2,room-occupancy-count.csv,external,A3,adaptive_linear,2.0,1e-06,10129,81032,13771,10.87649323723961,5.884249509839518,0.01122433456003595,0.1059449600501881,0.6841899715363979,80,126.6125,85,128,0,80,0,122,2560,960,10129,3642,266.35856,5.130664
room-occupancy-count.csv:A4:cq=2,room-occupancy-count.csv,external,A4,adaptive_auto,2.0,1e-06,10129,81032,13771,10.87649323723961,5.884249509839518,0.0005354138359035162,0.023139011126310394,0.2589755654335022,80,126.6125,85,128,64,0,16,122,2560,960,10129,3642,285.835621,4.795907
room-occupancy-count.csv:A0:cq=4,room-occupancy-count.csv,external,A0,whole_linear,4.0,1e-06,10129,81032,10295,8.131108697798402,7.871005342399223,0.36451311000107445,0.6037492111804987,1.4975585763022536,1,10129.0,10129,10129,0,1,0,122,32,12,10129,166,29.98191,5.208265
room-occupancy-count.csv:A1:cq=4,room-occupancy-count.csv,external,A1,fixed_linear,4.0,1e-06,10129,81032,17247,13.621877776680817,4.698324346263118,0.017896050864829233,0.1337761221774246,1.6325549483299255,159,63.704402515723274,17,64,0,159,0,122,5088,1908,10129,7118,26.941923,5.167494
room-occupancy-count.csv:A2:cq=4,room-occupancy-count.csv,external,A2,fixed_auto,4.0,1e-06,10129,81032,17247,13.621877776680817,4.698324346263118,0.00024010761057932626,0.01549540611211356,0.43669867515563965,159,63.704402515723274,17,64,140,0,19,122,5088,1908,10129,7118,56.285999,4.837004
room-occupancy-count.csv:A3:cq=4,room-occupancy-count.csv,external,A3,adaptive_linear,4.0,1e-06,10129,81032,13771,10.87649323723961,5.884249509839518,0.023138401546504657,0.15211312088871445,1.1164965694770217,80,126.6125,85,128,0,80,0,122,2560,960,10129,3642,239.882187,4.895482
room-occupancy-count.csv:A4:cq=4,room-occupancy-count.csv,external,A4,adaptive_auto,4.0,1e-06,10129,81032,13771,10.87649323723961,5.884249509839518,0.001843294339947146,0.04293360385463985,0.5299240350723267,80,126.6125,85,128,64,0,16,122,2560,960,10129,3642,273.273132,13.136771
tetouan-zone1-power.csv:A0:cq=0.0625,tetouan-zone1-power.csv,external,A0,whole_linear,0.0625,1e-06,52416,419328,52582,8.025335775335776,7.97474420904492,16587.819111581706,128.79370757758977,222.82529581059134,1,52416.0,52416,52416,0,1,0,122,32,12,52416,166,156.933479,31.226713
tetouan-zone1-power.csv:A1:cq=0.0625,tetouan-zone1-power.csv,external,A1,fixed_linear,0.0625,1e-06,52416,419328,88574,13.51862026862027,4.734210942262966,3473.378435223461,58.93537507493662,206.40453922363304,819,64.0,64,64,0,819,0,122,26208,9828,52416,36158,148.339498,28.187774
tetouan-zone1-power.csv:A2:cq=0.0625,tetouan-zone1-power.csv,external,A2,fixed_auto,0.0625,1e-06,52416,419328,88792,13.551892551892552,4.722587620506352,2076.23295319675,45.56569930547264,207.45871401367185,819,64.0,64,64,20,298,501,122,26208,9828,52634,36158,314.999724,29.274955
tetouan-zone1-power.csv:A3:cq=0.0625,tetouan-zone1-power.csv,external,A3,adaptive_linear,0.0625,1e-06,52416,419328,124624,19.02075702075702,3.364745153421492,849.8734265603006,29.152588676827666,144.090677861328,1638,32.0,32,32,0,1638,0,122,52416,19656,52430,72194,194.272446,33.107155
tetouan-zone1-power.csv:A4:cq=0.0625,tetouan-zone1-power.csv,external,A4,adaptive_auto,0.0625,1e-06,52416,419328,124701,19.032509157509157,3.3626675006615825,600.8480882027825,24.512202842722694,144.090677861328,1638,32.0,32,32,66,883,689,122,52416,19656,52507,72194,354.455606,37.388794
tetouan-zone1-power.csv:A0:cq=0.125,tetouan-zone1-power.csv,external,A0,whole_linear,0.125,1e-06,52416,419328,52582,8.025335775335776,7.97474420904492,65881.4427093253,256.6738060444137,445.64613272471615,1,52416.0,52416,52416,0,1,0,122,32,12,52416,166,152.45929,39.371939
tetouan-zone1-power.csv:A1:cq=0.125,tetouan-zone1-power.csv,external,A1,fixed_linear,0.125,1e-06,52416,419328,88574,13.51862026862027,4.734210942262966,13843.629016319497,117.65895212995693,412.8820023681619,819,64.0,64,64,0,819,0,122,26208,9828,52416,36158,159.824346,32.956832
tetouan-zone1-power.csv:A2:cq=0.125,tetouan-zone1-power.csv,external,A2,fixed_auto,0.125,1e-06,52416,419328,88574,13.51862026862027,4.734210942262966,8005.126209730934,89.47137089444273,413.91415287109703,819,64.0,64,64,16,301,502,122,26208,9828,52416,36158,327.556683,32.678887
tetouan-zone1-power.csv:A3:cq=0.125,tetouan-zone1-power.csv,external,A3,adaptive_linear,0.125,1e-06,52416,419328,124610,19.018620268620268,3.3651231843351255,3475.709947641025,58.955152002526674,294.8134133300773,1638,32.0,32,32,0,1638,0,122,52416,19656,52416,72194,192.327432,42.197495
tetouan-zone1-power.csv:A4:cq=0.125,tetouan-zone1-power.csv,external,A4,adaptive_auto,0.125,1e-06,52416,419328,124610,19.018620268620268,3.3651231843351255,2415.1961813199555,49.14464549999273,299.01173421875137,1638,32.0,32,32,83,822,733,122,52416,19656,52416,72194,364.576652,36.135626
tetouan-zone1-power.csv:A0:cq=0.25,tetouan-zone1-power.csv,external,A0,whole_linear,0.25,1e-06,52416,419328,52582,8.025335775335776,7.97474420904492,263947.666562707,513.758373715414,891.3023496823334,1,52416.0,52416,52416,0,1,0,122,32,12,52416,166,155.18578,32.78853
tetouan-zone1-power.csv:A1:cq=0.25,tetouan-zone1-power.csv,external,A1,fixed_linear,0.25,1e-06,52416,419328,88574,13.51862026862027,4.734210942262966,55102.997703836154,234.74027712311357,818.7313743408231,819,64.0,64,64,0,819,0,122,26208,9828,52416,36158,149.212533,31.602048
tetouan-zone1-power.csv:A2:cq=0.25,tetouan-zone1-power.csv,external,A2,fixed_auto,0.25,1e-06,52416,419328,88574,13.51862026862027,4.734210942262966,31743.190131152096,178.16618683451722,771.5076648828108,819,64.0,64,64,21,292,506,122,26208,9828,52416,36158,300.231838,28.076566
tetouan-zone1-power.csv:A3:cq=0.25,tetouan-zone1-power.csv,external,A3,adaptive_linear,0.25,1e-06,52416,419328,124610,19.018620268620268,3.3651231843351255,13810.567688456915,117.5183717061163,580.1617520800792,1638,32.0,32,32,0,1638,0,122,52416,19656,52416,72194,193.829662,32.712801
tetouan-zone1-power.csv:A4:cq=0.25,tetouan-zone1-power.csv,external,A4,adaptive_auto,0.25,1e-06,52416,419328,124610,19.018620268620268,3.3651231843351255,9898.47267302592,99.49106830779294,580.1617520800792,1638,32.0,32,32,75,852,711,122,52416,19656,52416,72194,390.31988,32.371686
tetouan-zone1-power.csv:A0:cq=0.5,tetouan-zone1-power.csv,external,A0,whole_linear,0.5,1e-06,52416,419328,52582,8.025335775335776,7.97474420904492,1044926.2846111972,1022.2163590019469,1782.5155010693707,1,52416.0,52416,52416,0,1,0,122,32,12,52416,166,149.479118,32.522515
tetouan-zone1-power.csv:A1:cq=0.5,tetouan-zone1-power.csv,external,A1,fixed_linear,0.5,1e-06,52416,419328,88574,13.51862026862027,4.734210942262966,224998.84352212684,474.3404299889762,1643.701178637697,819,64.0,64,64,0,819,0,122,26208,9828,52416,36158,153.774782,27.778546
tetouan-zone1-power.csv:A2:cq=0.5,tetouan-zone1-power.csv,external,A2,fixed_auto,0.5,1e-06,52416,419328,88574,13.51862026862027,4.734210942262966,124603.75099498316,352.99256507040366,1652.4698462304696,819,64.0,64,64,22,274,523,122,26208,9828,52416,36158,302.373866,28.017809
tetouan-zone1-power.csv:A3:cq=0.5,tetouan-zone1-power.csv,external,A3,adaptive_linear,0.5,1e-06,52416,419328,124610,19.018620268620268,3.3651231843351255,55018.82119807171,234.5609114879794,1164.588699130858,1638,32.0,32,32,0,1638,0,122,52416,19656,52416,72194,179.848767,34.243899
tetouan-zone1-power.csv:A4:cq=0.5,tetouan-zone1-power.csv,external,A4,adaptive_auto,0.5,1e-06,52416,419328,124610,19.018620268620268,3.3651231843351255,38827.167054335434,197.046103880121,1164.588699130858,1638,32.0,32,32,70,852,716,122,52416,19656,52416,72194,362.11256,38.381549
tetouan-zone1-power.csv:A0:cq=1,tetouan-zone1-power.csv,external,A0,whole_linear,1.0,1e-06,52416,419328,52582,8.025335775335776,7.97474420904492,4376436.926563101,2091.993529283277,3565.1452215809695,1,52416.0,52416,52416,0,1,0,122,32,12,52416,166,144.831567,34.92273
tetouan-zone1-power.csv:A1:cq=1,tetouan-zone1-power.csv,external,A1,fixed_linear,1.0,1e-06,52416,419328,88574,13.51862026862027,4.734210942262966,867823.149103452,931.5702598856685,3328.012493769529,819,64.0,64,64,0,819,0,122,26208,9828,52416,36158,179.34283,27.838033
tetouan-zone1-power.csv:A2:cq=1,tetouan-zone1-power.csv,external,A2,fixed_auto,1.0,1e-06,52416,419328,88574,13.51862026862027,4.734210942262966,524256.0824307562,724.0553034338994,3009.870421276857,819,64.0,64,64,27,311,481,122,26208,9828,52416,36158,322.69763,28.267984
tetouan-zone1-power.csv:A3:cq=1,tetouan-zone1-power.csv,external,A3,adaptive_linear,1.0,1e-06,52416,419328,124610,19.018620268620268,3.3651231843351255,212666.7522172503,461.1580555701595,2326.2769319628896,1638,32.0,32,32,0,1638,0,122,52416,19656,52416,72194,179.206955,31.949571
tetouan-zone1-power.csv:A4:cq=1,tetouan-zone1-power.csv,external,A4,adaptive_auto,1.0,1e-06,52416,419328,124610,19.018620268620268,3.3651231843351255,149725.68556571723,386.94403415186184,2290.831949218751,1638,32.0,32,32,83,827,728,122,52416,19656,52416,72194,371.959663,33.387297
tetouan-zone1-power.csv:A0:cq=2,tetouan-zone1-power.csv,external,A0,whole_linear,2.0,1e-06,52416,419328,52582,8.025335775335776,7.97474420904492,17565226.02953092,4191.088883515944,7130.127384773186,1,52416.0,52416,52416,0,1,0,122,32,12,52416,166,143.29812,28.76679
tetouan-zone1-power.csv:A1:cq=2,tetouan-zone1-power.csv,external,A1,fixed_linear,2.0,1e-06,52416,419328,88574,13.51862026862027,4.734210942262966,4453919.50341498,2110.4311179033966,6681.081668564453,819,64.0,64,64,0,819,0,122,26208,9828,52416,36158,156.051202,28.62418
tetouan-zone1-power.csv:A2:cq=2,tetouan-zone1-power.csv,external,A2,fixed_auto,2.0,1e-06,52416,419328,88574,13.51862026862027,4.734210942262966,2617734.6917117564,1617.9414982352596,8635.854260820313,819,64.0,64,64,40,283,496,122,26208,9828,52416,36158,308.888308,27.789302
tetouan-zone1-power.csv:A3:cq=2,tetouan-zone1-power.csv,external,A3,adaptive_linear,2.0,1e-06,52416,419328,124610,19.018620268620268,3.3651231843351255,1108256.947692918,1052.7378342649788,4711.3995775,1638,32.0,32,32,0,1638,0,122,52416,19656,52416,72194,194.123358,32.131285
tetouan-zone1-power.csv:A4:cq=2,tetouan-zone1-power.csv,external,A4,adaptive_auto,2.0,1e-06,52416,419328,124610,19.018620268620268,3.3651231843351255,740204.4847001184,860.3513728123635,6210.9983331640615,1638,32.0,32,32,84,756,798,122,52416,19656,52416,72194,369.040466,65.272985
tetouan-zone1-power.csv:A0:cq=4,tetouan-zone1-power.csv,external,A0,whole_linear,4.0,1e-06,52416,419328,52582,8.025335775335776,7.97474420904492,48677434.3635628,6976.92155349068,14260.444065867843,1,52416.0,52416,52416,0,1,0,122,32,12,52416,166,147.385947,29.488519
tetouan-zone1-power.csv:A1:cq=4,tetouan-zone1-power.csv,external,A1,fixed_linear,4.0,1e-06,52416,419328,88574,13.51862026862027,4.734210942262966,10192919.019905385,3192.6351216362614,11827.218146669922,819,64.0,64,64,0,819,0,122,26208,9828,52416,36158,159.469448,29.035579
tetouan-zone1-power.csv:A2:cq=4,tetouan-zone1-power.csv,external,A2,fixed_auto,4.0,1e-06,52416,419328,88574,13.51862026862027,4.734210942262966,9200339.143805536,3033.2060833061664,14038.05769703125,819,64.0,64,64,44,615,160,122,26208,9828,52416,36158,308.331386,27.252149
tetouan-zone1-power.csv:A3:cq=4,tetouan-zone1-power.csv,external,A3,adaptive_linear,4.0,1e-06,52416,419328,124610,19.018620268620268,3.3651231843351255,2456694.2507701237,1567.384525497851,8967.680306650389,1638,32.0,32,32,0,1638,0,122,52416,19656,52416,72194,178.151241,32.738334
tetouan-zone1-power.csv:A4:cq=4,tetouan-zone1-power.csv,external,A4,adaptive_auto,4.0,1e-06,52416,419328,124610,19.018620268620268,3.3651231843351255,1815933.7836525182,1347.5658735855989,8952.186171562498,1638,32.0,32,32,52,1199,387,122,52416,19656,52416,72194,339.705326,31.541032
