dataset,evidence_group,segment_index,start_idx,end_idx,segment_length,mse_winner,mse_winner_rmse,byte_winner,byte_winner_projected_bytes
trend.csv,internal,0,0,127,128,lag24,5.192592726319031e-16,mean,160
trend.csv,internal,1,128,199,72,lag24,1.6350418822104582e-15,mean,104
sine_noise.csv,internal,0,0,63,64,ar1,0.019258625816081995,mean,96
sine_noise.csv,internal,1,64,113,50,quadratic,0.00716758733864546,mean,82
sine_noise.csv,internal,2,114,161,48,quadratic,0.00701584856286988,median,80
sine_noise.csv,internal,3,162,210,49,quadratic,0.006810372489950838,median,81
sine_noise.csv,internal,4,211,258,48,quadratic,0.00931349281023135,median,80
sine_noise.csv,internal,5,259,299,41,ar1,0.0093084404369843,random_walk,73
flat_spike.csv,internal,0,0,127,128,mean,0.0005963059883130097,mean,160
flat_spike.csv,internal,1,128,159,32,lag24,0.01281269800558045,median,64
flat_spike.csv,internal,2,160,191,32,lag24,0.012840725342250147,random_walk,64
flat_spike.csv,internal,3,192,299,108,ar1,0.0007303886914917935,median,140
appliances-energy.csv,real-world,0,0,31,32,lag24,1.1163119676377382,median,64
appliances-energy.csv,real-world,1,32,63,32,random_walk,1.0830472401452975,random_walk,64
appliances-energy.csv,real-world,2,64,95,32,lag24,0.4607834073299326,mean,64
appliances-energy.csv,real-world,3,96,127,32,lag24,3.1430582876538495,median,64
appliances-energy.csv,real-world,4,128,159,32,random_walk,1.840260793406251,random_walk,64
appliances-energy.csv,real-world,5,160,191,32,lag24,0.1507214401675498,median,64
appliances-energy.csv,real-world,6,192,223,32,random_walk,0.033389622695519205,random_walk,64
appliances-energy.csv,real-world,7,224,255,32,lag24,0.7567276243943797,mean,64
appliances-energy.csv,real-world,8,256,287,32,median,0.08940796840349266,median,64
appliances-energy.csv,real-world,9,288,319,32,lag24,1.7589782644792469,median,64
appliances-energy.csv,real-world,10,320,351,32,ar1,0.23665728505246228,mean,64
appliances-energy.csv,real-world,11,352,383,32,lag24,2.340612867231969,mean,64
appliances-energy.csv,real-world,12,384,415,32,lag24,2.0104065462542846,mean,64
appliances-energy.csv,real-world,13,416,447,32,lag24,4.641059460248453,mean,64
appliances-energy.csv,real-world,14,448,479,32,lag24,0.26585374359015673,random_walk,64
appliances-energy.csv,real-world,15,480,511,32,median,0.011223607919254402,median,64
appliances-energy.csv,real-world,16,512,543,32,lag24,2.6915619418281365,mean,64
appliances-energy.csv,real-world,17,544,575,32,lag24,2.4650342385856403,median,64
appliances-energy.csv,real-world,18,576,607,32,lag24,2.132373785277382,mean,64
appliances-energy.csv,real-world,19,608,639,32,ar1,0.4009941978387483,median,64
appliances-energy.csv,real-world,20,640,671,32,ar1,2.149289557528154,median,64
appliances-energy.csv,real-world,21,672,703,32,lag24,0.22949242271479653,median,64
appliances-energy.csv,real-world,22,704,735,32,lag24,4.7777698381002365,median,64
appliances-energy.csv,real-world,23,736,767,32,lag24,1.120761852675788,mean,64
appliances-energy.csv,real-world,24,768,799,32,lag24,0.1701312066298263,mean,64
appliances-energy.csv,real-world,25,800,831,32,lag24,1.1070753112704474,mean,64
appliances-energy.csv,real-world,26,832,863,32,lag24,2.206803474399894,mean,64
appliances-energy.csv,real-world,27,864,895,32,linear,6.316050933560844,mean,64
appliances-energy.csv,real-world,28,896,927,32,median,0.019972556670666206,median,64
appliances-energy.csv,real-world,29,928,959,32,lag24,0.1803285732370082,median,64
appliances-energy.csv,real-world,30,960,991,32,lag24,0.07610277711390225,random_walk,64
appliances-energy.csv,real-world,31,992,1023,32,lag24,3.1097259900164334,random_walk,64
appliances-energy.csv,real-world,32,1024,1055,32,lag24,3.211555529127735,random_walk,64
appliances-energy.csv,real-world,33,1056,1087,32,random_walk,0.12672084637106543,random_walk,64
appliances-energy.csv,real-world,34,1088,1119,32,lag24,0.08409225963324495,median,64
appliances-energy.csv,real-world,35,1120,1151,32,random_walk,0.03394155467674343,random_walk,64
appliances-energy.csv,real-world,36,1152,1183,32,lag24,2.962906634727185,mean,64
appliances-energy.csv,real-world,37,1184,1215,32,lag24,0.039216291753892296,mean,64
appliances-energy.csv,real-world,38,1216,1247,32,random_walk,0.7795295263730289,random_walk,64
appliances-energy.csv,real-world,39,1248,1279,32,lag24,0.38690774531147026,mean,64
appliances-energy.csv,real-world,40,1280,1311,32,lag24,3.9822972180844873,mean,64
appliances-energy.csv,real-world,41,1312,1343,32,lag24,1.755132872785638,median,64
appliances-energy.csv,real-world,42,1344,1375,32,lag24,0.14171187178890196,random_walk,64
appliances-energy.csv,real-world,43,1376,1407,32,lag24,0.2841590350909175,mean,64
appliances-energy.csv,real-world,44,1408,1439,32,lag24,0.11011966404246559,median,64
appliances-energy.csv,real-world,45,1440,1471,32,lag24,2.0743632232419427,median,64
appliances-energy.csv,real-world,46,1472,1503,32,lag24,0.11011966404246559,mean,64
appliances-energy.csv,real-world,47,1504,1535,32,median,0.001643522195933278,median,64
appliances-energy.csv,real-world,48,1536,1567,32,lag24,1.37494416443706,mean,64
appliances-energy.csv,real-world,49,1568,1599,32,random_walk,0.03785911095429918,random_walk,64
appliances-energy.csv,real-world,50,1600,1631,32,median,0.04735827236974543,median,64
appliances-energy.csv,real-world,51,1632,1663,32,median,0.02555842831055373,median,64
appliances-energy.csv,real-world,52,1664,1695,32,lag24,0.5860948695166945,random_walk,64
appliances-energy.csv,real-world,53,1696,1727,32,lag24,1.099063109766112,mean,64
appliances-energy.csv,real-world,54,1728,1759,32,median,1.597658324313862,median,64
appliances-energy.csv,real-world,55,1760,1791,32,random_walk,0.02710874163864792,random_walk,64
appliances-energy.csv,real-world,56,1792,1823,32,random_walk,2.330257035881454,random_walk,64
appliances-energy.csv,real-world,57,1824,1855,32,lag24,2.666710504877851,median,64
appliances-energy.csv,real-world,58,1856,1887,32,ar1,1.665514432228715,median,64
appliances-energy.csv,real-world,59,1888,1919,32,lag24,2.646213286410249,median,64
appliances-energy.csv,real-world,60,1920,1951,32,random_walk,0.028266374859309575,random_walk,64
appliances-energy.csv,real-world,61,1952,1983,32,median,0.005528318484905733,median,64
appliances-energy.csv,real-world,62,1984,2015,32,lag24,0.1759610916348767,mean,64
appliances-energy.csv,real-world,63,2016,2047,32,lag24,0.23025586843582507,mean,64
appliances-energy.csv,real-world,64,2048,2079,32,lag24,1.3835653703018658,random_walk,64
appliances-energy.csv,real-world,65,2080,2111,32,median,1.8007013375104701,median,64
appliances-energy.csv,real-world,66,2112,2143,32,lag24,0.11237737701760231,median,64
appliances-energy.csv,real-world,67,2144,2175,32,lag24,0.1330088842451903,random_walk,64
appliances-energy.csv,real-world,68,2176,2207,32,lag24,2.853087436790285,mean,64
appliances-energy.csv,real-world,69,2208,2239,32,lag24,0.09803390593273749,median,64
appliances-energy.csv,real-world,70,2240,2271,32,lag24,0.5184203035761923,mean,64
appliances-energy.csv,real-world,71,2272,2303,32,median,0.03350742745900766,median,64
appliances-energy.csv,real-world,72,2304,2335,32,lag24,0.18032857323700774,random_walk,64
appliances-energy.csv,real-world,73,2336,2367,32,random_walk,0.21378187129499224,random_walk,64
appliances-energy.csv,real-world,74,2368,2399,32,random_walk,0.01145988905676638,random_walk,64
appliances-energy.csv,real-world,75,2400,2431,32,lag24,0.1874031049384901,median,64
appliances-energy.csv,real-world,76,2432,2463,32,lag24,0.08952304664678096,random_walk,64
appliances-energy.csv,real-world,77,2464,2495,32,mean,0.32882249341655734,mean,64
appliances-energy.csv,real-world,78,2496,2527,32,lag24,0.15220555422780513,median,64
appliances-energy.csv,real-world,79,2528,2559,32,lag24,0.14171187178890196,median,64
appliances-energy.csv,real-world,80,2560,2591,32,ar1,0.34886449346348686,median,64
appliances-energy.csv,real-world,81,2592,2623,32,median,0.07884142653331085,median,64
appliances-energy.csv,real-world,82,2624,2655,32,lag24,0.17620201612242992,median,64
appliances-energy.csv,real-world,83,2656,2687,32,lag24,0.20056872376669757,random_walk,64
appliances-energy.csv,real-world,84,2688,2719,32,random_walk,1.6448001239207155,random_walk,64
appliances-energy.csv,real-world,85,2720,2751,32,lag24,4.390425570947013,median,64
appliances-energy.csv,real-world,86,2752,2783,32,random_walk,0.1637717769770461,random_walk,64
appliances-energy.csv,real-world,87,2784,2815,32,median,0.033507427459006936,median,64
appliances-energy.csv,real-world,88,2816,2847,32,lag24,2.646783103515117,median,64
appliances-energy.csv,real-world,89,2848,2879,32,lag24,3.7309211687040698,random_walk,64
appliances-energy.csv,real-world,90,2880,2911,32,lag24,0.2592423750097647,median,64
appliances-energy.csv,real-world,91,2912,2943,32,lag24,0.3402624132596526,median,64
appliances-energy.csv,real-world,92,2944,2975,32,median,1.6843678937010993,median,64
appliances-energy.csv,real-world,93,2976,3007,32,lag24,3.151259476342075,median,64
appliances-energy.csv,real-world,94,3008,3039,32,lag24,1.596466468326842,mean,64
appliances-energy.csv,real-world,95,3040,3071,32,random_walk,1.6389901791042718,random_walk,64
appliances-energy.csv,real-world,96,3072,3103,32,random_walk,0.0188323349759441,random_walk,64
appliances-energy.csv,real-world,97,3104,3135,32,lag24,0.322636280543747,mean,64
appliances-energy.csv,real-world,98,3136,3167,32,lag24,0.039216291753893184,random_walk,64
appliances-energy.csv,real-world,99,3168,3199,32,lag24,0.42505546633608854,median,64
appliances-energy.csv,real-world,100,3200,3231,32,median,0.10242829974567712,median,64
appliances-energy.csv,real-world,101,3232,3263,32,quadratic,1.136569447212463,random_walk,64
appliances-energy.csv,real-world,102,3264,3295,32,lag24,1.6015684161079624,median,64
appliances-energy.csv,real-world,103,3296,3327,32,lag24,2.7484134669337115,median,64
appliances-energy.csv,real-world,104,3328,3359,32,lag24,0.3901453334034652,median,64
appliances-energy.csv,real-world,105,3360,3391,32,lag24,0.09803390593273749,mean,64
appliances-energy.csv,real-world,106,3392,3423,32,lag24,0.2308377146962404,median,64
appliances-energy.csv,real-world,107,3424,3455,32,lag24,3.2453952391402776,median,64
appliances-energy.csv,real-world,108,3456,3487,32,lag24,2.4023630080895098,mean,64
appliances-energy.csv,real-world,109,3488,3519,32,lag24,0.04598517822107199,random_walk,64
appliances-energy.csv,real-world,110,3520,3551,32,random_walk,0.21276349091166127,random_walk,64
appliances-energy.csv,real-world,111,3552,3583,32,lag24,0.1816199499766951,median,64
appliances-energy.csv,real-world,112,3584,3615,32,lag24,2.1485458374442303,median,64
appliances-energy.csv,real-world,113,3616,3647,32,lag24,0.3696023634580685,median,64
appliances-energy.csv,real-world,114,3648,3679,32,random_walk,0.010066306467563634,random_walk,64
appliances-energy.csv,real-world,115,3680,3711,32,lag24,0.21148305928953764,mean,64
appliances-energy.csv,real-world,116,3712,3743,32,lag24,2.32688504943097,median,64
appliances-energy.csv,real-world,117,3744,3775,32,median,1.708217903266493,median,64
appliances-energy.csv,real-world,118,3776,3807,32,random_walk,0.144774308865001,random_walk,64
appliances-energy.csv,real-world,119,3808,3839,32,lag24,0.15037168252115,median,64
appliances-energy.csv,real-world,120,3840,3871,32,median,0.47656793077313886,median,64
appliances-energy.csv,real-world,121,3872,3903,32,lag24,1.7373272958097024,median,64
appliances-energy.csv,real-world,122,3904,3935,32,lag24,1.2572231710893171,mean,64
appliances-energy.csv,real-world,123,3936,3967,32,random_walk,0.12405596723659172,random_walk,64
appliances-energy.csv,real-world,124,3968,3999,32,quadratic,4.396822572210865,mean,64
appliances-energy.csv,real-world,125,4000,4031,32,lag24,0.6878956330833109,median,64
appliances-energy.csv,real-world,126,4032,4063,32,lag24,2.7454352554679557,median,64
appliances-energy.csv,real-world,127,4064,4095,32,lag24,0.09197035644214586,median,64
appliances-energy.csv,real-world,128,4096,4127,32,median,0.0023288480702530847,median,64
appliances-energy.csv,real-world,129,4128,4159,32,lag24,1.7179736570400568,median,64
appliances-energy.csv,real-world,130,4160,4191,32,quadratic,3.6839982403237452,mean,64
appliances-energy.csv,real-world,131,4192,4223,32,lag24,0.3805369455599566,random_walk,64
appliances-energy.csv,real-world,132,4224,4255,32,random_walk,0.08962352979230592,random_walk,64
appliances-energy.csv,real-world,133,4256,4287,32,lag24,0.6202937733728515,median,64
appliances-energy.csv,real-world,134,4288,4319,32,lag24,0.48536350408342105,median,64
appliances-energy.csv,real-world,135,4320,4351,32,lag24,0.17592779902816755,median,64
appliances-energy.csv,real-world,136,4352,4383,32,lag24,0.33035899212739955,mean,64
appliances-energy.csv,real-world,137,4384,4415,32,quadratic,1.8818953965041787,median,64
appliances-energy.csv,real-world,138,4416,4447,32,lag24,0.5005827459157434,median,64
appliances-energy.csv,real-world,139,4448,4479,32,lag24,4.690333346115661,mean,64
appliances-energy.csv,real-world,140,4480,4511,32,lag24,0.2995169520771063,random_walk,64
appliances-energy.csv,real-world,141,4512,4543,32,lag24,0.17456082107024634,mean,64
appliances-energy.csv,real-world,142,4544,4575,32,lag24,0.28342374357780303,median,64
appliances-energy.csv,real-world,143,4576,4607,32,lag24,2.577364099876099,mean,64
appliances-energy.csv,real-world,144,4608,4639,32,lag24,1.010272174273523,median,64
appliances-energy.csv,real-world,145,4640,4671,32,median,0.2520774307954252,median,64
appliances-energy.csv,real-world,146,4672,4703,32,lag24,0.25684400131267776,median,64
appliances-energy.csv,real-world,147,4704,4735,32,lag24,1.9786628621712792,mean,64
appliances-energy.csv,real-world,148,4736,4767,32,lag24,2.868472923766543,random_walk,64
appliances-energy.csv,real-world,149,4768,4799,32,lag24,0.40694073985922774,median,64
appliances-energy.csv,real-world,150,4800,4831,32,random_walk,0.022397752092282747,random_walk,64
appliances-energy.csv,real-world,151,4832,4863,32,lag24,2.6371754131534906,mean,64
appliances-energy.csv,real-world,152,4864,4895,32,median,0.8319227938789381,median,64
appliances-energy.csv,real-world,153,4896,4927,32,lag24,0.575367958201067,median,64
appliances-energy.csv,real-world,154,4928,4959,32,lag24,0.31054235148583953,median,64
appliances-energy.csv,real-world,155,4960,4991,32,quadratic,1.7894673229292017,median,64
appliances-energy.csv,real-world,156,4992,5023,32,lag24,1.6119211711627128,median,64
appliances-energy.csv,real-world,157,5024,5055,32,lag24,1.736842679432313,median,64
appliances-energy.csv,real-world,158,5056,5087,32,lag24,1.997591025861739,mean,64
appliances-energy.csv,real-world,159,5088,5119,32,random_walk,0.010228337076704891,random_walk,64
appliances-energy.csv,real-world,160,5120,5151,32,lag24,1.8686306907282886,mean,64
appliances-energy.csv,real-world,161,5152,5183,32,mean,0.4493065126572795,mean,64
appliances-energy.csv,real-world,162,5184,5215,32,lag24,0.19476787311763594,mean,64
appliances-energy.csv,real-world,163,5216,5247,32,random_walk,0.04310581754529916,random_walk,64
appliances-energy.csv,real-world,164,5248,5279,32,median,0.03350742745900862,median,64
appliances-energy.csv,real-world,165,5280,5311,32,lag24,0.6924093034404941,mean,64
appliances-energy.csv,real-world,166,5312,5343,32,median,0.4431474220714876,median,64
appliances-energy.csv,real-world,167,5344,5375,32,random_walk,0.048414092286556076,random_walk,64
appliances-energy.csv,real-world,168,5376,5407,32,lag24,0.12616179405295244,median,64
appliances-energy.csv,real-world,169,5408,5439,32,lag24,3.2148249625803937,median,64
appliances-energy.csv,real-world,170,5440,5471,32,quadratic,0.8640459091182208,random_walk,64
appliances-energy.csv,real-world,171,5472,5503,32,lag24,0.2706329386826371,median,64
appliances-energy.csv,real-world,172,5504,5535,32,lag24,0.32167801422383463,mean,64
appliances-energy.csv,real-world,173,5536,5567,32,mean,0.9541642485968779,mean,64
appliances-energy.csv,real-world,174,5568,5599,32,lag24,1.8347967341681615,median,64
appliances-energy.csv,real-world,175,5600,5631,32,lag24,3.414983484040901,mean,64
appliances-energy.csv,real-world,176,5632,5663,32,lag24,0.045985178221072745,median,64
appliances-energy.csv,real-world,177,5664,5695,32,lag24,0.1533711258852684,mean,64
appliances-energy.csv,real-world,178,5696,5727,32,lag24,2.6550121354361553,median,64
appliances-energy.csv,real-world,179,5728,5759,32,lag24,1.0220408002322097,median,64
appliances-energy.csv,real-world,180,5760,5791,32,lag24,0.22785198919779417,random_walk,64
appliances-energy.csv,real-world,181,5792,5823,32,lag24,0.0,median,64
appliances-energy.csv,real-world,182,5824,5855,32,lag24,0.027730105832167014,random_walk,64
appliances-energy.csv,real-world,183,5856,5887,32,lag24,0.8720644790369125,median,64
appliances-energy.csv,real-world,184,5888,5919,32,lag24,1.9929074739476833,median,64
appliances-energy.csv,real-world,185,5920,5951,32,lag24,2.2965952425836185,median,64
appliances-energy.csv,real-world,186,5952,5983,32,random_walk,0.11118595310802258,random_walk,64
appliances-energy.csv,real-world,187,5984,6015,32,random_walk,1.284393629993577,random_walk,64
appliances-energy.csv,real-world,188,6016,6047,32,quadratic,1.2937549204464287,random_walk,64
appliances-energy.csv,real-world,189,6048,6079,32,mean,1.133235138352446,mean,64
appliances-energy.csv,real-world,190,6080,6111,32,lag24,0.025160410529117404,median,64
appliances-energy.csv,real-world,191,6112,6143,32,median,0.2420729381322253,median,64
appliances-energy.csv,real-world,192,6144,6175,32,median,3.0482218549952504,median,64
appliances-energy.csv,real-world,193,6176,6207,32,lag24,0.7737490432551778,median,64
appliances-energy.csv,real-world,194,6208,6239,32,lag24,0.9292523460176618,random_walk,64
appliances-energy.csv,real-world,195,6240,6271,32,lag24,0.027730105832167014,mean,64
appliances-energy.csv,real-world,196,6272,6303,32,lag24,0.2349931815635592,mean,64
appliances-energy.csv,real-world,197,6304,6335,32,lag24,0.633096811281603,median,64
appliances-energy.csv,real-world,198,6336,6367,32,lag24,0.33163317474863024,median,64
appliances-energy.csv,real-world,199,6368,6399,32,lag24,0.1740119388019035,median,64
appliances-energy.csv,real-world,200,6400,6431,32,lag24,0.1402866957959719,mean,64
appliances-energy.csv,real-world,201,6432,6463,32,lag24,2.234972090200123,mean,64
appliances-energy.csv,real-world,202,6464,6495,32,lag24,3.289563439234528,mean,64
appliances-energy.csv,real-world,203,6496,6527,32,lag24,0.005219627491978341,mean,64
appliances-energy.csv,real-world,204,6528,6559,32,lag24,0.21201734120809304,mean,64
appliances-energy.csv,real-world,205,6560,6591,32,lag24,1.1956876394492182,median,64
appliances-energy.csv,real-world,206,6592,6623,32,lag24,2.480444657949781,random_walk,64
appliances-energy.csv,real-world,207,6624,6655,32,lag24,0.9616814086952085,mean,64
appliances-energy.csv,real-world,208,6656,6687,32,lag24,0.21866505273970913,median,64
appliances-energy.csv,real-world,209,6688,6719,32,random_walk,0.026092591555240983,random_walk,64
appliances-energy.csv,real-world,210,6720,6751,32,lag24,1.9614306826387844,mean,64
appliances-energy.csv,real-world,211,6752,6783,32,ar1,0.7143994672479117,median,64
appliances-energy.csv,real-world,212,6784,6815,32,lag24,0.19518467563237102,median,64
appliances-energy.csv,real-world,213,6816,6847,32,median,0.08464762312954523,median,64
appliances-energy.csv,real-world,214,6848,6879,32,lag24,0.09774284955919141,median,64
appliances-energy.csv,real-world,215,6880,6911,32,lag24,0.0,median,64
appliances-energy.csv,real-world,216,6912,6943,32,lag24,0.3410850927273047,median,64
appliances-energy.csv,real-world,217,6944,6975,32,lag24,0.041595158748250524,median,64
appliances-energy.csv,real-world,218,6976,7007,32,median,1.9288942688443165,median,64
appliances-energy.csv,real-world,219,7008,7039,32,lag24,2.968520223169317,median,64
appliances-energy.csv,real-world,220,7040,7071,32,median,4.500975608997839,median,64
appliances-energy.csv,real-world,221,7072,7103,32,lag24,0.2720735681179743,mean,64
appliances-energy.csv,real-world,222,7104,7135,32,lag24,0.3080968535527715,mean,64
appliances-energy.csv,real-world,223,7136,7167,32,random_walk,1.366272208621761,random_walk,64
appliances-energy.csv,real-world,224,7168,7199,32,lag24,0.29818861512527944,median,64
appliances-energy.csv,real-world,225,7200,7231,32,lag24,0.8488905199653883,median,64
appliances-energy.csv,real-world,226,7232,7263,32,lag24,0.16349356589266684,median,64
appliances-energy.csv,real-world,227,7264,7295,32,lag24,0.62464830872466,median,64
appliances-energy.csv,real-world,228,7296,7327,32,quadratic,2.0980932017801286,mean,64
appliances-energy.csv,real-world,229,7328,7359,32,linear,3.4063042043181753,median,64
appliances-energy.csv,real-world,230,7360,7391,32,lag24,0.43479803658136257,mean,64
appliances-energy.csv,real-world,231,7392,7423,32,random_walk,0.010439117544979169,random_walk,64
appliances-energy.csv,real-world,232,7424,7455,32,lag24,0.2696409138572524,mean,64
appliances-energy.csv,real-world,233,7456,7487,32,lag24,1.5106700275434488,mean,64
appliances-energy.csv,real-world,234,7488,7519,32,median,0.520039629918291,median,64
appliances-energy.csv,real-world,235,7520,7551,32,lag24,0.2120173412080927,random_walk,64
appliances-energy.csv,real-world,236,7552,7583,32,median,0.02607481236083752,median,64
appliances-energy.csv,real-world,237,7584,7615,32,linear,1.8492779076251857,mean,64
appliances-energy.csv,real-world,238,7616,7647,32,lag24,2.825873345900636,mean,64
appliances-energy.csv,real-world,239,7648,7679,32,lag24,0.26107624351615505,random_walk,64
appliances-energy.csv,real-world,240,7680,7711,32,lag24,0.15817451346474357,random_walk,64
appliances-energy.csv,real-world,241,7712,7743,32,lag24,0.2706329386826371,mean,64
appliances-energy.csv,real-world,242,7744,7775,32,lag24,3.0417855686823785,median,64
appliances-energy.csv,real-world,243,7776,7807,32,lag24,0.6943612088058813,mean,64
appliances-energy.csv,real-world,244,7808,7839,32,lag24,0.35376745338424465,median,64
appliances-energy.csv,real-world,245,7840,7871,32,random_walk,0.06164522909619701,random_walk,64
appliances-energy.csv,real-world,246,7872,7903,32,median,0.08940796840349391,median,64
appliances-energy.csv,real-world,247,7904,7935,32,lag24,2.367768164033157,random_walk,64
appliances-energy.csv,real-world,248,7936,7967,32,lag24,1.7926441581508454,mean,64
appliances-energy.csv,real-world,249,7968,7999,32,median,0.05414392818116059,median,64
appliances-energy.csv,real-world,250,8000,8031,32,lag24,1.7516592809995795,median,64
appliances-energy.csv,real-world,251,8032,8063,32,lag24,2.0520123142441915,mean,64
appliances-energy.csv,real-world,252,8064,8095,32,lag24,0.14782066939152327,mean,64
appliances-energy.csv,real-world,253,8096,8127,32,median,0.03465052039744696,median,64
appliances-energy.csv,real-world,254,8128,8159,32,random_walk,0.01998938823723532,random_walk,64
appliances-energy.csv,real-world,255,8160,8191,32,median,0.8228141115035262,median,64
appliances-energy.csv,real-world,256,8192,8223,32,lag24,4.668540835865092,mean,64
appliances-energy.csv,real-world,257,8224,8255,32,lag24,0.3039734053794996,random_walk,64
appliances-energy.csv,real-world,258,8256,8287,32,random_walk,0.0,random_walk,64
appliances-energy.csv,real-world,259,8288,8319,32,lag24,1.798814151945739,median,64
appliances-energy.csv,real-world,260,8320,8351,32,random_walk,0.064148262442209,random_walk,64
appliances-energy.csv,real-world,261,8352,8383,32,lag24,0.21926987463429376,mean,64
appliances-energy.csv,real-world,262,8384,8415,32,median,0.03465052039744914,median,64
appliances-energy.csv,real-world,263,8416,8447,32,lag24,0.17127017992285348,median,64
appliances-energy.csv,real-world,264,8448,8479,32,mean,1.5890624668028759,mean,64
appliances-energy.csv,real-world,265,8480,8511,32,lag24,4.093251796849592,median,64
appliances-energy.csv,real-world,266,8512,8543,32,lag24,0.3183448064928405,random_walk,64
appliances-energy.csv,real-world,267,8544,8575,32,lag24,0.04598517822107199,random_walk,64
appliances-energy.csv,real-world,268,8576,8607,32,lag24,0.3492682883330661,median,64
appliances-energy.csv,real-world,269,8608,8639,32,random_walk,0.36580006081080646,random_walk,64
appliances-energy.csv,real-world,270,8640,8671,32,lag24,0.4175230785012974,median,64
appliances-energy.csv,real-world,271,8672,8703,32,mean,0.2929897748965158,mean,64
appliances-energy.csv,real-world,272,8704,8735,32,lag24,0.23882158013472546,median,64
appliances-energy.csv,real-world,273,8736,8767,32,lag24,0.8130269923224474,random_walk,64
appliances-energy.csv,real-world,274,8768,8799,32,random_walk,2.347699400001151,random_walk,64
appliances-energy.csv,real-world,275,8800,8831,32,lag24,1.7032865036236136,median,64
appliances-energy.csv,real-world,276,8832,8863,32,lag24,0.13878123674800466,random_walk,64
appliances-energy.csv,real-world,277,8864,8895,32,quadratic,0.6971597314234337,median,64
appliances-energy.csv,real-world,278,8896,8927,32,lag24,0.15871688753470028,mean,64
appliances-energy.csv,real-world,279,8928,8959,32,lag24,0.49410588440130926,median,64
appliances-energy.csv,real-world,280,8960,8991,32,lag24,0.24836277663359455,median,64
appliances-energy.csv,real-world,281,8992,9023,32,quadratic,1.7928409320312921,random_walk,64
appliances-energy.csv,real-world,282,9024,9055,32,ar1,6.001633916589126,median,64
appliances-energy.csv,real-world,283,9056,9087,32,lag24,1.8757003067664453,median,64
appliances-energy.csv,real-world,284,9088,9119,32,lag24,0.256352992216549,median,64
appliances-energy.csv,real-world,285,9120,9151,32,median,0.01228233792207436,median,64
appliances-energy.csv,real-world,286,9152,9183,32,mean,2.1787502472514313,mean,64
appliances-energy.csv,real-world,287,9184,9215,32,lag24,0.27356463705069384,median,64
appliances-energy.csv,real-world,288,9216,9247,32,lag24,2.6995115396739653,mean,64
appliances-energy.csv,real-world,289,9248,9279,32,median,0.01205405464939255,median,64
appliances-energy.csv,real-world,290,9280,9311,32,lag24,0.9368239540239655,median,64
appliances-energy.csv,real-world,291,9312,9343,32,quadratic,4.714697249040727,mean,64
appliances-energy.csv,real-world,292,9344,9375,32,lag24,2.1670207926047,mean,64
appliances-energy.csv,real-world,293,9376,9407,32,lag24,0.24705294220065463,median,64
appliances-energy.csv,real-world,294,9408,9439,32,median,0.021304511792399276,median,64
appliances-energy.csv,real-world,295,9440,9471,32,lag24,1.242750922566925,mean,64
appliances-energy.csv,real-world,296,9472,9503,32,median,0.3736654274113964,median,64
appliances-energy.csv,real-world,297,9504,9535,32,lag24,0.3314964555212767,mean,64
appliances-energy.csv,real-world,298,9536,9567,32,lag24,0.21766962918931188,median,64
appliances-energy.csv,real-world,299,9568,9599,32,lag24,0.12643742814356607,mean,64
appliances-energy.csv,real-world,300,9600,9631,32,random_walk,0.0,random_walk,64
appliances-energy.csv,real-world,301,9632,9663,32,lag24,0.9971582904040672,random_walk,64
appliances-energy.csv,real-world,302,9664,9695,32,lag24,0.30742821033080825,median,64
appliances-energy.csv,real-world,303,9696,9727,32,median,0.29828273756882673,median,64
appliances-energy.csv,real-world,304,9728,9759,32,lag24,3.487492535933768,mean,64
appliances-energy.csv,real-world,305,9760,9791,32,linear,1.8380112643287947,mean,64
appliances-energy.csv,real-world,306,9792,9823,32,lag24,0.1553598653836985,median,64
appliances-energy.csv,real-world,307,9824,9855,32,mean,0.39562401406581565,mean,64
appliances-energy.csv,real-world,308,9856,9887,32,random_walk,0.14738753419925474,random_walk,64
appliances-energy.csv,real-world,309,9888,9919,32,lag24,1.8133306610604085,median,64
appliances-energy.csv,real-world,310,9920,9951,32,lag24,1.2199358737424042,mean,64
appliances-energy.csv,real-world,311,9952,9983,32,lag24,0.44819299177346633,random_walk,64
appliances-energy.csv,real-world,312,9984,10015,32,random_walk,0.04014169919521734,random_walk,64
appliances-energy.csv,real-world,313,10016,10047,32,median,1.4585853027738558,median,64
appliances-energy.csv,real-world,314,10048,10079,32,lag24,0.17753342672749672,random_walk,64
appliances-energy.csv,real-world,315,10080,10111,32,lag24,0.3622939243283532,median,64
appliances-energy.csv,real-world,316,10112,10143,32,lag24,0.3410032405931519,median,64
appliances-energy.csv,real-world,317,10144,10175,32,lag24,0.07913910000007555,median,64
appliances-energy.csv,real-world,318,10176,10207,32,mean,0.28815790107866746,mean,64
appliances-energy.csv,real-world,319,10208,10239,32,random_walk,2.1518557527708126,random_walk,64
appliances-energy.csv,real-world,320,10240,10271,32,lag24,0.19246537917572137,median,64
appliances-energy.csv,real-world,321,10272,10303,32,lag24,0.20264904795226504,median,64
appliances-energy.csv,real-world,322,10304,10335,32,lag24,0.8704541658090837,median,64
appliances-energy.csv,real-world,323,10336,10367,32,lag24,0.544876227476765,mean,64
appliances-energy.csv,real-world,324,10368,10399,32,lag24,0.6451094045681229,mean,64
appliances-energy.csv,real-world,325,10400,10431,32,lag24,0.08952304664678097,median,64
appliances-energy.csv,real-world,326,10432,10463,32,median,0.004397280451124251,median,64
appliances-energy.csv,real-world,327,10464,10495,32,lag24,0.11405737287321806,random_walk,64
appliances-energy.csv,real-world,328,10496,10527,32,median,2.7339236240108575,median,64
appliances-energy.csv,real-world,329,10528,10559,32,lag24,0.15702872805198753,mean,64
appliances-energy.csv,real-world,330,10560,10591,32,lag24,0.0777486255097457,median,64
appliances-energy.csv,real-world,331,10592,10623,32,lag24,4.638742769227574,median,64
appliances-energy.csv,real-world,332,10624,10655,32,lag24,5.502392660907021,mean,64
appliances-energy.csv,real-world,333,10656,10687,32,lag24,1.3145823533198755,median,64
appliances-energy.csv,real-world,334,10688,10719,32,random_walk,0.08324501436759123,random_walk,64
appliances-energy.csv,real-world,335,10720,10751,32,mean,0.07781741649221628,mean,64
appliances-energy.csv,real-world,336,10752,10783,32,lag24,1.4145192960730129,mean,64
appliances-energy.csv,real-world,337,10784,10815,32,mean,1.5606384576936985,mean,64
appliances-energy.csv,real-world,338,10816,10847,32,lag24,1.53340826647837,mean,64
appliances-energy.csv,real-world,339,10848,10879,32,lag24,0.03921629175389185,median,64
appliances-energy.csv,real-world,340,10880,10911,32,lag24,0.29392044280930724,median,64
appliances-energy.csv,real-world,341,10912,10943,32,median,0.0023288480702517754,median,64
appliances-energy.csv,real-world,342,10944,10975,32,lag24,0.7622117854072442,median,64
appliances-energy.csv,real-world,343,10976,11007,32,lag24,0.1284592712811991,median,64
appliances-energy.csv,real-world,344,11008,11039,32,median,0.009364573514371342,median,64
appliances-energy.csv,real-world,345,11040,11071,32,lag24,2.091410476030107,mean,64
appliances-energy.csv,real-world,346,11072,11103,32,lag24,2.0740034614776186,mean,64
appliances-energy.csv,real-world,347,11104,11135,32,mean,1.531700706157555,mean,64
appliances-energy.csv,real-world,348,11136,11167,32,lag24,0.3016455827681459,median,64
appliances-energy.csv,real-world,349,11168,11199,32,median,0.3005044486368599,median,64
appliances-energy.csv,real-world,350,11200,11231,32,random_walk,0.4092918292614333,random_walk,64
appliances-energy.csv,real-world,351,11232,11263,32,lag24,2.426275931631485,median,64
appliances-energy.csv,real-world,352,11264,11295,32,median,0.05183495011309441,median,64
appliances-energy.csv,real-world,353,11296,11327,32,median,0.343447494352055,median,64
appliances-energy.csv,real-world,354,11328,11359,32,median,0.13744027961187968,median,64
appliances-energy.csv,real-world,355,11360,11391,32,lag24,0.7656911491465425,median,64
appliances-energy.csv,real-world,356,11392,11423,32,median,0.12055910621989782,median,64
appliances-energy.csv,real-world,357,11424,11455,32,median,0.219741554166571,median,64
appliances-energy.csv,real-world,358,11456,11487,32,lag24,0.16332027044397188,mean,64
appliances-energy.csv,real-world,359,11488,11519,32,lag24,0.27627942399555827,mean,64
appliances-energy.csv,real-world,360,11520,11551,32,random_walk,2.1407058763649296,random_walk,64
appliances-energy.csv,real-world,361,11552,11583,32,lag24,0.041595158748250524,random_walk,64
appliances-energy.csv,real-world,362,11584,11615,32,random_walk,0.19826089935141877,random_walk,64
appliances-energy.csv,real-world,363,11616,11647,32,random_walk,0.22624477882820473,random_walk,64
appliances-energy.csv,real-world,364,11648,11679,32,median,0.034650520397447176,median,64
appliances-energy.csv,real-world,365,11680,11711,32,lag24,0.23882158013472482,median,64
appliances-energy.csv,real-world,366,11712,11743,32,lag24,0.07913910000007555,median,64
appliances-energy.csv,real-world,367,11744,11775,32,median,0.26500770742597846,median,64
appliances-energy.csv,real-world,368,11776,11807,32,lag24,0.11011966404246559,median,64
appliances-energy.csv,real-world,369,11808,11839,32,lag24,0.12055176839484386,mean,64
appliances-energy.csv,real-world,370,11840,11871,32,lag24,0.19425183137636645,median,64
appliances-energy.csv,real-world,371,11872,11903,32,lag24,0.24705294220065463,random_walk,64
appliances-energy.csv,real-world,372,11904,11935,32,lag24,0.21462762157806167,median,64
appliances-energy.csv,real-world,373,11936,11967,32,lag24,0.22447787345434747,median,64
appliances-energy.csv,real-world,374,11968,11999,32,lag24,0.2294421953678794,random_walk,64
appliances-energy.csv,real-world,375,12000,12031,32,random_walk,0.14053534707723728,random_walk,64
appliances-energy.csv,real-world,376,12032,12063,32,lag24,4.0816412053308975,median,64
appliances-energy.csv,real-world,377,12064,12095,32,quadratic,6.462530917956958,mean,64
appliances-energy.csv,real-world,378,12096,12127,32,quadratic,1.0509773890311584,random_walk,64
appliances-energy.csv,real-world,379,12128,12159,32,median,0.05183495011309441,median,64
appliances-energy.csv,real-world,380,12160,12191,32,random_walk,3.9767940143940326,random_walk,64
appliances-energy.csv,real-world,381,12192,12223,32,lag24,3.343780681395857,median,64
appliances-energy.csv,real-world,382,12224,12255,32,lag24,3.8544067178162615,mean,64
appliances-energy.csv,real-world,383,12256,12287,32,quadratic,1.8307665010189769,mean,64
appliances-energy.csv,real-world,384,12288,12319,32,lag24,0.09573425135666556,median,64
appliances-energy.csv,real-world,385,12320,12351,32,lag24,0.3683998866545992,median,64
appliances-energy.csv,real-world,386,12352,12383,32,lag24,0.4841116042773475,median,64
appliances-energy.csv,real-world,387,12384,12415,32,lag24,1.991099718462766,median,64
appliances-energy.csv,real-world,388,12416,12447,32,ar1,0.10430575484514198,mean,64
appliances-energy.csv,real-world,389,12448,12479,32,median,0.5751866465636287,median,64
appliances-energy.csv,real-world,390,12480,12511,32,median,1.6878076766469525,median,64
appliances-energy.csv,real-world,391,12512,12543,32,lag24,0.1682387721601636,median,64
appliances-energy.csv,real-world,392,12544,12575,32,random_walk,0.5001038289874662,random_walk,64
appliances-energy.csv,real-world,393,12576,12607,32,lag24,0.1514733309283078,median,64
appliances-energy.csv,real-world,394,12608,12639,32,lag24,2.0061942906458388,median,64
appliances-energy.csv,real-world,395,12640,12671,32,lag24,1.023748148491282,median,64
appliances-energy.csv,real-world,396,12672,12703,32,lag24,3.569156426141589,mean,64
appliances-energy.csv,real-world,397,12704,12735,32,median,0.11848814077255289,median,64
appliances-energy.csv,real-world,398,12736,12767,32,lag24,1.7057151006985891,median,64
appliances-energy.csv,real-world,399,12768,12799,32,median,1.3851967373320297,median,64
appliances-energy.csv,real-world,400,12800,12831,32,random_walk,1.0459759940106994,random_walk,64
appliances-energy.csv,real-world,401,12832,12863,32,lag24,0.24873540720604828,random_walk,64
appliances-energy.csv,real-world,402,12864,12895,32,lag24,0.09573425135666556,random_walk,64
appliances-energy.csv,real-world,403,12896,12927,32,median,1.6119931747346998,median,64
appliances-energy.csv,real-world,404,12928,12959,32,random_walk,0.04818078136961001,random_walk,64
appliances-energy.csv,real-world,405,12960,12991,32,lag24,0.6751718595029473,median,64
appliances-energy.csv,real-world,406,12992,13023,32,median,0.047082321427702835,median,64
appliances-energy.csv,real-world,407,13024,13055,32,lag24,0.09573425135666556,median,64
appliances-energy.csv,real-world,408,13056,13087,32,lag24,0.274783438691044,mean,64
appliances-energy.csv,real-world,409,13088,13119,32,lag24,0.21209020723481828,median,64
appliances-energy.csv,real-world,410,13120,13151,32,lag24,0.16139686323767835,random_walk,64
appliances-energy.csv,real-world,411,13152,13183,32,median,0.24029387872908411,median,64
appliances-energy.csv,real-world,412,13184,13215,32,random_walk,0.009746999477825093,random_walk,64
appliances-energy.csv,real-world,413,13216,13247,32,lag24,1.686991720118899,median,64
appliances-energy.csv,real-world,414,13248,13279,32,lag24,4.729571842849432,mean,64
appliances-energy.csv,real-world,415,13280,13311,32,lag24,0.0,median,64
appliances-energy.csv,real-world,416,13312,13343,32,lag24,0.3004223508522535,median,64
appliances-energy.csv,real-world,417,13344,13375,32,quadratic,0.5773014404598912,mean,64
appliances-energy.csv,real-world,418,13376,13407,32,lag24,2.2722868133807412,random_walk,64
appliances-energy.csv,real-world,419,13408,13439,32,lag24,0.0,median,64
appliances-energy.csv,real-world,420,13440,13471,32,median,0.0023288480702530847,median,64
appliances-energy.csv,real-world,421,13472,13503,32,lag24,0.15508728852439482,mean,64
appliances-energy.csv,real-world,422,13504,13535,32,lag24,0.12845304837640795,median,64
appliances-energy.csv,real-world,423,13536,13567,32,lag24,2.3525081541635564,median,64
appliances-energy.csv,real-world,424,13568,13599,32,median,0.09774284955919141,median,64
appliances-energy.csv,real-world,425,13600,13631,32,lag24,4.028925463745441,median,64
appliances-energy.csv,real-world,426,13632,13663,32,lag24,3.440521428091944,mean,64
appliances-energy.csv,real-world,427,13664,13695,32,random_walk,0.37078102587223166,random_walk,64
appliances-energy.csv,real-world,428,13696,13727,32,lag24,0.18080115397902413,mean,64
appliances-energy.csv,real-world,429,13728,13759,32,median,0.006027027324695753,median,64
appliances-energy.csv,real-world,430,13760,13791,32,lag24,3.442813378348933,mean,64
appliances-energy.csv,real-world,431,13792,13823,32,ar1,4.198707467443832,mean,64
appliances-energy.csv,real-world,432,13824,13855,32,median,0.4614771765930699,median,64
appliances-energy.csv,real-world,433,13856,13887,32,lag24,0.0,random_walk,64
appliances-energy.csv,real-world,434,13888,13919,32,lag24,0.46603422851741466,mean,64
appliances-energy.csv,real-world,435,13920,13951,32,lag24,2.430775261991125,median,64
appliances-energy.csv,real-world,436,13952,13983,32,lag24,0.37598319961895316,mean,64
appliances-energy.csv,real-world,437,13984,14015,32,lag24,0.04700733738969445,random_walk,64
appliances-energy.csv,real-world,438,14016,14047,32,lag24,0.295638486723172,median,64
appliances-energy.csv,real-world,439,14048,14079,32,quadratic,0.5968775119135129,median,64
appliances-energy.csv,real-world,440,14080,14111,32,lag24,0.0919703564421453,random_walk,64
appliances-energy.csv,real-world,441,14112,14143,32,lag24,3.0136920094519013,mean,64
appliances-energy.csv,real-world,442,14144,14175,32,lag24,0.09573425135666556,median,64
appliances-energy.csv,real-world,443,14176,14207,32,median,0.29407740032278884,median,64
appliances-energy.csv,real-world,444,14208,14239,32,lag24,0.14199684201490784,median,64
appliances-energy.csv,real-world,445,14240,14271,32,lag24,0.19817368534823052,median,64
appliances-energy.csv,real-world,446,14272,14303,32,quadratic,0.3403122536266913,median,64
appliances-energy.csv,real-world,447,14304,14335,32,random_walk,0.09605990440115189,random_walk,64
appliances-energy.csv,real-world,448,14336,14367,32,median,0.19218667804198752,median,64
appliances-energy.csv,real-world,449,14368,14399,32,lag24,0.3589330797670752,median,64
appliances-energy.csv,real-world,450,14400,14431,32,quadratic,3.1092048736381606,median,64
appliances-energy.csv,real-world,451,14432,14463,32,lag24,0.17753342672749672,mean,64
appliances-energy.csv,real-world,452,14464,14495,32,lag24,0.05546021166433497,median,64
appliances-energy.csv,real-world,453,14496,14527,32,lag24,0.24705294220065463,median,64
appliances-energy.csv,real-world,454,14528,14559,32,lag24,1.8668893286777606,mean,64
appliances-energy.csv,real-world,455,14560,14591,32,median,1.5969283405554815,median,64
appliances-energy.csv,real-world,456,14592,14623,32,median,0.3903025220016529,median,64
appliances-energy.csv,real-world,457,14624,14655,32,lag24,4.600940355563431,median,64
appliances-energy.csv,real-world,458,14656,14687,32,lag24,4.6885827724717455,mean,64
appliances-energy.csv,real-world,459,14688,14719,32,quadratic,4.410035995539753,mean,64
appliances-energy.csv,real-world,460,14720,14751,32,lag24,0.09573425135666556,mean,64
appliances-energy.csv,real-world,461,14752,14783,32,lag24,0.18382427174031696,median,64
appliances-energy.csv,real-world,462,14784,14815,32,lag24,0.740067524571735,median,64
appliances-energy.csv,real-world,463,14816,14847,32,mean,3.1910710845435157,mean,64
appliances-energy.csv,real-world,464,14848,14879,32,lag24,0.19068270053076863,median,64
appliances-energy.csv,real-world,465,14880,14911,32,random_walk,0.3083890010532558,random_walk,64
appliances-energy.csv,real-world,466,14912,14943,32,lag24,0.5112218547237043,median,64
appliances-energy.csv,real-world,467,14944,14975,32,ar1,0.40749053595447715,median,64
appliances-energy.csv,real-world,468,14976,15007,32,lag24,0.25269200399022435,median,64
appliances-energy.csv,real-world,469,15008,15039,32,lag24,0.18550592197791546,mean,64
appliances-energy.csv,real-world,470,15040,15071,32,lag24,0.09803390593273875,mean,64
appliances-energy.csv,real-world,471,15072,15103,32,lag24,0.24680939138362004,median,64
appliances-energy.csv,real-world,472,15104,15135,32,lag24,0.1460880104378338,random_walk,64
appliances-energy.csv,real-world,473,15136,15167,32,lag24,0.2578630187816833,median,64
appliances-energy.csv,real-world,474,15168,15199,32,lag24,1.0011743499422237,median,64
appliances-energy.csv,real-world,475,15200,15231,32,lag24,0.3748208398052415,median,64
appliances-energy.csv,real-world,476,15232,15263,32,lag24,0.23385724861071006,random_walk,64
appliances-energy.csv,real-world,477,15264,15295,32,median,3.4239939570153,median,64
appliances-energy.csv,real-world,478,15296,15327,32,lag24,0.1330088842451903,median,64
appliances-energy.csv,real-world,479,15328,15359,32,median,0.09527905611759376,median,64
appliances-energy.csv,real-world,480,15360,15391,32,lag24,0.694456610148657,median,64
appliances-energy.csv,real-world,481,15392,15423,32,lag24,0.34362760471134945,mean,64
appliances-energy.csv,real-world,482,15424,15455,32,random_walk,0.34123916423974215,random_walk,64
appliances-energy.csv,real-world,483,15456,15487,32,median,0.9857363081310516,median,64
appliances-energy.csv,real-world,484,15488,15519,32,lag24,0.3123613844090715,median,64
appliances-energy.csv,real-world,485,15520,15551,32,median,1.5510432704750554,median,64
appliances-energy.csv,real-world,486,15552,15583,32,lag24,2.853773693076858,median,64
appliances-energy.csv,real-world,487,15584,15615,32,lag24,0.20065999815774807,median,64
appliances-energy.csv,real-world,488,15616,15647,32,lag24,2.9762677523534826,median,64
appliances-energy.csv,real-world,489,15648,15679,32,lag24,2.915889009627053,mean,64
appliances-energy.csv,real-world,490,15680,15711,32,lag24,1.5944482790452916,median,64
appliances-energy.csv,real-world,491,15712,15743,32,lag24,0.26713860779104565,random_walk,64
appliances-energy.csv,real-world,492,15744,15775,32,median,0.09935057478486793,median,64
appliances-energy.csv,real-world,493,15776,15807,32,lag24,1.934886468877054,median,64
appliances-energy.csv,real-world,494,15808,15839,32,lag24,3.145805220613972,mean,64
appliances-energy.csv,real-world,495,15840,15871,32,quadratic,2.888022150886861,median,64
appliances-energy.csv,real-world,496,15872,15903,32,lag24,0.25412875027668225,median,64
appliances-energy.csv,real-world,497,15904,15935,32,median,0.17511925426015568,median,64
appliances-energy.csv,real-world,498,15936,15967,32,mean,0.4166285163951304,mean,64
appliances-energy.csv,real-world,499,15968,15999,32,lag24,1.5839250125352764,median,64
appliances-energy.csv,real-world,500,16000,16031,32,lag24,0.20746077453687356,median,64
appliances-energy.csv,real-world,501,16032,16063,32,median,0.5583955412456045,median,64
appliances-energy.csv,real-world,502,16064,16095,32,lag24,0.11092042332867057,mean,64
appliances-energy.csv,real-world,503,16096,16127,32,lag24,0.48620368116330986,random_walk,64
appliances-energy.csv,real-world,504,16128,16159,32,lag24,1.2447757701066655,median,64
appliances-energy.csv,real-world,505,16160,16191,32,lag24,0.24635166828682228,random_walk,64
appliances-energy.csv,real-world,506,16192,16223,32,mean,0.13083798216374,mean,64
appliances-energy.csv,real-world,507,16224,16255,32,random_walk,0.12015422151829393,random_walk,64
appliances-energy.csv,real-world,508,16256,16287,32,lag24,0.4909376330815931,random_walk,64
appliances-energy.csv,real-world,509,16288,16319,32,lag24,0.15711307436786826,median,64
appliances-energy.csv,real-world,510,16320,16351,32,mean,0.5828018651120012,mean,64
appliances-energy.csv,real-world,511,16352,16383,32,lag24,0.7107419417058916,median,64
appliances-energy.csv,real-world,512,16384,16415,32,median,0.1682638146959431,median,64
appliances-energy.csv,real-world,513,16416,16447,32,lag24,0.4326953452927714,median,64
appliances-energy.csv,real-world,514,16448,16479,32,median,0.07319383051421809,median,64
appliances-energy.csv,real-world,515,16480,16511,32,lag24,2.0070506159252375,mean,64
appliances-energy.csv,real-world,516,16512,16543,32,lag24,0.47383272243247526,median,64
appliances-energy.csv,real-world,517,16544,16575,32,lag24,0.0,random_walk,64
appliances-energy.csv,real-world,518,16576,16607,32,random_walk,0.2388184582214089,random_walk,64
appliances-energy.csv,real-world,519,16608,16639,32,median,0.06984773580942168,median,64
appliances-energy.csv,real-world,520,16640,16671,32,lag24,3.7585733340691885,mean,64
appliances-energy.csv,real-world,521,16672,16703,32,lag24,1.1402017850190598,median,64
appliances-energy.csv,real-world,522,16704,16735,32,lag24,0.8379118700272907,mean,64
appliances-energy.csv,real-world,523,16736,16767,32,random_walk,0.0861242689439143,random_walk,64
appliances-energy.csv,real-world,524,16768,16799,32,mean,1.6032702851320078,mean,64
appliances-energy.csv,real-world,525,16800,16831,32,lag24,1.0777201618740964,mean,64
appliances-energy.csv,real-world,526,16832,16863,32,ar1,3.216420851922322,median,64
appliances-energy.csv,real-world,527,16864,16895,32,lag24,0.1493311900255041,mean,64
appliances-energy.csv,real-world,528,16896,16927,32,lag24,0.08806283457937367,random_walk,64
appliances-energy.csv,real-world,529,16928,16959,32,lag24,0.1514733309283078,median,64
appliances-energy.csv,real-world,530,16960,16991,32,median,0.05015563955211321,median,64
appliances-energy.csv,real-world,531,16992,17023,32,median,0.07884142653331085,median,64
appliances-energy.csv,real-world,532,17024,17055,32,mean,0.05187827766147862,mean,64
appliances-energy.csv,real-world,533,17056,17087,32,lag24,0.1514733309283078,mean,64
appliances-energy.csv,real-world,534,17088,17119,32,mean,1.7513874683947337,mean,64
appliances-energy.csv,real-world,535,17120,17151,32,lag24,0.39593766888150117,mean,64
appliances-energy.csv,real-world,536,17152,17183,32,random_walk,0.16852660476871648,random_walk,64
appliances-energy.csv,real-world,537,17184,17215,32,ar1,0.28432188392706237,median,64
appliances-energy.csv,real-world,538,17216,17247,32,lag24,0.09052312944580942,random_walk,64
appliances-energy.csv,real-world,539,17248,17279,32,random_walk,0.009003578217527793,random_walk,64
appliances-energy.csv,real-world,540,17280,17311,32,lag24,1.544001623722581,median,64
appliances-energy.csv,real-world,541,17312,17343,32,median,0.05920658815507165,median,64
appliances-energy.csv,real-world,542,17344,17375,32,median,0.9238770830401168,median,64
appliances-energy.csv,real-world,543,17376,17407,32,median,0.07456275404511052,median,64
appliances-energy.csv,real-world,544,17408,17439,32,lag24,0.18422165638830784,mean,64
appliances-energy.csv,real-world,545,17440,17471,32,lag24,0.1740119388019035,median,64
appliances-energy.csv,real-world,546,17472,17503,32,random_walk,0.08951194756282588,random_walk,64
appliances-energy.csv,real-world,547,17504,17535,32,lag24,0.11137701892219312,median,64
appliances-energy.csv,real-world,548,17536,17567,32,random_walk,0.4196483361702713,random_walk,64
appliances-energy.csv,real-world,549,17568,17599,32,median,0.5969430290112684,median,64
appliances-energy.csv,real-world,550,17600,17631,32,lag24,0.14171187178890196,mean,64
appliances-energy.csv,real-world,551,17632,17663,32,lag24,1.7708115592480913,median,64
appliances-energy.csv,real-world,552,17664,17695,32,lag24,1.0229694801587734,median,64
appliances-energy.csv,real-world,553,17696,17727,32,lag24,2.341494285212362,median,64
appliances-energy.csv,real-world,554,17728,17759,32,linear,0.23573242970169409,random_walk,64
appliances-energy.csv,real-world,555,17760,17791,32,random_walk,0.06954725281152732,random_walk,64
appliances-energy.csv,real-world,556,17792,17823,32,lag24,0.31814455335858693,median,64
appliances-energy.csv,real-world,557,17824,17855,32,lag24,0.0,median,64
appliances-energy.csv,real-world,558,17856,17887,32,lag24,1.895825730003487,random_walk,64
appliances-energy.csv,real-world,559,17888,17919,32,random_walk,0.01545591732557435,random_walk,64
appliances-energy.csv,real-world,560,17920,17951,32,random_walk,0.6062507886583636,random_walk,64
appliances-energy.csv,real-world,561,17952,17983,32,lag24,1.1593858713650549,median,64
appliances-energy.csv,real-world,562,17984,18015,32,lag24,0.27115957821863595,median,64
appliances-energy.csv,real-world,563,18016,18047,32,random_walk,2.5686384033821366,random_walk,64
appliances-energy.csv,real-world,564,18048,18079,32,lag24,0.07610277711390222,mean,64
appliances-energy.csv,real-world,565,18080,18111,32,lag24,0.15702872805198753,mean,64
appliances-energy.csv,real-world,566,18112,18143,32,lag24,2.0936534942916847,median,64
appliances-energy.csv,real-world,567,18144,18175,32,lag24,3.3279270693358143,median,64
appliances-energy.csv,real-world,568,18176,18207,32,median,0.012282337922073429,median,64
appliances-energy.csv,real-world,569,18208,18239,32,lag24,0.12643742814356607,median,64
appliances-energy.csv,real-world,570,18240,18271,32,lag24,0.18243972637939584,mean,64
appliances-energy.csv,real-world,571,18272,18303,32,lag24,0.4018081529484915,median,64
appliances-energy.csv,real-world,572,18304,18335,32,lag24,0.20130904808457836,random_walk,64
appliances-energy.csv,real-world,573,18336,18367,32,median,0.22105682185799025,median,64
appliances-energy.csv,real-world,574,18368,18399,32,lag24,0.3687678903525311,mean,64
appliances-energy.csv,real-world,575,18400,18431,32,random_walk,0.043557843623800864,random_walk,64
appliances-energy.csv,real-world,576,18432,18463,32,lag24,1.1030252808793317,median,64
appliances-energy.csv,real-world,577,18464,18495,32,random_walk,0.07662962990942974,random_walk,64
appliances-energy.csv,real-world,578,18496,18527,32,lag24,0.1701325150884214,mean,64
appliances-energy.csv,real-world,579,18528,18559,32,mean,0.0,mean,64
appliances-energy.csv,real-world,580,18560,18591,32,lag24,1.2515857997318085,mean,64
appliances-energy.csv,real-world,581,18592,18623,32,lag24,0.47502074731879873,random_walk,64
appliances-energy.csv,real-world,582,18624,18655,32,lag24,0.06503286270838549,median,64
appliances-energy.csv,real-world,583,18656,18687,32,lag24,0.333243853989446,random_walk,64
appliances-energy.csv,real-world,584,18688,18719,32,lag24,0.39465749787217763,median,64
appliances-energy.csv,real-world,585,18720,18751,32,lag24,0.2606142050709327,median,64
appliances-energy.csv,real-world,586,18752,18783,32,lag24,0.09573425135666556,mean,64
appliances-energy.csv,real-world,587,18784,18815,32,random_walk,1.3248179979083277,random_walk,64
appliances-energy.csv,real-world,588,18816,18847,32,median,5.238308239807979,median,64
appliances-energy.csv,real-world,589,18848,18879,32,lag24,2.577988201264485,median,64
appliances-energy.csv,real-world,590,18880,18911,32,lag24,0.26780550371166867,median,64
appliances-energy.csv,real-world,591,18912,18943,32,random_walk,0.07218787850885691,random_walk,64
appliances-energy.csv,real-world,592,18944,18975,32,lag24,2.19625521408237,random_walk,64
appliances-energy.csv,real-world,593,18976,19007,32,ar1,0.6641515933360662,median,64
appliances-energy.csv,real-world,594,19008,19039,32,median,1.24067691432321,median,64
appliances-energy.csv,real-world,595,19040,19071,32,random_walk,0.14003576825212327,random_walk,64
appliances-energy.csv,real-world,596,19072,19103,32,lag24,0.027730105832167014,median,64
appliances-energy.csv,real-world,597,19104,19135,32,lag24,0.027730105832167014,median,64
appliances-energy.csv,real-world,598,19136,19167,32,lag24,0.4295404843085266,mean,64
appliances-energy.csv,real-world,599,19168,19199,32,lag24,0.0,random_walk,64
appliances-energy.csv,real-world,600,19200,19231,32,random_walk,1.344538841828908,random_walk,64
appliances-energy.csv,real-world,601,19232,19263,32,lag24,0.3332926544318843,median,64
appliances-energy.csv,real-world,602,19264,19295,32,random_walk,0.41364970383150734,random_walk,64
appliances-energy.csv,real-world,603,19296,19327,32,lag24,0.8879452110320297,median,64
appliances-energy.csv,real-world,604,19328,19359,32,lag24,0.1838614151975118,median,64
appliances-energy.csv,real-world,605,19360,19391,32,lag24,0.26673512632148394,mean,64
appliances-energy.csv,real-world,606,19392,19423,32,median,0.4728923174897624,median,64
appliances-energy.csv,real-world,607,19424,19455,32,lag24,0.9478863370424587,mean,64
appliances-energy.csv,real-world,608,19456,19487,32,median,1.3889240095173037,median,64
appliances-energy.csv,real-world,609,19488,19519,32,median,0.07568399516504698,median,64
appliances-energy.csv,real-world,610,19520,19551,32,lag24,1.5466139821448674,mean,64
appliances-energy.csv,real-world,611,19552,19583,32,quadratic,3.561125146207306,mean,64
appliances-energy.csv,real-world,612,19584,19615,32,quadratic,3.2518331976525596,random_walk,64
appliances-energy.csv,real-world,613,19616,19647,32,lag24,0.16232304362711902,random_walk,64
appliances-energy.csv,real-world,614,19648,19679,32,ar1,1.5072155688199411,mean,64
appliances-energy.csv,real-world,615,19680,19711,32,lag24,4.38913331809604,median,64
appliances-energy.csv,real-world,616,19712,19734,23,quadratic,2.1610921087348887,median,55
metro-traffic.csv,real-world,0,0,31,32,lag24,22.850798144593448,random_walk,64
metro-traffic.csv,real-world,1,32,63,32,lag24,16.134976886573625,mean,64
metro-traffic.csv,real-world,2,64,95,32,lag24,12.508861954992836,median,64
metro-traffic.csv,real-world,3,96,127,32,lag24,6.2786366113249565,random_walk,64
metro-traffic.csv,real-world,4,128,159,32,lag24,16.103850918671704,mean,64
metro-traffic.csv,real-world,5,160,191,32,lag24,6.287523727204636,median,64
metro-traffic.csv,real-world,6,192,223,32,quadratic,71.94208963931216,mean,64
metro-traffic.csv,real-world,7,224,255,32,lag24,10.286878216195904,median,64
metro-traffic.csv,real-world,8,256,287,32,lag24,25.81722419736654,median,64
metro-traffic.csv,real-world,9,288,319,32,lag24,28.541728209981535,median,64
metro-traffic.csv,real-world,10,320,351,32,lag24,2.8453133552807723,median,64
metro-traffic.csv,real-world,11,352,383,32,lag24,19.813004494255175,random_walk,64
metro-traffic.csv,real-world,12,384,415,32,lag24,14.58289139590649,mean,64
metro-traffic.csv,real-world,13,416,447,32,lag24,6.326976127117208,random_walk,64
metro-traffic.csv,real-world,14,448,479,32,lag24,6.23408798108147,random_walk,64
metro-traffic.csv,real-world,15,480,511,32,lag24,21.47834086984426,median,64
metro-traffic.csv,real-world,16,512,543,32,lag24,27.793995447080743,random_walk,64
metro-traffic.csv,real-world,17,544,575,32,ar1,24.95135629943201,median,64
metro-traffic.csv,real-world,18,576,607,32,lag24,28.408251557481492,random_walk,64
metro-traffic.csv,real-world,19,608,639,32,lag24,6.242503522109217,random_walk,64
metro-traffic.csv,real-world,20,640,671,32,lag24,7.144697835168376,random_walk,64
metro-traffic.csv,real-world,21,672,703,32,lag24,9.419233146018424,median,64
metro-traffic.csv,real-world,22,704,735,32,lag24,7.531768373072623,random_walk,64
metro-traffic.csv,real-world,23,736,767,32,lag24,2.208855778544954,mean,64
metro-traffic.csv,real-world,24,768,799,32,lag24,2.9975585832815623,mean,64
metro-traffic.csv,real-world,25,800,831,32,lag24,6.4038789712181625,median,64
metro-traffic.csv,real-world,26,832,863,32,lag24,25.577069119963504,random_walk,64
metro-traffic.csv,real-world,27,864,895,32,lag24,4.162362615655786,random_walk,64
metro-traffic.csv,real-world,28,896,927,32,lag24,4.622644055046198,median,64
metro-traffic.csv,real-world,29,928,959,32,lag24,31.850743675350532,random_walk,64
metro-traffic.csv,real-world,30,960,991,32,lag24,5.595960056585548,random_walk,64
metro-traffic.csv,real-world,31,992,1023,32,lag24,4.796092140487805,mean,64
metro-traffic.csv,real-world,32,1024,1055,32,lag24,30.66702339516875,median,64
metro-traffic.csv,real-world,33,1056,1087,32,lag24,4.934634675203752,mean,64
metro-traffic.csv,real-world,34,1088,1119,32,lag24,8.469669148434246,random_walk,64
metro-traffic.csv,real-world,35,1120,1151,32,lag24,12.991618764514495,mean,64
metro-traffic.csv,real-world,36,1152,1183,32,lag24,17.671095938019164,median,64
metro-traffic.csv,real-world,37,1184,1215,32,lag24,0.9691561960043245,random_walk,64
metro-traffic.csv,real-world,38,1216,1247,32,lag24,5.783358427482148,median,64
metro-traffic.csv,real-world,39,1248,1279,32,lag24,4.427553075266845,median,64
metro-traffic.csv,real-world,40,1280,1311,32,lag24,15.733876577421011,mean,64
metro-traffic.csv,real-world,41,1312,1343,32,lag24,2.819613048797176,median,64
metro-traffic.csv,real-world,42,1344,1375,32,quadratic,26.310619649813418,median,64
metro-traffic.csv,real-world,43,1376,1407,32,lag24,4.455195724346849,median,64
metro-traffic.csv,real-world,44,1408,1439,32,quadratic,24.737151686388575,random_walk,64
metro-traffic.csv,real-world,45,1440,1471,32,lag24,23.584457150491215,median,64
metro-traffic.csv,real-world,46,1472,1503,32,lag24,25.493396176001777,random_walk,64
metro-traffic.csv,real-world,47,1504,1535,32,lag24,2.534475617881106,median,64
metro-traffic.csv,real-world,48,1536,1567,32,lag24,6.756876989665973,median,64
metro-traffic.csv,real-world,49,1568,1599,32,lag24,20.43802690195786,random_walk,64
metro-traffic.csv,real-world,50,1600,1631,32,quadratic,14.101428658611592,median,64
metro-traffic.csv,real-world,51,1632,1663,32,lag24,18.02263848811289,random_walk,64
metro-traffic.csv,real-world,52,1664,1695,32,quadratic,39.40121353769912,random_walk,64
metro-traffic.csv,real-world,53,1696,1727,32,lag24,56.382445691517276,median,64
metro-traffic.csv,real-world,54,1728,1759,32,lag24,2.5809809782636517,median,64
metro-traffic.csv,real-world,55,1760,1791,32,lag24,6.314350531214449,random_walk,64
metro-traffic.csv,real-world,56,1792,1823,32,lag24,15.60195071531226,random_walk,64
metro-traffic.csv,real-world,57,1824,1855,32,quadratic,18.712012699857507,random_walk,64
metro-traffic.csv,real-world,58,1856,1887,32,quadratic,4.855479142555756,mean,64
metro-traffic.csv,real-world,59,1888,1919,32,lag24,23.381024820256194,random_walk,64
metro-traffic.csv,real-world,60,1920,1951,32,lag24,30.034749007304903,random_walk,64
metro-traffic.csv,real-world,61,1952,1983,32,lag24,14.151795266525035,random_walk,64
metro-traffic.csv,real-world,62,1984,2015,32,lag24,25.089665935885026,median,64
metro-traffic.csv,real-world,63,2016,2047,32,random_walk,14.521103990908596,random_walk,64
metro-traffic.csv,real-world,64,2048,2079,32,lag24,2.4218801303661834,random_walk,64
metro-traffic.csv,real-world,65,2080,2111,32,lag24,6.225138004371491,random_walk,64
metro-traffic.csv,real-world,66,2112,2143,32,lag24,24.34149561709448,random_walk,64
metro-traffic.csv,real-world,67,2144,2175,32,ar1,35.51890395055705,random_walk,64
metro-traffic.csv,real-world,68,2176,2207,32,lag24,16.187529462442548,random_walk,64
metro-traffic.csv,real-world,69,2208,2239,32,lag24,18.55689529586175,mean,64
metro-traffic.csv,real-world,70,2240,2271,32,quadratic,34.784203223899524,mean,64
metro-traffic.csv,real-world,71,2272,2303,32,lag24,12.950265219127573,mean,64
metro-traffic.csv,real-world,72,2304,2335,32,lag24,5.026517878398417,mean,64
metro-traffic.csv,real-world,73,2336,2367,32,lag24,13.957772979963298,mean,64
metro-traffic.csv,real-world,74,2368,2399,32,lag24,8.214717195958631,random_walk,64
metro-traffic.csv,real-world,75,2400,2431,32,lag24,2.822015015762477,mean,64
metro-traffic.csv,real-world,76,2432,2463,32,quadratic,24.453012813105445,random_walk,64
metro-traffic.csv,real-world,77,2464,2495,32,lag24,8.57248332278084,random_walk,64
metro-traffic.csv,real-world,78,2496,2527,32,lag24,20.47432679903391,random_walk,64
metro-traffic.csv,real-world,79,2528,2559,32,lag24,4.593696543052309,mean,64
metro-traffic.csv,real-world,80,2560,2591,32,lag24,35.83074473144705,median,64
metro-traffic.csv,real-world,81,2592,2623,32,lag24,11.593992084930964,mean,64
metro-traffic.csv,real-world,82,2624,2655,32,lag24,8.631343540595209,random_walk,64
metro-traffic.csv,real-world,83,2656,2687,32,ar1,40.50776788302544,median,64
metro-traffic.csv,real-world,84,2688,2719,32,lag24,7.290498601029856,random_walk,64
metro-traffic.csv,real-world,85,2720,2751,32,lag24,18.931271820141777,random_walk,64
metro-traffic.csv,real-world,86,2752,2783,32,lag24,42.77960165961816,median,64
metro-traffic.csv,real-world,87,2784,2815,32,lag24,30.572801746469988,median,64
metro-traffic.csv,real-world,88,2816,2847,32,lag24,12.185957426049026,random_walk,64
metro-traffic.csv,real-world,89,2848,2879,32,quadratic,9.15822405400092,random_walk,64
metro-traffic.csv,real-world,90,2880,2911,32,lag24,14.273755911763148,mean,64
metro-traffic.csv,real-world,91,2912,2943,32,quadratic,39.60777498236696,mean,64
metro-traffic.csv,real-world,92,2944,2975,32,random_walk,32.044649778205304,random_walk,64
metro-traffic.csv,real-world,93,2976,3007,32,lag24,14.199922038319949,median,64
metro-traffic.csv,real-world,94,3008,3039,32,lag24,15.444719032535973,random_walk,64
metro-traffic.csv,real-world,95,3040,3071,32,lag24,22.760160432986513,mean,64
metro-traffic.csv,real-world,96,3072,3103,32,lag24,44.85305607859857,median,64
metro-traffic.csv,real-world,97,3104,3135,32,lag24,32.746042347142705,median,64
metro-traffic.csv,real-world,98,3136,3167,32,lag24,31.34451749350259,median,64
metro-traffic.csv,real-world,99,3168,3199,32,lag24,29.82010393807775,mean,64
metro-traffic.csv,real-world,100,3200,3231,32,ar1,46.15453960846652,mean,64
metro-traffic.csv,real-world,101,3232,3263,32,lag24,23.055846091801584,mean,64
metro-traffic.csv,real-world,102,3264,3295,32,lag24,22.659309207193612,mean,64
metro-traffic.csv,real-world,103,3296,3327,32,lag24,3.754230544391276,median,64
metro-traffic.csv,real-world,104,3328,3359,32,lag24,17.115028760771935,median,64
metro-traffic.csv,real-world,105,3360,3391,32,lag24,18.22910000622533,median,64
metro-traffic.csv,real-world,106,3392,3423,32,lag24,36.97924351492961,median,64
metro-traffic.csv,real-world,107,3424,3455,32,lag24,24.391849171412247,mean,64
metro-traffic.csv,real-world,108,3456,3487,32,lag24,7.350675974682678,mean,64
metro-traffic.csv,real-world,109,3488,3519,32,lag24,7.09240896100824,mean,64
metro-traffic.csv,real-world,110,3520,3551,32,lag24,11.221742119450818,random_walk,64
metro-traffic.csv,real-world,111,3552,3583,32,lag24,24.948857615904025,median,64
metro-traffic.csv,real-world,112,3584,3615,32,lag24,11.82669126575768,mean,64
metro-traffic.csv,real-world,113,3616,3647,32,lag24,9.78154721248478,random_walk,64
metro-traffic.csv,real-world,114,3648,3679,32,lag24,12.781825290786303,random_walk,64
metro-traffic.csv,real-world,115,3680,3711,32,lag24,6.5261003544359255,mean,64
metro-traffic.csv,real-world,116,3712,3743,32,lag24,18.30401897165798,mean,64
metro-traffic.csv,real-world,117,3744,3775,32,lag24,41.27876175026009,mean,64
metro-traffic.csv,real-world,118,3776,3807,32,lag24,14.884069545440285,random_walk,64
metro-traffic.csv,real-world,119,3808,3839,32,lag24,20.61108561683877,random_walk,64
metro-traffic.csv,real-world,120,3840,3871,32,lag24,10.491625255971046,random_walk,64
metro-traffic.csv,real-world,121,3872,3903,32,lag24,34.41690113356633,random_walk,64
metro-traffic.csv,real-world,122,3904,3935,32,lag24,31.18621149301201,random_walk,64
metro-traffic.csv,real-world,123,3936,3967,32,quadratic,33.459013704664905,median,64
metro-traffic.csv,real-world,124,3968,3999,32,lag24,19.74342714326287,mean,64
metro-traffic.csv,real-world,125,4000,4031,32,lag24,9.939372964157087,median,64
metro-traffic.csv,real-world,126,4032,4063,32,lag24,15.328592968431737,median,64
metro-traffic.csv,real-world,127,4064,4095,32,lag24,9.677893392520126,mean,64
metro-traffic.csv,real-world,128,4096,4127,32,lag24,31.54347133915571,mean,64
metro-traffic.csv,real-world,129,4128,4159,32,lag24,23.451201695931868,random_walk,64
metro-traffic.csv,real-world,130,4160,4191,32,lag24,14.370520583946783,mean,64
metro-traffic.csv,real-world,131,4192,4223,32,lag24,5.035924554568832,random_walk,64
metro-traffic.csv,real-world,132,4224,4255,32,lag24,25.85925579686672,median,64
metro-traffic.csv,real-world,133,4256,4287,32,lag24,30.521004304604837,mean,64
metro-traffic.csv,real-world,134,4288,4319,32,lag24,22.057600241649947,mean,64
metro-traffic.csv,real-world,135,4320,4351,32,lag24,24.38720909578964,median,64
metro-traffic.csv,real-world,136,4352,4383,32,lag24,29.331982942829498,median,64
metro-traffic.csv,real-world,137,4384,4415,32,lag24,30.565959002240614,mean,64
metro-traffic.csv,real-world,138,4416,4447,32,lag24,7.696053836476963,random_walk,64
metro-traffic.csv,real-world,139,4448,4479,32,lag24,24.62330059821838,mean,64
metro-traffic.csv,real-world,140,4480,4511,32,lag24,11.050939890157093,random_walk,64
metro-traffic.csv,real-world,141,4512,4543,32,lag24,10.350107702831936,random_walk,64
metro-traffic.csv,real-world,142,4544,4575,32,lag24,3.9389654749260874,median,64
metro-traffic.csv,real-world,143,4576,4607,32,lag24,4.112026740716265,median,64
metro-traffic.csv,real-world,144,4608,4639,32,lag24,4.854435676295115,median,64
metro-traffic.csv,real-world,145,4640,4671,32,lag24,23.138542113390717,median,64
metro-traffic.csv,real-world,146,4672,4703,32,lag24,4.951610554396834,mean,64
metro-traffic.csv,real-world,147,4704,4735,32,lag24,18.765278141960504,mean,64
metro-traffic.csv,real-world,148,4736,4767,32,lag24,5.051323815783319,mean,64
metro-traffic.csv,real-world,149,4768,4799,32,lag24,25.18923521282627,mean,64
metro-traffic.csv,real-world,150,4800,4831,32,lag24,15.132194819322523,random_walk,64
metro-traffic.csv,real-world,151,4832,4863,32,lag24,14.277899696017364,random_walk,64
metro-traffic.csv,real-world,152,4864,4895,32,lag24,15.942591384621585,median,64
metro-traffic.csv,real-world,153,4896,4927,32,quadratic,24.993299454502377,mean,64
metro-traffic.csv,real-world,154,4928,4959,32,ar1,44.43554668021854,random_walk,64
metro-traffic.csv,real-world,155,4960,4991,32,lag24,13.195850867279782,random_walk,64
metro-traffic.csv,real-world,156,4992,5023,32,lag24,34.19480543820927,median,64
metro-traffic.csv,real-world,157,5024,5055,32,lag24,13.72548244491564,median,64
metro-traffic.csv,real-world,158,5056,5087,32,quadratic,11.546656427291877,random_walk,64
metro-traffic.csv,real-world,159,5088,5119,32,lag24,9.177960265934582,random_walk,64
metro-traffic.csv,real-world,160,5120,5151,32,lag24,2.9234057084590352,median,64
metro-traffic.csv,real-world,161,5152,5183,32,lag24,22.800238908085102,mean,64
metro-traffic.csv,real-world,162,5184,5215,32,lag24,15.958137455002237,mean,64
metro-traffic.csv,real-world,163,5216,5247,32,lag24,13.421346870100713,median,64
metro-traffic.csv,real-world,164,5248,5279,32,lag24,28.732861166495496,median,64
metro-traffic.csv,real-world,165,5280,5311,32,lag24,9.684403091627424,random_walk,64
metro-traffic.csv,real-world,166,5312,5343,32,quadratic,11.631352470071995,random_walk,64
metro-traffic.csv,real-world,167,5344,5375,32,lag24,3.4528370133171804,median,64
metro-traffic.csv,real-world,168,5376,5407,32,lag24,13.462476014120668,mean,64
metro-traffic.csv,real-world,169,5408,5439,32,lag24,19.27660547684564,random_walk,64
metro-traffic.csv,real-world,170,5440,5471,32,quadratic,22.621081588320703,random_walk,64
metro-traffic.csv,real-world,171,5472,5503,32,lag24,4.606150953936609,median,64
metro-traffic.csv,real-world,172,5504,5535,32,lag24,11.620445751260817,random_walk,64
metro-traffic.csv,real-world,173,5536,5567,32,lag24,12.83546355249738,mean,64
metro-traffic.csv,real-world,174,5568,5599,32,lag24,32.04393963980299,median,64
metro-traffic.csv,real-world,175,5600,5631,32,lag24,2.3910295239244057,median,64
metro-traffic.csv,real-world,176,5632,5663,32,lag24,6.671024739895674,mean,64
metro-traffic.csv,real-world,177,5664,5695,32,ar1,26.48800585299721,mean,64
metro-traffic.csv,real-world,178,5696,5727,32,lag24,8.994588533404585,median,64
metro-traffic.csv,real-world,179,5728,5759,32,quadratic,11.326309826674612,random_walk,64
metro-traffic.csv,real-world,180,5760,5791,32,lag24,17.499338781386406,random_walk,64
metro-traffic.csv,real-world,181,5792,5823,32,lag24,2.262094121422752,mean,64
metro-traffic.csv,real-world,182,5824,5855,32,lag24,6.24716469774136,mean,64
metro-traffic.csv,real-world,183,5856,5887,32,lag24,1.8224664546543305,median,64
metro-traffic.csv,real-world,184,5888,5919,32,lag24,19.506062902798774,random_walk,64
metro-traffic.csv,real-world,185,5920,5951,32,lag24,13.285608881846636,median,64
metro-traffic.csv,real-world,186,5952,5983,32,lag24,4.0693515028767795,random_walk,64
metro-traffic.csv,real-world,187,5984,6015,32,lag24,3.2778561859517747,median,64
metro-traffic.csv,real-world,188,6016,6047,32,lag24,3.2828238438107253,mean,64
metro-traffic.csv,real-world,189,6048,6079,32,lag24,1.2345229531838715,mean,64
metro-traffic.csv,real-world,190,6080,6111,32,lag24,22.567140089975446,random_walk,64
metro-traffic.csv,real-world,191,6112,6143,32,lag24,4.900394686923914,random_walk,64
metro-traffic.csv,real-world,192,6144,6175,32,lag24,3.9726934314456357,random_walk,64
metro-traffic.csv,real-world,193,6176,6207,32,lag24,9.793689420210407,mean,64
metro-traffic.csv,real-world,194,6208,6239,32,lag24,40.735072332714026,random_walk,64
metro-traffic.csv,real-world,195,6240,6271,32,lag24,8.75148915665339,random_walk,64
metro-traffic.csv,real-world,196,6272,6303,32,quadratic,33.06576950314602,median,64
metro-traffic.csv,real-world,197,6304,6335,32,lag24,16.619470086368253,random_walk,64
metro-traffic.csv,real-world,198,6336,6367,32,lag24,14.238181061809678,random_walk,64
metro-traffic.csv,real-world,199,6368,6399,32,lag24,13.297901225488063,random_walk,64
metro-traffic.csv,real-world,200,6400,6431,32,lag24,4.468754489496633,random_walk,64
metro-traffic.csv,real-world,201,6432,6463,32,lag24,38.92008700099599,median,64
metro-traffic.csv,real-world,202,6464,6495,32,lag24,17.98311328288929,mean,64
metro-traffic.csv,real-world,203,6496,6527,32,lag24,8.912077682451669,random_walk,64
metro-traffic.csv,real-world,204,6528,6559,32,random_walk,29.935589316300852,random_walk,64
metro-traffic.csv,real-world,205,6560,6591,32,lag24,23.923623826228592,mean,64
metro-traffic.csv,real-world,206,6592,6623,32,lag24,9.308080892787515,median,64
metro-traffic.csv,real-world,207,6624,6655,32,lag24,3.1074488266036746,random_walk,64
metro-traffic.csv,real-world,208,6656,6687,32,lag24,6.231492648680594,median,64
metro-traffic.csv,real-world,209,6688,6719,32,lag24,10.976176405071964,random_walk,64
metro-traffic.csv,real-world,210,6720,6751,32,random_walk,19.958413076772654,random_walk,64
metro-traffic.csv,real-world,211,6752,6783,32,lag24,12.583647563534349,random_walk,64
metro-traffic.csv,real-world,212,6784,6815,32,lag24,6.871675199842165,mean,64
metro-traffic.csv,real-world,213,6816,6847,32,lag24,21.523920535819585,random_walk,64
metro-traffic.csv,real-world,214,6848,6879,32,lag24,13.74450421215085,random_walk,64
metro-traffic.csv,real-world,215,6880,6911,32,ar1,47.46128529235436,median,64
metro-traffic.csv,real-world,216,6912,6943,32,quadratic,60.029326310713685,mean,64
metro-traffic.csv,real-world,217,6944,6975,32,lag24,42.75825877281372,median,64
metro-traffic.csv,real-world,218,6976,7007,32,lag24,6.993221828583467,mean,64
metro-traffic.csv,real-world,219,7008,7039,32,lag24,6.11712809997408,random_walk,64
metro-traffic.csv,real-world,220,7040,7071,32,lag24,6.650729997133376,median,64
metro-traffic.csv,real-world,221,7072,7103,32,lag24,17.39833434002711,mean,64
metro-traffic.csv,real-world,222,7104,7135,32,lag24,39.291109849479454,mean,64
metro-traffic.csv,real-world,223,7136,7167,32,random_walk,24.51861555307624,random_walk,64
metro-traffic.csv,real-world,224,7168,7199,32,lag24,25.50034279445079,median,64
metro-traffic.csv,real-world,225,7200,7231,32,lag24,8.560187313115307,median,64
metro-traffic.csv,real-world,226,7232,7263,32,lag24,1.7041704822583854,mean,64
metro-traffic.csv,real-world,227,7264,7295,32,lag24,8.684838778575992,random_walk,64
metro-traffic.csv,real-world,228,7296,7327,32,lag24,11.674979280193282,random_walk,64
metro-traffic.csv,real-world,229,7328,7359,32,lag24,7.469934514534778,mean,64
metro-traffic.csv,real-world,230,7360,7391,32,lag24,1.2136440435820415,median,64
metro-traffic.csv,real-world,231,7392,7423,32,lag24,15.717658614156946,mean,64
metro-traffic.csv,real-world,232,7424,7455,32,lag24,3.7811328776858044,random_walk,64
metro-traffic.csv,real-world,233,7456,7487,32,lag24,4.8626774144082425,mean,64
metro-traffic.csv,real-world,234,7488,7519,32,lag24,33.00568092108733,mean,64
metro-traffic.csv,real-world,235,7520,7551,32,lag24,23.162899468681548,random_walk,64
metro-traffic.csv,real-world,236,7552,7583,32,lag24,25.82919110666958,median,64
metro-traffic.csv,real-world,237,7584,7615,32,lag24,15.685740310053994,mean,64
metro-traffic.csv,real-world,238,7616,7647,32,lag24,18.459947465780555,median,64
metro-traffic.csv,real-world,239,7648,7679,32,quadratic,11.435501410337734,random_walk,64
metro-traffic.csv,real-world,240,7680,7711,32,lag24,40.86150764535435,median,64
metro-traffic.csv,real-world,241,7712,7743,32,lag24,14.685870455230653,median,64
metro-traffic.csv,real-world,242,7744,7775,32,lag24,14.441523589070021,random_walk,64
metro-traffic.csv,real-world,243,7776,7807,32,lag24,33.96450707252236,random_walk,64
metro-traffic.csv,real-world,244,7808,7839,32,lag24,4.7094925397225795,median,64
metro-traffic.csv,real-world,245,7840,7871,32,random_walk,36.85032273157227,random_walk,64
metro-traffic.csv,real-world,246,7872,7903,32,ar1,36.898702245072144,median,64
metro-traffic.csv,real-world,247,7904,7935,32,lag24,2.2506173832071124,median,64
metro-traffic.csv,real-world,248,7936,7967,32,lag24,3.0982081593021094,mean,64
metro-traffic.csv,real-world,249,7968,7999,32,lag24,9.43237357604699,random_walk,64
metro-traffic.csv,real-world,250,8000,8031,32,lag24,18.951273608629716,random_walk,64
metro-traffic.csv,real-world,251,8032,8063,32,lag24,43.51060899719088,random_walk,64
metro-traffic.csv,real-world,252,8064,8095,32,quadratic,32.14408441540042,random_walk,64
metro-traffic.csv,real-world,253,8096,8127,32,lag24,32.731386921943006,mean,64
metro-traffic.csv,real-world,254,8128,8159,32,lag24,16.804582715886266,random_walk,64
metro-traffic.csv,real-world,255,8160,8191,32,lag24,7.804538680175107,median,64
metro-traffic.csv,real-world,256,8192,8223,32,lag24,31.531060422262943,median,64
metro-traffic.csv,real-world,257,8224,8255,32,lag24,28.18560819105468,median,64
metro-traffic.csv,real-world,258,8256,8287,32,lag24,23.488216182413932,mean,64
metro-traffic.csv,real-world,259,8288,8319,32,lag24,21.078730202170476,mean,64
metro-traffic.csv,real-world,260,8320,8351,32,lag24,4.049461556897518,median,64
metro-traffic.csv,real-world,261,8352,8383,32,lag24,1.5608831950034947,median,64
metro-traffic.csv,real-world,262,8384,8415,32,lag24,13.322152267681776,mean,64
metro-traffic.csv,real-world,263,8416,8447,32,lag24,18.15593160909165,mean,64
metro-traffic.csv,real-world,264,8448,8479,32,lag24,10.017975157123631,random_walk,64
metro-traffic.csv,real-world,265,8480,8511,32,lag24,38.734626150282914,mean,64
metro-traffic.csv,real-world,266,8512,8543,32,lag24,2.9703326621526696,mean,64
metro-traffic.csv,real-world,267,8544,8575,32,lag24,6.199526041520323,mean,64
metro-traffic.csv,real-world,268,8576,8607,32,lag24,15.256924179976131,median,64
metro-traffic.csv,real-world,269,8608,8639,32,lag24,27.576849818907522,mean,64
metro-traffic.csv,real-world,270,8640,8671,32,lag24,32.272668214954095,mean,64
metro-traffic.csv,real-world,271,8672,8703,32,ar1,70.31163923503165,median,64
metro-traffic.csv,real-world,272,8704,8735,32,lag24,26.522468122303824,mean,64
metro-traffic.csv,real-world,273,8736,8767,32,lag24,6.472407741055306,median,64
metro-traffic.csv,real-world,274,8768,8799,32,ar1,44.36696290150836,mean,64
metro-traffic.csv,real-world,275,8800,8831,32,lag24,41.642899082907675,mean,64
metro-traffic.csv,real-world,276,8832,8863,32,quadratic,48.33877625299623,mean,64
metro-traffic.csv,real-world,277,8864,8895,32,lag24,48.97708696405083,median,64
metro-traffic.csv,real-world,278,8896,8927,32,lag24,14.221527981495822,median,64
metro-traffic.csv,real-world,279,8928,8959,32,random_walk,10.905651587556896,random_walk,64
metro-traffic.csv,real-world,280,8960,8991,32,lag24,46.83628385505254,median,64
metro-traffic.csv,real-world,281,8992,9023,32,lag24,16.371868978606344,random_walk,64
metro-traffic.csv,real-world,282,9024,9055,32,quadratic,67.34349594634922,mean,64
metro-traffic.csv,real-world,283,9056,9087,32,linear,64.12669769288586,median,64
metro-traffic.csv,real-world,284,9088,9119,32,ar1,51.65673879776425,mean,64
metro-traffic.csv,real-world,285,9120,9151,32,lag24,18.55495372784297,mean,64
metro-traffic.csv,real-world,286,9152,9183,32,lag24,10.153521739227257,mean,64
metro-traffic.csv,real-world,287,9184,9215,32,mean,59.27219299295774,mean,64
metro-traffic.csv,real-world,288,9216,9247,32,lag24,19.204633209204776,random_walk,64
metro-traffic.csv,real-world,289,9248,9279,32,lag24,38.67935104619279,median,64
metro-traffic.csv,real-world,290,9280,9311,32,lag24,11.135425471760787,random_walk,64
metro-traffic.csv,real-world,291,9312,9343,32,lag24,40.29322505077376,mean,64
metro-traffic.csv,real-world,292,9344,9375,32,lag24,69.33515984854374,median,64
metro-traffic.csv,real-world,293,9376,9407,32,lag24,5.158043010722007,median,64
metro-traffic.csv,real-world,294,9408,9439,32,lag24,50.59090851974462,median,64
metro-traffic.csv,real-world,295,9440,9471,32,lag24,24.120097788447552,mean,64
metro-traffic.csv,real-world,296,9472,9503,32,mean,50.61866033234159,mean,64
metro-traffic.csv,real-world,297,9504,9535,32,lag24,11.53889843640739,median,64
metro-traffic.csv,real-world,298,9536,9567,32,lag24,14.777262587627604,mean,64
metro-traffic.csv,real-world,299,9568,9599,32,lag24,39.42984529684403,mean,64
metro-traffic.csv,real-world,300,9600,9631,32,lag24,8.977453369669353,median,64
metro-traffic.csv,real-world,301,9632,9663,32,lag24,55.251352938482235,median,64
metro-traffic.csv,real-world,302,9664,9695,32,lag24,43.850308590089675,mean,64
metro-traffic.csv,real-world,303,9696,9727,32,lag24,6.209309835965362,median,64
metro-traffic.csv,real-world,304,9728,9759,32,lag24,10.694160482693862,random_walk,64
metro-traffic.csv,real-world,305,9760,9791,32,lag24,8.377378177019915,median,64
metro-traffic.csv,real-world,306,9792,9823,32,lag24,1.516594248483718,median,64
metro-traffic.csv,real-world,307,9824,9855,32,lag24,8.938467220602673,mean,64
metro-traffic.csv,real-world,308,9856,9887,32,lag24,15.309355892963138,mean,64
metro-traffic.csv,real-world,309,9888,9919,32,lag24,20.06007649939455,median,64
metro-traffic.csv,real-world,310,9920,9951,32,lag24,20.703371692594565,mean,64
metro-traffic.csv,real-world,311,9952,9983,32,lag24,17.357259087256807,median,64
metro-traffic.csv,real-world,312,9984,10015,32,lag24,7.852619551818351,mean,64
metro-traffic.csv,real-world,313,10016,10047,32,quadratic,36.52343451946395,random_walk,64
metro-traffic.csv,real-world,314,10048,10079,32,ar1,31.523458971323937,mean,64
metro-traffic.csv,real-world,315,10080,10111,32,lag24,7.107994860467836,random_walk,64
metro-traffic.csv,real-world,316,10112,10143,32,lag24,66.66993737816313,median,64
metro-traffic.csv,real-world,317,10144,10175,32,lag24,17.348824444106842,median,64
metro-traffic.csv,real-world,318,10176,10207,32,lag24,9.564739162690058,median,64
metro-traffic.csv,real-world,319,10208,10239,32,lag24,4.26375976715739,median,64
metro-traffic.csv,real-world,320,10240,10271,32,lag24,2.593946916857811,median,64
metro-traffic.csv,real-world,321,10272,10303,32,lag24,7.647525812142,random_walk,64
metro-traffic.csv,real-world,322,10304,10335,32,quadratic,24.6916689196053,median,64
metro-traffic.csv,real-world,323,10336,10367,32,lag24,7.481261236826486,random_walk,64
metro-traffic.csv,real-world,324,10368,10399,32,lag24,10.147683229397105,random_walk,64
metro-traffic.csv,real-world,325,10400,10431,32,lag24,6.481919424644312,random_walk,64
metro-traffic.csv,real-world,326,10432,10463,32,lag24,28.96059607354641,mean,64
metro-traffic.csv,real-world,327,10464,10495,32,lag24,15.346206564431343,random_walk,64
metro-traffic.csv,real-world,328,10496,10527,32,lag24,10.288745552028702,random_walk,64
metro-traffic.csv,real-world,329,10528,10559,32,lag24,22.753761087560733,random_walk,64
metro-traffic.csv,real-world,330,10560,10591,32,lag24,20.645596430432647,mean,64
metro-traffic.csv,real-world,331,10592,10623,32,lag24,33.38885700353073,median,64
metro-traffic.csv,real-world,332,10624,10655,32,lag24,4.390978730760587,random_walk,64
metro-traffic.csv,real-world,333,10656,10687,32,lag24,9.589516844535549,random_walk,64
metro-traffic.csv,real-world,334,10688,10719,32,lag24,20.421683368984176,median,64
metro-traffic.csv,real-world,335,10720,10751,32,lag24,7.574566002508075,random_walk,64
metro-traffic.csv,real-world,336,10752,10783,32,lag24,21.77928695472593,mean,64
metro-traffic.csv,real-world,337,10784,10815,32,lag24,43.9636652573907,mean,64
metro-traffic.csv,real-world,338,10816,10847,32,lag24,16.961325239731448,mean,64
metro-traffic.csv,real-world,339,10848,10879,32,lag24,12.321987636869663,random_walk,64
metro-traffic.csv,real-world,340,10880,10911,32,lag24,15.796506624460541,median,64
metro-traffic.csv,real-world,341,10912,10943,32,quadratic,28.671100479552067,mean,64
metro-traffic.csv,real-world,342,10944,10975,32,random_walk,11.174199773914763,random_walk,64
metro-traffic.csv,real-world,343,10976,11007,32,lag24,18.342414185019873,median,64
metro-traffic.csv,real-world,344,11008,11039,32,lag24,3.1505957436637533,random_walk,64
metro-traffic.csv,real-world,345,11040,11071,32,lag24,11.579910247657205,mean,64
metro-traffic.csv,real-world,346,11072,11103,32,lag24,13.704491048755164,mean,64
metro-traffic.csv,real-world,347,11104,11135,32,lag24,5.02173777281567,random_walk,64
metro-traffic.csv,real-world,348,11136,11167,32,lag24,12.310110078003738,median,64
metro-traffic.csv,real-world,349,11168,11199,32,lag24,30.573247938392257,mean,64
metro-traffic.csv,real-world,350,11200,11231,32,lag24,14.183134460204208,median,64
metro-traffic.csv,real-world,351,11232,11263,32,lag24,23.635565714939705,mean,64
metro-traffic.csv,real-world,352,11264,11295,32,lag24,18.045004482129798,median,64
metro-traffic.csv,real-world,353,11296,11327,32,lag24,25.457718956393514,mean,64
metro-traffic.csv,real-world,354,11328,11359,32,lag24,22.050738365954825,mean,64
metro-traffic.csv,real-world,355,11360,11391,32,lag24,13.335786018107523,median,64
metro-traffic.csv,real-world,356,11392,11423,32,ar1,23.737369768467417,median,64
metro-traffic.csv,real-world,357,11424,11455,32,lag24,25.79027019483089,mean,64
metro-traffic.csv,real-world,358,11456,11487,32,lag24,28.598552456493348,mean,64
metro-traffic.csv,real-world,359,11488,11519,32,random_walk,33.59034279834662,random_walk,64
metro-traffic.csv,real-world,360,11520,11551,32,lag24,46.72469872292203,mean,64
metro-traffic.csv,real-world,361,11552,11583,32,lag24,10.06083106020985,median,64
metro-traffic.csv,real-world,362,11584,11615,32,lag24,13.623298753674865,random_walk,64
metro-traffic.csv,real-world,363,11616,11647,32,lag24,20.718248799519746,mean,64
metro-traffic.csv,real-world,364,11648,11679,32,random_walk,46.820135024348055,random_walk,64
metro-traffic.csv,real-world,365,11680,11711,32,lag24,14.588425699537757,median,64
metro-traffic.csv,real-world,366,11712,11743,32,quadratic,39.65533374370894,random_walk,64
metro-traffic.csv,real-world,367,11744,11775,32,lag24,21.64163580315547,median,64
metro-traffic.csv,real-world,368,11776,11807,32,random_walk,25.67272766312787,random_walk,64
metro-traffic.csv,real-world,369,11808,11839,32,lag24,3.493965950567358,mean,64
metro-traffic.csv,real-world,370,11840,11871,32,lag24,5.100933720901667,mean,64
metro-traffic.csv,real-world,371,11872,11903,32,lag24,17.645063822750103,mean,64
metro-traffic.csv,real-world,372,11904,11935,32,lag24,5.167882119500203,random_walk,64
metro-traffic.csv,real-world,373,11936,11967,32,lag24,10.876889316812306,mean,64
metro-traffic.csv,real-world,374,11968,11999,32,lag24,1.4418299757649737,median,64
metro-traffic.csv,real-world,375,12000,12031,32,lag24,1.2506348881014788,median,64
metro-traffic.csv,real-world,376,12032,12063,32,lag24,11.167104424951495,random_walk,64
metro-traffic.csv,real-world,377,12064,12095,32,lag24,32.29322644111709,median,64
metro-traffic.csv,real-world,378,12096,12127,32,lag24,2.9275363370731387,random_walk,64
metro-traffic.csv,real-world,379,12128,12159,32,lag24,20.588019093671683,mean,64
metro-traffic.csv,real-world,380,12160,12191,32,lag24,8.811456009606724,mean,64
metro-traffic.csv,real-world,381,12192,12223,32,lag24,3.822885471561786,median,64
metro-traffic.csv,real-world,382,12224,12255,32,lag24,7.630546526626799,median,64
metro-traffic.csv,real-world,383,12256,12287,32,lag24,9.307319941480046,median,64
metro-traffic.csv,real-world,384,12288,12319,32,lag24,8.096915777628922,random_walk,64
metro-traffic.csv,real-world,385,12320,12351,32,lag24,15.041906286219634,mean,64
metro-traffic.csv,real-world,386,12352,12383,32,lag24,6.50395698978332,median,64
metro-traffic.csv,real-world,387,12384,12415,32,lag24,18.115421419114963,random_walk,64
metro-traffic.csv,real-world,388,12416,12447,32,lag24,5.376067738677676,random_walk,64
metro-traffic.csv,real-world,389,12448,12479,32,lag24,35.31038822605898,mean,64
metro-traffic.csv,real-world,390,12480,12511,32,lag24,14.62012135698999,random_walk,64
metro-traffic.csv,real-world,391,12512,12543,32,lag24,4.529600723143851,random_walk,64
metro-traffic.csv,real-world,392,12544,12575,32,lag24,2.071449848066418,median,64
metro-traffic.csv,real-world,393,12576,12607,32,lag24,23.26156275197796,random_walk,64
metro-traffic.csv,real-world,394,12608,12639,32,lag24,6.97088592667745,median,64
metro-traffic.csv,real-world,395,12640,12671,32,lag24,14.773426231366816,mean,64
metro-traffic.csv,real-world,396,12672,12703,32,lag24,17.141083128098867,median,64
metro-traffic.csv,real-world,397,12704,12735,32,lag24,4.511767257758261,random_walk,64
metro-traffic.csv,real-world,398,12736,12767,32,lag24,31.479356774539237,mean,64
metro-traffic.csv,real-world,399,12768,12799,32,lag24,5.154782147977971,random_walk,64
metro-traffic.csv,real-world,400,12800,12831,32,lag24,5.713263703738738,mean,64
metro-traffic.csv,real-world,401,12832,12863,32,lag24,3.182764437114706,mean,64
metro-traffic.csv,real-world,402,12864,12895,32,lag24,2.0307477964676246,median,64
metro-traffic.csv,real-world,403,12896,12927,32,lag24,5.336182297023793,mean,64
metro-traffic.csv,real-world,404,12928,12959,32,lag24,9.632737186232822,random_walk,64
metro-traffic.csv,real-world,405,12960,12991,32,lag24,11.898513668835289,mean,64
metro-traffic.csv,real-world,406,12992,13023,32,lag24,6.587715539625002,random_walk,64
metro-traffic.csv,real-world,407,13024,13055,32,lag24,7.764610976321298,random_walk,64
metro-traffic.csv,real-world,408,13056,13087,32,lag24,4.729207230968983,random_walk,64
metro-traffic.csv,real-world,409,13088,13119,32,lag24,7.354740291549473,random_walk,64
metro-traffic.csv,real-world,410,13120,13151,32,lag24,33.066340177812165,random_walk,64
metro-traffic.csv,real-world,411,13152,13183,32,lag24,1.7644510611741324,median,64
metro-traffic.csv,real-world,412,13184,13215,32,lag24,12.087118910683158,median,64
metro-traffic.csv,real-world,413,13216,13247,32,lag24,5.05765484631524,random_walk,64
metro-traffic.csv,real-world,414,13248,13279,32,lag24,8.710964271303657,random_walk,64
metro-traffic.csv,real-world,415,13280,13311,32,lag24,12.089558221262992,mean,64
metro-traffic.csv,real-world,416,13312,13343,32,lag24,1.3971170407006543,median,64
metro-traffic.csv,real-world,417,13344,13375,32,lag24,3.754884328511287,median,64
metro-traffic.csv,real-world,418,13376,13407,32,lag24,2.1311070586959557,random_walk,64
metro-traffic.csv,real-world,419,13408,13439,32,lag24,26.432110510935058,mean,64
metro-traffic.csv,real-world,420,13440,13471,32,lag24,3.978170007286296,mean,64
metro-traffic.csv,real-world,421,13472,13503,32,lag24,1.0792465983392454,random_walk,64
metro-traffic.csv,real-world,422,13504,13535,32,lag24,3.804937706671951,random_walk,64
metro-traffic.csv,real-world,423,13536,13567,32,lag24,4.198079590250869,random_walk,64
metro-traffic.csv,real-world,424,13568,13599,32,lag24,8.712862240375198,random_walk,64
metro-traffic.csv,real-world,425,13600,13631,32,lag24,6.366446720737583,random_walk,64
metro-traffic.csv,real-world,426,13632,13663,32,lag24,14.663830868539,mean,64
metro-traffic.csv,real-world,427,13664,13695,32,lag24,2.641618062781948,random_walk,64
metro-traffic.csv,real-world,428,13696,13727,32,lag24,7.654549338937332,random_walk,64
metro-traffic.csv,real-world,429,13728,13759,32,lag24,10.407948199223448,random_walk,64
metro-traffic.csv,real-world,430,13760,13791,32,lag24,4.575728528003637,random_walk,64
metro-traffic.csv,real-world,431,13792,13823,32,lag24,24.775297212419023,mean,64
metro-traffic.csv,real-world,432,13824,13855,32,lag24,9.371569208909172,median,64
metro-traffic.csv,real-world,433,13856,13887,32,lag24,2.4039427240791684,random_walk,64
metro-traffic.csv,real-world,434,13888,13919,32,lag24,5.207811839567179,median,64
metro-traffic.csv,real-world,435,13920,13951,32,lag24,9.296709806319274,random_walk,64
metro-traffic.csv,real-world,436,13952,13983,32,lag24,6.272958252915948,median,64
metro-traffic.csv,real-world,437,13984,14015,32,lag24,31.142413099570827,mean,64
metro-traffic.csv,real-world,438,14016,14047,32,lag24,14.081295091069233,mean,64
metro-traffic.csv,real-world,439,14048,14079,32,lag24,21.050375027309297,median,64
metro-traffic.csv,real-world,440,14080,14111,32,ar1,38.918408042916475,mean,64
metro-traffic.csv,real-world,441,14112,14143,32,lag24,10.581640463774932,random_walk,64
metro-traffic.csv,real-world,442,14144,14175,32,lag24,12.886998672078795,random_walk,64
metro-traffic.csv,real-world,443,14176,14207,32,lag24,10.169387027157802,mean,64
metro-traffic.csv,real-world,444,14208,14239,32,lag24,4.708855045547374,random_walk,64
metro-traffic.csv,real-world,445,14240,14271,32,lag24,18.78714442990762,median,64
metro-traffic.csv,real-world,446,14272,14303,32,lag24,18.365928433614712,random_walk,64
metro-traffic.csv,real-world,447,14304,14335,32,lag24,23.452907240130475,mean,64
metro-traffic.csv,real-world,448,14336,14367,32,lag24,4.078355929647091,random_walk,64
metro-traffic.csv,real-world,449,14368,14399,32,lag24,13.658193918682047,random_walk,64
metro-traffic.csv,real-world,450,14400,14431,32,lag24,5.253334862194133,random_walk,64
metro-traffic.csv,real-world,451,14432,14463,32,lag24,41.511332115378586,median,64
metro-traffic.csv,real-world,452,14464,14495,32,quadratic,29.565162262187826,median,64
metro-traffic.csv,real-world,453,14496,14527,32,lag24,23.97363090492135,median,64
metro-traffic.csv,real-world,454,14528,14559,32,lag24,1.0548091345104496,random_walk,64
metro-traffic.csv,real-world,455,14560,14591,32,lag24,9.239860523618743,random_walk,64
metro-traffic.csv,real-world,456,14592,14623,32,lag24,2.84016539125954,random_walk,64
metro-traffic.csv,real-world,457,14624,14655,32,lag24,3.7593012069975535,random_walk,64
metro-traffic.csv,real-world,458,14656,14687,32,lag24,13.435674192123434,mean,64
metro-traffic.csv,real-world,459,14688,14719,32,lag24,3.0665907704129225,median,64
metro-traffic.csv,real-world,460,14720,14751,32,lag24,4.947518106962363,mean,64
metro-traffic.csv,real-world,461,14752,14783,32,lag24,5.197439321237935,mean,64
metro-traffic.csv,real-world,462,14784,14815,32,quadratic,17.646790530753655,random_walk,64
metro-traffic.csv,real-world,463,14816,14847,32,lag24,16.786266851431154,random_walk,64
metro-traffic.csv,real-world,464,14848,14879,32,lag24,35.250604244792,median,64
metro-traffic.csv,real-world,465,14880,14911,32,lag24,57.2133374696103,median,64
metro-traffic.csv,real-world,466,14912,14943,32,lag24,14.066746039142998,median,64
metro-traffic.csv,real-world,467,14944,14975,32,lag24,14.14993026445025,random_walk,64
metro-traffic.csv,real-world,468,14976,15007,32,lag24,12.699331100675755,random_walk,64
metro-traffic.csv,real-world,469,15008,15039,32,lag24,29.638496421920728,mean,64
metro-traffic.csv,real-world,470,15040,15071,32,lag24,26.137936214310002,mean,64
metro-traffic.csv,real-world,471,15072,15103,32,lag24,33.641749529856135,mean,64
metro-traffic.csv,real-world,472,15104,15135,32,lag24,48.229040284124,median,64
metro-traffic.csv,real-world,473,15136,15167,32,lag24,44.481456302496326,median,64
metro-traffic.csv,real-world,474,15168,15199,32,lag24,52.80873863277365,mean,64
metro-traffic.csv,real-world,475,15200,15231,32,lag24,16.920894310049057,mean,64
metro-traffic.csv,real-world,476,15232,15263,32,lag24,20.26414373221856,median,64
metro-traffic.csv,real-world,477,15264,15295,32,random_walk,25.287208222693216,random_walk,64
metro-traffic.csv,real-world,478,15296,15327,32,random_walk,56.35132604279162,random_walk,64
metro-traffic.csv,real-world,479,15328,15359,32,lag24,1.7534994936469173,random_walk,64
metro-traffic.csv,real-world,480,15360,15391,32,lag24,1.9724243697818102,random_walk,64
metro-traffic.csv,real-world,481,15392,15423,32,quadratic,31.197233583116223,random_walk,64
metro-traffic.csv,real-world,482,15424,15455,32,lag24,11.923892520061859,random_walk,64
metro-traffic.csv,real-world,483,15456,15487,32,lag24,5.9761865862400345,mean,64
metro-traffic.csv,real-world,484,15488,15519,32,lag24,24.081380740027242,median,64
metro-traffic.csv,real-world,485,15520,15551,32,lag24,3.3420200551632746,random_walk,64
metro-traffic.csv,real-world,486,15552,15583,32,lag24,1.9384288039318607,random_walk,64
metro-traffic.csv,real-world,487,15584,15615,32,lag24,29.805669388673607,mean,64
metro-traffic.csv,real-world,488,15616,15647,32,lag24,3.8185303814559033,random_walk,64
metro-traffic.csv,real-world,489,15648,15679,32,lag24,3.2990504944062566,random_walk,64
metro-traffic.csv,real-world,490,15680,15711,32,lag24,2.4077167354449007,mean,64
metro-traffic.csv,real-world,491,15712,15743,32,lag24,14.146727996272881,mean,64
metro-traffic.csv,real-world,492,15744,15775,32,lag24,11.002994176143257,random_walk,64
metro-traffic.csv,real-world,493,15776,15807,32,lag24,19.289010306961945,mean,64
metro-traffic.csv,real-world,494,15808,15839,32,lag24,20.44456559860884,mean,64
metro-traffic.csv,real-world,495,15840,15871,32,lag24,22.650667219314602,mean,64
metro-traffic.csv,real-world,496,15872,15903,32,lag24,9.666666920144145,mean,64
metro-traffic.csv,real-world,497,15904,15935,32,lag24,36.594109268972,median,64
metro-traffic.csv,real-world,498,15936,15967,32,lag24,21.64273283421538,random_walk,64
metro-traffic.csv,real-world,499,15968,15999,32,lag24,53.93143205338518,median,64
metro-traffic.csv,real-world,500,16000,16031,32,ar1,41.281240944542496,mean,64
metro-traffic.csv,real-world,501,16032,16063,32,lag24,8.19723150791724,random_walk,64
metro-traffic.csv,real-world,502,16064,16095,32,ar1,22.409914381019803,random_walk,64
metro-traffic.csv,real-world,503,16096,16127,32,lag24,29.802961018186625,mean,64
metro-traffic.csv,real-world,504,16128,16159,32,lag24,37.177086290354126,mean,64
metro-traffic.csv,real-world,505,16160,16191,32,lag24,21.901510393179482,random_walk,64
metro-traffic.csv,real-world,506,16192,16223,32,lag24,10.711063590036401,random_walk,64
metro-traffic.csv,real-world,507,16224,16255,32,quadratic,10.375124151719575,mean,64
metro-traffic.csv,real-world,508,16256,16287,32,lag24,6.319287926331103,random_walk,64
metro-traffic.csv,real-world,509,16288,16319,32,lag24,15.793783525898522,mean,64
metro-traffic.csv,real-world,510,16320,16351,32,quadratic,19.86573561098978,median,64
metro-traffic.csv,real-world,511,16352,16383,32,lag24,2.8882413826281756,mean,64
metro-traffic.csv,real-world,512,16384,16415,32,lag24,2.0134900922597616,mean,64
metro-traffic.csv,real-world,513,16416,16447,32,lag24,4.640368241742365,median,64
metro-traffic.csv,real-world,514,16448,16479,32,lag24,10.14259383167167,mean,64
metro-traffic.csv,real-world,515,16480,16511,32,lag24,8.909634593435314,mean,64
metro-traffic.csv,real-world,516,16512,16543,32,lag24,1.9477219686376464,mean,64
metro-traffic.csv,real-world,517,16544,16575,32,lag24,12.223502499499121,median,64
metro-traffic.csv,real-world,518,16576,16607,32,lag24,39.36602917233338,median,64
metro-traffic.csv,real-world,519,16608,16639,32,quadratic,24.747021861740233,random_walk,64
metro-traffic.csv,real-world,520,16640,16671,32,lag24,22.38660701050188,random_walk,64
metro-traffic.csv,real-world,521,16672,16703,32,lag24,3.5684675683082183,median,64
metro-traffic.csv,real-world,522,16704,16735,32,lag24,5.138684003554103,mean,64
metro-traffic.csv,real-world,523,16736,16767,32,lag24,3.857642930148653,random_walk,64
metro-traffic.csv,real-world,524,16768,16799,32,lag24,5.55778184292509,median,64
metro-traffic.csv,real-world,525,16800,16831,32,lag24,28.473406617865955,mean,64
metro-traffic.csv,real-world,526,16832,16863,32,lag24,31.15061741634938,random_walk,64
metro-traffic.csv,real-world,527,16864,16895,32,lag24,6.327794993804885,random_walk,64
metro-traffic.csv,real-world,528,16896,16927,32,lag24,8.999517874125885,mean,64
metro-traffic.csv,real-world,529,16928,16959,32,lag24,4.400585363993416,mean,64
metro-traffic.csv,real-world,530,16960,16991,32,lag24,6.622668446059762,mean,64
metro-traffic.csv,real-world,531,16992,17023,32,lag24,21.28132065595132,random_walk,64
metro-traffic.csv,real-world,532,17024,17055,32,lag24,4.787385123122568,random_walk,64
metro-traffic.csv,real-world,533,17056,17087,32,lag24,4.5826905767519674,median,64
metro-traffic.csv,real-world,534,17088,17119,32,lag24,8.780286977723515,median,64
metro-traffic.csv,real-world,535,17120,17151,32,lag24,6.920450843082041,random_walk,64
metro-traffic.csv,real-world,536,17152,17183,32,quadratic,34.49479985111704,random_walk,64
metro-traffic.csv,real-world,537,17184,17215,32,lag24,10.772988519558428,median,64
metro-traffic.csv,real-world,538,17216,17247,32,random_walk,16.136558466120206,random_walk,64
metro-traffic.csv,real-world,539,17248,17279,32,lag24,10.541136080353015,random_walk,64
metro-traffic.csv,real-world,540,17280,17311,32,lag24,0.6641198600806572,median,64
metro-traffic.csv,real-world,541,17312,17343,32,lag24,23.57667930608649,random_walk,64
metro-traffic.csv,real-world,542,17344,17375,32,lag24,4.1639696464381535,mean,64
metro-traffic.csv,real-world,543,17376,17407,32,lag24,8.817465541447692,random_walk,64
metro-traffic.csv,real-world,544,17408,17439,32,lag24,8.80640844247868,random_walk,64
metro-traffic.csv,real-world,545,17440,17471,32,lag24,2.871722877799531,random_walk,64
metro-traffic.csv,real-world,546,17472,17503,32,ar1,31.94779065528963,mean,64
metro-traffic.csv,real-world,547,17504,17535,32,random_walk,21.743867139641182,random_walk,64
metro-traffic.csv,real-world,548,17536,17567,32,lag24,23.507593470854875,random_walk,64
metro-traffic.csv,real-world,549,17568,17599,32,lag24,1.6912813167133256,random_walk,64
metro-traffic.csv,real-world,550,17600,17631,32,lag24,15.468387744934265,random_walk,64
metro-traffic.csv,real-world,551,17632,17663,32,quadratic,19.94514615586901,random_walk,64
metro-traffic.csv,real-world,552,17664,17695,32,lag24,7.695473033855252,median,64
metro-traffic.csv,real-world,553,17696,17727,32,lag24,3.743114269532121,random_walk,64
metro-traffic.csv,real-world,554,17728,17759,32,lag24,17.742277659226335,mean,64
metro-traffic.csv,real-world,555,17760,17791,32,lag24,8.543354798963128,random_walk,64
metro-traffic.csv,real-world,556,17792,17823,32,lag24,24.791418962851573,random_walk,64
metro-traffic.csv,real-world,557,17824,17855,32,lag24,29.738538963312223,median,64
metro-traffic.csv,real-world,558,17856,17887,32,lag24,48.29856954713342,median,64
metro-traffic.csv,real-world,559,17888,17919,32,quadratic,37.06528197532682,random_walk,64
metro-traffic.csv,real-world,560,17920,17951,32,quadratic,27.540469891822987,random_walk,64
metro-traffic.csv,real-world,561,17952,17983,32,ar1,32.91386137845137,mean,64
metro-traffic.csv,real-world,562,17984,18015,32,lag24,12.188294449631604,random_walk,64
metro-traffic.csv,real-world,563,18016,18047,32,lag24,13.144898437382896,random_walk,64
metro-traffic.csv,real-world,564,18048,18079,32,lag24,13.943105777725302,random_walk,64
metro-traffic.csv,real-world,565,18080,18111,32,lag24,11.901204515127443,mean,64
metro-traffic.csv,real-world,566,18112,18143,32,quadratic,20.605145168722796,random_walk,64
metro-traffic.csv,real-world,567,18144,18175,32,lag24,21.80436581905304,median,64
metro-traffic.csv,real-world,568,18176,18207,32,ar1,24.11593121470463,random_walk,64
metro-traffic.csv,real-world,569,18208,18239,32,lag24,8.628789872775423,median,64
metro-traffic.csv,real-world,570,18240,18271,32,lag24,10.781037955022823,median,64
metro-traffic.csv,real-world,571,18272,18303,32,lag24,28.06445839454101,median,64
metro-traffic.csv,real-world,572,18304,18335,32,quadratic,24.70493800712307,mean,64
metro-traffic.csv,real-world,573,18336,18367,32,lag24,23.033957521042982,random_walk,64
metro-traffic.csv,real-world,574,18368,18399,32,quadratic,34.25468437038188,mean,64
metro-traffic.csv,real-world,575,18400,18431,32,lag24,11.468904494449882,random_walk,64
metro-traffic.csv,real-world,576,18432,18463,32,lag24,16.322266521367347,random_walk,64
metro-traffic.csv,real-world,577,18464,18495,32,lag24,22.47750565286188,median,64
metro-traffic.csv,real-world,578,18496,18527,32,lag24,20.027185864137934,median,64
metro-traffic.csv,real-world,579,18528,18559,32,lag24,1.683571504373482,random_walk,64
metro-traffic.csv,real-world,580,18560,18591,32,lag24,11.896604315046211,random_walk,64
metro-traffic.csv,real-world,581,18592,18623,32,lag24,26.16740898398053,median,64
metro-traffic.csv,real-world,582,18624,18655,32,lag24,15.61666490983522,random_walk,64
metro-traffic.csv,real-world,583,18656,18687,32,lag24,51.798361805028534,median,64
metro-traffic.csv,real-world,584,18688,18719,32,lag24,31.95275152749559,random_walk,64
metro-traffic.csv,real-world,585,18720,18751,32,lag24,37.99787052939896,random_walk,64
metro-traffic.csv,real-world,586,18752,18783,32,lag24,12.961555963102475,median,64
metro-traffic.csv,real-world,587,18784,18815,32,lag24,44.99494844978435,mean,64
metro-traffic.csv,real-world,588,18816,18847,32,lag24,15.716195826307226,median,64
metro-traffic.csv,real-world,589,18848,18879,32,lag24,11.136921112944517,mean,64
metro-traffic.csv,real-world,590,18880,18911,32,lag24,28.517871174030613,median,64
metro-traffic.csv,real-world,591,18912,18943,32,lag24,3.1867270038164563,mean,64
metro-traffic.csv,real-world,592,18944,18975,32,quadratic,33.80455798040795,mean,64
metro-traffic.csv,real-world,593,18976,19007,32,lag24,26.838638569287433,median,64
metro-traffic.csv,real-world,594,19008,19039,32,lag24,45.974263352034555,median,64
metro-traffic.csv,real-world,595,19040,19071,32,lag24,23.94790814861454,median,64
metro-traffic.csv,real-world,596,19072,19103,32,ar1,48.72320402815576,mean,64
metro-traffic.csv,real-world,597,19104,19135,32,lag24,32.44828349277728,random_walk,64
metro-traffic.csv,real-world,598,19136,19167,32,lag24,15.11813240765515,random_walk,64
metro-traffic.csv,real-world,599,19168,19199,32,lag24,26.683669961717968,median,64
metro-traffic.csv,real-world,600,19200,19231,32,lag24,29.60451117912195,mean,64
metro-traffic.csv,real-world,601,19232,19263,32,lag24,41.687309820326305,mean,64
metro-traffic.csv,real-world,602,19264,19295,32,lag24,38.37414929976969,random_walk,64
metro-traffic.csv,real-world,603,19296,19327,32,lag24,62.50200267162926,mean,64
metro-traffic.csv,real-world,604,19328,19359,32,lag24,62.1004322258303,median,64
metro-traffic.csv,real-world,605,19360,19391,32,lag24,20.362072210655846,mean,64
metro-traffic.csv,real-world,606,19392,19423,32,lag24,33.951847184813836,median,64
metro-traffic.csv,real-world,607,19424,19455,32,lag24,37.26893206136105,median,64
metro-traffic.csv,real-world,608,19456,19487,32,lag24,40.154957106681834,random_walk,64
metro-traffic.csv,real-world,609,19488,19519,32,lag24,16.502203235204487,mean,64
metro-traffic.csv,real-world,610,19520,19551,32,quadratic,34.30906075956565,random_walk,64
metro-traffic.csv,real-world,611,19552,19583,32,lag24,6.186104208147796,median,64
metro-traffic.csv,real-world,612,19584,19615,32,lag24,44.14415593629564,mean,64
metro-traffic.csv,real-world,613,19616,19647,32,lag24,13.939903886290573,median,64
metro-traffic.csv,real-world,614,19648,19679,32,ar1,63.60984836412057,median,64
metro-traffic.csv,real-world,615,19680,19711,32,linear,38.071781350576764,mean,64
metro-traffic.csv,real-world,616,19712,19743,32,lag24,23.551804051102277,mean,64
metro-traffic.csv,real-world,617,19744,19775,32,lag24,23.98323846652476,random_walk,64
metro-traffic.csv,real-world,618,19776,19807,32,lag24,66.81975400401964,median,64
metro-traffic.csv,real-world,619,19808,19839,32,lag24,34.74265415585515,median,64
metro-traffic.csv,real-world,620,19840,19871,32,lag24,42.318636111798156,random_walk,64
metro-traffic.csv,real-world,621,19872,19903,32,lag24,60.294689861767736,median,64
metro-traffic.csv,real-world,622,19904,19935,32,lag24,42.51396154480045,mean,64
metro-traffic.csv,real-world,623,19936,19967,32,lag24,47.4552051279534,random_walk,64
metro-traffic.csv,real-world,624,19968,19999,32,lag24,19.566067863092137,median,64
metro-traffic.csv,real-world,625,20000,20031,32,lag24,34.862271816038536,mean,64
metro-traffic.csv,real-world,626,20032,20063,32,ar1,37.02086373894714,mean,64
metro-traffic.csv,real-world,627,20064,20095,32,lag24,43.98832616903731,median,64
metro-traffic.csv,real-world,628,20096,20127,32,ar1,43.21893887739092,median,64
metro-traffic.csv,real-world,629,20128,20159,32,lag24,31.55401424272915,mean,64
metro-traffic.csv,real-world,630,20160,20191,32,lag24,11.04586340143698,random_walk,64
metro-traffic.csv,real-world,631,20192,20223,32,lag24,12.13144038996269,mean,64
metro-traffic.csv,real-world,632,20224,20255,32,lag24,18.320709006177186,mean,64
metro-traffic.csv,real-world,633,20256,20287,32,lag24,13.005107243243843,random_walk,64
metro-traffic.csv,real-world,634,20288,20319,32,ar1,37.2467351174725,mean,64
metro-traffic.csv,real-world,635,20320,20351,32,quadratic,36.77074658144356,random_walk,64
metro-traffic.csv,real-world,636,20352,20383,32,random_walk,30.584423617201914,random_walk,64
metro-traffic.csv,real-world,637,20384,20415,32,ar1,48.44936109433961,median,64
metro-traffic.csv,real-world,638,20416,20447,32,lag24,43.12504900515636,median,64
metro-traffic.csv,real-world,639,20448,20479,32,lag24,20.50919867788884,median,64
metro-traffic.csv,real-world,640,20480,20511,32,lag24,44.23547878178778,median,64
metro-traffic.csv,real-world,641,20512,20543,32,random_walk,37.94145012271715,random_walk,64
metro-traffic.csv,real-world,642,20544,20575,32,lag24,20.65096793865167,random_walk,64
metro-traffic.csv,real-world,643,20576,20607,32,lag24,41.28985570266528,random_walk,64
metro-traffic.csv,real-world,644,20608,20639,32,lag24,10.616321768429819,median,64
metro-traffic.csv,real-world,645,20640,20671,32,ar1,49.5684947339196,median,64
metro-traffic.csv,real-world,646,20672,20703,32,lag24,37.46791621226318,median,64
metro-traffic.csv,real-world,647,20704,20735,32,lag24,19.433518397496254,mean,64
metro-traffic.csv,real-world,648,20736,20767,32,lag24,38.39593296358169,mean,64
metro-traffic.csv,real-world,649,20768,20799,32,lag24,29.43156252140886,median,64
metro-traffic.csv,real-world,650,20800,20831,32,lag24,22.9973832564745,mean,64
metro-traffic.csv,real-world,651,20832,20863,32,lag24,45.007730034832534,mean,64
metro-traffic.csv,real-world,652,20864,20895,32,lag24,42.111867306978134,mean,64
metro-traffic.csv,real-world,653,20896,20927,32,lag24,13.821268157006179,random_walk,64
metro-traffic.csv,real-world,654,20928,20959,32,lag24,13.599439831600474,median,64
metro-traffic.csv,real-world,655,20960,20991,32,lag24,15.249486607953497,random_walk,64
metro-traffic.csv,real-world,656,20992,21023,32,lag24,16.906266561291847,mean,64
metro-traffic.csv,real-world,657,21024,21055,32,lag24,9.706198650031508,median,64
metro-traffic.csv,real-world,658,21056,21087,32,quadratic,37.16350380114204,median,64
metro-traffic.csv,real-world,659,21088,21119,32,lag24,15.70483791465167,mean,64
metro-traffic.csv,real-world,660,21120,21151,32,lag24,26.113447361961,mean,64
metro-traffic.csv,real-world,661,21152,21183,32,lag24,58.02944927164331,mean,64
metro-traffic.csv,real-world,662,21184,21215,32,lag24,46.32342693575725,mean,64
metro-traffic.csv,real-world,663,21216,21247,32,lag24,42.64233376067966,median,64
metro-traffic.csv,real-world,664,21248,21279,32,lag24,24.811349072264594,random_walk,64
metro-traffic.csv,real-world,665,21280,21311,32,lag24,15.78882635181428,median,64
metro-traffic.csv,real-world,666,21312,21343,32,lag24,29.1537561363329,random_walk,64
metro-traffic.csv,real-world,667,21344,21375,32,lag24,59.3876926879172,mean,64
metro-traffic.csv,real-world,668,21376,21407,32,lag24,23.660921052900278,random_walk,64
metro-traffic.csv,real-world,669,21408,21439,32,lag24,24.79240593949871,median,64
metro-traffic.csv,real-world,670,21440,21471,32,lag24,26.242864658261617,median,64
metro-traffic.csv,real-world,671,21472,21503,32,lag24,23.333790614421417,median,64
metro-traffic.csv,real-world,672,21504,21535,32,lag24,41.08758886586594,median,64
metro-traffic.csv,real-world,673,21536,21567,32,lag24,40.285240900772365,median,64
metro-traffic.csv,real-world,674,21568,21599,32,lag24,39.69782143753003,median,64
metro-traffic.csv,real-world,675,21600,21631,32,lag24,45.14518268499989,mean,64
metro-traffic.csv,real-world,676,21632,21663,32,lag24,33.46720310144871,mean,64
metro-traffic.csv,real-world,677,21664,21695,32,ar1,53.92202477397873,median,64
metro-traffic.csv,real-world,678,21696,21727,32,quadratic,69.80455770614284,median,64
metro-traffic.csv,real-world,679,21728,21759,32,lag24,25.37567056623748,random_walk,64
metro-traffic.csv,real-world,680,21760,21791,32,lag24,27.219112635503944,median,64
metro-traffic.csv,real-world,681,21792,21823,32,ar1,38.33940951651186,mean,64
metro-traffic.csv,real-world,682,21824,21855,32,lag24,15.396140732448,random_walk,64
metro-traffic.csv,real-world,683,21856,21887,32,lag24,28.456678890343415,random_walk,64
metro-traffic.csv,real-world,684,21888,21919,32,lag24,20.439975086945545,random_walk,64
metro-traffic.csv,real-world,685,21920,21951,32,ar1,39.09117362407925,mean,64
metro-traffic.csv,real-world,686,21952,21983,32,lag24,54.847914940659074,mean,64
metro-traffic.csv,real-world,687,21984,22015,32,lag24,33.83486023730474,mean,64
metro-traffic.csv,real-world,688,22016,22047,32,lag24,22.07060956317313,random_walk,64
metro-traffic.csv,real-world,689,22048,22079,32,quadratic,9.025209995478356,random_walk,64
metro-traffic.csv,real-world,690,22080,22111,32,lag24,35.06129152250193,median,64
metro-traffic.csv,real-world,691,22112,22143,32,lag24,14.56948025682814,median,64
metro-traffic.csv,real-world,692,22144,22175,32,lag24,37.77752529718369,median,64
metro-traffic.csv,real-world,693,22176,22207,32,lag24,31.710708425832546,random_walk,64
metro-traffic.csv,real-world,694,22208,22239,32,lag24,31.83309171983545,mean,64
metro-traffic.csv,real-world,695,22240,22271,32,lag24,45.84067640063335,median,64
metro-traffic.csv,real-world,696,22272,22303,32,lag24,12.046241966553978,median,64
metro-traffic.csv,real-world,697,22304,22335,32,lag24,19.43011451289359,mean,64
metro-traffic.csv,real-world,698,22336,22367,32,lag24,14.044583507816538,median,64
metro-traffic.csv,real-world,699,22368,22399,32,lag24,30.25017560540512,median,64
metro-traffic.csv,real-world,700,22400,22431,32,lag24,60.98317315466366,median,64
metro-traffic.csv,real-world,701,22432,22463,32,lag24,34.076838936343975,mean,64
metro-traffic.csv,real-world,702,22464,22495,32,lag24,20.518415966861475,mean,64
metro-traffic.csv,real-world,703,22496,22527,32,lag24,16.962617091087086,random_walk,64
metro-traffic.csv,real-world,704,22528,22559,32,lag24,41.293295933877005,mean,64
metro-traffic.csv,real-world,705,22560,22591,32,lag24,29.664917263178904,random_walk,64
metro-traffic.csv,real-world,706,22592,22623,32,lag24,22.5262885327169,random_walk,64
metro-traffic.csv,real-world,707,22624,22655,32,lag24,11.785339486740149,mean,64
metro-traffic.csv,real-world,708,22656,22687,32,lag24,8.901419698812807,mean,64
metro-traffic.csv,real-world,709,22688,22719,32,lag24,20.07651474467462,random_walk,64
metro-traffic.csv,real-world,710,22720,22751,32,quadratic,17.59161427865284,median,64
metro-traffic.csv,real-world,711,22752,22783,32,quadratic,22.334891893192626,median,64
metro-traffic.csv,real-world,712,22784,22815,32,lag24,15.111806072559194,random_walk,64
metro-traffic.csv,real-world,713,22816,22847,32,ar1,65.98910688937812,median,64
metro-traffic.csv,real-world,714,22848,22879,32,random_walk,38.37164822234217,random_walk,64
metro-traffic.csv,real-world,715,22880,22911,32,lag24,11.253116046968113,random_walk,64
metro-traffic.csv,real-world,716,22912,22943,32,lag24,30.139671030044536,random_walk,64
metro-traffic.csv,real-world,717,22944,22975,32,lag24,21.95432110072635,median,64
metro-traffic.csv,real-world,718,22976,23007,32,lag24,1.6310271576050193,median,64
metro-traffic.csv,real-world,719,23008,23039,32,lag24,3.2244497690420744,median,64
metro-traffic.csv,real-world,720,23040,23071,32,lag24,9.2241490097509,mean,64
metro-traffic.csv,real-world,721,23072,23103,32,lag24,18.49365371989805,random_walk,64
metro-traffic.csv,real-world,722,23104,23135,32,lag24,11.507332173921723,mean,64
metro-traffic.csv,real-world,723,23136,23167,32,lag24,13.201534297745987,random_walk,64
metro-traffic.csv,real-world,724,23168,23199,32,quadratic,27.14822306564099,random_walk,64
metro-traffic.csv,real-world,725,23200,23231,32,lag24,18.123258526112853,random_walk,64
metro-traffic.csv,real-world,726,23232,23263,32,lag24,9.8288861840717,mean,64
metro-traffic.csv,real-world,727,23264,23295,32,lag24,18.07161051926853,random_walk,64
metro-traffic.csv,real-world,728,23296,23327,32,lag24,36.30138584613929,median,64
metro-traffic.csv,real-world,729,23328,23359,32,lag24,8.083826564551398,random_walk,64
metro-traffic.csv,real-world,730,23360,23391,32,lag24,27.8157348039342,mean,64
metro-traffic.csv,real-world,731,23392,23423,32,lag24,2.528190915928679,mean,64
metro-traffic.csv,real-world,732,23424,23455,32,lag24,1.9857209924017607,random_walk,64
metro-traffic.csv,real-world,733,23456,23487,32,lag24,4.689152276524528,mean,64
metro-traffic.csv,real-world,734,23488,23519,32,lag24,9.310052288856214,median,64
metro-traffic.csv,real-world,735,23520,23551,32,lag24,7.577193424800017,random_walk,64
metro-traffic.csv,real-world,736,23552,23583,32,quadratic,41.00550141373396,mean,64
metro-traffic.csv,real-world,737,23584,23615,32,lag24,42.59601463249681,median,64
metro-traffic.csv,real-world,738,23616,23647,32,lag24,15.604862228795845,random_walk,64
metro-traffic.csv,real-world,739,23648,23679,32,lag24,19.244037392344328,median,64
metro-traffic.csv,real-world,740,23680,23711,32,lag24,11.768479584999557,random_walk,64
metro-traffic.csv,real-world,741,23712,23743,32,quadratic,11.257721934470384,random_walk,64
metro-traffic.csv,real-world,742,23744,23775,32,lag24,5.826439696421275,median,64
metro-traffic.csv,real-world,743,23776,23807,32,lag24,16.175477899317084,mean,64
metro-traffic.csv,real-world,744,23808,23839,32,lag24,10.055453758774783,median,64
metro-traffic.csv,real-world,745,23840,23871,32,lag24,4.668899629683677,median,64
metro-traffic.csv,real-world,746,23872,23903,32,lag24,3.880318108979384,median,64
metro-traffic.csv,real-world,747,23904,23935,32,lag24,24.984622329022677,random_walk,64
metro-traffic.csv,real-world,748,23936,23967,32,lag24,19.064454993476385,median,64
metro-traffic.csv,real-world,749,23968,23999,32,lag24,11.471880385572101,mean,64
metro-traffic.csv,real-world,750,24000,24031,32,lag24,8.727192200347758,median,64
metro-traffic.csv,real-world,751,24032,24063,32,lag24,7.043915625967838,median,64
metro-traffic.csv,real-world,752,24064,24095,32,lag24,5.283859913391505,mean,64
metro-traffic.csv,real-world,753,24096,24127,32,lag24,3.5214484510277555,median,64
metro-traffic.csv,real-world,754,24128,24159,32,lag24,34.19597936798887,mean,64
metro-traffic.csv,real-world,755,24160,24191,32,lag24,3.162088210024183,median,64
metro-traffic.csv,real-world,756,24192,24223,32,lag24,4.259294997905882,random_walk,64
metro-traffic.csv,real-world,757,24224,24255,32,lag24,4.334271686575034,random_walk,64
metro-traffic.csv,real-world,758,24256,24287,32,lag24,14.374075045964945,random_walk,64
metro-traffic.csv,real-world,759,24288,24319,32,lag24,16.37196340008666,random_walk,64
metro-traffic.csv,real-world,760,24320,24351,32,lag24,3.272660317012916,mean,64
metro-traffic.csv,real-world,761,24352,24383,32,lag24,3.0022660715022735,median,64
metro-traffic.csv,real-world,762,24384,24415,32,lag24,4.801083548541421,median,64
metro-traffic.csv,real-world,763,24416,24447,32,random_walk,20.65431929173931,random_walk,64
metro-traffic.csv,real-world,764,24448,24479,32,lag24,5.493241575863604,median,64
metro-traffic.csv,real-world,765,24480,24511,32,lag24,6.246852765573284,mean,64
metro-traffic.csv,real-world,766,24512,24543,32,lag24,0.9310657333816189,random_walk,64
metro-traffic.csv,real-world,767,24544,24575,32,lag24,10.510808312583942,mean,64
metro-traffic.csv,real-world,768,24576,24607,32,lag24,4.750714165601529,median,64
metro-traffic.csv,real-world,769,24608,24639,32,lag24,5.7073131688530125,median,64
metro-traffic.csv,real-world,770,24640,24671,32,lag24,5.194783795209975,random_walk,64
metro-traffic.csv,real-world,771,24672,24703,32,lag24,20.316410988783137,median,64
metro-traffic.csv,real-world,772,24704,24735,32,lag24,13.957230239315235,median,64
metro-traffic.csv,real-world,773,24736,24767,32,lag24,15.297474303545,random_walk,64
metro-traffic.csv,real-world,774,24768,24799,32,lag24,28.784142382396823,mean,64
metro-traffic.csv,real-world,775,24800,24831,32,lag24,10.272829847937679,mean,64
metro-traffic.csv,real-world,776,24832,24863,32,lag24,28.61941247999392,random_walk,64
metro-traffic.csv,real-world,777,24864,24895,32,lag24,19.095266073988384,median,64
metro-traffic.csv,real-world,778,24896,24927,32,lag24,1.8634980775145504,random_walk,64
metro-traffic.csv,real-world,779,24928,24959,32,lag24,1.6296489184007024,mean,64
metro-traffic.csv,real-world,780,24960,24991,32,lag24,18.654813133705147,random_walk,64
metro-traffic.csv,real-world,781,24992,25023,32,lag24,3.975548294479554,median,64
metro-traffic.csv,real-world,782,25024,25055,32,lag24,1.600733760839107,mean,64
metro-traffic.csv,real-world,783,25056,25087,32,lag24,3.632434843140963,mean,64
metro-traffic.csv,real-world,784,25088,25119,32,lag24,26.103342422939512,median,64
metro-traffic.csv,real-world,785,25120,25151,32,lag24,25.828692117360504,median,64
metro-traffic.csv,real-world,786,25152,25183,32,lag24,14.282868623135771,median,64
metro-traffic.csv,real-world,787,25184,25215,32,random_walk,16.325657325243032,random_walk,64
metro-traffic.csv,real-world,788,25216,25247,32,lag24,6.618970612881757,mean,64
metro-traffic.csv,real-world,789,25248,25279,32,lag24,1.7899382171855829,mean,64
metro-traffic.csv,real-world,790,25280,25311,32,lag24,38.1765582802792,median,64
metro-traffic.csv,real-world,791,25312,25343,32,lag24,9.603958715277672,median,64
metro-traffic.csv,real-world,792,25344,25375,32,lag24,7.665716722113901,mean,64
metro-traffic.csv,real-world,793,25376,25407,32,lag24,26.158337424305493,median,64
metro-traffic.csv,real-world,794,25408,25439,32,lag24,4.496103827627597,random_walk,64
metro-traffic.csv,real-world,795,25440,25471,32,lag24,16.105960051053433,mean,64
metro-traffic.csv,real-world,796,25472,25503,32,lag24,3.549966920139242,random_walk,64
metro-traffic.csv,real-world,797,25504,25535,32,lag24,21.38156414092016,mean,64
metro-traffic.csv,real-world,798,25536,25567,32,lag24,5.570621288446668,median,64
metro-traffic.csv,real-world,799,25568,25599,32,lag24,6.541074626277867,mean,64
metro-traffic.csv,real-world,800,25600,25631,32,lag24,5.546164785730411,median,64
metro-traffic.csv,real-world,801,25632,25663,32,lag24,10.58274514659276,random_walk,64
metro-traffic.csv,real-world,802,25664,25695,32,lag24,14.717915724866979,random_walk,64
metro-traffic.csv,real-world,803,25696,25727,32,lag24,3.1428825525819475,random_walk,64
metro-traffic.csv,real-world,804,25728,25759,32,lag24,16.677487445586387,mean,64
metro-traffic.csv,real-world,805,25760,25791,32,lag24,1.2090805962590083,median,64
metro-traffic.csv,real-world,806,25792,25823,32,lag24,4.00473099166559,mean,64
metro-traffic.csv,real-world,807,25824,25855,32,lag24,7.175699046106612,random_walk,64
metro-traffic.csv,real-world,808,25856,25887,32,lag24,10.61681484343256,random_walk,64
metro-traffic.csv,real-world,809,25888,25919,32,lag24,28.292450108884342,random_walk,64
metro-traffic.csv,real-world,810,25920,25951,32,lag24,4.037637204319703,median,64
metro-traffic.csv,real-world,811,25952,25983,32,quadratic,27.02089597109348,random_walk,64
metro-traffic.csv,real-world,812,25984,26015,32,lag24,3.5012432847827846,random_walk,64
metro-traffic.csv,real-world,813,26016,26047,32,lag24,6.824047445396635,random_walk,64
metro-traffic.csv,real-world,814,26048,26079,32,lag24,12.996144766589392,random_walk,64
metro-traffic.csv,real-world,815,26080,26111,32,quadratic,10.12274400187195,random_walk,64
metro-traffic.csv,real-world,816,26112,26143,32,lag24,28.477434502340827,median,64
metro-traffic.csv,real-world,817,26144,26175,32,lag24,11.458065246585663,random_walk,64
metro-traffic.csv,real-world,818,26176,26207,32,lag24,27.21710041753515,median,64
metro-traffic.csv,real-world,819,26208,26239,32,lag24,13.232494867172704,mean,64
metro-traffic.csv,real-world,820,26240,26271,32,lag24,2.96605269163325,random_walk,64
metro-traffic.csv,real-world,821,26272,26303,32,lag24,0.579118904967806,mean,64
metro-traffic.csv,real-world,822,26304,26335,32,quadratic,12.645593583154444,random_walk,64
metro-traffic.csv,real-world,823,26336,26367,32,lag24,8.778073436646526,random_walk,64
metro-traffic.csv,real-world,824,26368,26399,32,lag24,29.412849902281124,median,64
metro-traffic.csv,real-world,825,26400,26431,32,lag24,27.72686101902257,mean,64
metro-traffic.csv,real-world,826,26432,26463,32,lag24,13.025468931055315,random_walk,64
metro-traffic.csv,real-world,827,26464,26495,32,lag24,12.524519949752746,random_walk,64
metro-traffic.csv,real-world,828,26496,26527,32,lag24,8.492141705134314,random_walk,64
metro-traffic.csv,real-world,829,26528,26559,32,lag24,9.173829883105778,median,64
metro-traffic.csv,real-world,830,26560,26591,32,lag24,11.186836502191579,median,64
metro-traffic.csv,real-world,831,26592,26623,32,lag24,3.467003270160407,mean,64
metro-traffic.csv,real-world,832,26624,26655,32,lag24,7.913002310605174,random_walk,64
metro-traffic.csv,real-world,833,26656,26687,32,lag24,22.191475750998944,mean,64
metro-traffic.csv,real-world,834,26688,26719,32,lag24,14.145741644545247,median,64
metro-traffic.csv,real-world,835,26720,26751,32,lag24,4.620641901036672,random_walk,64
metro-traffic.csv,real-world,836,26752,26783,32,lag24,7.920914509347031,median,64
metro-traffic.csv,real-world,837,26784,26815,32,lag24,15.18580685283299,mean,64
metro-traffic.csv,real-world,838,26816,26847,32,lag24,27.68442787210705,mean,64
metro-traffic.csv,real-world,839,26848,26879,32,lag24,8.092477258553789,mean,64
metro-traffic.csv,real-world,840,26880,26911,32,lag24,9.348593925197466,mean,64
metro-traffic.csv,real-world,841,26912,26943,32,lag24,3.507363610260248,median,64
metro-traffic.csv,real-world,842,26944,26975,32,lag24,2.253809843880811,mean,64
metro-traffic.csv,real-world,843,26976,27007,32,lag24,13.030485614835085,mean,64
metro-traffic.csv,real-world,844,27008,27039,32,lag24,4.965973033617042,random_walk,64
metro-traffic.csv,real-world,845,27040,27071,32,lag24,23.153668853261077,mean,64
metro-traffic.csv,real-world,846,27072,27103,32,lag24,5.172758642382975,random_walk,64
metro-traffic.csv,real-world,847,27104,27135,32,lag24,6.0834505239800665,median,64
metro-traffic.csv,real-world,848,27136,27167,32,lag24,3.6609464198113058,median,64
metro-traffic.csv,real-world,849,27168,27199,32,lag24,13.984238221909226,random_walk,64
metro-traffic.csv,real-world,850,27200,27231,32,random_walk,40.89191674429089,random_walk,64
metro-traffic.csv,real-world,851,27232,27263,32,lag24,4.403901024487425,mean,64
metro-traffic.csv,real-world,852,27264,27295,32,lag24,0.9563037499008361,random_walk,64
metro-traffic.csv,real-world,853,27296,27327,32,lag24,5.201948343506189,random_walk,64
metro-traffic.csv,real-world,854,27328,27359,32,lag24,15.8423020770311,random_walk,64
metro-traffic.csv,real-world,855,27360,27391,32,lag24,40.38155246578836,mean,64
metro-traffic.csv,real-world,856,27392,27423,32,lag24,8.922277381422266,median,64
metro-traffic.csv,real-world,857,27424,27455,32,lag24,17.39426166036448,median,64
metro-traffic.csv,real-world,858,27456,27487,32,lag24,33.63692254724913,mean,64
metro-traffic.csv,real-world,859,27488,27519,32,lag24,11.767290400734321,mean,64
metro-traffic.csv,real-world,860,27520,27551,32,lag24,41.99405811225511,random_walk,64
metro-traffic.csv,real-world,861,27552,27583,32,lag24,2.793080334026113,random_walk,64
metro-traffic.csv,real-world,862,27584,27615,32,lag24,8.634570749909578,random_walk,64
metro-traffic.csv,real-world,863,27616,27647,32,lag24,1.6948784355104716,median,64
metro-traffic.csv,real-world,864,27648,27679,32,lag24,12.006863951376232,random_walk,64
metro-traffic.csv,real-world,865,27680,27711,32,lag24,15.676998231388705,random_walk,64
metro-traffic.csv,real-world,866,27712,27743,32,lag24,0.6971619055397513,median,64
metro-traffic.csv,real-world,867,27744,27775,32,lag24,3.383113319484721,median,64
metro-traffic.csv,real-world,868,27776,27807,32,lag24,21.53981562616958,median,64
metro-traffic.csv,real-world,869,27808,27839,32,lag24,23.89106252284013,random_walk,64
metro-traffic.csv,real-world,870,27840,27871,32,lag24,9.307887480289757,mean,64
metro-traffic.csv,real-world,871,27872,27903,32,lag24,15.458998905273537,mean,64
metro-traffic.csv,real-world,872,27904,27935,32,lag24,2.2993245997137604,median,64
metro-traffic.csv,real-world,873,27936,27967,32,lag24,17.920882236721898,random_walk,64
metro-traffic.csv,real-world,874,27968,27999,32,lag24,4.888587912759008,median,64
metro-traffic.csv,real-world,875,28000,28031,32,lag24,7.129242869978741,random_walk,64
metro-traffic.csv,real-world,876,28032,28063,32,lag24,31.56735960951151,median,64
metro-traffic.csv,real-world,877,28064,28095,32,lag24,8.27895852813246,random_walk,64
metro-traffic.csv,real-world,878,28096,28127,32,lag24,47.5510155154818,median,64
metro-traffic.csv,real-world,879,28128,28159,32,lag24,5.0862728722910795,median,64
metro-traffic.csv,real-world,880,28160,28191,32,lag24,23.455329709188476,median,64
metro-traffic.csv,real-world,881,28192,28223,32,lag24,6.140384213774268,random_walk,64
metro-traffic.csv,real-world,882,28224,28255,32,lag24,1.1672604147396066,median,64
metro-traffic.csv,real-world,883,28256,28287,32,lag24,16.83769200933246,random_walk,64
metro-traffic.csv,real-world,884,28288,28319,32,lag24,40.43034185609447,median,64
metro-traffic.csv,real-world,885,28320,28351,32,lag24,9.19056588060326,median,64
metro-traffic.csv,real-world,886,28352,28383,32,lag24,2.469502050236134,random_walk,64
metro-traffic.csv,real-world,887,28384,28415,32,lag24,3.524178765248169,random_walk,64
metro-traffic.csv,real-world,888,28416,28447,32,lag24,4.415669762117374,random_walk,64
metro-traffic.csv,real-world,889,28448,28479,32,lag24,18.484624947636203,random_walk,64
metro-traffic.csv,real-world,890,28480,28511,32,quadratic,16.00837338210449,mean,64
metro-traffic.csv,real-world,891,28512,28543,32,quadratic,5.494158716026532,random_walk,64
metro-traffic.csv,real-world,892,28544,28575,32,lag24,6.020546291370585,random_walk,64
metro-traffic.csv,real-world,893,28576,28607,32,random_walk,32.867204859221644,random_walk,64
metro-traffic.csv,real-world,894,28608,28639,32,lag24,9.005922749915483,random_walk,64
metro-traffic.csv,real-world,895,28640,28671,32,quadratic,15.486770583700476,random_walk,64
metro-traffic.csv,real-world,896,28672,28703,32,ar1,19.823644268858846,median,64
metro-traffic.csv,real-world,897,28704,28735,32,lag24,18.54103958749999,mean,64
metro-traffic.csv,real-world,898,28736,28767,32,lag24,5.81426940709548,mean,64
metro-traffic.csv,real-world,899,28768,28799,32,lag24,8.683283578971887,random_walk,64
metro-traffic.csv,real-world,900,28800,28831,32,quadratic,18.436244321836636,median,64
metro-traffic.csv,real-world,901,28832,28863,32,quadratic,28.249163280905364,median,64
metro-traffic.csv,real-world,902,28864,28895,32,lag24,19.15280613922627,mean,64
metro-traffic.csv,real-world,903,28896,28927,32,lag24,26.09427821771898,random_walk,64
metro-traffic.csv,real-world,904,28928,28959,32,lag24,36.26588698210336,median,64
metro-traffic.csv,real-world,905,28960,28991,32,lag24,18.89977722382112,median,64
metro-traffic.csv,real-world,906,28992,29023,32,quadratic,9.476581792506673,random_walk,64
metro-traffic.csv,real-world,907,29024,29055,32,lag24,7.408235475412398,random_walk,64
metro-traffic.csv,real-world,908,29056,29087,32,quadratic,27.270472444549238,random_walk,64
metro-traffic.csv,real-world,909,29088,29119,32,lag24,1.413312459840301,median,64
metro-traffic.csv,real-world,910,29120,29151,32,ar1,38.59112708422742,mean,64
metro-traffic.csv,real-world,911,29152,29183,32,lag24,14.135192434462963,random_walk,64
metro-traffic.csv,real-world,912,29184,29215,32,quadratic,8.230240491049459,random_walk,64
metro-traffic.csv,real-world,913,29216,29247,32,lag24,17.345739575208217,random_walk,64
metro-traffic.csv,real-world,914,29248,29279,32,lag24,35.036241074271906,median,64
metro-traffic.csv,real-world,915,29280,29311,32,lag24,8.331675017825072,median,64
metro-traffic.csv,real-world,916,29312,29343,32,lag24,10.428950775716281,mean,64
metro-traffic.csv,real-world,917,29344,29375,32,lag24,10.638992863728516,random_walk,64
metro-traffic.csv,real-world,918,29376,29407,32,quadratic,8.151066826054777,random_walk,64
metro-traffic.csv,real-world,919,29408,29439,32,lag24,10.36888721721454,random_walk,64
metro-traffic.csv,real-world,920,29440,29471,32,lag24,10.45254004587176,random_walk,64
metro-traffic.csv,real-world,921,29472,29503,32,quadratic,4.266031043133355,random_walk,64
metro-traffic.csv,real-world,922,29504,29535,32,lag24,14.098592862171605,mean,64
metro-traffic.csv,real-world,923,29536,29567,32,lag24,1.0630521907623611,mean,64
metro-traffic.csv,real-world,924,29568,29599,32,lag24,4.068453447274311,median,64
metro-traffic.csv,real-world,925,29600,29631,32,lag24,15.69810455315039,random_walk,64
metro-traffic.csv,real-world,926,29632,29663,32,lag24,4.861168713462149,median,64
metro-traffic.csv,real-world,927,29664,29695,32,lag24,13.428579491141983,mean,64
metro-traffic.csv,real-world,928,29696,29727,32,quadratic,7.950059323626759,random_walk,64
metro-traffic.csv,real-world,929,29728,29759,32,lag24,7.065324072333561,median,64
metro-traffic.csv,real-world,930,29760,29791,32,lag24,25.988967582194658,random_walk,64
metro-traffic.csv,real-world,931,29792,29823,32,lag24,34.08457265898945,median,64
metro-traffic.csv,real-world,932,29824,29855,32,lag24,2.5407801340436538,random_walk,64
metro-traffic.csv,real-world,933,29856,29887,32,lag24,29.613091016969328,mean,64
metro-traffic.csv,real-world,934,29888,29919,32,ar1,27.751788377765347,mean,64
metro-traffic.csv,real-world,935,29920,29951,32,lag24,11.195330032455951,mean,64
metro-traffic.csv,real-world,936,29952,29983,32,ar1,23.689275493863505,mean,64
metro-traffic.csv,real-world,937,29984,30015,32,lag24,37.43899457499178,mean,64
metro-traffic.csv,real-world,938,30016,30047,32,lag24,7.280638702337181,random_walk,64
metro-traffic.csv,real-world,939,30048,30079,32,lag24,4.17579263732935,random_walk,64
metro-traffic.csv,real-world,940,30080,30111,32,lag24,17.63520429940691,random_walk,64
metro-traffic.csv,real-world,941,30112,30143,32,lag24,2.1195665026890054,random_walk,64
metro-traffic.csv,real-world,942,30144,30175,32,lag24,23.721097534617513,mean,64
metro-traffic.csv,real-world,943,30176,30207,32,lag24,5.4809326051665685,random_walk,64
metro-traffic.csv,real-world,944,30208,30239,32,lag24,12.710572651776436,random_walk,64
metro-traffic.csv,real-world,945,30240,30271,32,quadratic,28.275407994081338,random_walk,64
metro-traffic.csv,real-world,946,30272,30303,32,lag24,4.462783660443246,median,64
metro-traffic.csv,real-world,947,30304,30335,32,lag24,11.676081394797938,random_walk,64
metro-traffic.csv,real-world,948,30336,30367,32,lag24,15.566282478910072,random_walk,64
metro-traffic.csv,real-world,949,30368,30399,32,lag24,9.185055739424559,median,64
metro-traffic.csv,real-world,950,30400,30431,32,lag24,6.045268137085027,random_walk,64
metro-traffic.csv,real-world,951,30432,30463,32,lag24,15.149297840132169,random_walk,64
metro-traffic.csv,real-world,952,30464,30495,32,ar1,34.37702026881925,mean,64
metro-traffic.csv,real-world,953,30496,30527,32,lag24,9.74603503777417,random_walk,64
metro-traffic.csv,real-world,954,30528,30559,32,lag24,17.949322447173067,median,64
metro-traffic.csv,real-world,955,30560,30591,32,lag24,5.3645132604058805,random_walk,64
metro-traffic.csv,real-world,956,30592,30623,32,lag24,17.672139808990774,median,64
metro-traffic.csv,real-world,957,30624,30655,32,random_walk,12.299531265050323,random_walk,64
metro-traffic.csv,real-world,958,30656,30687,32,ar1,28.28626135873346,median,64
metro-traffic.csv,real-world,959,30688,30719,32,lag24,2.157531955891931,median,64
metro-traffic.csv,real-world,960,30720,30751,32,lag24,4.882955228333419,mean,64
metro-traffic.csv,real-world,961,30752,30783,32,lag24,4.247546526155593,random_walk,64
metro-traffic.csv,real-world,962,30784,30815,32,lag24,13.627846352538999,median,64
metro-traffic.csv,real-world,963,30816,30847,32,lag24,18.766054002944713,median,64
metro-traffic.csv,real-world,964,30848,30879,32,lag24,14.319912548541373,median,64
metro-traffic.csv,real-world,965,30880,30911,32,lag24,0.674422706741744,median,64
metro-traffic.csv,real-world,966,30912,30943,32,lag24,38.49657908964943,random_walk,64
metro-traffic.csv,real-world,967,30944,30975,32,ar1,13.938536417758549,random_walk,64
metro-traffic.csv,real-world,968,30976,31007,32,lag24,43.5882741432781,mean,64
metro-traffic.csv,real-world,969,31008,31039,32,lag24,2.552622181234532,mean,64
metro-traffic.csv,real-world,970,31040,31071,32,lag24,10.28401238988953,median,64
metro-traffic.csv,real-world,971,31072,31103,32,lag24,30.760748015059992,random_walk,64
metro-traffic.csv,real-world,972,31104,31135,32,lag24,4.556627187061243,median,64
metro-traffic.csv,real-world,973,31136,31167,32,lag24,7.301431454484975,mean,64
metro-traffic.csv,real-world,974,31168,31199,32,lag24,30.164511799444302,median,64
metro-traffic.csv,real-world,975,31200,31231,32,quadratic,30.03212567304126,mean,64
metro-traffic.csv,real-world,976,31232,31263,32,lag24,9.878233682165046,random_walk,64
metro-traffic.csv,real-world,977,31264,31295,32,lag24,24.862560749009464,random_walk,64
metro-traffic.csv,real-world,978,31296,31327,32,lag24,4.928852747053197,random_walk,64
metro-traffic.csv,real-world,979,31328,31359,32,lag24,16.587938313125207,random_walk,64
metro-traffic.csv,real-world,980,31360,31391,32,lag24,20.209662743002387,mean,64
metro-traffic.csv,real-world,981,31392,31423,32,quadratic,26.299609493380135,median,64
metro-traffic.csv,real-world,982,31424,31455,32,lag24,2.4861390673158335,mean,64
metro-traffic.csv,real-world,983,31456,31487,32,lag24,10.195882613619553,median,64
metro-traffic.csv,real-world,984,31488,31519,32,lag24,16.391336146136712,median,64
metro-traffic.csv,real-world,985,31520,31551,32,lag24,31.414209846733918,mean,64
metro-traffic.csv,real-world,986,31552,31583,32,lag24,3.351268373328006,random_walk,64
metro-traffic.csv,real-world,987,31584,31615,32,lag24,1.5420254666081057,mean,64
metro-traffic.csv,real-world,988,31616,31647,32,lag24,9.698485813041328,median,64
metro-traffic.csv,real-world,989,31648,31679,32,lag24,3.4889562599984014,random_walk,64
metro-traffic.csv,real-world,990,31680,31711,32,lag24,13.927366344212102,random_walk,64
metro-traffic.csv,real-world,991,31712,31743,32,lag24,9.121134776566846,median,64
metro-traffic.csv,real-world,992,31744,31775,32,lag24,12.767208300990022,mean,64
metro-traffic.csv,real-world,993,31776,31807,32,lag24,6.840398623324414,random_walk,64
metro-traffic.csv,real-world,994,31808,31839,32,quadratic,42.40219680612296,median,64
metro-traffic.csv,real-world,995,31840,31871,32,lag24,4.658226712780685,median,64
metro-traffic.csv,real-world,996,31872,31903,32,lag24,15.947537260292222,mean,64
metro-traffic.csv,real-world,997,31904,31935,32,lag24,21.386767471755075,median,64
metro-traffic.csv,real-world,998,31936,31967,32,lag24,1.1744775769189828,random_walk,64
metro-traffic.csv,real-world,999,31968,31999,32,lag24,13.633561019961785,random_walk,64
metro-traffic.csv,real-world,1000,32000,32031,32,lag24,3.6470438155853477,random_walk,64
metro-traffic.csv,real-world,1001,32032,32063,32,lag24,7.696125453120823,mean,64
metro-traffic.csv,real-world,1002,32064,32095,32,quadratic,5.216012317308741,random_walk,64
metro-traffic.csv,real-world,1003,32096,32127,32,ar1,22.326275721652117,mean,64
metro-traffic.csv,real-world,1004,32128,32159,32,quadratic,41.94206172146463,mean,64
metro-traffic.csv,real-world,1005,32160,32191,32,lag24,2.2368781204665664,mean,64
metro-traffic.csv,real-world,1006,32192,32223,32,lag24,16.666817510702806,random_walk,64
metro-traffic.csv,real-world,1007,32224,32255,32,lag24,6.576270297021287,mean,64
metro-traffic.csv,real-world,1008,32256,32287,32,lag24,3.590577394490212,random_walk,64
metro-traffic.csv,real-world,1009,32288,32319,32,lag24,23.51031978270427,median,64
metro-traffic.csv,real-world,1010,32320,32351,32,lag24,20.176021112040612,random_walk,64
metro-traffic.csv,real-world,1011,32352,32383,32,lag24,20.509102804028966,mean,64
metro-traffic.csv,real-world,1012,32384,32415,32,lag24,7.181729684440688,mean,64
metro-traffic.csv,real-world,1013,32416,32447,32,lag24,5.791212906377666,mean,64
metro-traffic.csv,real-world,1014,32448,32479,32,lag24,12.149210354173356,random_walk,64
metro-traffic.csv,real-world,1015,32480,32511,32,lag24,8.476113456737217,random_walk,64
metro-traffic.csv,real-world,1016,32512,32543,32,quadratic,36.65526428642411,mean,64
metro-traffic.csv,real-world,1017,32544,32575,32,lag24,26.475712573137482,median,64
metro-traffic.csv,real-world,1018,32576,32607,32,lag24,21.116003064903676,median,64
metro-traffic.csv,real-world,1019,32608,32639,32,lag24,24.35855936999337,mean,64
metro-traffic.csv,real-world,1020,32640,32671,32,lag24,23.64612305493488,mean,64
metro-traffic.csv,real-world,1021,32672,32703,32,lag24,13.076843696467353,random_walk,64
metro-traffic.csv,real-world,1022,32704,32735,32,lag24,5.226650128439544,random_walk,64
metro-traffic.csv,real-world,1023,32736,32767,32,lag24,13.191351864543767,mean,64
metro-traffic.csv,real-world,1024,32768,32799,32,lag24,5.508493975087421,mean,64
metro-traffic.csv,real-world,1025,32800,32831,32,lag24,38.131028188665724,mean,64
metro-traffic.csv,real-world,1026,32832,32863,32,lag24,7.384887797522246,random_walk,64
metro-traffic.csv,real-world,1027,32864,32895,32,lag24,3.0802071329652274,random_walk,64
metro-traffic.csv,real-world,1028,32896,32927,32,lag24,13.57471269811247,median,64
metro-traffic.csv,real-world,1029,32928,32959,32,lag24,16.411079378805596,random_walk,64
metro-traffic.csv,real-world,1030,32960,32991,32,lag24,34.05806248802317,mean,64
metro-traffic.csv,real-world,1031,32992,33023,32,quadratic,48.08852979683137,median,64
metro-traffic.csv,real-world,1032,33024,33055,32,lag24,14.433285339719298,random_walk,64
metro-traffic.csv,real-world,1033,33056,33087,32,lag24,16.785632794004865,random_walk,64
metro-traffic.csv,real-world,1034,33088,33119,32,quadratic,38.025418508168286,random_walk,64
metro-traffic.csv,real-world,1035,33120,33151,32,lag24,7.528781534000719,mean,64
metro-traffic.csv,real-world,1036,33152,33183,32,lag24,9.978167426009014,random_walk,64
metro-traffic.csv,real-world,1037,33184,33215,32,lag24,5.7690769590474416,random_walk,64
metro-traffic.csv,real-world,1038,33216,33247,32,lag24,8.777073768511661,random_walk,64
metro-traffic.csv,real-world,1039,33248,33279,32,random_walk,13.868365602399829,random_walk,64
metro-traffic.csv,real-world,1040,33280,33311,32,lag24,26.473644379040042,random_walk,64
metro-traffic.csv,real-world,1041,33312,33343,32,lag24,2.6712829338518955,random_walk,64
metro-traffic.csv,real-world,1042,33344,33375,32,lag24,2.7264158099394638,random_walk,64
metro-traffic.csv,real-world,1043,33376,33407,32,lag24,9.6005435791434,mean,64
metro-traffic.csv,real-world,1044,33408,33439,32,lag24,8.4944659274906,mean,64
metro-traffic.csv,real-world,1045,33440,33471,32,quadratic,42.289562169585984,random_walk,64
metro-traffic.csv,real-world,1046,33472,33503,32,lag24,13.790976182383158,random_walk,64
metro-traffic.csv,real-world,1047,33504,33535,32,lag24,33.84567927976475,median,64
metro-traffic.csv,real-world,1048,33536,33567,32,lag24,6.930420971645362,random_walk,64
metro-traffic.csv,real-world,1049,33568,33599,32,lag24,7.573502129795284,median,64
metro-traffic.csv,real-world,1050,33600,33631,32,lag24,31.800034301190806,median,64
metro-traffic.csv,real-world,1051,33632,33663,32,lag24,18.553891400914004,mean,64
metro-traffic.csv,real-world,1052,33664,33695,32,random_walk,11.163383101506167,random_walk,64
metro-traffic.csv,real-world,1053,33696,33727,32,lag24,2.481349535202408,random_walk,64
metro-traffic.csv,real-world,1054,33728,33759,32,lag24,9.987423231663922,random_walk,64
metro-traffic.csv,real-world,1055,33760,33791,32,quadratic,32.46145503192848,mean,64
metro-traffic.csv,real-world,1056,33792,33823,32,lag24,37.95022355580368,median,64
metro-traffic.csv,real-world,1057,33824,33855,32,quadratic,7.324457463341936,mean,64
metro-traffic.csv,real-world,1058,33856,33887,32,quadratic,7.166764075144447,random_walk,64
metro-traffic.csv,real-world,1059,33888,33919,32,quadratic,9.292712248951814,median,64
metro-traffic.csv,real-world,1060,33920,33951,32,lag24,36.6298609048947,median,64
metro-traffic.csv,real-world,1061,33952,33983,32,lag24,16.295725034992394,median,64
metro-traffic.csv,real-world,1062,33984,34015,32,lag24,11.744044880499239,mean,64
metro-traffic.csv,real-world,1063,34016,34047,32,lag24,4.3981011935794765,random_walk,64
metro-traffic.csv,real-world,1064,34048,34079,32,lag24,1.407159963410384,median,64
metro-traffic.csv,real-world,1065,34080,34111,32,random_walk,13.758924894125338,random_walk,64
metro-traffic.csv,real-world,1066,34112,34143,32,lag24,17.620919203839403,mean,64
metro-traffic.csv,real-world,1067,34144,34175,32,lag24,1.829403322744217,random_walk,64
metro-traffic.csv,real-world,1068,34176,34207,32,lag24,4.063537507111067,median,64
metro-traffic.csv,real-world,1069,34208,34239,32,lag24,9.108565337592436,median,64
metro-traffic.csv,real-world,1070,34240,34271,32,lag24,21.591793930845558,random_walk,64
metro-traffic.csv,real-world,1071,34272,34303,32,lag24,2.403746923062458,median,64
metro-traffic.csv,real-world,1072,34304,34335,32,lag24,1.714464337591747,median,64
metro-traffic.csv,real-world,1073,34336,34367,32,lag24,7.09392356693694,median,64
metro-traffic.csv,real-world,1074,34368,34399,32,lag24,26.160842622226983,median,64
metro-traffic.csv,real-world,1075,34400,34431,32,lag24,10.257666440494,median,64
metro-traffic.csv,real-world,1076,34432,34463,32,lag24,28.542914359343776,random_walk,64
metro-traffic.csv,real-world,1077,34464,34495,32,ar1,27.466152217178944,mean,64
metro-traffic.csv,real-world,1078,34496,34527,32,lag24,35.15589470648871,mean,64
metro-traffic.csv,real-world,1079,34528,34559,32,lag24,1.5329880756914545,median,64
metro-traffic.csv,real-world,1080,34560,34591,32,lag24,6.371771131254597,mean,64
metro-traffic.csv,real-world,1081,34592,34623,32,lag24,21.39163353676506,random_walk,64
metro-traffic.csv,real-world,1082,34624,34655,32,random_walk,30.759934762444136,random_walk,64
metro-traffic.csv,real-world,1083,34656,34687,32,lag24,18.42477594732306,mean,64
metro-traffic.csv,real-world,1084,34688,34719,32,lag24,13.371269114197084,median,64
metro-traffic.csv,real-world,1085,34720,34751,32,lag24,20.64180499066519,random_walk,64
metro-traffic.csv,real-world,1086,34752,34783,32,lag24,7.102086438701296,mean,64
metro-traffic.csv,real-world,1087,34784,34815,32,quadratic,12.947125277839884,random_walk,64
metro-traffic.csv,real-world,1088,34816,34847,32,lag24,15.11241233789166,random_walk,64
metro-traffic.csv,real-world,1089,34848,34879,32,lag24,1.8003704881661424,random_walk,64
metro-traffic.csv,real-world,1090,34880,34911,32,lag24,16.92674580847894,mean,64
metro-traffic.csv,real-world,1091,34912,34943,32,lag24,17.592373666300325,random_walk,64
metro-traffic.csv,real-world,1092,34944,34975,32,lag24,21.128848012173524,random_walk,64
metro-traffic.csv,real-world,1093,34976,35007,32,lag24,16.304394885943605,random_walk,64
metro-traffic.csv,real-world,1094,35008,35039,32,lag24,26.775206110526003,random_walk,64
metro-traffic.csv,real-world,1095,35040,35071,32,lag24,10.263908329459118,random_walk,64
metro-traffic.csv,real-world,1096,35072,35103,32,lag24,14.012942843543852,median,64
metro-traffic.csv,real-world,1097,35104,35135,32,lag24,11.799452200959985,random_walk,64
metro-traffic.csv,real-world,1098,35136,35167,32,ar1,33.5913528440884,random_walk,64
metro-traffic.csv,real-world,1099,35168,35199,32,lag24,1.4048025124151569,mean,64
metro-traffic.csv,real-world,1100,35200,35231,32,lag24,14.799622023536807,median,64
metro-traffic.csv,real-world,1101,35232,35263,32,lag24,25.756458070934002,median,64
metro-traffic.csv,real-world,1102,35264,35295,32,lag24,10.50725265177937,mean,64
metro-traffic.csv,real-world,1103,35296,35327,32,lag24,33.84635314832956,median,64
metro-traffic.csv,real-world,1104,35328,35359,32,lag24,21.780732921584836,median,64
metro-traffic.csv,real-world,1105,35360,35391,32,lag24,10.56285020120755,random_walk,64
metro-traffic.csv,real-world,1106,35392,35423,32,lag24,27.0631806577687,random_walk,64
metro-traffic.csv,real-world,1107,35424,35455,32,lag24,34.278828065819376,mean,64
metro-traffic.csv,real-world,1108,35456,35487,32,lag24,10.947064487892927,mean,64
metro-traffic.csv,real-world,1109,35488,35519,32,lag24,7.15438828613466,random_walk,64
metro-traffic.csv,real-world,1110,35520,35551,32,lag24,19.192874082836244,median,64
metro-traffic.csv,real-world,1111,35552,35583,32,lag24,7.431002961309577,random_walk,64
metro-traffic.csv,real-world,1112,35584,35615,32,lag24,10.309145451695922,random_walk,64
metro-traffic.csv,real-world,1113,35616,35647,32,lag24,30.04161225688873,random_walk,64
metro-traffic.csv,real-world,1114,35648,35679,32,lag24,18.851389928074493,random_walk,64
metro-traffic.csv,real-world,1115,35680,35711,32,lag24,21.33472459436063,median,64
metro-traffic.csv,real-world,1116,35712,35743,32,lag24,9.782010345297534,random_walk,64
metro-traffic.csv,real-world,1117,35744,35775,32,lag24,37.126574972943054,random_walk,64
metro-traffic.csv,real-world,1118,35776,35807,32,lag24,4.983997717878578,mean,64
metro-traffic.csv,real-world,1119,35808,35839,32,lag24,6.589605300335024,median,64
metro-traffic.csv,real-world,1120,35840,35871,32,lag24,1.261893397754903,mean,64
metro-traffic.csv,real-world,1121,35872,35903,32,lag24,16.714840379821172,mean,64
metro-traffic.csv,real-world,1122,35904,35935,32,lag24,15.272313170334275,random_walk,64
metro-traffic.csv,real-world,1123,35936,35967,32,lag24,26.898373539184302,median,64
metro-traffic.csv,real-world,1124,35968,35999,32,lag24,5.500860862190041,median,64
metro-traffic.csv,real-world,1125,36000,36031,32,lag24,5.7179831716168685,median,64
metro-traffic.csv,real-world,1126,36032,36063,32,lag24,5.303653175677189,median,64
metro-traffic.csv,real-world,1127,36064,36095,32,lag24,34.94522004518079,random_walk,64
metro-traffic.csv,real-world,1128,36096,36127,32,quadratic,25.904117443442047,random_walk,64
metro-traffic.csv,real-world,1129,36128,36159,32,lag24,14.648798343985595,random_walk,64
metro-traffic.csv,real-world,1130,36160,36191,32,lag24,4.980614807965299,random_walk,64
metro-traffic.csv,real-world,1131,36192,36223,32,lag24,10.908128053201244,median,64
metro-traffic.csv,real-world,1132,36224,36255,32,lag24,19.45266339915234,random_walk,64
metro-traffic.csv,real-world,1133,36256,36287,32,lag24,17.573403394739533,median,64
metro-traffic.csv,real-world,1134,36288,36319,32,lag24,33.44035260710213,random_walk,64
metro-traffic.csv,real-world,1135,36320,36351,32,random_walk,18.19669071457585,random_walk,64
metro-traffic.csv,real-world,1136,36352,36383,32,lag24,44.72172323889543,mean,64
metro-traffic.csv,real-world,1137,36384,36415,32,lag24,15.712984196792053,random_walk,64
metro-traffic.csv,real-world,1138,36416,36447,32,quadratic,20.138608455003567,random_walk,64
metro-traffic.csv,real-world,1139,36448,36479,32,lag24,21.862135981583744,median,64
metro-traffic.csv,real-world,1140,36480,36511,32,lag24,34.250758590369834,random_walk,64
metro-traffic.csv,real-world,1141,36512,36543,32,lag24,1.403579543543092,random_walk,64
metro-traffic.csv,real-world,1142,36544,36575,32,lag24,5.833094997123513,median,64
metro-traffic.csv,real-world,1143,36576,36607,32,ar1,26.77221008551637,median,64
metro-traffic.csv,real-world,1144,36608,36639,32,quadratic,13.687548218389914,random_walk,64
metro-traffic.csv,real-world,1145,36640,36671,32,quadratic,6.389588630513021,random_walk,64
metro-traffic.csv,real-world,1146,36672,36703,32,lag24,32.15048921226314,mean,64
metro-traffic.csv,real-world,1147,36704,36735,32,lag24,17.362659675868876,random_walk,64
metro-traffic.csv,real-world,1148,36736,36767,32,lag24,3.598896523931478,median,64
metro-traffic.csv,real-world,1149,36768,36799,32,lag24,1.9408863176203481,random_walk,64
metro-traffic.csv,real-world,1150,36800,36831,32,quadratic,33.117724654375195,random_walk,64
metro-traffic.csv,real-world,1151,36832,36863,32,lag24,12.54399482042223,median,64
metro-traffic.csv,real-world,1152,36864,36895,32,lag24,6.731175767112244,median,64
metro-traffic.csv,real-world,1153,36896,36927,32,lag24,20.56440864874214,median,64
metro-traffic.csv,real-world,1154,36928,36959,32,lag24,2.3862132386537693,mean,64
metro-traffic.csv,real-world,1155,36960,36991,32,lag24,21.87277960618087,median,64
metro-traffic.csv,real-world,1156,36992,37023,32,lag24,23.369716864138894,random_walk,64
metro-traffic.csv,real-world,1157,37024,37055,32,lag24,3.1686848155892706,random_walk,64
metro-traffic.csv,real-world,1158,37056,37087,32,lag24,31.736977788573373,median,64
metro-traffic.csv,real-world,1159,37088,37119,32,quadratic,36.66740321524519,mean,64
metro-traffic.csv,real-world,1160,37120,37151,32,lag24,4.706762761292543,mean,64
metro-traffic.csv,real-world,1161,37152,37183,32,lag24,2.8537040828964217,random_walk,64
metro-traffic.csv,real-world,1162,37184,37215,32,lag24,19.09808754759994,median,64
metro-traffic.csv,real-world,1163,37216,37247,32,lag24,11.983548322385852,median,64
metro-traffic.csv,real-world,1164,37248,37279,32,quadratic,38.15989084846772,median,64
metro-traffic.csv,real-world,1165,37280,37311,32,lag24,38.62715105254163,mean,64
metro-traffic.csv,real-world,1166,37312,37343,32,lag24,13.01831916090921,mean,64
metro-traffic.csv,real-world,1167,37344,37375,32,lag24,12.973535907097379,random_walk,64
metro-traffic.csv,real-world,1168,37376,37407,32,lag24,8.852627447258492,random_walk,64
metro-traffic.csv,real-world,1169,37408,37439,32,lag24,15.259985390924284,random_walk,64
metro-traffic.csv,real-world,1170,37440,37471,32,lag24,12.941490020833053,random_walk,64
metro-traffic.csv,real-world,1171,37472,37503,32,quadratic,34.40742302146424,random_walk,64
metro-traffic.csv,real-world,1172,37504,37535,32,lag24,24.37449374289048,median,64
metro-traffic.csv,real-world,1173,37536,37567,32,lag24,5.40539250380149,mean,64
metro-traffic.csv,real-world,1174,37568,37599,32,lag24,16.555127860759377,mean,64
metro-traffic.csv,real-world,1175,37600,37631,32,lag24,5.385309715367963,mean,64
metro-traffic.csv,real-world,1176,37632,37663,32,lag24,30.602448351988734,median,64
metro-traffic.csv,real-world,1177,37664,37695,32,quadratic,24.253412053456394,random_walk,64
metro-traffic.csv,real-world,1178,37696,37727,32,lag24,6.7464566887327475,mean,64
metro-traffic.csv,real-world,1179,37728,37759,32,lag24,19.790071581193267,random_walk,64
metro-traffic.csv,real-world,1180,37760,37791,32,lag24,28.509841873946854,random_walk,64
metro-traffic.csv,real-world,1181,37792,37823,32,lag24,9.439934214879104,random_walk,64
metro-traffic.csv,real-world,1182,37824,37855,32,quadratic,12.50223983803176,random_walk,64
metro-traffic.csv,real-world,1183,37856,37887,32,lag24,26.242954408521797,mean,64
metro-traffic.csv,real-world,1184,37888,37919,32,lag24,9.130216492795194,random_walk,64
metro-traffic.csv,real-world,1185,37920,37951,32,lag24,1.2960463753530485,random_walk,64
metro-traffic.csv,real-world,1186,37952,37983,32,lag24,15.520394136951527,mean,64
metro-traffic.csv,real-world,1187,37984,38015,32,lag24,29.468628479080753,median,64
metro-traffic.csv,real-world,1188,38016,38047,32,lag24,6.736011780368409,random_walk,64
metro-traffic.csv,real-world,1189,38048,38079,32,lag24,11.73035735121666,random_walk,64
metro-traffic.csv,real-world,1190,38080,38111,32,lag24,2.727338528477856,median,64
metro-traffic.csv,real-world,1191,38112,38143,32,lag24,1.3461999522230712,median,64
metro-traffic.csv,real-world,1192,38144,38175,32,lag24,5.200104802760459,mean,64
metro-traffic.csv,real-world,1193,38176,38207,32,lag24,17.78348970504952,random_walk,64
metro-traffic.csv,real-world,1194,38208,38239,32,lag24,9.67921324178356,mean,64
metro-traffic.csv,real-world,1195,38240,38271,32,lag24,6.324022563608337,mean,64
metro-traffic.csv,real-world,1196,38272,38303,32,lag24,7.666266130933735,median,64
metro-traffic.csv,real-world,1197,38304,38335,32,lag24,2.9650665254893407,random_walk,64
metro-traffic.csv,real-world,1198,38336,38367,32,quadratic,23.811050103192507,random_walk,64
metro-traffic.csv,real-world,1199,38368,38399,32,lag24,13.932520559034492,random_walk,64
metro-traffic.csv,real-world,1200,38400,38431,32,lag24,17.61265267944801,random_walk,64
metro-traffic.csv,real-world,1201,38432,38463,32,lag24,7.113583533880174,mean,64
metro-traffic.csv,real-world,1202,38464,38495,32,lag24,16.355993266703994,median,64
metro-traffic.csv,real-world,1203,38496,38527,32,lag24,9.315502455226854,median,64
metro-traffic.csv,real-world,1204,38528,38559,32,lag24,24.59283862773577,median,64
metro-traffic.csv,real-world,1205,38560,38591,32,lag24,10.161339839146235,random_walk,64
metro-traffic.csv,real-world,1206,38592,38623,32,lag24,35.063979913517386,median,64
metro-traffic.csv,real-world,1207,38624,38655,32,lag24,12.090171117395267,random_walk,64
metro-traffic.csv,real-world,1208,38656,38687,32,lag24,13.890111752107195,mean,64
metro-traffic.csv,real-world,1209,38688,38719,32,lag24,37.69768529215672,median,64
metro-traffic.csv,real-world,1210,38720,38751,32,lag24,2.5822940243340655,mean,64
metro-traffic.csv,real-world,1211,38752,38783,32,lag24,5.699722591178904,median,64
metro-traffic.csv,real-world,1212,38784,38815,32,lag24,3.8501461476153054,median,64
metro-traffic.csv,real-world,1213,38816,38847,32,lag24,13.264663649675612,random_walk,64
metro-traffic.csv,real-world,1214,38848,38879,32,lag24,18.07856729548192,mean,64
metro-traffic.csv,real-world,1215,38880,38911,32,quadratic,39.39184868605302,random_walk,64
metro-traffic.csv,real-world,1216,38912,38943,32,quadratic,34.64601903760044,mean,64
metro-traffic.csv,real-world,1217,38944,38975,32,lag24,8.772213645487954,random_walk,64
metro-traffic.csv,real-world,1218,38976,39007,32,lag24,3.143866003847316,mean,64
metro-traffic.csv,real-world,1219,39008,39039,32,lag24,25.1280840319298,median,64
metro-traffic.csv,real-world,1220,39040,39071,32,lag24,20.63019696381969,random_walk,64
metro-traffic.csv,real-world,1221,39072,39103,32,lag24,3.973381501654002,mean,64
metro-traffic.csv,real-world,1222,39104,39135,32,lag24,10.161886359851152,random_walk,64
metro-traffic.csv,real-world,1223,39136,39167,32,lag24,7.174985479074722,median,64
metro-traffic.csv,real-world,1224,39168,39199,32,lag24,15.16145488010515,random_walk,64
metro-traffic.csv,real-world,1225,39200,39231,32,lag24,9.890204589578534,random_walk,64
metro-traffic.csv,real-world,1226,39232,39263,32,lag24,5.339577945606794,random_walk,64
metro-traffic.csv,real-world,1227,39264,39295,32,lag24,9.09626309767343,random_walk,64
metro-traffic.csv,real-world,1228,39296,39327,32,lag24,4.456498214499671,mean,64
metro-traffic.csv,real-world,1229,39328,39359,32,lag24,2.695382977483227,median,64
metro-traffic.csv,real-world,1230,39360,39391,32,lag24,4.5829489772622924,median,64
metro-traffic.csv,real-world,1231,39392,39423,32,lag24,13.65400836422662,mean,64
metro-traffic.csv,real-world,1232,39424,39455,32,lag24,29.223890519510373,random_walk,64
metro-traffic.csv,real-world,1233,39456,39487,32,lag24,13.695212021096957,random_walk,64
metro-traffic.csv,real-world,1234,39488,39519,32,lag24,11.666333705884615,median,64
metro-traffic.csv,real-world,1235,39520,39551,32,lag24,7.604840907986172,median,64
metro-traffic.csv,real-world,1236,39552,39583,32,lag24,19.55516307913826,random_walk,64
metro-traffic.csv,real-world,1237,39584,39615,32,lag24,13.189724030625333,random_walk,64
metro-traffic.csv,real-world,1238,39616,39647,32,lag24,8.82038714715658,random_walk,64
metro-traffic.csv,real-world,1239,39648,39679,32,lag24,18.663030161722347,median,64
metro-traffic.csv,real-world,1240,39680,39711,32,lag24,19.385473345573825,median,64
metro-traffic.csv,real-world,1241,39712,39743,32,lag24,22.136107518166817,median,64
metro-traffic.csv,real-world,1242,39744,39775,32,lag24,13.091072875526466,mean,64
metro-traffic.csv,real-world,1243,39776,39807,32,random_walk,38.49757536542974,random_walk,64
metro-traffic.csv,real-world,1244,39808,39839,32,lag24,18.28766588370362,mean,64
metro-traffic.csv,real-world,1245,39840,39871,32,quadratic,13.792317804617586,mean,64
metro-traffic.csv,real-world,1246,39872,39903,32,lag24,13.256471646521,random_walk,64
metro-traffic.csv,real-world,1247,39904,39935,32,lag24,3.2476034497152764,mean,64
metro-traffic.csv,real-world,1248,39936,39967,32,ar1,32.34687597940232,median,64
metro-traffic.csv,real-world,1249,39968,39999,32,lag24,10.991942446741108,random_walk,64
metro-traffic.csv,real-world,1250,40000,40031,32,lag24,6.70264945531063,random_walk,64
metro-traffic.csv,real-world,1251,40032,40063,32,lag24,14.785427253226743,random_walk,64
metro-traffic.csv,real-world,1252,40064,40095,32,lag24,14.220552737156316,median,64
metro-traffic.csv,real-world,1253,40096,40127,32,lag24,4.83874665608251,median,64
metro-traffic.csv,real-world,1254,40128,40159,32,lag24,17.557182910082705,random_walk,64
metro-traffic.csv,real-world,1255,40160,40191,32,lag24,4.652335778399153,random_walk,64
metro-traffic.csv,real-world,1256,40192,40223,32,lag24,12.864629632289118,random_walk,64
metro-traffic.csv,real-world,1257,40224,40255,32,lag24,8.319583398672787,random_walk,64
metro-traffic.csv,real-world,1258,40256,40287,32,ar1,27.818334533627493,random_walk,64
metro-traffic.csv,real-world,1259,40288,40319,32,lag24,30.07302090865655,median,64
metro-traffic.csv,real-world,1260,40320,40351,32,lag24,2.1339333441457464,random_walk,64
metro-traffic.csv,real-world,1261,40352,40383,32,lag24,10.227964454895337,random_walk,64
metro-traffic.csv,real-world,1262,40384,40415,32,lag24,3.384393663834964,random_walk,64
metro-traffic.csv,real-world,1263,40416,40447,32,lag24,9.89802855991289,median,64
metro-traffic.csv,real-world,1264,40448,40479,32,lag24,10.956557400032308,median,64
metro-traffic.csv,real-world,1265,40480,40511,32,quadratic,37.682198420042255,mean,64
metro-traffic.csv,real-world,1266,40512,40543,32,lag24,4.914132815239913,random_walk,64
metro-traffic.csv,real-world,1267,40544,40575,32,lag24,31.940205766768585,median,64
metro-traffic.csv,real-world,1268,40576,40607,32,lag24,14.763148661097071,random_walk,64
metro-traffic.csv,real-world,1269,40608,40639,32,lag24,14.782312161458748,random_walk,64
metro-traffic.csv,real-world,1270,40640,40671,32,lag24,16.269862216222336,random_walk,64
metro-traffic.csv,real-world,1271,40672,40703,32,lag24,7.768943188381031,random_walk,64
metro-traffic.csv,real-world,1272,40704,40735,32,lag24,31.88523589828408,median,64
metro-traffic.csv,real-world,1273,40736,40767,32,lag24,25.82722861549754,mean,64
metro-traffic.csv,real-world,1274,40768,40799,32,lag24,4.561407179404964,random_walk,64
metro-traffic.csv,real-world,1275,40800,40831,32,lag24,8.283510778857446,random_walk,64
metro-traffic.csv,real-world,1276,40832,40863,32,lag24,35.383338853603874,mean,64
metro-traffic.csv,real-world,1277,40864,40895,32,lag24,9.096146224795874,random_walk,64
metro-traffic.csv,real-world,1278,40896,40927,32,lag24,12.833531021159368,median,64
metro-traffic.csv,real-world,1279,40928,40959,32,lag24,13.054670470815164,median,64
metro-traffic.csv,real-world,1280,40960,40991,32,lag24,15.707491161217188,random_walk,64
metro-traffic.csv,real-world,1281,40992,41023,32,lag24,23.38398541153198,median,64
metro-traffic.csv,real-world,1282,41024,41055,32,lag24,3.0846604951453784,random_walk,64
metro-traffic.csv,real-world,1283,41056,41087,32,lag24,3.033200320028342,mean,64
metro-traffic.csv,real-world,1284,41088,41119,32,lag24,35.694237615117416,mean,64
metro-traffic.csv,real-world,1285,41120,41151,32,lag24,23.52820241583364,median,64
metro-traffic.csv,real-world,1286,41152,41183,32,lag24,3.5846634145751124,median,64
metro-traffic.csv,real-world,1287,41184,41215,32,lag24,26.204866898694792,mean,64
metro-traffic.csv,real-world,1288,41216,41247,32,lag24,16.081451639015707,mean,64
metro-traffic.csv,real-world,1289,41248,41279,32,lag24,26.719157842746426,median,64
metro-traffic.csv,real-world,1290,41280,41311,32,lag24,31.792312491018393,median,64
metro-traffic.csv,real-world,1291,41312,41343,32,lag24,43.609799056419455,mean,64
metro-traffic.csv,real-world,1292,41344,41375,32,lag24,30.928046783998138,mean,64
metro-traffic.csv,real-world,1293,41376,41407,32,lag24,11.990303435415196,random_walk,64
metro-traffic.csv,real-world,1294,41408,41439,32,lag24,12.251595048466841,mean,64
metro-traffic.csv,real-world,1295,41440,41471,32,lag24,2.8885542355943046,mean,64
metro-traffic.csv,real-world,1296,41472,41503,32,lag24,20.879973314958463,mean,64
metro-traffic.csv,real-world,1297,41504,41535,32,lag24,9.155068773110631,median,64
metro-traffic.csv,real-world,1298,41536,41567,32,lag24,28.826944041912505,random_walk,64
metro-traffic.csv,real-world,1299,41568,41599,32,lag24,7.7048442975661615,mean,64
metro-traffic.csv,real-world,1300,41600,41631,32,lag24,13.27454645633007,mean,64
metro-traffic.csv,real-world,1301,41632,41663,32,lag24,30.80715766454644,mean,64
metro-traffic.csv,real-world,1302,41664,41695,32,ar1,50.72180947246033,mean,64
metro-traffic.csv,real-world,1303,41696,41727,32,lag24,5.9507826216628965,random_walk,64
metro-traffic.csv,real-world,1304,41728,41759,32,quadratic,24.338104330265054,median,64
metro-traffic.csv,real-world,1305,41760,41791,32,lag24,7.361513774093337,random_walk,64
metro-traffic.csv,real-world,1306,41792,41823,32,quadratic,14.206250722280306,random_walk,64
metro-traffic.csv,real-world,1307,41824,41855,32,lag24,11.496763935483973,random_walk,64
metro-traffic.csv,real-world,1308,41856,41887,32,lag24,8.612253318295357,median,64
metro-traffic.csv,real-world,1309,41888,41919,32,quadratic,32.68932737824278,median,64
metro-traffic.csv,real-world,1310,41920,41951,32,lag24,1.7753453352361697,mean,64
metro-traffic.csv,real-world,1311,41952,41983,32,lag24,16.653885343781646,mean,64
metro-traffic.csv,real-world,1312,41984,42015,32,lag24,9.009333762783148,random_walk,64
metro-traffic.csv,real-world,1313,42016,42047,32,lag24,13.765648993922063,random_walk,64
metro-traffic.csv,real-world,1314,42048,42079,32,lag24,9.830582099289693,random_walk,64
metro-traffic.csv,real-world,1315,42080,42111,32,quadratic,20.473984165124712,random_walk,64
metro-traffic.csv,real-world,1316,42112,42143,32,lag24,42.812124698285295,random_walk,64
metro-traffic.csv,real-world,1317,42144,42175,32,lag24,1.2949136049355607,mean,64
metro-traffic.csv,real-world,1318,42176,42207,32,lag24,12.721289627054182,median,64
metro-traffic.csv,real-world,1319,42208,42239,32,lag24,12.49888456613779,mean,64
metro-traffic.csv,real-world,1320,42240,42271,32,lag24,14.631217074479673,random_walk,64
metro-traffic.csv,real-world,1321,42272,42303,32,lag24,0.6895944327123118,random_walk,64
metro-traffic.csv,real-world,1322,42304,42335,32,lag24,1.8981662569329483,mean,64
metro-traffic.csv,real-world,1323,42336,42367,32,lag24,4.946231541923642,random_walk,64
metro-traffic.csv,real-world,1324,42368,42399,32,lag24,32.639188425413344,mean,64
metro-traffic.csv,real-world,1325,42400,42431,32,lag24,6.566434347851366,mean,64
metro-traffic.csv,real-world,1326,42432,42463,32,lag24,12.015333435155412,mean,64
metro-traffic.csv,real-world,1327,42464,42495,32,ar1,29.2790456128871,median,64
metro-traffic.csv,real-world,1328,42496,42527,32,lag24,16.21541695658792,median,64
metro-traffic.csv,real-world,1329,42528,42559,32,lag24,4.053322509728177,random_walk,64
metro-traffic.csv,real-world,1330,42560,42591,32,lag24,32.11045953350805,mean,64
metro-traffic.csv,real-world,1331,42592,42623,32,lag24,12.458609893648132,median,64
metro-traffic.csv,real-world,1332,42624,42655,32,quadratic,31.438334585386364,median,64
metro-traffic.csv,real-world,1333,42656,42687,32,lag24,8.714099683974835,random_walk,64
metro-traffic.csv,real-world,1334,42688,42719,32,lag24,20.923662070030108,median,64
metro-traffic.csv,real-world,1335,42720,42751,32,lag24,7.717934512493265,mean,64
metro-traffic.csv,real-world,1336,42752,42783,32,lag24,22.24500700110003,median,64
metro-traffic.csv,real-world,1337,42784,42815,32,lag24,17.635733881452044,random_walk,64
metro-traffic.csv,real-world,1338,42816,42847,32,lag24,24.721268503184852,mean,64
metro-traffic.csv,real-world,1339,42848,42879,32,lag24,9.104116961373439,random_walk,64
metro-traffic.csv,real-world,1340,42880,42911,32,lag24,7.762595861330385,mean,64
metro-traffic.csv,real-world,1341,42912,42943,32,lag24,23.719565582952445,median,64
metro-traffic.csv,real-world,1342,42944,42975,32,lag24,16.024118447300086,mean,64
metro-traffic.csv,real-world,1343,42976,43007,32,lag24,39.69809767825408,random_walk,64
metro-traffic.csv,real-world,1344,43008,43039,32,lag24,3.2448844410604765,median,64
metro-traffic.csv,real-world,1345,43040,43071,32,lag24,25.36857982458886,random_walk,64
metro-traffic.csv,real-world,1346,43072,43103,32,lag24,7.704349391251531,median,64
metro-traffic.csv,real-world,1347,43104,43135,32,lag24,40.5532476099617,random_walk,64
metro-traffic.csv,real-world,1348,43136,43167,32,lag24,16.625120994096918,median,64
metro-traffic.csv,real-world,1349,43168,43199,32,quadratic,37.97256687776649,median,64
metro-traffic.csv,real-world,1350,43200,43231,32,lag24,9.883122406431957,mean,64
metro-traffic.csv,real-world,1351,43232,43263,32,quadratic,3.050594266569019,median,64
metro-traffic.csv,real-world,1352,43264,43295,32,quadratic,2.4220499681859944,random_walk,64
metro-traffic.csv,real-world,1353,43296,43327,32,lag24,5.235054539812253,random_walk,64
metro-traffic.csv,real-world,1354,43328,43359,32,lag24,3.283644013085845,median,64
metro-traffic.csv,real-world,1355,43360,43391,32,lag24,5.13253586809166,median,64
metro-traffic.csv,real-world,1356,43392,43423,32,lag24,22.802226580237683,mean,64
metro-traffic.csv,real-world,1357,43424,43455,32,lag24,4.439657975320781,median,64
metro-traffic.csv,real-world,1358,43456,43487,32,lag24,8.895334367727914,random_walk,64
metro-traffic.csv,real-world,1359,43488,43519,32,lag24,11.038253997709802,median,64
metro-traffic.csv,real-world,1360,43520,43551,32,lag24,2.3199559178352214,median,64
metro-traffic.csv,real-world,1361,43552,43583,32,lag24,3.7686920786929665,random_walk,64
metro-traffic.csv,real-world,1362,43584,43615,32,lag24,3.2638206143677526,random_walk,64
metro-traffic.csv,real-world,1363,43616,43647,32,lag24,23.664222997058157,mean,64
metro-traffic.csv,real-world,1364,43648,43679,32,lag24,2.5853428352555414,random_walk,64
metro-traffic.csv,real-world,1365,43680,43711,32,lag24,18.09855379977502,random_walk,64
metro-traffic.csv,real-world,1366,43712,43743,32,quadratic,51.38304439711636,median,64
metro-traffic.csv,real-world,1367,43744,43775,32,lag24,9.128063377937853,median,64
metro-traffic.csv,real-world,1368,43776,43807,32,lag24,24.67082622568701,mean,64
metro-traffic.csv,real-world,1369,43808,43839,32,lag24,9.071313812940582,random_walk,64
metro-traffic.csv,real-world,1370,43840,43871,32,lag24,13.923017406498769,random_walk,64
metro-traffic.csv,real-world,1371,43872,43903,32,lag24,2.7021019120697285,random_walk,64
metro-traffic.csv,real-world,1372,43904,43935,32,lag24,14.749927879715134,random_walk,64
metro-traffic.csv,real-world,1373,43936,43967,32,lag24,37.2171270014411,mean,64
metro-traffic.csv,real-world,1374,43968,43999,32,lag24,7.0275263670774155,mean,64
metro-traffic.csv,real-world,1375,44000,44031,32,lag24,13.530136478821955,random_walk,64
metro-traffic.csv,real-world,1376,44032,44063,32,lag24,8.23872809943112,median,64
metro-traffic.csv,real-world,1377,44064,44095,32,quadratic,45.25486501906509,mean,64
metro-traffic.csv,real-world,1378,44096,44127,32,lag24,27.407550634587842,random_walk,64
metro-traffic.csv,real-world,1379,44128,44159,32,lag24,4.5983625738437235,median,64
metro-traffic.csv,real-world,1380,44160,44191,32,lag24,4.983452723318263,random_walk,64
metro-traffic.csv,real-world,1381,44192,44223,32,lag24,15.355656370487797,mean,64
metro-traffic.csv,real-world,1382,44224,44255,32,lag24,4.734995114371153,mean,64
metro-traffic.csv,real-world,1383,44256,44287,32,lag24,36.95320150848462,median,64
metro-traffic.csv,real-world,1384,44288,44319,32,lag24,6.2363209520518,random_walk,64
metro-traffic.csv,real-world,1385,44320,44351,32,lag24,3.920354440747981,median,64
metro-traffic.csv,real-world,1386,44352,44383,32,lag24,23.99992650640424,random_walk,64
metro-traffic.csv,real-world,1387,44384,44415,32,lag24,6.3600044652103325,mean,64
metro-traffic.csv,real-world,1388,44416,44447,32,lag24,2.4192444072899177,mean,64
metro-traffic.csv,real-world,1389,44448,44479,32,lag24,21.11454162334039,median,64
metro-traffic.csv,real-world,1390,44480,44511,32,lag24,19.166195052677725,random_walk,64
metro-traffic.csv,real-world,1391,44512,44543,32,random_walk,32.68761385094876,random_walk,64
metro-traffic.csv,real-world,1392,44544,44575,32,lag24,11.43341115112387,random_walk,64
metro-traffic.csv,real-world,1393,44576,44607,32,lag24,8.59137402844543,random_walk,64
metro-traffic.csv,real-world,1394,44608,44639,32,quadratic,12.08709109253038,random_walk,64
metro-traffic.csv,real-world,1395,44640,44671,32,lag24,8.295741406873894,random_walk,64
metro-traffic.csv,real-world,1396,44672,44703,32,lag24,3.872267404349212,mean,64
metro-traffic.csv,real-world,1397,44704,44735,32,lag24,29.15135026680728,random_walk,64
metro-traffic.csv,real-world,1398,44736,44767,32,lag24,9.319536475002755,median,64
metro-traffic.csv,real-world,1399,44768,44799,32,lag24,26.81127157352081,random_walk,64
metro-traffic.csv,real-world,1400,44800,44831,32,lag24,12.45234231839109,random_walk,64
metro-traffic.csv,real-world,1401,44832,44863,32,lag24,4.8469993102187825,median,64
metro-traffic.csv,real-world,1402,44864,44895,32,lag24,23.58045726457028,random_walk,64
metro-traffic.csv,real-world,1403,44896,44927,32,lag24,1.2741790080933,mean,64
metro-traffic.csv,real-world,1404,44928,44959,32,lag24,2.422833961575901,random_walk,64
metro-traffic.csv,real-world,1405,44960,44991,32,lag24,12.728842099463623,random_walk,64
metro-traffic.csv,real-world,1406,44992,45023,32,lag24,14.081858098976998,random_walk,64
metro-traffic.csv,real-world,1407,45024,45055,32,lag24,12.989368448216082,random_walk,64
metro-traffic.csv,real-world,1408,45056,45087,32,lag24,5.112126564784333,random_walk,64
metro-traffic.csv,real-world,1409,45088,45119,32,lag24,22.659301212573133,median,64
metro-traffic.csv,real-world,1410,45120,45151,32,lag24,12.59028392688587,random_walk,64
metro-traffic.csv,real-world,1411,45152,45183,32,lag24,14.84298008035592,median,64
metro-traffic.csv,real-world,1412,45184,45215,32,lag24,11.526910796668918,mean,64
metro-traffic.csv,real-world,1413,45216,45247,32,lag24,18.871769147113227,median,64
metro-traffic.csv,real-world,1414,45248,45279,32,lag24,12.912829970363147,median,64
metro-traffic.csv,real-world,1415,45280,45311,32,lag24,10.604878809529279,median,64
metro-traffic.csv,real-world,1416,45312,45343,32,lag24,20.547982038752906,median,64
metro-traffic.csv,real-world,1417,45344,45375,32,lag24,17.181056364897966,random_walk,64
metro-traffic.csv,real-world,1418,45376,45407,32,lag24,8.619876427841787,median,64
metro-traffic.csv,real-world,1419,45408,45439,32,lag24,30.19524053800315,mean,64
metro-traffic.csv,real-world,1420,45440,45471,32,lag24,9.197309466241082,median,64
metro-traffic.csv,real-world,1421,45472,45503,32,ar1,31.24213512668211,mean,64
metro-traffic.csv,real-world,1422,45504,45535,32,lag24,10.196538139155688,median,64
metro-traffic.csv,real-world,1423,45536,45567,32,lag24,18.482319877318886,mean,64
metro-traffic.csv,real-world,1424,45568,45599,32,lag24,13.25875777660289,random_walk,64
metro-traffic.csv,real-world,1425,45600,45631,32,lag24,15.496327683599437,random_walk,64
metro-traffic.csv,real-world,1426,45632,45663,32,lag24,3.3952517101631363,median,64
metro-traffic.csv,real-world,1427,45664,45695,32,lag24,15.18418437135043,median,64
metro-traffic.csv,real-world,1428,45696,45727,32,lag24,5.645424389328317,random_walk,64
metro-traffic.csv,real-world,1429,45728,45759,32,lag24,7.522022352746255,median,64
metro-traffic.csv,real-world,1430,45760,45791,32,lag24,10.030995059871215,mean,64
metro-traffic.csv,real-world,1431,45792,45823,32,ar1,29.81801113894675,random_walk,64
metro-traffic.csv,real-world,1432,45824,45855,32,lag24,11.287489699544134,median,64
metro-traffic.csv,real-world,1433,45856,45887,32,lag24,6.350555329026831,median,64
metro-traffic.csv,real-world,1434,45888,45919,32,lag24,4.238544074042492,median,64
metro-traffic.csv,real-world,1435,45920,45951,32,lag24,1.5927051051012304,random_walk,64
metro-traffic.csv,real-world,1436,45952,45983,32,lag24,35.25223831561919,mean,64
metro-traffic.csv,real-world,1437,45984,46015,32,quadratic,15.181140177553658,mean,64
metro-traffic.csv,real-world,1438,46016,46047,32,lag24,14.018141429147347,random_walk,64
metro-traffic.csv,real-world,1439,46048,46079,32,lag24,6.424358697522908,random_walk,64
metro-traffic.csv,real-world,1440,46080,46111,32,lag24,19.344946113842266,mean,64
metro-traffic.csv,real-world,1441,46112,46143,32,lag24,2.9439485895185085,random_walk,64
metro-traffic.csv,real-world,1442,46144,46175,32,lag24,53.14315206274657,median,64
metro-traffic.csv,real-world,1443,46176,46207,32,lag24,27.820956256613393,mean,64
metro-traffic.csv,real-world,1444,46208,46239,32,lag24,9.405564939226489,mean,64
metro-traffic.csv,real-world,1445,46240,46271,32,lag24,10.579547263108754,random_walk,64
metro-traffic.csv,real-world,1446,46272,46303,32,lag24,16.79142483993751,mean,64
metro-traffic.csv,real-world,1447,46304,46335,32,lag24,13.482852925275198,median,64
metro-traffic.csv,real-world,1448,46336,46367,32,lag24,6.876046844797271,random_walk,64
metro-traffic.csv,real-world,1449,46368,46399,32,lag24,21.024529459492108,median,64
metro-traffic.csv,real-world,1450,46400,46431,32,lag24,6.48731936966153,median,64
metro-traffic.csv,real-world,1451,46432,46463,32,lag24,8.043760774329094,random_walk,64
metro-traffic.csv,real-world,1452,46464,46495,32,lag24,19.932293683726456,random_walk,64
metro-traffic.csv,real-world,1453,46496,46527,32,lag24,28.06530788461997,random_walk,64
metro-traffic.csv,real-world,1454,46528,46559,32,random_walk,27.36492069048965,random_walk,64
metro-traffic.csv,real-world,1455,46560,46591,32,lag24,29.674184696864987,random_walk,64
metro-traffic.csv,real-world,1456,46592,46623,32,lag24,14.281602133078673,median,64
metro-traffic.csv,real-world,1457,46624,46655,32,ar1,14.95886407453426,median,64
metro-traffic.csv,real-world,1458,46656,46687,32,lag24,12.723456755220553,median,64
metro-traffic.csv,real-world,1459,46688,46719,32,lag24,10.839480998881026,median,64
metro-traffic.csv,real-world,1460,46720,46751,32,lag24,4.213607706562423,median,64
metro-traffic.csv,real-world,1461,46752,46783,32,lag24,13.137047379132927,random_walk,64
metro-traffic.csv,real-world,1462,46784,46815,32,lag24,20.213987725659425,random_walk,64
metro-traffic.csv,real-world,1463,46816,46847,32,lag24,9.258890001479873,random_walk,64
metro-traffic.csv,real-world,1464,46848,46879,32,lag24,14.266041772225346,mean,64
metro-traffic.csv,real-world,1465,46880,46911,32,lag24,16.184590479664852,median,64
metro-traffic.csv,real-world,1466,46912,46943,32,lag24,19.91210615422524,random_walk,64
metro-traffic.csv,real-world,1467,46944,46975,32,lag24,18.968368219485704,random_walk,64
metro-traffic.csv,real-world,1468,46976,47007,32,random_walk,6.48024237515794,random_walk,64
metro-traffic.csv,real-world,1469,47008,47039,32,quadratic,15.017188760491019,random_walk,64
metro-traffic.csv,real-world,1470,47040,47071,32,lag24,11.989452968124548,random_walk,64
metro-traffic.csv,real-world,1471,47072,47103,32,lag24,3.3690901879659307,random_walk,64
metro-traffic.csv,real-world,1472,47104,47135,32,lag24,10.114582221751023,median,64
metro-traffic.csv,real-world,1473,47136,47167,32,lag24,9.784762377806288,random_walk,64
metro-traffic.csv,real-world,1474,47168,47199,32,lag24,18.146742079819724,median,64
metro-traffic.csv,real-world,1475,47200,47231,32,lag24,26.0944221775481,mean,64
metro-traffic.csv,real-world,1476,47232,47263,32,lag24,19.936859625507402,mean,64
metro-traffic.csv,real-world,1477,47264,47295,32,lag24,3.831917627174,random_walk,64
metro-traffic.csv,real-world,1478,47296,47327,32,lag24,4.989423902696252,mean,64
metro-traffic.csv,real-world,1479,47328,47359,32,random_walk,8.717698753229147,random_walk,64
metro-traffic.csv,real-world,1480,47360,47391,32,quadratic,27.012331321486283,random_walk,64
metro-traffic.csv,real-world,1481,47392,47423,32,lag24,8.297802998119243,random_walk,64
metro-traffic.csv,real-world,1482,47424,47455,32,lag24,10.360841218378225,mean,64
metro-traffic.csv,real-world,1483,47456,47487,32,lag24,27.569635426253672,random_walk,64
metro-traffic.csv,real-world,1484,47488,47519,32,lag24,10.371627614877475,random_walk,64
metro-traffic.csv,real-world,1485,47520,47551,32,lag24,2.3167347826815763,random_walk,64
metro-traffic.csv,real-world,1486,47552,47583,32,lag24,32.90392453319681,mean,64
metro-traffic.csv,real-world,1487,47584,47615,32,lag24,3.349840736253212,mean,64
metro-traffic.csv,real-world,1488,47616,47647,32,lag24,31.957114951376894,random_walk,64
metro-traffic.csv,real-world,1489,47648,47679,32,lag24,2.907006990363922,median,64
metro-traffic.csv,real-world,1490,47680,47711,32,lag24,15.201911254726808,mean,64
metro-traffic.csv,real-world,1491,47712,47743,32,lag24,6.344188776453436,random_walk,64
metro-traffic.csv,real-world,1492,47744,47775,32,quadratic,30.69075747063198,mean,64
metro-traffic.csv,real-world,1493,47776,47807,32,lag24,3.157247728403157,random_walk,64
metro-traffic.csv,real-world,1494,47808,47839,32,lag24,30.615813596901344,random_walk,64
metro-traffic.csv,real-world,1495,47840,47871,32,lag24,5.9752198334613835,mean,64
metro-traffic.csv,real-world,1496,47872,47903,32,lag24,8.048740334699552,random_walk,64
metro-traffic.csv,real-world,1497,47904,47935,32,lag24,9.554253969358923,random_walk,64
metro-traffic.csv,real-world,1498,47936,47967,32,lag24,20.193241179950235,random_walk,64
metro-traffic.csv,real-world,1499,47968,47999,32,lag24,5.154791108345158,random_walk,64
metro-traffic.csv,real-world,1500,48000,48031,32,lag24,34.770244457775846,random_walk,64
metro-traffic.csv,real-world,1501,48032,48063,32,lag24,29.46364091447357,median,64
metro-traffic.csv,real-world,1502,48064,48095,32,lag24,7.8797254124623795,median,64
metro-traffic.csv,real-world,1503,48096,48127,32,lag24,9.094530564579191,median,64
metro-traffic.csv,real-world,1504,48128,48159,32,lag24,26.043226506085574,median,64
metro-traffic.csv,real-world,1505,48160,48191,32,lag24,15.023598837869253,mean,64
metro-traffic.csv,real-world,1506,48192,48203,12,quadratic,5.010902660166925,random_walk,44
beijing-pm25.csv,real-world,0,0,31,32,lag24,0.06771893536600357,mean,64
beijing-pm25.csv,real-world,1,32,63,32,lag24,0.40394413809482926,random_walk,64
beijing-pm25.csv,real-world,2,64,95,32,lag24,0.5134903908941187,mean,64
beijing-pm25.csv,real-world,3,96,127,32,lag24,0.7749281589774976,mean,64
beijing-pm25.csv,real-world,4,128,159,32,lag24,0.3750542387775324,mean,64
beijing-pm25.csv,real-world,5,160,191,32,lag24,1.106655431412822,median,64
beijing-pm25.csv,real-world,6,192,223,32,lag24,0.25639454258198285,random_walk,64
beijing-pm25.csv,real-world,7,224,255,32,quadratic,0.3412446610936981,median,64
beijing-pm25.csv,real-world,8,256,287,32,lag24,0.44550292563045946,random_walk,64
beijing-pm25.csv,real-world,9,288,319,32,lag24,0.21204518064960787,random_walk,64
beijing-pm25.csv,real-world,10,320,351,32,linear,1.3001743774134171,median,64
beijing-pm25.csv,real-world,11,352,383,32,lag24,0.5073207202600386,mean,64
beijing-pm25.csv,real-world,12,384,415,32,quadratic,2.8011774652246584,random_walk,64
beijing-pm25.csv,real-world,13,416,447,32,lag24,0.10515060595945938,median,64
beijing-pm25.csv,real-world,14,448,479,32,lag24,0.38550661634128797,mean,64
beijing-pm25.csv,real-world,15,480,511,32,lag24,1.0588620369276749,mean,64
beijing-pm25.csv,real-world,16,512,543,32,ar1,0.6691425351278094,mean,64
beijing-pm25.csv,real-world,17,544,575,32,quadratic,0.41324521381155244,median,64
beijing-pm25.csv,real-world,18,576,607,32,lag24,0.4783205749510503,mean,64
beijing-pm25.csv,real-world,19,608,639,32,ar1,1.222845124751032,median,64
beijing-pm25.csv,real-world,20,640,671,32,quadratic,0.7154181335796341,mean,64
beijing-pm25.csv,real-world,21,672,703,32,lag24,0.1810094802687115,median,64
beijing-pm25.csv,real-world,22,704,735,32,quadratic,0.40166719598232986,random_walk,64
beijing-pm25.csv,real-world,23,736,767,32,lag24,0.20717403945801846,median,64
beijing-pm25.csv,real-world,24,768,799,32,lag24,0.7215267047445032,random_walk,64
beijing-pm25.csv,real-world,25,800,831,32,lag24,0.35796434699816687,random_walk,64
beijing-pm25.csv,real-world,26,832,863,32,lag24,0.17244595076269334,median,64
beijing-pm25.csv,real-world,27,864,895,32,lag24,0.2704305769406474,median,64
beijing-pm25.csv,real-world,28,896,927,32,lag24,0.37923120328794907,random_walk,64
beijing-pm25.csv,real-world,29,928,959,32,quadratic,0.14297736148946336,median,64
beijing-pm25.csv,real-world,30,960,991,32,lag24,0.08187727904080988,median,64
beijing-pm25.csv,real-world,31,992,1023,32,lag24,0.23379650959485615,median,64
beijing-pm25.csv,real-world,32,1024,1055,32,lag24,0.1922292425370139,median,64
beijing-pm25.csv,real-world,33,1056,1087,32,lag24,0.15597707807750974,random_walk,64
beijing-pm25.csv,real-world,34,1088,1119,32,lag24,0.5710152275457183,median,64
beijing-pm25.csv,real-world,35,1120,1151,32,ar1,0.4462171782776922,median,64
beijing-pm25.csv,real-world,36,1152,1183,32,quadratic,0.2389583303634297,random_walk,64
beijing-pm25.csv,real-world,37,1184,1215,32,lag24,0.05790198593871305,mean,64
beijing-pm25.csv,real-world,38,1216,1247,32,quadratic,0.593325946832508,mean,64
beijing-pm25.csv,real-world,39,1248,1279,32,lag24,0.4272772340968236,mean,64
beijing-pm25.csv,real-world,40,1280,1311,32,quadratic,1.038040057485192,random_walk,64
beijing-pm25.csv,real-world,41,1312,1343,32,lag24,0.06708542537623265,mean,64
beijing-pm25.csv,real-world,42,1344,1375,32,lag24,0.11752722504259129,median,64
beijing-pm25.csv,real-world,43,1376,1407,32,lag24,0.14495227759312576,random_walk,64
beijing-pm25.csv,real-world,44,1408,1439,32,quadratic,0.4908515414507661,random_walk,64
beijing-pm25.csv,real-world,45,1440,1471,32,lag24,0.09260128950161438,mean,64
beijing-pm25.csv,real-world,46,1472,1503,32,lag24,0.22078047752011948,mean,64
beijing-pm25.csv,real-world,47,1504,1535,32,lag24,1.0101329729674233,median,64
beijing-pm25.csv,real-world,48,1536,1567,32,lag24,0.15365080646684784,median,64
beijing-pm25.csv,real-world,49,1568,1599,32,quadratic,0.9513098015232189,mean,64
beijing-pm25.csv,real-world,50,1600,1631,32,lag24,0.3651611918105708,mean,64
beijing-pm25.csv,real-world,51,1632,1663,32,lag24,0.8102535681200969,mean,64
beijing-pm25.csv,real-world,52,1664,1695,32,lag24,0.1715499030444519,median,64
beijing-pm25.csv,real-world,53,1696,1727,32,lag24,0.20829289751362826,median,64
beijing-pm25.csv,real-world,54,1728,1759,32,quadratic,0.36069471804100667,mean,64
beijing-pm25.csv,real-world,55,1760,1791,32,lag24,0.16038093730030856,mean,64
beijing-pm25.csv,real-world,56,1792,1823,32,lag24,0.2771367292427733,median,64
beijing-pm25.csv,real-world,57,1824,1855,32,lag24,0.19072382380732114,mean,64
beijing-pm25.csv,real-world,58,1856,1887,32,lag24,0.5551112288137834,median,64
beijing-pm25.csv,real-world,59,1888,1919,32,lag24,0.10982496408135946,mean,64
beijing-pm25.csv,real-world,60,1920,1951,32,lag24,0.18124303058774538,random_walk,64
beijing-pm25.csv,real-world,61,1952,1983,32,lag24,0.38420566773538745,median,64
beijing-pm25.csv,real-world,62,1984,2015,32,quadratic,0.5639089311616695,mean,64
beijing-pm25.csv,real-world,63,2016,2047,32,lag24,0.3623429868661126,random_walk,64
beijing-pm25.csv,real-world,64,2048,2079,32,lag24,0.2155969369716103,random_walk,64
beijing-pm25.csv,real-world,65,2080,2111,32,lag24,0.3437231449960974,median,64
beijing-pm25.csv,real-world,66,2112,2143,32,lag24,0.17134909451720234,median,64
beijing-pm25.csv,real-world,67,2144,2175,32,lag24,0.36622360407845184,mean,64
beijing-pm25.csv,real-world,68,2176,2207,32,lag24,0.1413644800798205,random_walk,64
beijing-pm25.csv,real-world,69,2208,2239,32,quadratic,0.8282586057837673,median,64
beijing-pm25.csv,real-world,70,2240,2271,32,lag24,0.6992555618904249,mean,64
beijing-pm25.csv,real-world,71,2272,2303,32,lag24,0.43549449484695346,mean,64
beijing-pm25.csv,real-world,72,2304,2335,32,lag24,0.5695841050059457,random_walk,64
beijing-pm25.csv,real-world,73,2336,2367,32,lag24,0.24224601331913898,median,64
beijing-pm25.csv,real-world,74,2368,2399,32,lag24,0.3499716729140962,median,64
beijing-pm25.csv,real-world,75,2400,2431,32,ar1,0.6037328304079683,median,64
beijing-pm25.csv,real-world,76,2432,2463,32,lag24,0.5121484031014858,random_walk,64
beijing-pm25.csv,real-world,77,2464,2495,32,lag24,0.2551062201990033,random_walk,64
beijing-pm25.csv,real-world,78,2496,2527,32,lag24,0.19741445940128177,mean,64
beijing-pm25.csv,real-world,79,2528,2559,32,lag24,0.42819186975499257,median,64
beijing-pm25.csv,real-world,80,2560,2591,32,lag24,0.43870637582209215,mean,64
beijing-pm25.csv,real-world,81,2592,2623,32,quadratic,0.37833647300715256,median,64
beijing-pm25.csv,real-world,82,2624,2655,32,lag24,0.24431311162703984,random_walk,64
beijing-pm25.csv,real-world,83,2656,2687,32,lag24,0.5666714564323425,mean,64
beijing-pm25.csv,real-world,84,2688,2719,32,lag24,0.38943747195154044,mean,64
beijing-pm25.csv,real-world,85,2720,2751,32,lag24,0.18218784257514084,mean,64
beijing-pm25.csv,real-world,86,2752,2783,32,lag24,0.9486167489121887,random_walk,64
beijing-pm25.csv,real-world,87,2784,2815,32,lag24,0.5080704475260968,median,64
beijing-pm25.csv,real-world,88,2816,2847,32,lag24,1.5352641003690184,median,64
beijing-pm25.csv,real-world,89,2848,2879,32,quadratic,3.658292788307858,median,64
beijing-pm25.csv,real-world,90,2880,2911,32,lag24,0.6453237723245849,random_walk,64
beijing-pm25.csv,real-world,91,2912,2943,32,lag24,0.45723769002167997,median,64
beijing-pm25.csv,real-world,92,2944,2975,32,ar1,0.22985806764945338,mean,64
beijing-pm25.csv,real-world,93,2976,3007,32,random_walk,0.12562604020981744,random_walk,64
beijing-pm25.csv,real-world,94,3008,3039,32,lag24,0.1425833909580287,mean,64
beijing-pm25.csv,real-world,95,3040,3071,32,lag24,0.3873814109141585,median,64
beijing-pm25.csv,real-world,96,3072,3103,32,lag24,0.23536414211876586,mean,64
beijing-pm25.csv,real-world,97,3104,3135,32,lag24,0.3763796899231977,median,64
beijing-pm25.csv,real-world,98,3136,3167,32,lag24,0.0677101475781518,mean,64
beijing-pm25.csv,real-world,99,3168,3199,32,lag24,0.1908683670661696,median,64
beijing-pm25.csv,real-world,100,3200,3231,32,lag24,0.3594592260804628,mean,64
beijing-pm25.csv,real-world,101,3232,3263,32,lag24,0.6739499067352192,median,64
beijing-pm25.csv,real-world,102,3264,3295,32,lag24,0.23907769335254003,median,64
beijing-pm25.csv,real-world,103,3296,3327,32,lag24,0.2540552366067606,median,64
beijing-pm25.csv,real-world,104,3328,3359,32,lag24,0.28101033518660395,median,64
beijing-pm25.csv,real-world,105,3360,3391,32,lag24,0.8040510799547146,mean,64
beijing-pm25.csv,real-world,106,3392,3423,32,quadratic,0.7291608642219837,median,64
beijing-pm25.csv,real-world,107,3424,3455,32,lag24,0.4980279430985817,median,64
beijing-pm25.csv,real-world,108,3456,3487,32,lag24,0.36256414164191547,mean,64
beijing-pm25.csv,real-world,109,3488,3519,32,lag24,0.3433102120060413,random_walk,64
beijing-pm25.csv,real-world,110,3520,3551,32,quadratic,0.3010880748316072,mean,64
beijing-pm25.csv,real-world,111,3552,3583,32,lag24,0.2211050676671458,median,64
beijing-pm25.csv,real-world,112,3584,3615,32,lag24,0.3652301013899595,mean,64
beijing-pm25.csv,real-world,113,3616,3647,32,lag24,0.9229752632421924,median,64
beijing-pm25.csv,real-world,114,3648,3679,32,lag24,0.1202280872982173,median,64
beijing-pm25.csv,real-world,115,3680,3711,32,lag24,0.5717747041201374,median,64
beijing-pm25.csv,real-world,116,3712,3743,32,quadratic,0.25556095488523567,random_walk,64
beijing-pm25.csv,real-world,117,3744,3775,32,lag24,0.44647798792018256,median,64
beijing-pm25.csv,real-world,118,3776,3807,32,lag24,0.36089418595539213,random_walk,64
beijing-pm25.csv,real-world,119,3808,3839,32,quadratic,1.0159517046076372,random_walk,64
beijing-pm25.csv,real-world,120,3840,3871,32,lag24,0.04110404367019947,median,64
beijing-pm25.csv,real-world,121,3872,3903,32,lag24,0.23948026362333252,mean,64
beijing-pm25.csv,real-world,122,3904,3935,32,lag24,0.1669412046263217,random_walk,64
beijing-pm25.csv,real-world,123,3936,3967,32,lag24,0.20127297938248043,median,64
beijing-pm25.csv,real-world,124,3968,3999,32,lag24,0.06036709301126218,median,64
beijing-pm25.csv,real-world,125,4000,4031,32,lag24,1.0319250338653603,median,64
beijing-pm25.csv,real-world,126,4032,4063,32,lag24,0.5695280838171877,random_walk,64
beijing-pm25.csv,real-world,127,4064,4095,32,lag24,0.12350679289122066,median,64
beijing-pm25.csv,real-world,128,4096,4127,32,quadratic,0.2596019151287908,median,64
beijing-pm25.csv,real-world,129,4128,4159,32,lag24,0.6584690493085734,median,64
beijing-pm25.csv,real-world,130,4160,4191,32,lag24,0.24695983459415516,mean,64
beijing-pm25.csv,real-world,131,4192,4223,32,lag24,0.2750451222726511,random_walk,64
beijing-pm25.csv,real-world,132,4224,4255,32,lag24,0.12551299647228326,mean,64
beijing-pm25.csv,real-world,133,4256,4287,32,lag24,0.6873346457440064,median,64
beijing-pm25.csv,real-world,134,4288,4319,32,lag24,0.2378057866423126,random_walk,64
beijing-pm25.csv,real-world,135,4320,4351,32,lag24,0.4960243813451341,mean,64
beijing-pm25.csv,real-world,136,4352,4383,32,lag24,0.0850090426733552,mean,64
beijing-pm25.csv,real-world,137,4384,4415,32,lag24,0.3163704188556335,mean,64
beijing-pm25.csv,real-world,138,4416,4447,32,lag24,0.21587107417857113,median,64
beijing-pm25.csv,real-world,139,4448,4479,32,lag24,0.2524020306024931,mean,64
beijing-pm25.csv,real-world,140,4480,4511,32,lag24,0.7730230894832395,median,64
beijing-pm25.csv,real-world,141,4512,4543,32,lag24,0.18711717275101655,random_walk,64
beijing-pm25.csv,real-world,142,4544,4575,32,lag24,0.21854966739150328,median,64
beijing-pm25.csv,real-world,143,4576,4607,32,lag24,0.7190055281351532,random_walk,64
beijing-pm25.csv,real-world,144,4608,4639,32,quadratic,0.9108184930563433,mean,64
beijing-pm25.csv,real-world,145,4640,4671,32,lag24,0.2910789572200324,median,64
beijing-pm25.csv,real-world,146,4672,4703,32,lag24,0.7939877021156098,mean,64
beijing-pm25.csv,real-world,147,4704,4735,32,lag24,0.5595914845843426,median,64
beijing-pm25.csv,real-world,148,4736,4767,32,lag24,0.053975886009203604,mean,64
beijing-pm25.csv,real-world,149,4768,4799,32,lag24,0.16678332320697137,mean,64
beijing-pm25.csv,real-world,150,4800,4831,32,lag24,0.32119355680922046,median,64
beijing-pm25.csv,real-world,151,4832,4863,32,lag24,0.1894947017110864,median,64
beijing-pm25.csv,real-world,152,4864,4895,32,lag24,0.26037727469725575,mean,64
beijing-pm25.csv,real-world,153,4896,4927,32,lag24,0.21372783224783087,median,64
beijing-pm25.csv,real-world,154,4928,4959,32,lag24,0.14226654450887982,mean,64
beijing-pm25.csv,real-world,155,4960,4991,32,lag24,0.12180150370122618,random_walk,64
beijing-pm25.csv,real-world,156,4992,5023,32,lag24,0.2439618099180386,random_walk,64
beijing-pm25.csv,real-world,157,5024,5055,32,lag24,0.2926100409288066,mean,64
beijing-pm25.csv,real-world,158,5056,5087,32,lag24,0.7078578625192644,random_walk,64
beijing-pm25.csv,real-world,159,5088,5119,32,lag24,0.7690943208627627,mean,64
beijing-pm25.csv,real-world,160,5120,5151,32,lag24,0.5234054862644479,random_walk,64
beijing-pm25.csv,real-world,161,5152,5183,32,lag24,0.3185907487772507,mean,64
beijing-pm25.csv,real-world,162,5184,5215,32,lag24,0.16978344589237562,median,64
beijing-pm25.csv,real-world,163,5216,5247,32,lag24,0.6371268854249227,median,64
beijing-pm25.csv,real-world,164,5248,5279,32,lag24,0.49562826791649917,mean,64
beijing-pm25.csv,real-world,165,5280,5311,32,ar1,0.8251483753941836,mean,64
beijing-pm25.csv,real-world,166,5312,5343,32,lag24,0.27581930893733253,random_walk,64
beijing-pm25.csv,real-world,167,5344,5375,32,lag24,0.2866175026734501,mean,64
beijing-pm25.csv,real-world,168,5376,5407,32,lag24,0.20654827568975906,median,64
beijing-pm25.csv,real-world,169,5408,5439,32,lag24,0.4346636666606156,median,64
beijing-pm25.csv,real-world,170,5440,5471,32,lag24,0.24913458402722544,mean,64
beijing-pm25.csv,real-world,171,5472,5503,32,lag24,0.09539201730433462,median,64
beijing-pm25.csv,real-world,172,5504,5535,32,lag24,0.18082396230547437,mean,64
beijing-pm25.csv,real-world,173,5536,5567,32,lag24,0.9546313117693744,mean,64
beijing-pm25.csv,real-world,174,5568,5599,32,lag24,0.24409917445822157,median,64
beijing-pm25.csv,real-world,175,5600,5631,32,lag24,0.22393325567008915,median,64
beijing-pm25.csv,real-world,176,5632,5663,32,quadratic,0.5931839718556461,mean,64
beijing-pm25.csv,real-world,177,5664,5695,32,lag24,0.06943951826952575,median,64
beijing-pm25.csv,real-world,178,5696,5727,32,random_walk,0.053161899900249554,random_walk,64
beijing-pm25.csv,real-world,179,5728,5759,32,lag24,0.24985627048239395,mean,64
beijing-pm25.csv,real-world,180,5760,5791,32,lag24,0.9534399680671,random_walk,64
beijing-pm25.csv,real-world,181,5792,5823,32,lag24,0.3110751471067416,mean,64
beijing-pm25.csv,real-world,182,5824,5855,32,lag24,0.3529822145754763,random_walk,64
beijing-pm25.csv,real-world,183,5856,5887,32,lag24,0.8171713536627208,random_walk,64
beijing-pm25.csv,real-world,184,5888,5919,32,lag24,0.37639330534952553,mean,64
beijing-pm25.csv,real-world,185,5920,5951,32,ar1,1.243836122380895,random_walk,64
beijing-pm25.csv,real-world,186,5952,5983,32,lag24,0.3801141491760191,random_walk,64
beijing-pm25.csv,real-world,187,5984,6015,32,lag24,0.4916077823104659,random_walk,64
beijing-pm25.csv,real-world,188,6016,6047,32,lag24,0.6406057448153609,random_walk,64
beijing-pm25.csv,real-world,189,6048,6079,32,quadratic,0.6074874452235777,random_walk,64
beijing-pm25.csv,real-world,190,6080,6111,32,ar1,0.42353594638429,median,64
beijing-pm25.csv,real-world,191,6112,6143,32,lag24,0.2102142061466557,random_walk,64
beijing-pm25.csv,real-world,192,6144,6175,32,lag24,0.5497144077237966,mean,64
beijing-pm25.csv,real-world,193,6176,6207,32,lag24,0.2322703337285695,mean,64
beijing-pm25.csv,real-world,194,6208,6239,32,mean,1.0190919438774402,mean,64
beijing-pm25.csv,real-world,195,6240,6271,32,median,0.05378034770429563,median,64
beijing-pm25.csv,real-world,196,6272,6303,32,ar1,0.09200645786228233,mean,64
beijing-pm25.csv,real-world,197,6304,6335,32,lag24,0.25819200477850784,median,64
beijing-pm25.csv,real-world,198,6336,6367,32,lag24,0.37818197306790946,random_walk,64
beijing-pm25.csv,real-world,199,6368,6399,32,lag24,0.35062732067922986,mean,64
beijing-pm25.csv,real-world,200,6400,6431,32,lag24,1.131953650231781,mean,64
beijing-pm25.csv,real-world,201,6432,6463,32,lag24,0.20367141405504666,random_walk,64
beijing-pm25.csv,real-world,202,6464,6495,32,lag24,0.3391451713112842,mean,64
beijing-pm25.csv,real-world,203,6496,6527,32,lag24,0.04998201623426997,median,64
beijing-pm25.csv,real-world,204,6528,6559,32,lag24,0.39797314794205313,mean,64
beijing-pm25.csv,real-world,205,6560,6591,32,lag24,0.132881895635861,median,64
beijing-pm25.csv,real-world,206,6592,6623,32,lag24,0.25724990697695505,median,64
beijing-pm25.csv,real-world,207,6624,6655,32,lag24,0.2535401423129766,mean,64
beijing-pm25.csv,real-world,208,6656,6687,32,lag24,0.4471353630962102,random_walk,64
beijing-pm25.csv,real-world,209,6688,6719,32,lag24,0.683751073884129,median,64
beijing-pm25.csv,real-world,210,6720,6751,32,lag24,0.9799974587368624,mean,64
beijing-pm25.csv,real-world,211,6752,6783,32,lag24,0.4671178201792478,random_walk,64
beijing-pm25.csv,real-world,212,6784,6815,32,lag24,0.13112798805589013,median,64
beijing-pm25.csv,real-world,213,6816,6847,32,quadratic,0.2337473332170717,median,64
beijing-pm25.csv,real-world,214,6848,6879,32,lag24,0.19576848232955307,mean,64
beijing-pm25.csv,real-world,215,6880,6911,32,lag24,0.7618993757789246,mean,64
beijing-pm25.csv,real-world,216,6912,6943,32,lag24,0.24500241416813165,mean,64
beijing-pm25.csv,real-world,217,6944,6975,32,lag24,0.5083441814007115,mean,64
beijing-pm25.csv,real-world,218,6976,7007,32,ar1,0.2678185227249075,random_walk,64
beijing-pm25.csv,real-world,219,7008,7039,32,lag24,0.4174498029604472,median,64
beijing-pm25.csv,real-world,220,7040,7071,32,lag24,0.2700537712861513,median,64
beijing-pm25.csv,real-world,221,7072,7103,32,lag24,0.8665485018441514,median,64
beijing-pm25.csv,real-world,222,7104,7135,32,lag24,0.672053792274357,median,64
beijing-pm25.csv,real-world,223,7136,7167,32,lag24,0.75730734861965,random_walk,64
beijing-pm25.csv,real-world,224,7168,7199,32,lag24,0.17033267529957344,random_walk,64
beijing-pm25.csv,real-world,225,7200,7231,32,lag24,0.06569655812683081,median,64
beijing-pm25.csv,real-world,226,7232,7263,32,quadratic,0.4196204250009099,random_walk,64
beijing-pm25.csv,real-world,227,7264,7295,32,lag24,0.4397693519976057,random_walk,64
beijing-pm25.csv,real-world,228,7296,7327,32,lag24,0.1040647905268621,random_walk,64
beijing-pm25.csv,real-world,229,7328,7359,32,lag24,0.28491380243192116,random_walk,64
beijing-pm25.csv,real-world,230,7360,7391,32,lag24,0.6336217295602735,median,64
beijing-pm25.csv,real-world,231,7392,7423,32,lag24,0.3748148245093603,median,64
beijing-pm25.csv,real-world,232,7424,7455,32,quadratic,0.9906242501446828,random_walk,64
beijing-pm25.csv,real-world,233,7456,7487,32,lag24,0.20060207747749684,random_walk,64
beijing-pm25.csv,real-world,234,7488,7519,32,lag24,0.6789201564653062,median,64
beijing-pm25.csv,real-world,235,7520,7551,32,lag24,0.5000679277445742,median,64
beijing-pm25.csv,real-world,236,7552,7583,32,lag24,1.0596492855174406,median,64
beijing-pm25.csv,real-world,237,7584,7615,32,lag24,0.46657952394122737,median,64
beijing-pm25.csv,real-world,238,7616,7647,32,lag24,0.5037027618584129,random_walk,64
beijing-pm25.csv,real-world,239,7648,7679,32,lag24,0.36164429462803516,mean,64
beijing-pm25.csv,real-world,240,7680,7711,32,lag24,1.517990988636155,mean,64
beijing-pm25.csv,real-world,241,7712,7743,32,lag24,1.7579701005391406,mean,64
beijing-pm25.csv,real-world,242,7744,7775,32,lag24,0.10109583869335254,random_walk,64
beijing-pm25.csv,real-world,243,7776,7807,32,lag24,0.40916514651641034,mean,64
beijing-pm25.csv,real-world,244,7808,7839,32,quadratic,0.2542148487216796,random_walk,64
beijing-pm25.csv,real-world,245,7840,7871,32,lag24,0.23669039048037915,mean,64
beijing-pm25.csv,real-world,246,7872,7903,32,quadratic,0.7017796834524088,mean,64
beijing-pm25.csv,real-world,247,7904,7935,32,lag24,0.29673890933501923,median,64
beijing-pm25.csv,real-world,248,7936,7967,32,quadratic,0.35341108242219976,random_walk,64
beijing-pm25.csv,real-world,249,7968,7999,32,lag24,0.32384131124257903,random_walk,64
beijing-pm25.csv,real-world,250,8000,8031,32,ar1,0.9790007971141726,random_walk,64
beijing-pm25.csv,real-world,251,8032,8063,32,lag24,0.46435662600822947,mean,64
beijing-pm25.csv,real-world,252,8064,8095,32,lag24,0.10900791692812488,mean,64
beijing-pm25.csv,real-world,253,8096,8127,32,lag24,0.16880747054713355,median,64
beijing-pm25.csv,real-world,254,8128,8159,32,lag24,0.039783504950854205,mean,64
beijing-pm25.csv,real-world,255,8160,8191,32,lag24,0.5882697921520083,mean,64
beijing-pm25.csv,real-world,256,8192,8223,32,linear,0.4462733184018711,mean,64
beijing-pm25.csv,real-world,257,8224,8255,32,lag24,0.7896052730754449,median,64
beijing-pm25.csv,real-world,258,8256,8287,32,lag24,0.07709072560067934,median,64
beijing-pm25.csv,real-world,259,8288,8319,32,lag24,0.33036283515126164,median,64
beijing-pm25.csv,real-world,260,8320,8351,32,lag24,0.5606646746417413,median,64
beijing-pm25.csv,real-world,261,8352,8383,32,lag24,0.5531659162430677,median,64
beijing-pm25.csv,real-world,262,8384,8415,32,lag24,0.2833193893325194,median,64
beijing-pm25.csv,real-world,263,8416,8447,32,lag24,1.4417907441576134,random_walk,64
beijing-pm25.csv,real-world,264,8448,8479,32,ar1,0.6519144355606412,random_walk,64
beijing-pm25.csv,real-world,265,8480,8511,32,quadratic,0.5105310479104789,mean,64
beijing-pm25.csv,real-world,266,8512,8543,32,lag24,1.0651765596164364,random_walk,64
beijing-pm25.csv,real-world,267,8544,8575,32,quadratic,0.6120180581962507,median,64
beijing-pm25.csv,real-world,268,8576,8607,32,lag24,0.3205900606167493,median,64
beijing-pm25.csv,real-world,269,8608,8639,32,lag24,1.140768214077053,median,64
beijing-pm25.csv,real-world,270,8640,8671,32,random_walk,2.4752448329813572,random_walk,64
beijing-pm25.csv,real-world,271,8672,8703,32,ar1,0.5111734574716064,mean,64
beijing-pm25.csv,real-world,272,8704,8735,32,ar1,0.9771339333277523,median,64
beijing-pm25.csv,real-world,273,8736,8767,32,lag24,0.3446090317787767,random_walk,64
beijing-pm25.csv,real-world,274,8768,8799,32,lag24,0.45368248919456405,mean,64
beijing-pm25.csv,real-world,275,8800,8831,32,ar1,0.22177074916908912,median,64
beijing-pm25.csv,real-world,276,8832,8863,32,lag24,0.1171658485535245,median,64
beijing-pm25.csv,real-world,277,8864,8895,32,lag24,0.3011515304081079,median,64
beijing-pm25.csv,real-world,278,8896,8927,32,lag24,0.4208953295817379,random_walk,64
beijing-pm25.csv,real-world,279,8928,8959,32,lag24,0.49061014733769026,median,64
beijing-pm25.csv,real-world,280,8960,8991,32,lag24,0.34694678082549285,mean,64
beijing-pm25.csv,real-world,281,8992,9023,32,lag24,0.10738022971977834,mean,64
beijing-pm25.csv,real-world,282,9024,9055,32,lag24,0.05400428060791456,mean,64
beijing-pm25.csv,real-world,283,9056,9087,32,linear,0.5710479492960167,median,64
beijing-pm25.csv,real-world,284,9088,9119,32,lag24,0.7827003082859525,mean,64
beijing-pm25.csv,real-world,285,9120,9151,32,lag24,0.07171769404071864,median,64
beijing-pm25.csv,real-world,286,9152,9183,32,lag24,0.16564257170545651,median,64
beijing-pm25.csv,real-world,287,9184,9215,32,lag24,0.10752964211226934,mean,64
beijing-pm25.csv,real-world,288,9216,9247,32,lag24,0.08296518399041315,mean,64
beijing-pm25.csv,real-world,289,9248,9279,32,lag24,0.4716867998157448,mean,64
beijing-pm25.csv,real-world,290,9280,9311,32,lag24,0.26468387509955493,mean,64
beijing-pm25.csv,real-world,291,9312,9343,32,lag24,0.41612984522658286,random_walk,64
beijing-pm25.csv,real-world,292,9344,9375,32,lag24,0.6190946160221827,random_walk,64
beijing-pm25.csv,real-world,293,9376,9407,32,lag24,0.42230329254158205,median,64
beijing-pm25.csv,real-world,294,9408,9439,32,lag24,0.13258907652324775,random_walk,64
beijing-pm25.csv,real-world,295,9440,9471,32,lag24,0.8419707184526827,mean,64
beijing-pm25.csv,real-world,296,9472,9503,32,lag24,0.49743614422605753,median,64
beijing-pm25.csv,real-world,297,9504,9535,32,lag24,0.5283638842178369,mean,64
beijing-pm25.csv,real-world,298,9536,9567,32,lag24,0.07064058341280684,median,64
beijing-pm25.csv,real-world,299,9568,9599,32,lag24,0.2163308364517071,random_walk,64
beijing-pm25.csv,real-world,300,9600,9631,32,lag24,0.13134889899065708,random_walk,64
beijing-pm25.csv,real-world,301,9632,9663,32,lag24,0.5350698766331753,mean,64
beijing-pm25.csv,real-world,302,9664,9695,32,lag24,0.6829401068548548,random_walk,64
beijing-pm25.csv,real-world,303,9696,9727,32,lag24,0.01540947981253043,median,64
beijing-pm25.csv,real-world,304,9728,9759,32,lag24,0.2027297449011111,mean,64
beijing-pm25.csv,real-world,305,9760,9791,32,lag24,0.3396179858265354,mean,64
beijing-pm25.csv,real-world,306,9792,9823,32,lag24,0.5435669198036962,random_walk,64
beijing-pm25.csv,real-world,307,9824,9855,32,lag24,0.19610585828031618,median,64
beijing-pm25.csv,real-world,308,9856,9887,32,quadratic,0.5962199621981025,median,64
beijing-pm25.csv,real-world,309,9888,9919,32,lag24,0.30133415719008955,median,64
beijing-pm25.csv,real-world,310,9920,9951,32,lag24,0.20705584718573403,random_walk,64
beijing-pm25.csv,real-world,311,9952,9983,32,lag24,0.3416148224683026,mean,64
beijing-pm25.csv,real-world,312,9984,10015,32,lag24,0.41707661473218893,random_walk,64
beijing-pm25.csv,real-world,313,10016,10047,32,lag24,0.34795611918599234,median,64
beijing-pm25.csv,real-world,314,10048,10079,32,lag24,0.9207989960060389,median,64
beijing-pm25.csv,real-world,315,10080,10111,32,ar1,0.6521865579568276,median,64
beijing-pm25.csv,real-world,316,10112,10143,32,lag24,0.5074893186173366,mean,64
beijing-pm25.csv,real-world,317,10144,10175,32,lag24,0.20577790863030962,random_walk,64
beijing-pm25.csv,real-world,318,10176,10207,32,lag24,0.23835893077334877,random_walk,64
beijing-pm25.csv,real-world,319,10208,10239,32,lag24,0.07940441178195938,mean,64
beijing-pm25.csv,real-world,320,10240,10271,32,lag24,1.000878428547368,mean,64
beijing-pm25.csv,real-world,321,10272,10303,32,lag24,0.5836184840225616,mean,64
beijing-pm25.csv,real-world,322,10304,10335,32,lag24,0.17569354320401817,random_walk,64
beijing-pm25.csv,real-world,323,10336,10367,32,quadratic,0.2885977352003941,median,64
beijing-pm25.csv,real-world,324,10368,10399,32,linear,0.4102486826503232,mean,64
beijing-pm25.csv,real-world,325,10400,10431,32,lag24,0.17950441408357848,mean,64
beijing-pm25.csv,real-world,326,10432,10463,32,lag24,0.5121853082809127,median,64
beijing-pm25.csv,real-world,327,10464,10495,32,lag24,0.4566448643068718,median,64
beijing-pm25.csv,real-world,328,10496,10527,32,quadratic,0.6584397743501318,mean,64
beijing-pm25.csv,real-world,329,10528,10559,32,ar1,0.7428716870566301,mean,64
beijing-pm25.csv,real-world,330,10560,10591,32,lag24,0.6680533107879119,median,64
beijing-pm25.csv,real-world,331,10592,10623,32,lag24,0.34098903111414003,mean,64
beijing-pm25.csv,real-world,332,10624,10655,32,lag24,0.6661953689808517,mean,64
beijing-pm25.csv,real-world,333,10656,10687,32,lag24,0.30847487899680626,mean,64
beijing-pm25.csv,real-world,334,10688,10719,32,lag24,0.15614542931672212,median,64
beijing-pm25.csv,real-world,335,10720,10751,32,quadratic,1.0116382678747127,median,64
beijing-pm25.csv,real-world,336,10752,10783,32,lag24,0.18805168392018523,median,64
beijing-pm25.csv,real-world,337,10784,10815,32,lag24,0.5458111748404696,median,64
beijing-pm25.csv,real-world,338,10816,10847,32,lag24,0.10456387279103047,random_walk,64
beijing-pm25.csv,real-world,339,10848,10879,32,quadratic,0.7172269222241857,mean,64
beijing-pm25.csv,real-world,340,10880,10911,32,lag24,0.1174056249989232,median,64
beijing-pm25.csv,real-world,341,10912,10943,32,lag24,0.2956543058997767,median,64
beijing-pm25.csv,real-world,342,10944,10975,32,lag24,0.24160321959517275,median,64
beijing-pm25.csv,real-world,343,10976,11007,32,lag24,0.13893965977750142,median,64
beijing-pm25.csv,real-world,344,11008,11039,32,lag24,0.3004956133248784,median,64
beijing-pm25.csv,real-world,345,11040,11071,32,lag24,0.19561877936412014,median,64
beijing-pm25.csv,real-world,346,11072,11103,32,lag24,0.44886693883667506,median,64
beijing-pm25.csv,real-world,347,11104,11135,32,lag24,0.05322463790144588,random_walk,64
beijing-pm25.csv,real-world,348,11136,11167,32,lag24,0.15221838779667474,random_walk,64
beijing-pm25.csv,real-world,349,11168,11199,32,lag24,0.4303298970381364,median,64
beijing-pm25.csv,real-world,350,11200,11231,32,lag24,0.6618656147042893,mean,64
beijing-pm25.csv,real-world,351,11232,11263,32,lag24,0.5417337905435784,random_walk,64
beijing-pm25.csv,real-world,352,11264,11295,32,quadratic,0.6208494596639189,random_walk,64
beijing-pm25.csv,real-world,353,11296,11327,32,quadratic,0.5596157032219048,mean,64
beijing-pm25.csv,real-world,354,11328,11359,32,quadratic,0.46969650913344996,random_walk,64
beijing-pm25.csv,real-world,355,11360,11391,32,lag24,0.1863508231599199,median,64
beijing-pm25.csv,real-world,356,11392,11423,32,lag24,2.2746685159379956,median,64
beijing-pm25.csv,real-world,357,11424,11455,32,quadratic,0.38285320874802115,random_walk,64
beijing-pm25.csv,real-world,358,11456,11487,32,lag24,0.6595546796567588,random_walk,64
beijing-pm25.csv,real-world,359,11488,11519,32,lag24,0.11478058732887968,median,64
beijing-pm25.csv,real-world,360,11520,11551,32,lag24,0.23692412363829396,random_walk,64
beijing-pm25.csv,real-world,361,11552,11583,32,ar1,0.531241312142544,median,64
beijing-pm25.csv,real-world,362,11584,11615,32,lag24,0.43660751367159367,mean,64
beijing-pm25.csv,real-world,363,11616,11647,32,ar1,0.7953960560779437,random_walk,64
beijing-pm25.csv,real-world,364,11648,11679,32,lag24,0.40693169174043287,random_walk,64
beijing-pm25.csv,real-world,365,11680,11711,32,lag24,0.156519485125109,random_walk,64
beijing-pm25.csv,real-world,366,11712,11743,32,lag24,0.3228954563320927,mean,64
beijing-pm25.csv,real-world,367,11744,11775,32,lag24,0.924994257978482,mean,64
beijing-pm25.csv,real-world,368,11776,11807,32,lag24,0.22845834596176234,mean,64
beijing-pm25.csv,real-world,369,11808,11839,32,lag24,0.34950926646904484,random_walk,64
beijing-pm25.csv,real-world,370,11840,11871,32,lag24,0.0454079941270319,mean,64
beijing-pm25.csv,real-world,371,11872,11903,32,ar1,0.3165313750455873,median,64
beijing-pm25.csv,real-world,372,11904,11935,32,lag24,0.11283189900347339,median,64
beijing-pm25.csv,real-world,373,11936,11967,32,lag24,0.1520749938466351,random_walk,64
beijing-pm25.csv,real-world,374,11968,11999,32,lag24,0.3717096422902874,median,64
beijing-pm25.csv,real-world,375,12000,12031,32,lag24,0.1360333431413499,median,64
beijing-pm25.csv,real-world,376,12032,12063,32,lag24,0.22930948342708576,mean,64
beijing-pm25.csv,real-world,377,12064,12095,32,quadratic,0.18454233249847754,random_walk,64
beijing-pm25.csv,real-world,378,12096,12127,32,lag24,0.1909836827784687,median,64
beijing-pm25.csv,real-world,379,12128,12159,32,lag24,0.35695679787447904,mean,64
beijing-pm25.csv,real-world,380,12160,12191,32,lag24,0.1292228350009383,mean,64
beijing-pm25.csv,real-world,381,12192,12223,32,lag24,0.13655891823895502,median,64
beijing-pm25.csv,real-world,382,12224,12255,32,lag24,0.2914819788232223,mean,64
beijing-pm25.csv,real-world,383,12256,12287,32,lag24,0.4525179275194879,random_walk,64
beijing-pm25.csv,real-world,384,12288,12319,32,lag24,0.5407081994096092,mean,64
beijing-pm25.csv,real-world,385,12320,12351,32,lag24,0.3196066546379157,median,64
beijing-pm25.csv,real-world,386,12352,12383,32,lag24,0.2324037018486147,median,64
beijing-pm25.csv,real-world,387,12384,12415,32,ar1,0.25409714651294685,mean,64
beijing-pm25.csv,real-world,388,12416,12447,32,lag24,0.22814113243751905,mean,64
beijing-pm25.csv,real-world,389,12448,12479,32,ar1,0.6010150584444527,median,64
beijing-pm25.csv,real-world,390,12480,12511,32,lag24,0.4974244945883654,random_walk,64
beijing-pm25.csv,real-world,391,12512,12543,32,lag24,0.23787616058156744,median,64
beijing-pm25.csv,real-world,392,12544,12575,32,lag24,0.22910221532939215,mean,64
beijing-pm25.csv,real-world,393,12576,12607,32,lag24,0.085714875506231,median,64
beijing-pm25.csv,real-world,394,12608,12639,32,lag24,0.22226433901055515,median,64
beijing-pm25.csv,real-world,395,12640,12671,32,lag24,0.24496113112504161,median,64
beijing-pm25.csv,real-world,396,12672,12703,32,lag24,0.18586744079209666,median,64
beijing-pm25.csv,real-world,397,12704,12735,32,lag24,0.22234454326079828,mean,64
beijing-pm25.csv,real-world,398,12736,12767,32,lag24,0.05413139402336213,median,64
beijing-pm25.csv,real-world,399,12768,12799,32,lag24,0.149858543591879,median,64
beijing-pm25.csv,real-world,400,12800,12831,32,lag24,0.49841357203310105,mean,64
beijing-pm25.csv,real-world,401,12832,12863,32,lag24,0.7162406909837786,median,64
beijing-pm25.csv,real-world,402,12864,12895,32,lag24,0.08322608604990651,median,64
beijing-pm25.csv,real-world,403,12896,12927,32,lag24,0.08406656186701564,mean,64
beijing-pm25.csv,real-world,404,12928,12959,32,lag24,0.1471601457164692,random_walk,64
beijing-pm25.csv,real-world,405,12960,12991,32,lag24,0.28467405433014686,median,64
beijing-pm25.csv,real-world,406,12992,13023,32,lag24,0.31027142921939443,random_walk,64
beijing-pm25.csv,real-world,407,13024,13055,32,ar1,0.44495963354834,median,64
beijing-pm25.csv,real-world,408,13056,13087,32,lag24,0.3693479598246443,random_walk,64
beijing-pm25.csv,real-world,409,13088,13119,32,lag24,0.054940978789715884,median,64
beijing-pm25.csv,real-world,410,13120,13151,32,lag24,0.3171728453559523,mean,64
beijing-pm25.csv,real-world,411,13152,13183,32,lag24,0.12298742048929455,random_walk,64
beijing-pm25.csv,real-world,412,13184,13215,32,lag24,0.5490842899612959,random_walk,64
beijing-pm25.csv,real-world,413,13216,13247,32,ar1,0.7339140781344629,mean,64
beijing-pm25.csv,real-world,414,13248,13279,32,lag24,0.4074048569274306,random_walk,64
beijing-pm25.csv,real-world,415,13280,13311,32,lag24,0.1236180409731159,mean,64
beijing-pm25.csv,real-world,416,13312,13343,32,lag24,0.4697234474260373,mean,64
beijing-pm25.csv,real-world,417,13344,13375,32,lag24,0.509336053766898,mean,64
beijing-pm25.csv,real-world,418,13376,13407,32,lag24,0.09080791376870366,mean,64
beijing-pm25.csv,real-world,419,13408,13439,32,random_walk,0.2698173724060343,random_walk,64
beijing-pm25.csv,real-world,420,13440,13471,32,ar1,0.5020175011971462,mean,64
beijing-pm25.csv,real-world,421,13472,13503,32,lag24,0.2045825803383209,mean,64
beijing-pm25.csv,real-world,422,13504,13535,32,lag24,0.8146360246598935,median,64
beijing-pm25.csv,real-world,423,13536,13567,32,linear,0.5162870358658017,mean,64
beijing-pm25.csv,real-world,424,13568,13599,32,quadratic,0.3511780607842682,random_walk,64
beijing-pm25.csv,real-world,425,13600,13631,32,lag24,0.3258380661055688,random_walk,64
beijing-pm25.csv,real-world,426,13632,13663,32,lag24,0.3607999091528642,random_walk,64
beijing-pm25.csv,real-world,427,13664,13695,32,lag24,0.1772213808383252,random_walk,64
beijing-pm25.csv,real-world,428,13696,13727,32,lag24,0.14038281417565046,mean,64
beijing-pm25.csv,real-world,429,13728,13759,32,ar1,0.342227076495622,mean,64
beijing-pm25.csv,real-world,430,13760,13791,32,lag24,0.21523493442517777,random_walk,64
beijing-pm25.csv,real-world,431,13792,13823,32,lag24,0.3098763130288597,median,64
beijing-pm25.csv,real-world,432,13824,13855,32,lag24,0.358761178401049,median,64
beijing-pm25.csv,real-world,433,13856,13887,32,lag24,0.2854044592527987,random_walk,64
beijing-pm25.csv,real-world,434,13888,13919,32,lag24,0.1524449961962265,median,64
beijing-pm25.csv,real-world,435,13920,13951,32,lag24,0.1334986634445524,random_walk,64
beijing-pm25.csv,real-world,436,13952,13983,32,lag24,1.553591536165714,median,64
beijing-pm25.csv,real-world,437,13984,14015,32,lag24,0.8016392700522122,mean,64
beijing-pm25.csv,real-world,438,14016,14047,32,lag24,0.019824264580866183,median,64
beijing-pm25.csv,real-world,439,14048,14079,32,lag24,0.16984348123191206,random_walk,64
beijing-pm25.csv,real-world,440,14080,14111,32,lag24,0.4252582441543641,median,64
beijing-pm25.csv,real-world,441,14112,14143,32,lag24,0.17255025016764125,random_walk,64
beijing-pm25.csv,real-world,442,14144,14175,32,lag24,0.45792204422786714,random_walk,64
beijing-pm25.csv,real-world,443,14176,14207,32,lag24,1.0877580343670712,median,64
beijing-pm25.csv,real-world,444,14208,14239,32,lag24,0.2920729287559392,random_walk,64
beijing-pm25.csv,real-world,445,14240,14271,32,lag24,0.2124338041600773,mean,64
beijing-pm25.csv,real-world,446,14272,14303,32,lag24,0.24722471565679754,random_walk,64
beijing-pm25.csv,real-world,447,14304,14335,32,lag24,0.3776675144605392,random_walk,64
beijing-pm25.csv,real-world,448,14336,14367,32,lag24,0.5156847836042039,random_walk,64
beijing-pm25.csv,real-world,449,14368,14399,32,lag24,0.22017012490538312,random_walk,64
beijing-pm25.csv,real-world,450,14400,14431,32,lag24,0.13749135994483655,mean,64
beijing-pm25.csv,real-world,451,14432,14463,32,lag24,0.10499128371432513,median,64
beijing-pm25.csv,real-world,452,14464,14495,32,lag24,0.9363159921793061,median,64
beijing-pm25.csv,real-world,453,14496,14527,32,ar1,0.09943751720876193,random_walk,64
beijing-pm25.csv,real-world,454,14528,14559,32,quadratic,0.27684700097205345,mean,64
beijing-pm25.csv,real-world,455,14560,14591,32,lag24,0.7700960497233927,median,64
beijing-pm25.csv,real-world,456,14592,14623,32,median,0.04171329509847628,median,64
beijing-pm25.csv,real-world,457,14624,14655,32,lag24,0.37351925362925725,median,64
beijing-pm25.csv,real-world,458,14656,14687,32,lag24,0.13295353071219476,median,64
beijing-pm25.csv,real-world,459,14688,14719,32,lag24,0.23764469038001185,median,64
beijing-pm25.csv,real-world,460,14720,14751,32,lag24,0.46985659390169937,median,64
beijing-pm25.csv,real-world,461,14752,14783,32,quadratic,0.1699182582239589,median,64
beijing-pm25.csv,real-world,462,14784,14815,32,lag24,0.0983088087116302,median,64
beijing-pm25.csv,real-world,463,14816,14847,32,lag24,1.292268200057001,random_walk,64
beijing-pm25.csv,real-world,464,14848,14879,32,lag24,0.7086073406734007,median,64
beijing-pm25.csv,real-world,465,14880,14911,32,lag24,0.1548408006672904,random_walk,64
beijing-pm25.csv,real-world,466,14912,14943,32,lag24,1.2019431550744237,random_walk,64
beijing-pm25.csv,real-world,467,14944,14975,32,lag24,1.5372572119332446,median,64
beijing-pm25.csv,real-world,468,14976,15007,32,quadratic,0.3623793991608148,median,64
beijing-pm25.csv,real-world,469,15008,15039,32,lag24,1.1548206895299211,median,64
beijing-pm25.csv,real-world,470,15040,15071,32,lag24,0.45194029536308344,random_walk,64
beijing-pm25.csv,real-world,471,15072,15103,32,lag24,0.6536801358919346,median,64
beijing-pm25.csv,real-world,472,15104,15135,32,ar1,1.8057017517068088,median,64
beijing-pm25.csv,real-world,473,15136,15167,32,lag24,0.33942300476092163,random_walk,64
beijing-pm25.csv,real-world,474,15168,15199,32,lag24,0.23436934075007362,mean,64
beijing-pm25.csv,real-world,475,15200,15231,32,median,0.1662273510977708,median,64
beijing-pm25.csv,real-world,476,15232,15263,32,lag24,0.3639772600560371,median,64
beijing-pm25.csv,real-world,477,15264,15295,32,lag24,0.0595373402728347,mean,64
beijing-pm25.csv,real-world,478,15296,15327,32,lag24,0.7506792165448327,random_walk,64
beijing-pm25.csv,real-world,479,15328,15359,32,lag24,0.5575275027243956,mean,64
beijing-pm25.csv,real-world,480,15360,15391,32,lag24,0.5478011769862556,median,64
beijing-pm25.csv,real-world,481,15392,15423,32,lag24,0.5004909930094595,mean,64
beijing-pm25.csv,real-world,482,15424,15455,32,ar1,0.27642544545080083,median,64
beijing-pm25.csv,real-world,483,15456,15487,32,lag24,0.3872208221699259,median,64
beijing-pm25.csv,real-world,484,15488,15519,32,lag24,0.19680853279034358,median,64
beijing-pm25.csv,real-world,485,15520,15551,32,lag24,0.7038334921132454,mean,64
beijing-pm25.csv,real-world,486,15552,15583,32,linear,0.4738186309281829,median,64
beijing-pm25.csv,real-world,487,15584,15615,32,lag24,0.1722562571920926,random_walk,64
beijing-pm25.csv,real-world,488,15616,15647,32,lag24,0.3233514986193946,random_walk,64
beijing-pm25.csv,real-world,489,15648,15679,32,lag24,0.9471386534713345,median,64
beijing-pm25.csv,real-world,490,15680,15711,32,lag24,0.7548820974831192,mean,64
beijing-pm25.csv,real-world,491,15712,15743,32,lag24,0.0742454934643764,mean,64
beijing-pm25.csv,real-world,492,15744,15775,32,lag24,0.5028910876245213,median,64
beijing-pm25.csv,real-world,493,15776,15807,32,lag24,0.9899948281541986,mean,64
beijing-pm25.csv,real-world,494,15808,15839,32,lag24,0.4127155924718978,random_walk,64
beijing-pm25.csv,real-world,495,15840,15871,32,lag24,0.5151945134720525,mean,64
beijing-pm25.csv,real-world,496,15872,15903,32,lag24,0.13287312030085044,random_walk,64
beijing-pm25.csv,real-world,497,15904,15935,32,lag24,0.5629368093030148,random_walk,64
beijing-pm25.csv,real-world,498,15936,15967,32,lag24,0.8482595448229862,random_walk,64
beijing-pm25.csv,real-world,499,15968,15999,32,lag24,0.3546600934446814,random_walk,64
beijing-pm25.csv,real-world,500,16000,16031,32,lag24,0.5351688161804269,median,64
beijing-pm25.csv,real-world,501,16032,16063,32,lag24,0.27105567525192226,median,64
beijing-pm25.csv,real-world,502,16064,16095,32,lag24,0.38677484829932496,mean,64
beijing-pm25.csv,real-world,503,16096,16127,32,lag24,0.5872989568778632,median,64
beijing-pm25.csv,real-world,504,16128,16159,32,lag24,0.39965453172559207,random_walk,64
beijing-pm25.csv,real-world,505,16160,16191,32,lag24,0.24903609628801154,random_walk,64
beijing-pm25.csv,real-world,506,16192,16223,32,quadratic,0.9669376967381973,random_walk,64
beijing-pm25.csv,real-world,507,16224,16255,32,lag24,0.0985830404602804,median,64
beijing-pm25.csv,real-world,508,16256,16287,32,lag24,0.26452704021554035,random_walk,64
beijing-pm25.csv,real-world,509,16288,16319,32,lag24,0.1984140616895611,mean,64
beijing-pm25.csv,real-world,510,16320,16351,32,lag24,0.6675096885269167,mean,64
beijing-pm25.csv,real-world,511,16352,16383,32,quadratic,1.0370977636475147,mean,64
beijing-pm25.csv,real-world,512,16384,16415,32,ar1,0.1988466244567512,mean,64
beijing-pm25.csv,real-world,513,16416,16447,32,lag24,0.066088711233713,mean,64
beijing-pm25.csv,real-world,514,16448,16479,32,lag24,0.24580964290483387,median,64
beijing-pm25.csv,real-world,515,16480,16511,32,quadratic,0.18586702663686788,random_walk,64
beijing-pm25.csv,real-world,516,16512,16543,32,lag24,0.4180668310287455,mean,64
beijing-pm25.csv,real-world,517,16544,16575,32,lag24,0.34376086111114684,random_walk,64
beijing-pm25.csv,real-world,518,16576,16607,32,quadratic,0.26555112156645927,random_walk,64
beijing-pm25.csv,real-world,519,16608,16639,32,lag24,0.35585665276842254,random_walk,64
beijing-pm25.csv,real-world,520,16640,16671,32,lag24,0.293708727445472,mean,64
beijing-pm25.csv,real-world,521,16672,16703,32,lag24,0.6052401265676428,random_walk,64
beijing-pm25.csv,real-world,522,16704,16735,32,lag24,0.1621135686686706,median,64
beijing-pm25.csv,real-world,523,16736,16767,32,lag24,0.8088963405562589,random_walk,64
beijing-pm25.csv,real-world,524,16768,16799,32,lag24,0.07482008522922844,mean,64
beijing-pm25.csv,real-world,525,16800,16831,32,lag24,0.39774484403171334,random_walk,64
beijing-pm25.csv,real-world,526,16832,16863,32,quadratic,0.18564411839054645,random_walk,64
beijing-pm25.csv,real-world,527,16864,16895,32,ar1,1.2393930871567183,mean,64
beijing-pm25.csv,real-world,528,16896,16927,32,quadratic,1.4556564973117003,median,64
beijing-pm25.csv,real-world,529,16928,16959,32,lag24,0.10818113253132307,median,64
beijing-pm25.csv,real-world,530,16960,16991,32,lag24,0.6488168985290925,median,64
beijing-pm25.csv,real-world,531,16992,17023,32,lag24,0.1502297312963133,random_walk,64
beijing-pm25.csv,real-world,532,17024,17055,32,ar1,0.39563048930398736,random_walk,64
beijing-pm25.csv,real-world,533,17056,17087,32,ar1,0.2671791600597304,random_walk,64
beijing-pm25.csv,real-world,534,17088,17119,32,lag24,0.27677068796036647,random_walk,64
beijing-pm25.csv,real-world,535,17120,17151,32,lag24,0.15373030332723853,random_walk,64
beijing-pm25.csv,real-world,536,17152,17183,32,lag24,0.21350854514304873,random_walk,64
beijing-pm25.csv,real-world,537,17184,17215,32,lag24,0.12580399894719788,mean,64
beijing-pm25.csv,real-world,538,17216,17247,32,lag24,0.23042992557307038,median,64
beijing-pm25.csv,real-world,539,17248,17279,32,lag24,0.5694798787511356,mean,64
beijing-pm25.csv,real-world,540,17280,17311,32,lag24,0.3228118789924475,random_walk,64
beijing-pm25.csv,real-world,541,17312,17343,32,lag24,0.5302986403497816,mean,64
beijing-pm25.csv,real-world,542,17344,17375,32,lag24,1.1343160236034875,random_walk,64
beijing-pm25.csv,real-world,543,17376,17407,32,lag24,0.31213820940588927,mean,64
beijing-pm25.csv,real-world,544,17408,17439,32,ar1,0.4905863971527964,mean,64
beijing-pm25.csv,real-world,545,17440,17471,32,lag24,0.027379887017402134,median,64
beijing-pm25.csv,real-world,546,17472,17503,32,lag24,0.06678713996437027,mean,64
beijing-pm25.csv,real-world,547,17504,17535,32,lag24,0.5810300391515328,median,64
beijing-pm25.csv,real-world,548,17536,17567,32,lag24,0.36263346150724124,random_walk,64
beijing-pm25.csv,real-world,549,17568,17599,32,lag24,0.4538868881226941,mean,64
beijing-pm25.csv,real-world,550,17600,17631,32,lag24,0.28147559896653207,mean,64
beijing-pm25.csv,real-world,551,17632,17663,32,lag24,0.5113467642314846,random_walk,64
beijing-pm25.csv,real-world,552,17664,17695,32,lag24,0.58901255564851,mean,64
beijing-pm25.csv,real-world,553,17696,17727,32,lag24,0.23626432954378027,median,64
beijing-pm25.csv,real-world,554,17728,17759,32,random_walk,0.18821132716900457,random_walk,64
beijing-pm25.csv,real-world,555,17760,17791,32,lag24,0.1959751801566384,random_walk,64
beijing-pm25.csv,real-world,556,17792,17823,32,quadratic,0.8459887039297961,mean,64
beijing-pm25.csv,real-world,557,17824,17855,32,ar1,0.12801586158024367,mean,64
beijing-pm25.csv,real-world,558,17856,17887,32,lag24,0.3052968224339811,random_walk,64
beijing-pm25.csv,real-world,559,17888,17919,32,quadratic,0.4951263457049163,mean,64
beijing-pm25.csv,real-world,560,17920,17951,32,quadratic,0.9368821717378056,random_walk,64
beijing-pm25.csv,real-world,561,17952,17983,32,ar1,1.3048172294986846,median,64
beijing-pm25.csv,real-world,562,17984,18015,32,lag24,0.09209624577554565,random_walk,64
beijing-pm25.csv,real-world,563,18016,18047,32,lag24,0.09008817815188482,median,64
beijing-pm25.csv,real-world,564,18048,18079,32,lag24,1.6184026052637788,median,64
beijing-pm25.csv,real-world,565,18080,18111,32,linear,0.8390994078554918,mean,64
beijing-pm25.csv,real-world,566,18112,18143,32,lag24,0.5440058314892378,median,64
beijing-pm25.csv,real-world,567,18144,18175,32,lag24,0.6007987490458762,mean,64
beijing-pm25.csv,real-world,568,18176,18207,32,lag24,0.6043294997114683,mean,64
beijing-pm25.csv,real-world,569,18208,18239,32,lag24,0.9078355031172833,mean,64
beijing-pm25.csv,real-world,570,18240,18271,32,lag24,0.18449880599972646,median,64
beijing-pm25.csv,real-world,571,18272,18303,32,ar1,0.35165083488439186,median,64
beijing-pm25.csv,real-world,572,18304,18335,32,lag24,0.18209042188591343,random_walk,64
beijing-pm25.csv,real-world,573,18336,18367,32,lag24,0.226692918881442,random_walk,64
beijing-pm25.csv,real-world,574,18368,18399,32,random_walk,0.8318494760749443,random_walk,64
beijing-pm25.csv,real-world,575,18400,18431,32,lag24,0.49370620441188895,median,64
beijing-pm25.csv,real-world,576,18432,18463,32,lag24,0.2473301412523073,random_walk,64
beijing-pm25.csv,real-world,577,18464,18495,32,quadratic,0.23308217181946625,median,64
beijing-pm25.csv,real-world,578,18496,18527,32,lag24,0.1865945137047008,median,64
beijing-pm25.csv,real-world,579,18528,18559,32,lag24,0.09854736732830907,random_walk,64
beijing-pm25.csv,real-world,580,18560,18591,32,quadratic,0.5049162099367479,random_walk,64
beijing-pm25.csv,real-world,581,18592,18623,32,lag24,0.6864070978626562,mean,64
beijing-pm25.csv,real-world,582,18624,18655,32,lag24,0.142968894519361,mean,64
beijing-pm25.csv,real-world,583,18656,18687,32,quadratic,0.30170334486049266,random_walk,64
beijing-pm25.csv,real-world,584,18688,18719,32,lag24,0.24844126174414596,median,64
beijing-pm25.csv,real-world,585,18720,18751,32,median,0.051646679749727364,median,64
beijing-pm25.csv,real-world,586,18752,18783,32,lag24,0.20680639267344342,median,64
beijing-pm25.csv,real-world,587,18784,18815,32,random_walk,0.702469489416563,random_walk,64
beijing-pm25.csv,real-world,588,18816,18847,32,lag24,0.3093548118807965,mean,64
beijing-pm25.csv,real-world,589,18848,18879,32,lag24,0.6787656243820347,mean,64
beijing-pm25.csv,real-world,590,18880,18911,32,lag24,0.3575403541495089,median,64
beijing-pm25.csv,real-world,591,18912,18943,32,lag24,0.397099877626879,random_walk,64
beijing-pm25.csv,real-world,592,18944,18975,32,lag24,0.3298260488671941,median,64
beijing-pm25.csv,real-world,593,18976,19007,32,lag24,0.31554980701544,median,64
beijing-pm25.csv,real-world,594,19008,19039,32,lag24,0.5791770924197758,random_walk,64
beijing-pm25.csv,real-world,595,19040,19071,32,lag24,0.3183764023614033,mean,64
beijing-pm25.csv,real-world,596,19072,19103,32,lag24,0.3776715988468206,median,64
beijing-pm25.csv,real-world,597,19104,19135,32,lag24,0.23577135059899876,mean,64
beijing-pm25.csv,real-world,598,19136,19167,32,quadratic,0.8020884063367523,mean,64
beijing-pm25.csv,real-world,599,19168,19199,32,quadratic,0.49879449210110716,mean,64
beijing-pm25.csv,real-world,600,19200,19231,32,lag24,0.30394659981297234,mean,64
beijing-pm25.csv,real-world,601,19232,19263,32,lag24,0.19713254164055174,mean,64
beijing-pm25.csv,real-world,602,19264,19295,32,lag24,0.14664763458643362,median,64
beijing-pm25.csv,real-world,603,19296,19327,32,lag24,0.0931886153746494,median,64
beijing-pm25.csv,real-world,604,19328,19359,32,lag24,0.1524133086727619,mean,64
beijing-pm25.csv,real-world,605,19360,19391,32,lag24,0.17204984491182831,median,64
beijing-pm25.csv,real-world,606,19392,19423,32,random_walk,0.0007206078860459548,random_walk,64
beijing-pm25.csv,real-world,607,19424,19455,32,random_walk,0.30500471503570115,random_walk,64
beijing-pm25.csv,real-world,608,19456,19487,32,lag24,0.9535294247475826,median,64
beijing-pm25.csv,real-world,609,19488,19519,32,quadratic,0.2952373242262632,mean,64
beijing-pm25.csv,real-world,610,19520,19551,32,ar1,0.2611401810061883,mean,64
beijing-pm25.csv,real-world,611,19552,19583,32,lag24,0.2174143591193172,mean,64
beijing-pm25.csv,real-world,612,19584,19615,32,lag24,0.09325609731148707,mean,64
beijing-pm25.csv,real-world,613,19616,19647,32,lag24,0.7310230091163997,random_walk,64
beijing-pm25.csv,real-world,614,19648,19679,32,lag24,0.566773559151106,median,64
beijing-pm25.csv,real-world,615,19680,19711,32,lag24,0.41858622429584674,mean,64
beijing-pm25.csv,real-world,616,19712,19743,32,lag24,0.12042016925691633,random_walk,64
beijing-pm25.csv,real-world,617,19744,19775,32,lag24,0.8866673125245478,mean,64
beijing-pm25.csv,real-world,618,19776,19807,32,lag24,0.37289440988429856,mean,64
beijing-pm25.csv,real-world,619,19808,19839,32,lag24,0.20476212708461308,median,64
beijing-pm25.csv,real-world,620,19840,19871,32,lag24,0.08567898258168294,median,64
beijing-pm25.csv,real-world,621,19872,19903,32,random_walk,0.06862642229333078,random_walk,64
beijing-pm25.csv,real-world,622,19904,19935,32,lag24,0.20483232821449046,random_walk,64
beijing-pm25.csv,real-world,623,19936,19967,32,lag24,0.07418003479421069,mean,64
beijing-pm25.csv,real-world,624,19968,19999,32,lag24,0.5339706643421532,random_walk,64
beijing-pm25.csv,real-world,625,20000,20031,32,quadratic,0.5474107571528237,median,64
beijing-pm25.csv,real-world,626,20032,20063,32,lag24,0.2561318163948394,median,64
beijing-pm25.csv,real-world,627,20064,20095,32,lag24,0.20847995319959342,median,64
beijing-pm25.csv,real-world,628,20096,20127,32,quadratic,0.46420539802223326,random_walk,64
beijing-pm25.csv,real-world,629,20128,20159,32,ar1,0.3820124022492024,median,64
beijing-pm25.csv,real-world,630,20160,20191,32,quadratic,0.16267301602900733,mean,64
beijing-pm25.csv,real-world,631,20192,20223,32,lag24,0.17024538561383698,random_walk,64
beijing-pm25.csv,real-world,632,20224,20255,32,quadratic,0.412201900754932,median,64
beijing-pm25.csv,real-world,633,20256,20287,32,lag24,0.25537192127687325,median,64
beijing-pm25.csv,real-world,634,20288,20319,32,lag24,0.6380554678294991,mean,64
beijing-pm25.csv,real-world,635,20320,20351,32,lag24,0.11665023235499478,random_walk,64
beijing-pm25.csv,real-world,636,20352,20383,32,lag24,0.4068689892627747,mean,64
beijing-pm25.csv,real-world,637,20384,20415,32,lag24,0.39421271260741697,mean,64
beijing-pm25.csv,real-world,638,20416,20447,32,lag24,0.334071381822668,mean,64
beijing-pm25.csv,real-world,639,20448,20479,32,lag24,0.31568645313169075,median,64
beijing-pm25.csv,real-world,640,20480,20511,32,lag24,0.4289662146236626,mean,64
beijing-pm25.csv,real-world,641,20512,20543,32,lag24,0.41646857686509153,median,64
beijing-pm25.csv,real-world,642,20544,20575,32,lag24,1.0427383802822412,mean,64
beijing-pm25.csv,real-world,643,20576,20607,32,quadratic,0.25728843633455206,mean,64
beijing-pm25.csv,real-world,644,20608,20639,32,lag24,0.2279010232508129,median,64
beijing-pm25.csv,real-world,645,20640,20671,32,lag24,0.6984407809957216,mean,64
beijing-pm25.csv,real-world,646,20672,20703,32,random_walk,0.35353662687368803,random_walk,64
beijing-pm25.csv,real-world,647,20704,20735,32,lag24,0.3284276212512448,median,64
beijing-pm25.csv,real-world,648,20736,20767,32,lag24,0.22730923693948257,median,64
beijing-pm25.csv,real-world,649,20768,20799,32,lag24,0.16178127547705518,random_walk,64
beijing-pm25.csv,real-world,650,20800,20831,32,lag24,0.11638286637247446,random_walk,64
beijing-pm25.csv,real-world,651,20832,20863,32,lag24,0.10271117828354553,mean,64
beijing-pm25.csv,real-world,652,20864,20895,32,lag24,0.12724591716439487,random_walk,64
beijing-pm25.csv,real-world,653,20896,20927,32,quadratic,0.9713088957448326,median,64
beijing-pm25.csv,real-world,654,20928,20959,32,quadratic,0.31703223661182506,random_walk,64
beijing-pm25.csv,real-world,655,20960,20991,32,lag24,0.039729601019110876,random_walk,64
beijing-pm25.csv,real-world,656,20992,21023,32,lag24,0.0002998059387411225,mean,64
beijing-pm25.csv,real-world,657,21024,21055,32,lag24,0.4459098160672645,mean,64
beijing-pm25.csv,real-world,658,21056,21087,32,lag24,0.04976744391363964,random_walk,64
beijing-pm25.csv,real-world,659,21088,21119,32,random_walk,0.05986188456609074,random_walk,64
beijing-pm25.csv,real-world,660,21120,21151,32,lag24,0.06251201886488904,median,64
beijing-pm25.csv,real-world,661,21152,21183,32,lag24,0.11797616934986621,mean,64
beijing-pm25.csv,real-world,662,21184,21215,32,ar1,0.21460944575198954,mean,64
beijing-pm25.csv,real-world,663,21216,21247,32,lag24,0.21194781197266463,random_walk,64
beijing-pm25.csv,real-world,664,21248,21279,32,lag24,0.09199023168139638,median,64
beijing-pm25.csv,real-world,665,21280,21311,32,median,0.039748271889778,median,64
beijing-pm25.csv,real-world,666,21312,21343,32,random_walk,0.16872838612548416,random_walk,64
beijing-pm25.csv,real-world,667,21344,21375,32,lag24,0.06910976474458519,median,64
beijing-pm25.csv,real-world,668,21376,21407,32,lag24,0.04043636287376223,median,64
beijing-pm25.csv,real-world,669,21408,21439,32,lag24,0.1574653842444096,random_walk,64
beijing-pm25.csv,real-world,670,21440,21471,32,lag24,0.1857413406549487,mean,64
beijing-pm25.csv,real-world,671,21472,21503,32,random_walk,0.030472715836917175,random_walk,64
beijing-pm25.csv,real-world,672,21504,21535,32,quadratic,0.6111282830808926,median,64
beijing-pm25.csv,real-world,673,21536,21567,32,quadratic,0.30193618970828007,random_walk,64
beijing-pm25.csv,real-world,674,21568,21599,32,lag24,0.2961087544927308,mean,64
beijing-pm25.csv,real-world,675,21600,21631,32,lag24,0.31191416259473603,median,64
beijing-pm25.csv,real-world,676,21632,21663,32,lag24,0.4114834543285471,random_walk,64
beijing-pm25.csv,real-world,677,21664,21695,32,quadratic,0.36590274465820244,mean,64
beijing-pm25.csv,real-world,678,21696,21727,32,lag24,0.13842852593690455,mean,64
beijing-pm25.csv,real-world,679,21728,21759,32,lag24,1.0073846765703847,mean,64
beijing-pm25.csv,real-world,680,21760,21791,32,quadratic,0.2154214948781992,random_walk,64
beijing-pm25.csv,real-world,681,21792,21823,32,lag24,1.066418936811945,median,64
beijing-pm25.csv,real-world,682,21824,21855,32,lag24,0.09882117688026186,random_walk,64
beijing-pm25.csv,real-world,683,21856,21887,32,lag24,0.2659886620048186,median,64
beijing-pm25.csv,real-world,684,21888,21919,32,quadratic,0.4100738734132787,mean,64
beijing-pm25.csv,real-world,685,21920,21951,32,lag24,0.12049773899936081,median,64
beijing-pm25.csv,real-world,686,21952,21983,32,lag24,0.2429157595311661,mean,64
beijing-pm25.csv,real-world,687,21984,22015,32,lag24,0.14265195188126095,median,64
beijing-pm25.csv,real-world,688,22016,22047,32,lag24,0.2481073123718877,median,64
beijing-pm25.csv,real-world,689,22048,22079,32,lag24,0.7559111824780961,random_walk,64
beijing-pm25.csv,real-world,690,22080,22111,32,lag24,0.3584533716571852,mean,64
beijing-pm25.csv,real-world,691,22112,22143,32,ar1,1.8583264494301677,random_walk,64
beijing-pm25.csv,real-world,692,22144,22175,32,lag24,0.07493636339511064,median,64
beijing-pm25.csv,real-world,693,22176,22207,32,lag24,0.019987918474503055,random_walk,64
beijing-pm25.csv,real-world,694,22208,22239,32,lag24,0.09393830690730774,random_walk,64
beijing-pm25.csv,real-world,695,22240,22271,32,lag24,0.29891031908384313,random_walk,64
beijing-pm25.csv,real-world,696,22272,22303,32,lag24,0.44430677728699425,mean,64
beijing-pm25.csv,real-world,697,22304,22335,32,lag24,0.4155988356179086,mean,64
beijing-pm25.csv,real-world,698,22336,22367,32,ar1,1.1077250765656326,random_walk,64
beijing-pm25.csv,real-world,699,22368,22399,32,lag24,0.20440852176032848,median,64
beijing-pm25.csv,real-world,700,22400,22431,32,lag24,0.2261857342926116,median,64
beijing-pm25.csv,real-world,701,22432,22463,32,random_walk,0.3003250672086565,random_walk,64
beijing-pm25.csv,real-world,702,22464,22495,32,lag24,0.13103104055191184,mean,64
beijing-pm25.csv,real-world,703,22496,22527,32,lag24,0.288591386912488,mean,64
beijing-pm25.csv,real-world,704,22528,22559,32,lag24,0.15426985149224803,mean,64
beijing-pm25.csv,real-world,705,22560,22591,32,lag24,0.34455435422132324,random_walk,64
beijing-pm25.csv,real-world,706,22592,22623,32,lag24,0.21553139625652531,median,64
beijing-pm25.csv,real-world,707,22624,22655,32,lag24,0.033008446644458074,mean,64
beijing-pm25.csv,real-world,708,22656,22687,32,lag24,0.07560284629155566,mean,64
beijing-pm25.csv,real-world,709,22688,22719,32,lag24,0.5900290554131572,random_walk,64
beijing-pm25.csv,real-world,710,22720,22751,32,lag24,0.6677206158942223,mean,64
beijing-pm25.csv,real-world,711,22752,22783,32,linear,1.4058780996976836,median,64
beijing-pm25.csv,real-world,712,22784,22815,32,lag24,0.3033961040003524,random_walk,64
beijing-pm25.csv,real-world,713,22816,22847,32,lag24,0.12934442822547051,median,64
beijing-pm25.csv,real-world,714,22848,22879,32,lag24,0.13871522319385055,random_walk,64
beijing-pm25.csv,real-world,715,22880,22911,32,lag24,0.375244540753014,median,64
beijing-pm25.csv,real-world,716,22912,22943,32,lag24,0.3397965569839446,random_walk,64
beijing-pm25.csv,real-world,717,22944,22975,32,lag24,0.37591769770483874,mean,64
beijing-pm25.csv,real-world,718,22976,23007,32,lag24,0.28998443821879233,random_walk,64
beijing-pm25.csv,real-world,719,23008,23039,32,lag24,1.0849317772353928,median,64
beijing-pm25.csv,real-world,720,23040,23071,32,ar1,0.38040482637582984,random_walk,64
beijing-pm25.csv,real-world,721,23072,23103,32,lag24,0.4560085518962864,mean,64
beijing-pm25.csv,real-world,722,23104,23135,32,lag24,0.2102557331364491,mean,64
beijing-pm25.csv,real-world,723,23136,23167,32,lag24,0.2205940934700319,mean,64
beijing-pm25.csv,real-world,724,23168,23199,32,lag24,0.33409103821993646,random_walk,64
beijing-pm25.csv,real-world,725,23200,23231,32,lag24,0.1620805066194162,median,64
beijing-pm25.csv,real-world,726,23232,23263,32,quadratic,0.20534793334440665,random_walk,64
beijing-pm25.csv,real-world,727,23264,23295,32,quadratic,0.5967545553738463,mean,64
beijing-pm25.csv,real-world,728,23296,23327,32,lag24,0.4894222368345356,median,64
beijing-pm25.csv,real-world,729,23328,23359,32,lag24,0.8221737701488002,median,64
beijing-pm25.csv,real-world,730,23360,23391,32,lag24,3.2047014530616242,mean,64
beijing-pm25.csv,real-world,731,23392,23423,32,lag24,3.189182259645655,mean,64
beijing-pm25.csv,real-world,732,23424,23455,32,lag24,0.03680550693052325,median,64
beijing-pm25.csv,real-world,733,23456,23487,32,quadratic,0.5865891143617973,median,64
beijing-pm25.csv,real-world,734,23488,23519,32,quadratic,0.7937419399785967,mean,64
beijing-pm25.csv,real-world,735,23520,23551,32,lag24,0.14039747105753506,median,64
beijing-pm25.csv,real-world,736,23552,23583,32,lag24,0.3107880723652114,median,64
beijing-pm25.csv,real-world,737,23584,23615,32,lag24,0.33182684399608375,median,64
beijing-pm25.csv,real-world,738,23616,23647,32,ar1,0.43019427307535796,random_walk,64
beijing-pm25.csv,real-world,739,23648,23679,32,lag24,1.1600998796233906,median,64
beijing-pm25.csv,real-world,740,23680,23711,32,lag24,1.185960618067664,median,64
beijing-pm25.csv,real-world,741,23712,23743,32,ar1,1.539750408496936,random_walk,64
beijing-pm25.csv,real-world,742,23744,23775,32,lag24,0.07368880266229026,mean,64
beijing-pm25.csv,real-world,743,23776,23807,32,lag24,1.0287380482575104,random_walk,64
beijing-pm25.csv,real-world,744,23808,23839,32,lag24,0.5340572553286242,median,64
beijing-pm25.csv,real-world,745,23840,23871,32,ar1,0.48106153813593233,median,64
beijing-pm25.csv,real-world,746,23872,23903,32,lag24,1.4997840360237507,median,64
beijing-pm25.csv,real-world,747,23904,23935,32,quadratic,1.8081678782928097,random_walk,64
beijing-pm25.csv,real-world,748,23936,23967,32,quadratic,2.9204902512643343,median,64
beijing-pm25.csv,real-world,749,23968,23999,32,lag24,0.9739124365886828,mean,64
beijing-pm25.csv,real-world,750,24000,24031,32,quadratic,0.797023729943939,random_walk,64
beijing-pm25.csv,real-world,751,24032,24063,32,lag24,0.6782362841617193,median,64
beijing-pm25.csv,real-world,752,24064,24095,32,lag24,1.9541295409631936,mean,64
beijing-pm25.csv,real-world,753,24096,24127,32,quadratic,0.4284331473468617,random_walk,64
beijing-pm25.csv,real-world,754,24128,24159,32,lag24,0.22645530140355521,random_walk,64
beijing-pm25.csv,real-world,755,24160,24191,32,lag24,1.3221754331274915,random_walk,64
beijing-pm25.csv,real-world,756,24192,24223,32,lag24,0.8329144497354541,median,64
beijing-pm25.csv,real-world,757,24224,24255,32,lag24,0.21819503866987458,random_walk,64
beijing-pm25.csv,real-world,758,24256,24287,32,lag24,0.1827714795140582,mean,64
beijing-pm25.csv,real-world,759,24288,24319,32,lag24,0.16168200872519303,median,64
beijing-pm25.csv,real-world,760,24320,24351,32,lag24,0.39214429778588883,median,64
beijing-pm25.csv,real-world,761,24352,24383,32,lag24,0.04424295153991046,median,64
beijing-pm25.csv,real-world,762,24384,24415,32,median,0.043513421073274904,median,64
beijing-pm25.csv,real-world,763,24416,24447,32,lag24,0.06698103771169228,median,64
beijing-pm25.csv,real-world,764,24448,24479,32,lag24,0.7687632093907821,median,64
beijing-pm25.csv,real-world,765,24480,24511,32,lag24,0.1715501739480668,median,64
beijing-pm25.csv,real-world,766,24512,24543,32,lag24,0.4155851875375262,median,64
beijing-pm25.csv,real-world,767,24544,24575,32,lag24,0.4952288819609678,mean,64
beijing-pm25.csv,real-world,768,24576,24607,32,lag24,0.24105522756824715,median,64
beijing-pm25.csv,real-world,769,24608,24639,32,lag24,0.9351922172086437,mean,64
beijing-pm25.csv,real-world,770,24640,24671,32,lag24,0.019394438690085142,random_walk,64
beijing-pm25.csv,real-world,771,24672,24703,32,lag24,0.06734054421665726,mean,64
beijing-pm25.csv,real-world,772,24704,24735,32,lag24,0.19356712491269415,median,64
beijing-pm25.csv,real-world,773,24736,24767,32,lag24,0.7374522105550216,median,64
beijing-pm25.csv,real-world,774,24768,24799,32,lag24,0.6400585002666305,random_walk,64
beijing-pm25.csv,real-world,775,24800,24831,32,lag24,0.6132978137022862,median,64
beijing-pm25.csv,real-world,776,24832,24863,32,lag24,0.4357775916219704,median,64
beijing-pm25.csv,real-world,777,24864,24895,32,lag24,0.11557791902995183,median,64
beijing-pm25.csv,real-world,778,24896,24927,32,lag24,0.15076191900870206,median,64
beijing-pm25.csv,real-world,779,24928,24959,32,quadratic,0.2556791932813077,mean,64
beijing-pm25.csv,real-world,780,24960,24991,32,lag24,0.01838242717403154,random_walk,64
beijing-pm25.csv,real-world,781,24992,25023,32,lag24,0.08207087028904353,median,64
beijing-pm25.csv,real-world,782,25024,25055,32,lag24,0.1560877723581594,mean,64
beijing-pm25.csv,real-world,783,25056,25087,32,lag24,0.3180605113618557,mean,64
beijing-pm25.csv,real-world,784,25088,25119,32,lag24,0.3432219851608971,mean,64
beijing-pm25.csv,real-world,785,25120,25151,32,lag24,0.566161455941406,mean,64
beijing-pm25.csv,real-world,786,25152,25183,32,ar1,0.10473795755158549,median,64
beijing-pm25.csv,real-world,787,25184,25215,32,lag24,0.014199684201490762,median,64
beijing-pm25.csv,real-world,788,25216,25247,32,lag24,0.048053354269161616,random_walk,64
beijing-pm25.csv,real-world,789,25248,25279,32,lag24,0.3457033429322251,median,64
beijing-pm25.csv,real-world,790,25280,25311,32,lag24,0.07348208381859708,median,64
beijing-pm25.csv,real-world,791,25312,25343,32,quadratic,0.1222261345696015,median,64
beijing-pm25.csv,real-world,792,25344,25375,32,lag24,0.23511217083632766,median,64
beijing-pm25.csv,real-world,793,25376,25407,32,quadratic,0.8304769507083518,median,64
beijing-pm25.csv,real-world,794,25408,25439,32,lag24,0.14297370770410808,mean,64
beijing-pm25.csv,real-world,795,25440,25471,32,lag24,0.15390450914587103,median,64
beijing-pm25.csv,real-world,796,25472,25503,32,lag24,0.16906607603452536,mean,64
beijing-pm25.csv,real-world,797,25504,25535,32,lag24,0.232276884964012,mean,64
beijing-pm25.csv,real-world,798,25536,25567,32,lag24,0.22568678330793274,random_walk,64
beijing-pm25.csv,real-world,799,25568,25599,32,lag24,0.8950834518159687,median,64
beijing-pm25.csv,real-world,800,25600,25631,32,lag24,0.527145144364991,mean,64
beijing-pm25.csv,real-world,801,25632,25663,32,lag24,0.21453841953648814,mean,64
beijing-pm25.csv,real-world,802,25664,25695,32,lag24,0.6541083808850904,mean,64
beijing-pm25.csv,real-world,803,25696,25727,32,lag24,0.12490286246246371,median,64
beijing-pm25.csv,real-world,804,25728,25759,32,lag24,0.1477592604659852,median,64
beijing-pm25.csv,real-world,805,25760,25791,32,lag24,1.405790886046661,mean,64
beijing-pm25.csv,real-world,806,25792,25823,32,lag24,0.4473947597293249,random_walk,64
beijing-pm25.csv,real-world,807,25824,25855,32,quadratic,0.5018824900296801,mean,64
beijing-pm25.csv,real-world,808,25856,25887,32,quadratic,0.8054543994944996,mean,64
beijing-pm25.csv,real-world,809,25888,25919,32,lag24,0.4873034499616307,median,64
beijing-pm25.csv,real-world,810,25920,25951,32,quadratic,1.6660358225697147,mean,64
beijing-pm25.csv,real-world,811,25952,25983,32,lag24,0.3379994734228523,median,64
beijing-pm25.csv,real-world,812,25984,26015,32,lag24,0.19198055630825822,median,64
beijing-pm25.csv,real-world,813,26016,26047,32,lag24,0.4431111824492196,random_walk,64
beijing-pm25.csv,real-world,814,26048,26079,32,lag24,0.17405936380021855,random_walk,64
beijing-pm25.csv,real-world,815,26080,26111,32,lag24,0.038813683032149826,median,64
beijing-pm25.csv,real-world,816,26112,26143,32,lag24,0.07520556605390845,median,64
beijing-pm25.csv,real-world,817,26144,26175,32,quadratic,0.19522592381737136,mean,64
beijing-pm25.csv,real-world,818,26176,26207,32,lag24,0.29475961451746935,random_walk,64
beijing-pm25.csv,real-world,819,26208,26239,32,lag24,0.14875225680315624,median,64
beijing-pm25.csv,real-world,820,26240,26271,32,lag24,1.1768453082174508,mean,64
beijing-pm25.csv,real-world,821,26272,26303,32,quadratic,0.44065887609525356,random_walk,64
beijing-pm25.csv,real-world,822,26304,26335,32,quadratic,0.18947625227904302,mean,64
beijing-pm25.csv,real-world,823,26336,26367,32,lag24,0.14341131622052003,mean,64
beijing-pm25.csv,real-world,824,26368,26399,32,lag24,0.41872265353576443,random_walk,64
beijing-pm25.csv,real-world,825,26400,26431,32,lag24,0.3410330177387649,random_walk,64
beijing-pm25.csv,real-world,826,26432,26463,32,lag24,0.13762970334685287,mean,64
beijing-pm25.csv,real-world,827,26464,26495,32,lag24,0.7814937509439147,mean,64
beijing-pm25.csv,real-world,828,26496,26527,32,lag24,0.14037889351739002,median,64
beijing-pm25.csv,real-world,829,26528,26559,32,lag24,0.8955219176147078,random_walk,64
beijing-pm25.csv,real-world,830,26560,26591,32,lag24,0.10646129167340912,median,64
beijing-pm25.csv,real-world,831,26592,26623,32,lag24,0.4196719137010615,mean,64
beijing-pm25.csv,real-world,832,26624,26655,32,median,0.03956061248820167,median,64
beijing-pm25.csv,real-world,833,26656,26687,32,lag24,0.1976729335957084,mean,64
beijing-pm25.csv,real-world,834,26688,26719,32,lag24,0.23418637842026574,mean,64
beijing-pm25.csv,real-world,835,26720,26751,32,lag24,0.7540260679941934,median,64
beijing-pm25.csv,real-world,836,26752,26783,32,quadratic,0.17304404639702942,median,64
beijing-pm25.csv,real-world,837,26784,26815,32,lag24,0.28088168302571165,random_walk,64
beijing-pm25.csv,real-world,838,26816,26847,32,lag24,0.39317991090995125,mean,64
beijing-pm25.csv,real-world,839,26848,26879,32,random_walk,0.05680438930475716,random_walk,64
beijing-pm25.csv,real-world,840,26880,26911,32,lag24,0.241817067274933,mean,64
beijing-pm25.csv,real-world,841,26912,26943,32,quadratic,0.6238527598148251,median,64
beijing-pm25.csv,real-world,842,26944,26975,32,ar1,0.953529726913839,median,64
beijing-pm25.csv,real-world,843,26976,27007,32,lag24,0.39244480858292363,mean,64
beijing-pm25.csv,real-world,844,27008,27039,32,lag24,0.09314533067242516,mean,64
beijing-pm25.csv,real-world,845,27040,27071,32,quadratic,0.42240547176995186,median,64
beijing-pm25.csv,real-world,846,27072,27103,32,ar1,1.620173955539463,mean,64
beijing-pm25.csv,real-world,847,27104,27135,32,lag24,0.548873527576563,mean,64
beijing-pm25.csv,real-world,848,27136,27167,32,lag24,0.31768765200933896,mean,64
beijing-pm25.csv,real-world,849,27168,27199,32,quadratic,0.32884792185134226,random_walk,64
beijing-pm25.csv,real-world,850,27200,27231,32,lag24,0.20375171004906348,median,64
beijing-pm25.csv,real-world,851,27232,27263,32,lag24,0.03231120334649511,median,64
beijing-pm25.csv,real-world,852,27264,27295,32,lag24,0.3032013584871832,random_walk,64
beijing-pm25.csv,real-world,853,27296,27327,32,lag24,0.27370964367139355,median,64
beijing-pm25.csv,real-world,854,27328,27359,32,random_walk,0.39000868793188803,random_walk,64
beijing-pm25.csv,real-world,855,27360,27391,32,lag24,0.04017124875882261,median,64
beijing-pm25.csv,real-world,856,27392,27423,32,lag24,0.4209376159614128,mean,64
beijing-pm25.csv,real-world,857,27424,27455,32,lag24,0.19007937597977,random_walk,64
beijing-pm25.csv,real-world,858,27456,27487,32,lag24,0.21954838840525367,median,64
beijing-pm25.csv,real-world,859,27488,27519,32,ar1,0.44544938713126425,median,64
beijing-pm25.csv,real-world,860,27520,27551,32,quadratic,0.1411161934603748,median,64
beijing-pm25.csv,real-world,861,27552,27583,32,quadratic,0.28783407678516587,median,64
beijing-pm25.csv,real-world,862,27584,27615,32,lag24,0.25100431680402424,median,64
beijing-pm25.csv,real-world,863,27616,27647,32,lag24,0.21802041980385245,random_walk,64
beijing-pm25.csv,real-world,864,27648,27679,32,lag24,0.38196476837030857,mean,64
beijing-pm25.csv,real-world,865,27680,27711,32,lag24,0.058865282444230706,median,64
beijing-pm25.csv,real-world,866,27712,27743,32,lag24,0.09881935073732452,median,64
beijing-pm25.csv,real-world,867,27744,27775,32,lag24,0.2533714536439126,median,64
beijing-pm25.csv,real-world,868,27776,27807,32,lag24,0.33792720796396447,median,64
beijing-pm25.csv,real-world,869,27808,27839,32,lag24,0.34417350917404815,median,64
beijing-pm25.csv,real-world,870,27840,27871,32,ar1,0.2463716048131794,random_walk,64
beijing-pm25.csv,real-world,871,27872,27903,32,quadratic,0.8858096789078211,mean,64
beijing-pm25.csv,real-world,872,27904,27935,32,lag24,0.03626487398306545,mean,64
beijing-pm25.csv,real-world,873,27936,27967,32,lag24,0.36660332916686283,random_walk,64
beijing-pm25.csv,real-world,874,27968,27999,32,lag24,0.26085466919531464,median,64
beijing-pm25.csv,real-world,875,28000,28031,32,lag24,0.1643995724915869,mean,64
beijing-pm25.csv,real-world,876,28032,28063,32,lag24,0.17628782487496877,mean,64
beijing-pm25.csv,real-world,877,28064,28095,32,quadratic,0.23352894724099113,mean,64
beijing-pm25.csv,real-world,878,28096,28127,32,lag24,0.5558569405926619,median,64
beijing-pm25.csv,real-world,879,28128,28159,32,lag24,1.1309158576832388,random_walk,64
beijing-pm25.csv,real-world,880,28160,28191,32,lag24,0.297668098094426,median,64
beijing-pm25.csv,real-world,881,28192,28223,32,lag24,0.4002641099904541,median,64
beijing-pm25.csv,real-world,882,28224,28255,32,lag24,0.2557746983880847,random_walk,64
beijing-pm25.csv,real-world,883,28256,28287,32,lag24,0.09846882628046155,random_walk,64
beijing-pm25.csv,real-world,884,28288,28319,32,lag24,0.24581024791157902,mean,64
beijing-pm25.csv,real-world,885,28320,28351,32,lag24,0.4610305606791379,mean,64
beijing-pm25.csv,real-world,886,28352,28383,32,lag24,0.06583857371973979,median,64
beijing-pm25.csv,real-world,887,28384,28415,32,lag24,0.14808255390668287,random_walk,64
beijing-pm25.csv,real-world,888,28416,28447,32,lag24,0.2136318477275055,median,64
beijing-pm25.csv,real-world,889,28448,28479,32,lag24,0.9901678600750179,random_walk,64
beijing-pm25.csv,real-world,890,28480,28511,32,lag24,0.11761350993785641,median,64
beijing-pm25.csv,real-world,891,28512,28543,32,ar1,0.349185830171191,mean,64
beijing-pm25.csv,real-world,892,28544,28575,32,lag24,0.30631951655497913,mean,64
beijing-pm25.csv,real-world,893,28576,28607,32,lag24,0.161024102921296,mean,64
beijing-pm25.csv,real-world,894,28608,28639,32,lag24,0.1222279624590126,mean,64
beijing-pm25.csv,real-world,895,28640,28671,32,lag24,0.32439952758618135,mean,64
beijing-pm25.csv,real-world,896,28672,28703,32,lag24,0.035949146930666205,mean,64
beijing-pm25.csv,real-world,897,28704,28735,32,lag24,0.29671154335024674,mean,64
beijing-pm25.csv,real-world,898,28736,28767,32,lag24,0.08625990826407338,mean,64
beijing-pm25.csv,real-world,899,28768,28799,32,lag24,0.20349687003140793,median,64
beijing-pm25.csv,real-world,900,28800,28831,32,ar1,0.41152887914165454,median,64
beijing-pm25.csv,real-world,901,28832,28863,32,lag24,0.32214129731655333,mean,64
beijing-pm25.csv,real-world,902,28864,28895,32,quadratic,0.15920194520185815,random_walk,64
beijing-pm25.csv,real-world,903,28896,28927,32,lag24,0.10524297387317297,mean,64
beijing-pm25.csv,real-world,904,28928,28959,32,lag24,0.15032566558540375,median,64
beijing-pm25.csv,real-world,905,28960,28991,32,quadratic,0.45352280878343926,mean,64
beijing-pm25.csv,real-world,906,28992,29023,32,lag24,0.1604353730053274,mean,64
beijing-pm25.csv,real-world,907,29024,29055,32,lag24,0.33033004292937845,random_walk,64
beijing-pm25.csv,real-world,908,29056,29087,32,lag24,0.42397031778642735,median,64
beijing-pm25.csv,real-world,909,29088,29119,32,lag24,0.41423546925040733,median,64
beijing-pm25.csv,real-world,910,29120,29151,32,lag24,0.11790363764103273,random_walk,64
beijing-pm25.csv,real-world,911,29152,29183,32,lag24,0.2189158188101943,median,64
beijing-pm25.csv,real-world,912,29184,29215,32,lag24,0.5594241234995215,median,64
beijing-pm25.csv,real-world,913,29216,29247,32,lag24,0.20596698420910034,random_walk,64
beijing-pm25.csv,real-world,914,29248,29279,32,ar1,0.4191403194038671,mean,64
beijing-pm25.csv,real-world,915,29280,29311,32,lag24,0.19940830715276398,median,64
beijing-pm25.csv,real-world,916,29312,29343,32,lag24,0.17909003571451093,mean,64
beijing-pm25.csv,real-world,917,29344,29375,32,random_walk,0.06798782646803161,random_walk,64
beijing-pm25.csv,real-world,918,29376,29407,32,ar1,0.6210681406552475,mean,64
beijing-pm25.csv,real-world,919,29408,29439,32,quadratic,0.20535086407785816,mean,64
beijing-pm25.csv,real-world,920,29440,29471,32,quadratic,0.41135585047319684,median,64
beijing-pm25.csv,real-world,921,29472,29503,32,lag24,0.1575720574569293,random_walk,64
beijing-pm25.csv,real-world,922,29504,29535,32,lag24,0.18637686740137133,median,64
beijing-pm25.csv,real-world,923,29536,29567,32,quadratic,0.29538267994686507,random_walk,64
beijing-pm25.csv,real-world,924,29568,29599,32,lag24,0.25978475000964407,mean,64
beijing-pm25.csv,real-world,925,29600,29631,32,lag24,0.22079385636515445,median,64
beijing-pm25.csv,real-world,926,29632,29663,32,lag24,0.33755502451777375,median,64
beijing-pm25.csv,real-world,927,29664,29695,32,lag24,0.12070959207381984,median,64
beijing-pm25.csv,real-world,928,29696,29727,32,lag24,0.07717968281763865,median,64
beijing-pm25.csv,real-world,929,29728,29759,32,lag24,0.07070588120058931,mean,64
beijing-pm25.csv,real-world,930,29760,29791,32,lag24,0.1172251061605713,mean,64
beijing-pm25.csv,real-world,931,29792,29823,32,lag24,0.0734673952700961,mean,64
beijing-pm25.csv,real-world,932,29824,29855,32,quadratic,0.14758982244888894,random_walk,64
beijing-pm25.csv,real-world,933,29856,29887,32,lag24,0.04943542675510264,random_walk,64
beijing-pm25.csv,real-world,934,29888,29919,32,quadratic,0.09356794985283744,mean,64
beijing-pm25.csv,real-world,935,29920,29951,32,lag24,0.5008381032515193,mean,64
beijing-pm25.csv,real-world,936,29952,29983,32,mean,0.34956415693789517,mean,64
beijing-pm25.csv,real-world,937,29984,30015,32,lag24,0.36388763775082966,mean,64
beijing-pm25.csv,real-world,938,30016,30047,32,lag24,0.07126635209350997,mean,64
beijing-pm25.csv,real-world,939,30048,30079,32,lag24,0.12155438297907914,mean,64
beijing-pm25.csv,real-world,940,30080,30111,32,lag24,0.08185362653459065,median,64
beijing-pm25.csv,real-world,941,30112,30143,32,lag24,0.14656900043091428,mean,64
beijing-pm25.csv,real-world,942,30144,30175,32,lag24,0.22907799835855447,mean,64
beijing-pm25.csv,real-world,943,30176,30207,32,lag24,0.9053327223603896,random_walk,64
beijing-pm25.csv,real-world,944,30208,30239,32,lag24,0.4187180441973218,median,64
beijing-pm25.csv,real-world,945,30240,30271,32,lag24,0.0654477353309225,median,64
beijing-pm25.csv,real-world,946,30272,30303,32,lag24,0.08769509500251425,median,64
beijing-pm25.csv,real-world,947,30304,30335,32,lag24,0.1653681458603763,mean,64
beijing-pm25.csv,real-world,948,30336,30367,32,lag24,0.14312108243174762,random_walk,64
beijing-pm25.csv,real-world,949,30368,30399,32,lag24,0.5583855752003334,mean,64
beijing-pm25.csv,real-world,950,30400,30431,32,lag24,0.46917083192129216,median,64
beijing-pm25.csv,real-world,951,30432,30463,32,lag24,0.25248564161995274,mean,64
beijing-pm25.csv,real-world,952,30464,30495,32,lag24,0.19120417866508307,median,64
beijing-pm25.csv,real-world,953,30496,30527,32,lag24,0.3852519339334614,median,64
beijing-pm25.csv,real-world,954,30528,30559,32,linear,0.4151647957591545,random_walk,64
beijing-pm25.csv,real-world,955,30560,30591,32,linear,1.0075571116751354,median,64
beijing-pm25.csv,real-world,956,30592,30623,32,lag24,0.8088675065172415,mean,64
beijing-pm25.csv,real-world,957,30624,30655,32,lag24,0.09962895559949574,mean,64
beijing-pm25.csv,real-world,958,30656,30687,32,lag24,0.3333085286450971,mean,64
beijing-pm25.csv,real-world,959,30688,30719,32,lag24,0.10509053259618148,random_walk,64
beijing-pm25.csv,real-world,960,30720,30751,32,lag24,0.18042264566957902,mean,64
beijing-pm25.csv,real-world,961,30752,30783,32,lag24,0.26283336157481246,median,64
beijing-pm25.csv,real-world,962,30784,30815,32,lag24,0.1722982897309028,mean,64
beijing-pm25.csv,real-world,963,30816,30847,32,lag24,0.27324916715185255,mean,64
beijing-pm25.csv,real-world,964,30848,30879,32,lag24,0.7453086433309912,mean,64
beijing-pm25.csv,real-world,965,30880,30911,32,ar1,0.665969542010452,random_walk,64
beijing-pm25.csv,real-world,966,30912,30943,32,lag24,0.37086772753218816,random_walk,64
beijing-pm25.csv,real-world,967,30944,30975,32,random_walk,0.42621525146019906,random_walk,64
beijing-pm25.csv,real-world,968,30976,31007,32,lag24,1.0456074644570077,mean,64
beijing-pm25.csv,real-world,969,31008,31039,32,ar1,0.21599655397886822,mean,64
beijing-pm25.csv,real-world,970,31040,31071,32,lag24,0.14991894033529257,random_walk,64
beijing-pm25.csv,real-world,971,31072,31103,32,lag24,0.23208511557812295,median,64
beijing-pm25.csv,real-world,972,31104,31135,32,lag24,0.5623441865711931,mean,64
beijing-pm25.csv,real-world,973,31136,31167,32,lag24,0.17453315562156685,random_walk,64
beijing-pm25.csv,real-world,974,31168,31199,32,lag24,0.3148525635812802,mean,64
beijing-pm25.csv,real-world,975,31200,31231,32,lag24,0.08764265019004727,mean,64
beijing-pm25.csv,real-world,976,31232,31263,32,lag24,0.13133166608798366,random_walk,64
beijing-pm25.csv,real-world,977,31264,31295,32,quadratic,0.20354748867183795,mean,64
beijing-pm25.csv,real-world,978,31296,31327,32,lag24,0.5100597085176657,random_walk,64
beijing-pm25.csv,real-world,979,31328,31359,32,lag24,0.35883971032846174,random_walk,64
beijing-pm25.csv,real-world,980,31360,31391,32,lag24,0.9374331855678286,median,64
beijing-pm25.csv,real-world,981,31392,31423,32,quadratic,0.5523072666796266,random_walk,64
beijing-pm25.csv,real-world,982,31424,31455,32,quadratic,0.35302049683568815,median,64
beijing-pm25.csv,real-world,983,31456,31487,32,quadratic,0.5124771176454035,mean,64
beijing-pm25.csv,real-world,984,31488,31519,32,lag24,1.3930084246359595,median,64
beijing-pm25.csv,real-world,985,31520,31551,32,ar1,1.1028373490509498,mean,64
beijing-pm25.csv,real-world,986,31552,31583,32,lag24,0.22440322166809124,random_walk,64
beijing-pm25.csv,real-world,987,31584,31615,32,lag24,0.14171856094484211,random_walk,64
beijing-pm25.csv,real-world,988,31616,31647,32,lag24,0.3519470045498595,random_walk,64
beijing-pm25.csv,real-world,989,31648,31679,32,lag24,0.28213501706335914,mean,64
beijing-pm25.csv,real-world,990,31680,31711,32,lag24,0.48102097997518883,median,64
beijing-pm25.csv,real-world,991,31712,31743,32,lag24,1.0017282458367216,random_walk,64
beijing-pm25.csv,real-world,992,31744,31775,32,quadratic,0.42210065963448173,mean,64
beijing-pm25.csv,real-world,993,31776,31807,32,quadratic,0.09300129514849653,mean,64
beijing-pm25.csv,real-world,994,31808,31839,32,lag24,0.06190752999156936,median,64
beijing-pm25.csv,real-world,995,31840,31871,32,lag24,0.4055016388181343,median,64
beijing-pm25.csv,real-world,996,31872,31903,32,lag24,1.682907809793591,median,64
beijing-pm25.csv,real-world,997,31904,31935,32,lag24,0.2915523804425852,random_walk,64
beijing-pm25.csv,real-world,998,31936,31967,32,quadratic,1.019719075503013,mean,64
beijing-pm25.csv,real-world,999,31968,31999,32,lag24,0.20703499110491524,random_walk,64
beijing-pm25.csv,real-world,1000,32000,32031,32,lag24,0.3036637684760747,median,64
beijing-pm25.csv,real-world,1001,32032,32063,32,lag24,0.7407222238212818,random_walk,64
beijing-pm25.csv,real-world,1002,32064,32095,32,random_walk,2.010687175570859,random_walk,64
beijing-pm25.csv,real-world,1003,32096,32127,32,quadratic,0.4284429700278822,median,64
beijing-pm25.csv,real-world,1004,32128,32159,32,lag24,0.7212257429727631,mean,64
beijing-pm25.csv,real-world,1005,32160,32191,32,lag24,0.3404060647461716,random_walk,64
beijing-pm25.csv,real-world,1006,32192,32223,32,lag24,0.10038423522166558,random_walk,64
beijing-pm25.csv,real-world,1007,32224,32255,32,lag24,0.3250121539349313,median,64
beijing-pm25.csv,real-world,1008,32256,32287,32,lag24,0.3998486902117267,mean,64
beijing-pm25.csv,real-world,1009,32288,32319,32,ar1,0.2305962105576321,median,64
beijing-pm25.csv,real-world,1010,32320,32351,32,lag24,0.191783696890815,mean,64
beijing-pm25.csv,real-world,1011,32352,32383,32,lag24,0.6115714087460952,random_walk,64
beijing-pm25.csv,real-world,1012,32384,32415,32,lag24,0.28746830887932867,random_walk,64
beijing-pm25.csv,real-world,1013,32416,32447,32,lag24,0.2986101695793372,median,64
beijing-pm25.csv,real-world,1014,32448,32479,32,lag24,1.7937784668740835,mean,64
beijing-pm25.csv,real-world,1015,32480,32511,32,lag24,0.2657277761776561,median,64
beijing-pm25.csv,real-world,1016,32512,32543,32,quadratic,0.18942625651548545,mean,64
beijing-pm25.csv,real-world,1017,32544,32575,32,lag24,0.3311892322741489,mean,64
beijing-pm25.csv,real-world,1018,32576,32607,32,lag24,0.5802739314169191,median,64
beijing-pm25.csv,real-world,1019,32608,32639,32,linear,0.49345782465126203,median,64
beijing-pm25.csv,real-world,1020,32640,32671,32,lag24,0.3890767248918403,random_walk,64
beijing-pm25.csv,real-world,1021,32672,32703,32,lag24,0.5410835335904449,median,64
beijing-pm25.csv,real-world,1022,32704,32735,32,lag24,1.7379794214364679,random_walk,64
beijing-pm25.csv,real-world,1023,32736,32767,32,lag24,1.3283578644848613,median,64
beijing-pm25.csv,real-world,1024,32768,32799,32,lag24,0.7055710505775932,random_walk,64
beijing-pm25.csv,real-world,1025,32800,32831,32,lag24,0.8023595631862005,median,64
beijing-pm25.csv,real-world,1026,32832,32863,32,lag24,1.620291197891136,median,64
beijing-pm25.csv,real-world,1027,32864,32895,32,lag24,0.4482410084436951,median,64
beijing-pm25.csv,real-world,1028,32896,32927,32,lag24,0.49683485158198415,mean,64
beijing-pm25.csv,real-world,1029,32928,32959,32,lag24,0.7202987552092288,median,64
beijing-pm25.csv,real-world,1030,32960,32991,32,lag24,0.2893278762403102,median,64
beijing-pm25.csv,real-world,1031,32992,33023,32,quadratic,0.4346424865158876,median,64
beijing-pm25.csv,real-world,1032,33024,33055,32,ar1,0.1589016208871088,median,64
beijing-pm25.csv,real-world,1033,33056,33087,32,lag24,0.23207087734041013,median,64
beijing-pm25.csv,real-world,1034,33088,33119,32,lag24,0.20846060217925802,random_walk,64
beijing-pm25.csv,real-world,1035,33120,33151,32,ar1,0.9590977667859126,median,64
beijing-pm25.csv,real-world,1036,33152,33183,32,lag24,0.8270950395807491,mean,64
beijing-pm25.csv,real-world,1037,33184,33215,32,quadratic,0.1229817953913412,random_walk,64
beijing-pm25.csv,real-world,1038,33216,33247,32,lag24,0.18117605161816583,median,64
beijing-pm25.csv,real-world,1039,33248,33279,32,lag24,0.03429709846566613,random_walk,64
beijing-pm25.csv,real-world,1040,33280,33311,32,lag24,0.221326073473962,random_walk,64
beijing-pm25.csv,real-world,1041,33312,33343,32,lag24,0.21948367713309247,random_walk,64
beijing-pm25.csv,real-world,1042,33344,33375,32,lag24,0.6207267966106603,median,64
beijing-pm25.csv,real-world,1043,33376,33407,32,lag24,0.5186791808069073,random_walk,64
beijing-pm25.csv,real-world,1044,33408,33439,32,ar1,1.8518964309303247,random_walk,64
beijing-pm25.csv,real-world,1045,33440,33471,32,lag24,0.1610047926581033,mean,64
beijing-pm25.csv,real-world,1046,33472,33503,32,quadratic,0.7397012457610659,median,64
beijing-pm25.csv,real-world,1047,33504,33535,32,lag24,0.5650934714743872,mean,64
beijing-pm25.csv,real-world,1048,33536,33567,32,lag24,0.41253357104109406,random_walk,64
beijing-pm25.csv,real-world,1049,33568,33599,32,lag24,2.067593959748828,random_walk,64
beijing-pm25.csv,real-world,1050,33600,33631,32,quadratic,0.1938620297668017,median,64
beijing-pm25.csv,real-world,1051,33632,33663,32,lag24,0.28793725221873906,random_walk,64
beijing-pm25.csv,real-world,1052,33664,33695,32,lag24,0.056236129366745685,median,64
beijing-pm25.csv,real-world,1053,33696,33727,32,quadratic,0.07138988536598051,mean,64
beijing-pm25.csv,real-world,1054,33728,33759,32,lag24,0.5989654317817067,median,64
beijing-pm25.csv,real-world,1055,33760,33791,32,lag24,0.6938469512556531,median,64
beijing-pm25.csv,real-world,1056,33792,33823,32,lag24,0.36309010429611804,random_walk,64
beijing-pm25.csv,real-world,1057,33824,33855,32,lag24,2.074801985276744,mean,64
beijing-pm25.csv,real-world,1058,33856,33887,32,quadratic,0.3265607611187852,random_walk,64
beijing-pm25.csv,real-world,1059,33888,33919,32,lag24,0.18975169272835915,random_walk,64
beijing-pm25.csv,real-world,1060,33920,33951,32,lag24,0.20793377072584565,random_walk,64
beijing-pm25.csv,real-world,1061,33952,33983,32,lag24,0.18435185191986803,mean,64
beijing-pm25.csv,real-world,1062,33984,34015,32,lag24,0.871465073783255,random_walk,64
beijing-pm25.csv,real-world,1063,34016,34047,32,lag24,0.163473876000957,median,64
beijing-pm25.csv,real-world,1064,34048,34079,32,linear,0.1415579233888797,mean,64
beijing-pm25.csv,real-world,1065,34080,34111,32,ar1,0.5402538529772287,median,64
beijing-pm25.csv,real-world,1066,34112,34138,27,lag24,0.043899777158658906,random_walk,59
