point_id,dataset,evidence_group,architecture,architecture_name,C_Q,n_samples,segment_count,mean_predictor_segments,linear_predictor_segments,rw_predictor_segments,global_and_context_bytes,residual_payload_bytes,current_segment_bytes,projected_segment_bytes,current_structural_bytes,projected_structural_bytes,structural_byte_reduction,structural_reduction_fraction,current_encoded_bytes,projected_encoded_bytes,total_byte_reduction,total_reduction_fraction,projected_rate_ratio,current_structural_fraction,projected_structural_fraction,structural_fraction_decrease,per_segment_overhead_reduction_fraction
trend.csv:A0:cq=0.0625,trend.csv,internal,A0,whole_linear,0.0625,200,1,0,1,0,122,200,44,21,166,143,23,0.13855421686746988,366,343,23,0.06284153005464481,0.9371584699453552,0.453551912568306,0.41690962099125367,0.036642291577052344,0.5227272727272727
trend.csv:A1:cq=0.0625,trend.csv,internal,A1,fixed_linear,0.0625,200,4,0,4,0,122,200,176,84,298,206,92,0.3087248322147651,498,406,92,0.18473895582329317,0.8152610441767069,0.5983935742971888,0.5073891625615764,0.09100441173561236,0.5227272727272727
trend.csv:A2:cq=0.0625,trend.csv,internal,A2,fixed_auto,0.0625,200,4,0,4,0,122,200,176,84,298,206,92,0.3087248322147651,498,406,92,0.18473895582329317,0.8152610441767069,0.5983935742971888,0.5073891625615764,0.09100441173561236,0.5227272727272727
trend.csv:A3:cq=0.0625,trend.csv,internal,A3,adaptive_linear,0.0625,200,2,0,2,0,122,200,88,42,210,164,46,0.21904761904761905,410,364,46,0.11219512195121951,0.8878048780487805,0.5121951219512195,0.45054945054945056,0.061645671401768964,0.5227272727272727
trend.csv:A4:cq=0.0625,trend.csv,internal,A4,adaptive_auto,0.0625,200,2,0,2,0,122,200,88,42,210,164,46,0.21904761904761905,410,364,46,0.11219512195121951,0.8878048780487805,0.5121951219512195,0.45054945054945056,0.061645671401768964,0.5227272727272727
trend.csv:A0:cq=0.125,trend.csv,internal,A0,whole_linear,0.125,200,1,0,1,0,122,200,44,21,166,143,23,0.13855421686746988,366,343,23,0.06284153005464481,0.9371584699453552,0.453551912568306,0.41690962099125367,0.036642291577052344,0.5227272727272727
trend.csv:A1:cq=0.125,trend.csv,internal,A1,fixed_linear,0.125,200,4,0,4,0,122,200,176,84,298,206,92,0.3087248322147651,498,406,92,0.18473895582329317,0.8152610441767069,0.5983935742971888,0.5073891625615764,0.09100441173561236,0.5227272727272727
trend.csv:A2:cq=0.125,trend.csv,internal,A2,fixed_auto,0.125,200,4,0,4,0,122,200,176,84,298,206,92,0.3087248322147651,498,406,92,0.18473895582329317,0.8152610441767069,0.5983935742971888,0.5073891625615764,0.09100441173561236,0.5227272727272727
trend.csv:A3:cq=0.125,trend.csv,internal,A3,adaptive_linear,0.125,200,2,0,2,0,122,200,88,42,210,164,46,0.21904761904761905,410,364,46,0.11219512195121951,0.8878048780487805,0.5121951219512195,0.45054945054945056,0.061645671401768964,0.5227272727272727
trend.csv:A4:cq=0.125,trend.csv,internal,A4,adaptive_auto,0.125,200,2,0,2,0,122,200,88,42,210,164,46,0.21904761904761905,410,364,46,0.11219512195121951,0.8878048780487805,0.5121951219512195,0.45054945054945056,0.061645671401768964,0.5227272727272727
trend.csv:A0:cq=0.25,trend.csv,internal,A0,whole_linear,0.25,200,1,0,1,0,122,200,44,21,166,143,23,0.13855421686746988,366,343,23,0.06284153005464481,0.9371584699453552,0.453551912568306,0.41690962099125367,0.036642291577052344,0.5227272727272727
trend.csv:A1:cq=0.25,trend.csv,internal,A1,fixed_linear,0.25,200,4,0,4,0,122,200,176,84,298,206,92,0.3087248322147651,498,406,92,0.18473895582329317,0.8152610441767069,0.5983935742971888,0.5073891625615764,0.09100441173561236,0.5227272727272727
trend.csv:A2:cq=0.25,trend.csv,internal,A2,fixed_auto,0.25,200,4,0,4,0,122,200,176,84,298,206,92,0.3087248322147651,498,406,92,0.18473895582329317,0.8152610441767069,0.5983935742971888,0.5073891625615764,0.09100441173561236,0.5227272727272727
trend.csv:A3:cq=0.25,trend.csv,internal,A3,adaptive_linear,0.25,200,2,0,2,0,122,200,88,42,210,164,46,0.21904761904761905,410,364,46,0.11219512195121951,0.8878048780487805,0.5121951219512195,0.45054945054945056,0.061645671401768964,0.5227272727272727
trend.csv:A4:cq=0.25,trend.csv,internal,A4,adaptive_auto,0.25,200,2,0,2,0,122,200,88,42,210,164,46,0.21904761904761905,410,364,46,0.11219512195121951,0.8878048780487805,0.5121951219512195,0.45054945054945056,0.061645671401768964,0.5227272727272727
trend.csv:A0:cq=0.5,trend.csv,internal,A0,whole_linear,0.5,200,1,0,1,0,122,200,44,21,166,143,23,0.13855421686746988,366,343,23,0.06284153005464481,0.9371584699453552,0.453551912568306,0.41690962099125367,0.036642291577052344,0.5227272727272727
trend.csv:A1:cq=0.5,trend.csv,internal,A1,fixed_linear,0.5,200,4,0,4,0,122,200,176,84,298,206,92,0.3087248322147651,498,406,92,0.18473895582329317,0.8152610441767069,0.5983935742971888,0.5073891625615764,0.09100441173561236,0.5227272727272727
trend.csv:A2:cq=0.5,trend.csv,internal,A2,fixed_auto,0.5,200,4,0,4,0,122,200,176,84,298,206,92,0.3087248322147651,498,406,92,0.18473895582329317,0.8152610441767069,0.5983935742971888,0.5073891625615764,0.09100441173561236,0.5227272727272727
trend.csv:A3:cq=0.5,trend.csv,internal,A3,adaptive_linear,0.5,200,2,0,2,0,122,200,88,42,210,164,46,0.21904761904761905,410,364,46,0.11219512195121951,0.8878048780487805,0.5121951219512195,0.45054945054945056,0.061645671401768964,0.5227272727272727
trend.csv:A4:cq=0.5,trend.csv,internal,A4,adaptive_auto,0.5,200,2,0,2,0,122,200,88,42,210,164,46,0.21904761904761905,410,364,46,0.11219512195121951,0.8878048780487805,0.5121951219512195,0.45054945054945056,0.061645671401768964,0.5227272727272727
trend.csv:A0:cq=1,trend.csv,internal,A0,whole_linear,1.0,200,1,0,1,0,122,200,44,21,166,143,23,0.13855421686746988,366,343,23,0.06284153005464481,0.9371584699453552,0.453551912568306,0.41690962099125367,0.036642291577052344,0.5227272727272727
trend.csv:A1:cq=1,trend.csv,internal,A1,fixed_linear,1.0,200,4,0,4,0,122,200,176,84,298,206,92,0.3087248322147651,498,406,92,0.18473895582329317,0.8152610441767069,0.5983935742971888,0.5073891625615764,0.09100441173561236,0.5227272727272727
trend.csv:A2:cq=1,trend.csv,internal,A2,fixed_auto,1.0,200,4,0,4,0,122,200,176,84,298,206,92,0.3087248322147651,498,406,92,0.18473895582329317,0.8152610441767069,0.5983935742971888,0.5073891625615764,0.09100441173561236,0.5227272727272727
trend.csv:A3:cq=1,trend.csv,internal,A3,adaptive_linear,1.0,200,2,0,2,0,122,200,88,42,210,164,46,0.21904761904761905,410,364,46,0.11219512195121951,0.8878048780487805,0.5121951219512195,0.45054945054945056,0.061645671401768964,0.5227272727272727
trend.csv:A4:cq=1,trend.csv,internal,A4,adaptive_auto,1.0,200,2,0,2,0,122,200,88,42,210,164,46,0.21904761904761905,410,364,46,0.11219512195121951,0.8878048780487805,0.5121951219512195,0.45054945054945056,0.061645671401768964,0.5227272727272727
trend.csv:A0:cq=2,trend.csv,internal,A0,whole_linear,2.0,200,1,0,1,0,122,200,44,21,166,143,23,0.13855421686746988,366,343,23,0.06284153005464481,0.9371584699453552,0.453551912568306,0.41690962099125367,0.036642291577052344,0.5227272727272727
trend.csv:A1:cq=2,trend.csv,internal,A1,fixed_linear,2.0,200,4,0,4,0,122,200,176,84,298,206,92,0.3087248322147651,498,406,92,0.18473895582329317,0.8152610441767069,0.5983935742971888,0.5073891625615764,0.09100441173561236,0.5227272727272727
trend.csv:A2:cq=2,trend.csv,internal,A2,fixed_auto,2.0,200,4,0,4,0,122,200,176,84,298,206,92,0.3087248322147651,498,406,92,0.18473895582329317,0.8152610441767069,0.5983935742971888,0.5073891625615764,0.09100441173561236,0.5227272727272727
trend.csv:A3:cq=2,trend.csv,internal,A3,adaptive_linear,2.0,200,2,0,2,0,122,200,88,42,210,164,46,0.21904761904761905,410,364,46,0.11219512195121951,0.8878048780487805,0.5121951219512195,0.45054945054945056,0.061645671401768964,0.5227272727272727
trend.csv:A4:cq=2,trend.csv,internal,A4,adaptive_auto,2.0,200,2,0,2,0,122,200,88,42,210,164,46,0.21904761904761905,410,364,46,0.11219512195121951,0.8878048780487805,0.5121951219512195,0.45054945054945056,0.061645671401768964,0.5227272727272727
trend.csv:A0:cq=4,trend.csv,internal,A0,whole_linear,4.0,200,1,0,1,0,122,200,44,21,166,143,23,0.13855421686746988,366,343,23,0.06284153005464481,0.9371584699453552,0.453551912568306,0.41690962099125367,0.036642291577052344,0.5227272727272727
trend.csv:A1:cq=4,trend.csv,internal,A1,fixed_linear,4.0,200,4,0,4,0,122,200,176,84,298,206,92,0.3087248322147651,498,406,92,0.18473895582329317,0.8152610441767069,0.5983935742971888,0.5073891625615764,0.09100441173561236,0.5227272727272727
trend.csv:A2:cq=4,trend.csv,internal,A2,fixed_auto,4.0,200,4,0,4,0,122,200,176,84,298,206,92,0.3087248322147651,498,406,92,0.18473895582329317,0.8152610441767069,0.5983935742971888,0.5073891625615764,0.09100441173561236,0.5227272727272727
trend.csv:A3:cq=4,trend.csv,internal,A3,adaptive_linear,4.0,200,2,0,2,0,122,200,88,42,210,164,46,0.21904761904761905,410,364,46,0.11219512195121951,0.8878048780487805,0.5121951219512195,0.45054945054945056,0.061645671401768964,0.5227272727272727
trend.csv:A4:cq=4,trend.csv,internal,A4,adaptive_auto,4.0,200,2,0,2,0,122,200,88,42,210,164,46,0.21904761904761905,410,364,46,0.11219512195121951,0.8878048780487805,0.5121951219512195,0.45054945054945056,0.061645671401768964,0.5227272727272727
sine_noise.csv:A0:cq=0.0625,sine_noise.csv,internal,A0,whole_linear,0.0625,300,1,0,1,0,122,300,44,21,166,143,23,0.13855421686746988,466,443,23,0.04935622317596566,0.9506437768240343,0.3562231759656652,0.3227990970654628,0.033424078900202436,0.5227272727272727
sine_noise.csv:A1:cq=0.0625,sine_noise.csv,internal,A1,fixed_linear,0.0625,300,5,0,5,0,122,300,220,105,342,227,115,0.3362573099415205,642,527,115,0.1791277258566978,0.8208722741433022,0.5327102803738317,0.4307400379506641,0.1019702424231676,0.5227272727272727
sine_noise.csv:A2:cq=0.0625,sine_noise.csv,internal,A2,fixed_auto,0.0625,300,5,0,3,2,122,300,220,97,342,219,123,0.35964912280701755,642,519,123,0.19158878504672897,0.8084112149532711,0.5327102803738317,0.42196531791907516,0.11074496245475657,0.5590909090909091
sine_noise.csv:A3:cq=0.0625,sine_noise.csv,internal,A3,adaptive_linear,0.0625,300,6,0,6,0,122,300,264,126,386,248,138,0.35751295336787564,686,548,138,0.20116618075801748,0.7988338192419825,0.5626822157434402,0.45255474452554745,0.11012747121789279,0.5227272727272727
sine_noise.csv:A4:cq=0.0625,sine_noise.csv,internal,A4,adaptive_auto,0.0625,300,6,1,2,3,122,300,264,110,386,232,154,0.39896373056994816,686,532,154,0.22448979591836735,0.7755102040816326,0.5626822157434402,0.43609022556390975,0.1265919901795305,0.5833333333333333
sine_noise.csv:A0:cq=0.125,sine_noise.csv,internal,A0,whole_linear,0.125,300,1,0,1,0,122,300,44,21,166,143,23,0.13855421686746988,466,443,23,0.04935622317596566,0.9506437768240343,0.3562231759656652,0.3227990970654628,0.033424078900202436,0.5227272727272727
sine_noise.csv:A1:cq=0.125,sine_noise.csv,internal,A1,fixed_linear,0.125,300,5,0,5,0,122,300,220,105,342,227,115,0.3362573099415205,642,527,115,0.1791277258566978,0.8208722741433022,0.5327102803738317,0.4307400379506641,0.1019702424231676,0.5227272727272727
sine_noise.csv:A2:cq=0.125,sine_noise.csv,internal,A2,fixed_auto,0.125,300,5,3,1,1,122,300,220,89,342,211,131,0.3830409356725146,642,511,131,0.20404984423676012,0.7959501557632399,0.5327102803738317,0.41291585127201563,0.11979442910181609,0.5954545454545455
sine_noise.csv:A3:cq=0.125,sine_noise.csv,internal,A3,adaptive_linear,0.125,300,6,0,6,0,122,300,264,126,386,248,138,0.35751295336787564,686,548,138,0.20116618075801748,0.7988338192419825,0.5626822157434402,0.45255474452554745,0.11012747121789279,0.5227272727272727
sine_noise.csv:A4:cq=0.125,sine_noise.csv,internal,A4,adaptive_auto,0.125,300,6,3,3,0,122,300,264,114,386,236,150,0.38860103626943004,686,536,150,0.21865889212827988,0.7813411078717201,0.5626822157434402,0.44029850746268656,0.12238370828075368,0.5681818181818181
sine_noise.csv:A0:cq=0.25,sine_noise.csv,internal,A0,whole_linear,0.25,300,1,0,1,0,122,300,44,21,166,143,23,0.13855421686746988,466,443,23,0.04935622317596566,0.9506437768240343,0.3562231759656652,0.3227990970654628,0.033424078900202436,0.5227272727272727
sine_noise.csv:A1:cq=0.25,sine_noise.csv,internal,A1,fixed_linear,0.25,300,5,0,5,0,122,300,220,105,342,227,115,0.3362573099415205,642,527,115,0.1791277258566978,0.8208722741433022,0.5327102803738317,0.4307400379506641,0.1019702424231676,0.5227272727272727
sine_noise.csv:A2:cq=0.25,sine_noise.csv,internal,A2,fixed_auto,0.25,300,5,0,3,2,122,300,220,97,342,219,123,0.35964912280701755,642,519,123,0.19158878504672897,0.8084112149532711,0.5327102803738317,0.42196531791907516,0.11074496245475657,0.5590909090909091
sine_noise.csv:A3:cq=0.25,sine_noise.csv,internal,A3,adaptive_linear,0.25,300,6,0,6,0,122,300,264,126,386,248,138,0.35751295336787564,686,548,138,0.20116618075801748,0.7988338192419825,0.5626822157434402,0.45255474452554745,0.11012747121789279,0.5227272727272727
sine_noise.csv:A4:cq=0.25,sine_noise.csv,internal,A4,adaptive_auto,0.25,300,6,1,2,3,122,300,264,110,386,232,154,0.39896373056994816,686,532,154,0.22448979591836735,0.7755102040816326,0.5626822157434402,0.43609022556390975,0.1265919901795305,0.5833333333333333
sine_noise.csv:A0:cq=0.5,sine_noise.csv,internal,A0,whole_linear,0.5,300,1,0,1,0,122,300,44,21,166,143,23,0.13855421686746988,466,443,23,0.04935622317596566,0.9506437768240343,0.3562231759656652,0.3227990970654628,0.033424078900202436,0.5227272727272727
sine_noise.csv:A1:cq=0.5,sine_noise.csv,internal,A1,fixed_linear,0.5,300,5,0,5,0,122,300,220,105,342,227,115,0.3362573099415205,642,527,115,0.1791277258566978,0.8208722741433022,0.5327102803738317,0.4307400379506641,0.1019702424231676,0.5227272727272727
sine_noise.csv:A2:cq=0.5,sine_noise.csv,internal,A2,fixed_auto,0.5,300,5,1,3,1,122,300,220,97,342,219,123,0.35964912280701755,642,519,123,0.19158878504672897,0.8084112149532711,0.5327102803738317,0.42196531791907516,0.11074496245475657,0.5590909090909091
sine_noise.csv:A3:cq=0.5,sine_noise.csv,internal,A3,adaptive_linear,0.5,300,6,0,6,0,122,300,264,126,386,248,138,0.35751295336787564,686,548,138,0.20116618075801748,0.7988338192419825,0.5626822157434402,0.45255474452554745,0.11012747121789279,0.5227272727272727
sine_noise.csv:A4:cq=0.5,sine_noise.csv,internal,A4,adaptive_auto,0.5,300,6,1,2,3,122,300,264,110,386,232,154,0.39896373056994816,686,532,154,0.22448979591836735,0.7755102040816326,0.5626822157434402,0.43609022556390975,0.1265919901795305,0.5833333333333333
sine_noise.csv:A0:cq=1,sine_noise.csv,internal,A0,whole_linear,1.0,300,1,0,1,0,122,300,44,21,166,143,23,0.13855421686746988,466,443,23,0.04935622317596566,0.9506437768240343,0.3562231759656652,0.3227990970654628,0.033424078900202436,0.5227272727272727
sine_noise.csv:A1:cq=1,sine_noise.csv,internal,A1,fixed_linear,1.0,300,5,0,5,0,122,300,220,105,342,227,115,0.3362573099415205,642,527,115,0.1791277258566978,0.8208722741433022,0.5327102803738317,0.4307400379506641,0.1019702424231676,0.5227272727272727
sine_noise.csv:A2:cq=1,sine_noise.csv,internal,A2,fixed_auto,1.0,300,5,2,1,2,122,300,220,89,342,211,131,0.3830409356725146,642,511,131,0.20404984423676012,0.7959501557632399,0.5327102803738317,0.41291585127201563,0.11979442910181609,0.5954545454545455
sine_noise.csv:A3:cq=1,sine_noise.csv,internal,A3,adaptive_linear,1.0,300,6,0,6,0,122,300,264,126,386,248,138,0.35751295336787564,686,548,138,0.20116618075801748,0.7988338192419825,0.5626822157434402,0.45255474452554745,0.11012747121789279,0.5227272727272727
sine_noise.csv:A4:cq=1,sine_noise.csv,internal,A4,adaptive_auto,1.0,300,6,2,3,1,122,300,264,114,386,236,150,0.38860103626943004,686,536,150,0.21865889212827988,0.7813411078717201,0.5626822157434402,0.44029850746268656,0.12238370828075368,0.5681818181818181
sine_noise.csv:A0:cq=2,sine_noise.csv,internal,A0,whole_linear,2.0,300,1,0,1,0,122,300,44,21,166,143,23,0.13855421686746988,466,443,23,0.04935622317596566,0.9506437768240343,0.3562231759656652,0.3227990970654628,0.033424078900202436,0.5227272727272727
sine_noise.csv:A1:cq=2,sine_noise.csv,internal,A1,fixed_linear,2.0,300,5,0,5,0,122,300,220,105,342,227,115,0.3362573099415205,642,527,115,0.1791277258566978,0.8208722741433022,0.5327102803738317,0.4307400379506641,0.1019702424231676,0.5227272727272727
sine_noise.csv:A2:cq=2,sine_noise.csv,internal,A2,fixed_auto,2.0,300,5,0,3,2,122,300,220,97,342,219,123,0.35964912280701755,642,519,123,0.19158878504672897,0.8084112149532711,0.5327102803738317,0.42196531791907516,0.11074496245475657,0.5590909090909091
sine_noise.csv:A3:cq=2,sine_noise.csv,internal,A3,adaptive_linear,2.0,300,6,0,6,0,122,300,264,126,386,248,138,0.35751295336787564,686,548,138,0.20116618075801748,0.7988338192419825,0.5626822157434402,0.45255474452554745,0.11012747121789279,0.5227272727272727
sine_noise.csv:A4:cq=2,sine_noise.csv,internal,A4,adaptive_auto,2.0,300,6,0,2,4,122,300,264,110,386,232,154,0.39896373056994816,686,532,154,0.22448979591836735,0.7755102040816326,0.5626822157434402,0.43609022556390975,0.1265919901795305,0.5833333333333333
sine_noise.csv:A0:cq=4,sine_noise.csv,internal,A0,whole_linear,4.0,300,1,0,1,0,122,300,44,21,166,143,23,0.13855421686746988,466,443,23,0.04935622317596566,0.9506437768240343,0.3562231759656652,0.3227990970654628,0.033424078900202436,0.5227272727272727
sine_noise.csv:A1:cq=4,sine_noise.csv,internal,A1,fixed_linear,4.0,300,5,0,5,0,122,300,220,105,342,227,115,0.3362573099415205,642,527,115,0.1791277258566978,0.8208722741433022,0.5327102803738317,0.4307400379506641,0.1019702424231676,0.5227272727272727
sine_noise.csv:A2:cq=4,sine_noise.csv,internal,A2,fixed_auto,4.0,300,5,0,5,0,122,300,220,105,342,227,115,0.3362573099415205,642,527,115,0.1791277258566978,0.8208722741433022,0.5327102803738317,0.4307400379506641,0.1019702424231676,0.5227272727272727
sine_noise.csv:A3:cq=4,sine_noise.csv,internal,A3,adaptive_linear,4.0,300,6,0,6,0,122,300,264,126,386,248,138,0.35751295336787564,686,548,138,0.20116618075801748,0.7988338192419825,0.5626822157434402,0.45255474452554745,0.11012747121789279,0.5227272727272727
sine_noise.csv:A4:cq=4,sine_noise.csv,internal,A4,adaptive_auto,4.0,300,6,0,5,1,122,300,264,122,386,244,142,0.36787564766839376,686,544,142,0.20699708454810495,0.793002915451895,0.5626822157434402,0.4485294117647059,0.11415280397873434,0.5378787878787878
flat_spike.csv:A0:cq=0.0625,flat_spike.csv,internal,A0,whole_linear,0.0625,300,1,0,1,0,122,301,44,21,166,143,23,0.13855421686746988,467,444,23,0.04925053533190578,0.9507494646680942,0.3554603854389722,0.32207207207207206,0.033388313366900124,0.5227272727272727
flat_spike.csv:A1:cq=0.0625,flat_spike.csv,internal,A1,fixed_linear,0.0625,300,5,0,5,0,122,300,220,105,342,227,115,0.3362573099415205,642,527,115,0.1791277258566978,0.8208722741433022,0.5327102803738317,0.4307400379506641,0.1019702424231676,0.5227272727272727
flat_spike.csv:A2:cq=0.0625,flat_spike.csv,internal,A2,fixed_auto,0.0625,300,5,4,1,0,122,300,220,89,342,211,131,0.3830409356725146,642,511,131,0.20404984423676012,0.7959501557632399,0.5327102803738317,0.41291585127201563,0.11979442910181609,0.5954545454545455
flat_spike.csv:A3:cq=0.0625,flat_spike.csv,internal,A3,adaptive_linear,0.0625,300,4,0,4,0,122,300,176,84,298,206,92,0.3087248322147651,598,506,92,0.15384615384615385,0.8461538461538461,0.4983277591973244,0.40711462450592883,0.09121313469139558,0.5227272727272727
flat_spike.csv:A4:cq=0.0625,flat_spike.csv,internal,A4,adaptive_auto,0.0625,300,4,0,4,0,122,300,176,84,298,206,92,0.3087248322147651,598,506,92,0.15384615384615385,0.8461538461538461,0.4983277591973244,0.40711462450592883,0.09121313469139558,0.5227272727272727
flat_spike.csv:A0:cq=0.125,flat_spike.csv,internal,A0,whole_linear,0.125,300,1,0,1,0,122,300,44,21,166,143,23,0.13855421686746988,466,443,23,0.04935622317596566,0.9506437768240343,0.3562231759656652,0.3227990970654628,0.033424078900202436,0.5227272727272727
flat_spike.csv:A1:cq=0.125,flat_spike.csv,internal,A1,fixed_linear,0.125,300,5,0,5,0,122,300,220,105,342,227,115,0.3362573099415205,642,527,115,0.1791277258566978,0.8208722741433022,0.5327102803738317,0.4307400379506641,0.1019702424231676,0.5227272727272727
flat_spike.csv:A2:cq=0.125,flat_spike.csv,internal,A2,fixed_auto,0.125,300,5,2,2,1,122,300,220,93,342,215,127,0.3713450292397661,642,515,127,0.19781931464174454,0.8021806853582555,0.5327102803738317,0.4174757281553398,0.11523455221849194,0.5772727272727273
flat_spike.csv:A3:cq=0.125,flat_spike.csv,internal,A3,adaptive_linear,0.125,300,4,0,4,0,122,300,176,84,298,206,92,0.3087248322147651,598,506,92,0.15384615384615385,0.8461538461538461,0.4983277591973244,0.40711462450592883,0.09121313469139558,0.5227272727272727
flat_spike.csv:A4:cq=0.125,flat_spike.csv,internal,A4,adaptive_auto,0.125,300,4,2,2,0,122,300,176,76,298,198,100,0.33557046979865773,598,498,100,0.16722408026755853,0.8327759197324415,0.4983277591973244,0.39759036144578314,0.10073739775154128,0.5681818181818181
flat_spike.csv:A0:cq=0.25,flat_spike.csv,internal,A0,whole_linear,0.25,300,1,0,1,0,122,300,44,21,166,143,23,0.13855421686746988,466,443,23,0.04935622317596566,0.9506437768240343,0.3562231759656652,0.3227990970654628,0.033424078900202436,0.5227272727272727
flat_spike.csv:A1:cq=0.25,flat_spike.csv,internal,A1,fixed_linear,0.25,300,5,0,5,0,122,300,220,105,342,227,115,0.3362573099415205,642,527,115,0.1791277258566978,0.8208722741433022,0.5327102803738317,0.4307400379506641,0.1019702424231676,0.5227272727272727
flat_spike.csv:A2:cq=0.25,flat_spike.csv,internal,A2,fixed_auto,0.25,300,5,4,1,0,122,300,220,89,342,211,131,0.3830409356725146,642,511,131,0.20404984423676012,0.7959501557632399,0.5327102803738317,0.41291585127201563,0.11979442910181609,0.5954545454545455
flat_spike.csv:A3:cq=0.25,flat_spike.csv,internal,A3,adaptive_linear,0.25,300,4,0,4,0,122,300,176,84,298,206,92,0.3087248322147651,598,506,92,0.15384615384615385,0.8461538461538461,0.4983277591973244,0.40711462450592883,0.09121313469139558,0.5227272727272727
flat_spike.csv:A4:cq=0.25,flat_spike.csv,internal,A4,adaptive_auto,0.25,300,4,2,2,0,122,300,176,76,298,198,100,0.33557046979865773,598,498,100,0.16722408026755853,0.8327759197324415,0.4983277591973244,0.39759036144578314,0.10073739775154128,0.5681818181818181
flat_spike.csv:A0:cq=0.5,flat_spike.csv,internal,A0,whole_linear,0.5,300,1,0,1,0,122,300,44,21,166,143,23,0.13855421686746988,466,443,23,0.04935622317596566,0.9506437768240343,0.3562231759656652,0.3227990970654628,0.033424078900202436,0.5227272727272727
flat_spike.csv:A1:cq=0.5,flat_spike.csv,internal,A1,fixed_linear,0.5,300,5,0,5,0,122,300,220,105,342,227,115,0.3362573099415205,642,527,115,0.1791277258566978,0.8208722741433022,0.5327102803738317,0.4307400379506641,0.1019702424231676,0.5227272727272727
flat_spike.csv:A2:cq=0.5,flat_spike.csv,internal,A2,fixed_auto,0.5,300,5,5,0,0,122,300,220,85,342,207,135,0.39473684210526316,642,507,135,0.2102803738317757,0.7897196261682243,0.5327102803738317,0.40828402366863903,0.1244262567051927,0.6136363636363636
flat_spike.csv:A3:cq=0.5,flat_spike.csv,internal,A3,adaptive_linear,0.5,300,4,0,4,0,122,300,176,84,298,206,92,0.3087248322147651,598,506,92,0.15384615384615385,0.8461538461538461,0.4983277591973244,0.40711462450592883,0.09121313469139558,0.5227272727272727
flat_spike.csv:A4:cq=0.5,flat_spike.csv,internal,A4,adaptive_auto,0.5,300,4,1,2,1,122,300,176,76,298,198,100,0.33557046979865773,598,498,100,0.16722408026755853,0.8327759197324415,0.4983277591973244,0.39759036144578314,0.10073739775154128,0.5681818181818181
flat_spike.csv:A0:cq=1,flat_spike.csv,internal,A0,whole_linear,1.0,300,1,0,1,0,122,300,44,21,166,143,23,0.13855421686746988,466,443,23,0.04935622317596566,0.9506437768240343,0.3562231759656652,0.3227990970654628,0.033424078900202436,0.5227272727272727
flat_spike.csv:A1:cq=1,flat_spike.csv,internal,A1,fixed_linear,1.0,300,5,0,5,0,122,300,220,105,342,227,115,0.3362573099415205,642,527,115,0.1791277258566978,0.8208722741433022,0.5327102803738317,0.4307400379506641,0.1019702424231676,0.5227272727272727
flat_spike.csv:A2:cq=1,flat_spike.csv,internal,A2,fixed_auto,1.0,300,5,2,3,0,122,300,220,97,342,219,123,0.35964912280701755,642,519,123,0.19158878504672897,0.8084112149532711,0.5327102803738317,0.42196531791907516,0.11074496245475657,0.5590909090909091
flat_spike.csv:A3:cq=1,flat_spike.csv,internal,A3,adaptive_linear,1.0,300,4,0,4,0,122,300,176,84,298,206,92,0.3087248322147651,598,506,92,0.15384615384615385,0.8461538461538461,0.4983277591973244,0.40711462450592883,0.09121313469139558,0.5227272727272727
flat_spike.csv:A4:cq=1,flat_spike.csv,internal,A4,adaptive_auto,1.0,300,4,1,3,0,122,300,176,80,298,202,96,0.3221476510067114,598,502,96,0.1605351170568562,0.8394648829431438,0.4983277591973244,0.40239043824701193,0.09593732095031249,0.5454545454545454
flat_spike.csv:A0:cq=2,flat_spike.csv,internal,A0,whole_linear,2.0,300,1,0,1,0,122,300,44,21,166,143,23,0.13855421686746988,466,443,23,0.04935622317596566,0.9506437768240343,0.3562231759656652,0.3227990970654628,0.033424078900202436,0.5227272727272727
flat_spike.csv:A1:cq=2,flat_spike.csv,internal,A1,fixed_linear,2.0,300,5,0,5,0,122,300,220,105,342,227,115,0.3362573099415205,642,527,115,0.1791277258566978,0.8208722741433022,0.5327102803738317,0.4307400379506641,0.1019702424231676,0.5227272727272727
flat_spike.csv:A2:cq=2,flat_spike.csv,internal,A2,fixed_auto,2.0,300,5,1,4,0,122,300,220,101,342,223,119,0.347953216374269,642,523,119,0.1853582554517134,0.8146417445482866,0.5327102803738317,0.42638623326959846,0.10632404710423327,0.5409090909090909
flat_spike.csv:A3:cq=2,flat_spike.csv,internal,A3,adaptive_linear,2.0,300,4,0,4,0,122,300,176,84,298,206,92,0.3087248322147651,598,506,92,0.15384615384615385,0.8461538461538461,0.4983277591973244,0.40711462450592883,0.09121313469139558,0.5227272727272727
flat_spike.csv:A4:cq=2,flat_spike.csv,internal,A4,adaptive_auto,2.0,300,4,0,3,1,122,300,176,80,298,202,96,0.3221476510067114,598,502,96,0.1605351170568562,0.8394648829431438,0.4983277591973244,0.40239043824701193,0.09593732095031249,0.5454545454545454
flat_spike.csv:A0:cq=4,flat_spike.csv,internal,A0,whole_linear,4.0,300,1,0,1,0,122,300,44,21,166,143,23,0.13855421686746988,466,443,23,0.04935622317596566,0.9506437768240343,0.3562231759656652,0.3227990970654628,0.033424078900202436,0.5227272727272727
flat_spike.csv:A1:cq=4,flat_spike.csv,internal,A1,fixed_linear,4.0,300,5,0,5,0,122,300,220,105,342,227,115,0.3362573099415205,642,527,115,0.1791277258566978,0.8208722741433022,0.5327102803738317,0.4307400379506641,0.1019702424231676,0.5227272727272727
flat_spike.csv:A2:cq=4,flat_spike.csv,internal,A2,fixed_auto,4.0,300,5,4,0,1,122,300,220,85,342,207,135,0.39473684210526316,642,507,135,0.2102803738317757,0.7897196261682243,0.5327102803738317,0.40828402366863903,0.1244262567051927,0.6136363636363636
flat_spike.csv:A3:cq=4,flat_spike.csv,internal,A3,adaptive_linear,4.0,300,4,0,4,0,122,300,176,84,298,206,92,0.3087248322147651,598,506,92,0.15384615384615385,0.8461538461538461,0.4983277591973244,0.40711462450592883,0.09121313469139558,0.5227272727272727
flat_spike.csv:A4:cq=4,flat_spike.csv,internal,A4,adaptive_auto,4.0,300,4,0,3,1,122,300,176,80,298,202,96,0.3221476510067114,598,502,96,0.1605351170568562,0.8394648829431438,0.4983277591973244,0.40239043824701193,0.09593732095031249,0.5454545454545454
appliances-energy.csv:A0:cq=0.0625,appliances-energy.csv,external,A0,whole_linear,0.0625,19735,1,0,1,0,122,20023,44,21,166,143,23,0.13855421686746988,20189,20166,23,0.001139234236465402,0.9988607657635346,0.008222299271880727,0.007091143508876327,0.0011311557630044001,0.5227272727272727
appliances-energy.csv:A1:cq=0.0625,appliances-energy.csv,external,A1,fixed_linear,0.0625,19735,309,0,309,0,122,19935,13596,6489,13718,6611,7107,0.5180784370899548,33653,26546,7107,0.2111847383591359,0.7888152616408641,0.40763082043205656,0.24903940329993218,0.15859141713212438,0.5227272727272727
appliances-energy.csv:A2:cq=0.0625,appliances-energy.csv,external,A2,fixed_auto,0.0625,19735,309,85,184,40,122,19937,13596,5989,13718,6111,7607,0.5545268989648637,33655,26048,7607,0.2260288218689645,0.7739711781310356,0.40760659634526814,0.23460534398034397,0.17300125236492417,0.5595027949396881
appliances-energy.csv:A3:cq=0.0625,appliances-energy.csv,external,A3,adaptive_linear,0.0625,19735,617,0,617,0,122,19830,27148,12957,27270,13079,14191,0.5203887055372204,47100,32909,14191,0.3012951167728238,0.6987048832271762,0.5789808917197452,0.39742927466650463,0.18155161705324058,0.5227272727272727
appliances-energy.csv:A4:cq=0.0625,appliances-energy.csv,external,A4,adaptive_auto,0.0625,19735,617,165,319,133,122,19830,27148,11765,27270,11887,15383,0.5640997433076641,47100,31717,15383,0.32660297239915076,0.6733970276008493,0.5789808917197452,0.37478323927231455,0.20419765244743066,0.5666347428908207
appliances-energy.csv:A0:cq=0.125,appliances-energy.csv,external,A0,whole_linear,0.125,19735,1,0,1,0,122,19737,44,21,166,143,23,0.13855421686746988,19903,19880,23,0.001155604682711149,0.9988443953172889,0.008340451188263076,0.007193158953722334,0.0011472922345407421,0.5227272727272727
appliances-energy.csv:A1:cq=0.125,appliances-energy.csv,external,A1,fixed_linear,0.125,19735,309,0,309,0,122,19735,13596,6489,13718,6611,7107,0.5180784370899548,33453,26346,7107,0.2124473141422294,0.7875526858577706,0.41006785639554,0.2509299324375617,0.15913792395797832,0.5227272727272727
appliances-energy.csv:A2:cq=0.125,appliances-energy.csv,external,A2,fixed_auto,0.125,19735,309,77,183,49,122,19735,13596,5985,13718,6107,7611,0.554818486659863,33453,25842,7611,0.2275132275132275,0.7724867724867724,0.41006785639554,0.2363207182106648,0.1737471381848752,0.5597969991173875
appliances-energy.csv:A3:cq=0.125,appliances-energy.csv,external,A3,adaptive_linear,0.125,19735,617,0,617,0,122,19735,27148,12957,27270,13079,14191,0.5203887055372204,47005,32814,14191,0.30190405276034465,0.6980959472396554,0.5801510477608764,0.39857987444383497,0.18157117331704148,0.5227272727272727
appliances-energy.csv:A4:cq=0.125,appliances-energy.csv,external,A4,adaptive_auto,0.125,19735,617,180,297,140,122,19735,27148,11677,27270,11799,15471,0.5673267326732673,47005,31534,15471,0.32913519838315075,0.6708648016168492,0.5801510477608764,0.37416756516775546,0.205983482593121,0.5698762339767203
appliances-energy.csv:A0:cq=0.25,appliances-energy.csv,external,A0,whole_linear,0.25,19735,1,0,1,0,122,19735,44,21,166,143,23,0.13855421686746988,19901,19878,23,0.0011557208180493442,0.9988442791819506,0.008341289382443093,0.007193882684374686,0.001147406698068407,0.5227272727272727
appliances-energy.csv:A1:cq=0.25,appliances-energy.csv,external,A1,fixed_linear,0.25,19735,309,0,309,0,122,19735,13596,6489,13718,6611,7107,0.5180784370899548,33453,26346,7107,0.2124473141422294,0.7875526858577706,0.41006785639554,0.2509299324375617,0.15913792395797832,0.5227272727272727
appliances-energy.csv:A2:cq=0.25,appliances-energy.csv,external,A2,fixed_auto,0.25,19735,309,86,188,35,122,19735,13596,6005,13718,6127,7591,0.5533605481848666,33453,25862,7591,0.22691537380802917,0.7730846261919708,0.41006785639554,0.23691129843012915,0.17315655796541085,0.5583259782288909
appliances-energy.csv:A3:cq=0.25,appliances-energy.csv,external,A3,adaptive_linear,0.25,19735,617,0,617,0,122,19735,27148,12957,27270,13079,14191,0.5203887055372204,47005,32814,14191,0.30190405276034465,0.6980959472396554,0.5801510477608764,0.39857987444383497,0.18157117331704148,0.5227272727272727
appliances-energy.csv:A4:cq=0.25,appliances-energy.csv,external,A4,adaptive_auto,0.25,19735,617,169,338,110,122,19735,27148,11841,27270,11963,15307,0.5613127979464613,47005,31698,15307,0.3256462078502287,0.6743537921497713,0.5801510477608764,0.3774055145435043,0.20274553321737215,0.5638352733166347
appliances-energy.csv:A0:cq=0.5,appliances-energy.csv,external,A0,whole_linear,0.5,19735,1,0,1,0,122,19735,44,21,166,143,23,0.13855421686746988,19901,19878,23,0.0011557208180493442,0.9988442791819506,0.008341289382443093,0.007193882684374686,0.001147406698068407,0.5227272727272727
appliances-energy.csv:A1:cq=0.5,appliances-energy.csv,external,A1,fixed_linear,0.5,19735,309,0,309,0,122,19735,13596,6489,13718,6611,7107,0.5180784370899548,33453,26346,7107,0.2124473141422294,0.7875526858577706,0.41006785639554,0.2509299324375617,0.15913792395797832,0.5227272727272727
appliances-energy.csv:A2:cq=0.5,appliances-energy.csv,external,A2,fixed_auto,0.5,19735,309,87,194,28,122,19735,13596,6029,13718,6151,7567,0.551611022014871,33453,25886,7567,0.22619794936179116,0.7738020506382088,0.41006785639554,0.2376187900795797,0.1724490663159603,0.5565607531626949
appliances-energy.csv:A3:cq=0.5,appliances-energy.csv,external,A3,adaptive_linear,0.5,19735,617,0,617,0,122,19735,27148,12957,27270,13079,14191,0.5203887055372204,47005,32814,14191,0.30190405276034465,0.6980959472396554,0.5801510477608764,0.39857987444383497,0.18157117331704148,0.5227272727272727
appliances-energy.csv:A4:cq=0.5,appliances-energy.csv,external,A4,adaptive_auto,0.5,19735,617,174,323,120,122,19735,27148,11781,27270,11903,15367,0.5635130179684635,47005,31638,15367,0.32692266780129775,0.6730773321987022,0.5801510477608764,0.37622479297047856,0.2039262547903979,0.5660453808752026
appliances-energy.csv:A0:cq=1,appliances-energy.csv,external,A0,whole_linear,1.0,19735,1,0,1,0,122,19735,44,21,166,143,23,0.13855421686746988,19901,19878,23,0.0011557208180493442,0.9988442791819506,0.008341289382443093,0.007193882684374686,0.001147406698068407,0.5227272727272727
appliances-energy.csv:A1:cq=1,appliances-energy.csv,external,A1,fixed_linear,1.0,19735,309,0,309,0,122,19735,13596,6489,13718,6611,7107,0.5180784370899548,33453,26346,7107,0.2124473141422294,0.7875526858577706,0.41006785639554,0.2509299324375617,0.15913792395797832,0.5227272727272727
appliances-energy.csv:A2:cq=1,appliances-energy.csv,external,A2,fixed_auto,1.0,19735,309,50,213,46,122,19735,13596,6105,13718,6227,7491,0.5460708558098848,33453,25962,7491,0.2239261052820375,0.7760738947179625,0.41006785639554,0.23985055080502274,0.17021730559051726,0.5509708737864077
appliances-energy.csv:A3:cq=1,appliances-energy.csv,external,A3,adaptive_linear,1.0,19735,617,0,617,0,122,19735,27148,12957,27270,13079,14191,0.5203887055372204,47005,32814,14191,0.30190405276034465,0.6980959472396554,0.5801510477608764,0.39857987444383497,0.18157117331704148,0.5227272727272727
appliances-energy.csv:A4:cq=1,appliances-energy.csv,external,A4,adaptive_auto,1.0,19735,617,137,300,180,122,19735,27148,11689,27270,11811,15459,0.5668866886688669,47005,31546,15459,0.3288799063929369,0.671120093607063,0.5801510477608764,0.374405629873835,0.20574541788704143,0.5694342124650067
appliances-energy.csv:A0:cq=2,appliances-energy.csv,external,A0,whole_linear,2.0,19735,1,0,1,0,122,19735,44,21,166,143,23,0.13855421686746988,19901,19878,23,0.0011557208180493442,0.9988442791819506,0.008341289382443093,0.007193882684374686,0.001147406698068407,0.5227272727272727
appliances-energy.csv:A1:cq=2,appliances-energy.csv,external,A1,fixed_linear,2.0,19735,309,0,309,0,122,19735,13596,6489,13718,6611,7107,0.5180784370899548,33453,26346,7107,0.2124473141422294,0.7875526858577706,0.41006785639554,0.2509299324375617,0.15913792395797832,0.5227272727272727
appliances-energy.csv:A2:cq=2,appliances-energy.csv,external,A2,fixed_auto,2.0,19735,309,88,175,46,122,19735,13596,5953,13718,6075,7643,0.5571511882198571,33453,25810,7643,0.22846979344154486,0.7715302065584552,0.41006785639554,0.23537388609066254,0.17469397030487746,0.562150632538982
appliances-energy.csv:A3:cq=2,appliances-energy.csv,external,A3,adaptive_linear,2.0,19735,617,0,617,0,122,19735,27148,12957,27270,13079,14191,0.5203887055372204,47005,32814,14191,0.30190405276034465,0.6980959472396554,0.5801510477608764,0.39857987444383497,0.18157117331704148,0.5227272727272727
appliances-energy.csv:A4:cq=2,appliances-energy.csv,external,A4,adaptive_auto,2.0,19735,617,161,362,94,122,19735,27148,11937,27270,12059,15211,0.5577924459112578,47005,31794,15211,0.32360387192851825,0.6763961280714818,0.5801510477608764,0.3792853997609612,0.20086564799991524,0.5602991012229261
appliances-energy.csv:A0:cq=4,appliances-energy.csv,external,A0,whole_linear,4.0,19735,1,0,1,0,122,19735,44,21,166,143,23,0.13855421686746988,19901,19878,23,0.0011557208180493442,0.9988442791819506,0.008341289382443093,0.007193882684374686,0.001147406698068407,0.5227272727272727
appliances-energy.csv:A1:cq=4,appliances-energy.csv,external,A1,fixed_linear,4.0,19735,309,0,309,0,122,19735,13596,6489,13718,6611,7107,0.5180784370899548,33453,26346,7107,0.2124473141422294,0.7875526858577706,0.41006785639554,0.2509299324375617,0.15913792395797832,0.5227272727272727
appliances-energy.csv:A2:cq=4,appliances-energy.csv,external,A2,fixed_auto,4.0,19735,309,74,218,17,122,19735,13596,6125,13718,6247,7471,0.5446129173348885,33453,25982,7471,0.22332825157683914,0.7766717484231609,0.41006785639554,0.240435686244323,0.169632170151217,0.5494998528979111
appliances-energy.csv:A3:cq=4,appliances-energy.csv,external,A3,adaptive_linear,4.0,19735,617,0,617,0,122,19735,27148,12957,27270,13079,14191,0.5203887055372204,47005,32814,14191,0.30190405276034465,0.6980959472396554,0.5801510477608764,0.39857987444383497,0.18157117331704148,0.5227272727272727
appliances-energy.csv:A4:cq=4,appliances-energy.csv,external,A4,adaptive_auto,4.0,19735,617,133,416,68,122,19735,27148,12153,27270,12275,14995,0.5498716538320498,47005,32010,14995,0.31900861610466974,0.6809913838953303,0.5801510477608764,0.38347391440174944,0.196677133359127,0.5523427140120819
metro-traffic.csv:A0:cq=0.0625,metro-traffic.csv,external,A0,whole_linear,0.0625,48204,1,0,1,0,122,48204,44,21,166,143,23,0.13855421686746988,48370,48347,23,0.00047550134380814555,0.9995244986561919,0.0034318792640066157,0.0029577843506318905,0.00047409491337472524,0.5227272727272727
metro-traffic.csv:A1:cq=0.0625,metro-traffic.csv,external,A1,fixed_linear,0.0625,48204,754,0,754,0,122,48204,33176,15834,33298,15956,17342,0.5208120607844315,81502,64160,17342,0.21278005447719076,0.7872199455228093,0.4085543913032809,0.24869077306733167,0.15986361823594925,0.5227272727272727
metro-traffic.csv:A2:cq=0.0625,metro-traffic.csv,external,A2,fixed_auto,0.0625,48204,754,216,380,158,122,48267,33176,14338,33298,14460,18838,0.565739684065109,81565,62727,18838,0.23095690553546253,0.7690430944645374,0.40823882792864585,0.23052274140322349,0.17771608652542237,0.5678201109235592
metro-traffic.csv:A3:cq=0.0625,metro-traffic.csv,external,A3,adaptive_linear,0.0625,48204,1507,0,1507,0,122,48204,66308,31647,66430,31769,34661,0.5217672738220683,114634,79973,34661,0.30236230088804367,0.6976376991119563,0.5794964844635971,0.3972465707176172,0.18224991374597993,0.5227272727272727
metro-traffic.csv:A4:cq=0.0625,metro-traffic.csv,external,A4,adaptive_auto,0.0625,48204,1507,350,669,488,122,48245,66308,28295,66430,28417,38013,0.5722264037332531,114675,76662,38013,0.33148463047743626,0.6685153695225637,0.5792892958360584,0.37067908481385825,0.20861021102220012,0.5732792423237015
metro-traffic.csv:A0:cq=0.125,metro-traffic.csv,external,A0,whole_linear,0.125,48204,1,0,1,0,122,48204,44,21,166,143,23,0.13855421686746988,48370,48347,23,0.00047550134380814555,0.9995244986561919,0.0034318792640066157,0.0029577843506318905,0.00047409491337472524,0.5227272727272727
metro-traffic.csv:A1:cq=0.125,metro-traffic.csv,external,A1,fixed_linear,0.125,48204,754,0,754,0,122,48204,33176,15834,33298,15956,17342,0.5208120607844315,81502,64160,17342,0.21278005447719076,0.7872199455228093,0.4085543913032809,0.24869077306733167,0.15986361823594925,0.5227272727272727
metro-traffic.csv:A2:cq=0.125,metro-traffic.csv,external,A2,fixed_auto,0.125,48204,754,239,365,150,122,48204,33176,14278,33298,14400,18898,0.5675415940897351,81502,62604,18898,0.23187161051262545,0.7681283894873745,0.4085543913032809,0.23001725129384704,0.17853714000943388,0.5696286472148542
metro-traffic.csv:A3:cq=0.125,metro-traffic.csv,external,A3,adaptive_linear,0.125,48204,1507,0,1507,0,122,48204,66308,31647,66430,31769,34661,0.5217672738220683,114634,79973,34661,0.30236230088804367,0.6976376991119563,0.5794964844635971,0.3972465707176172,0.18224991374597993,0.5227272727272727
metro-traffic.csv:A4:cq=0.125,metro-traffic.csv,external,A4,adaptive_auto,0.125,48204,1507,329,656,522,122,48204,66308,28243,66430,28365,38065,0.5730091825982236,114634,76569,38065,0.33205680688103006,0.66794319311897,0.5794964844635971,0.3704501821886142,0.20904630227498294,0.5740634614224528
metro-traffic.csv:A0:cq=0.25,metro-traffic.csv,external,A0,whole_linear,0.25,48204,1,0,1,0,122,48204,44,21,166,143,23,0.13855421686746988,48370,48347,23,0.00047550134380814555,0.9995244986561919,0.0034318792640066157,0.0029577843506318905,0.00047409491337472524,0.5227272727272727
metro-traffic.csv:A1:cq=0.25,metro-traffic.csv,external,A1,fixed_linear,0.25,48204,754,0,754,0,122,48204,33176,15834,33298,15956,17342,0.5208120607844315,81502,64160,17342,0.21278005447719076,0.7872199455228093,0.4085543913032809,0.24869077306733167,0.15986361823594925,0.5227272727272727
metro-traffic.csv:A2:cq=0.25,metro-traffic.csv,external,A2,fixed_auto,0.25,48204,754,244,339,171,122,48204,33176,14174,33298,14296,19002,0.570664904799087,81502,62500,19002,0.23314765281833574,0.7668523471816643,0.4085543913032809,0.228736,0.17981839130328092,0.5727634434530986
metro-traffic.csv:A3:cq=0.25,metro-traffic.csv,external,A3,adaptive_linear,0.25,48204,1507,0,1507,0,122,48204,66308,31647,66430,31769,34661,0.5217672738220683,114634,79973,34661,0.30236230088804367,0.6976376991119563,0.5794964844635971,0.3972465707176172,0.18224991374597993,0.5227272727272727
metro-traffic.csv:A4:cq=0.25,metro-traffic.csv,external,A4,adaptive_auto,0.25,48204,1507,354,643,510,122,48204,66308,28191,66430,28313,38117,0.5737919614631943,114634,76517,38117,0.33251042448139295,0.667489575518607,0.5794964844635971,0.3700223479749598,0.20947413648863733,0.574847680521204
metro-traffic.csv:A0:cq=0.5,metro-traffic.csv,external,A0,whole_linear,0.5,48204,1,0,1,0,122,48204,44,21,166,143,23,0.13855421686746988,48370,48347,23,0.00047550134380814555,0.9995244986561919,0.0034318792640066157,0.0029577843506318905,0.00047409491337472524,0.5227272727272727
metro-traffic.csv:A1:cq=0.5,metro-traffic.csv,external,A1,fixed_linear,0.5,48204,754,0,754,0,122,48204,33176,15834,33298,15956,17342,0.5208120607844315,81502,64160,17342,0.21278005447719076,0.7872199455228093,0.4085543913032809,0.24869077306733167,0.15986361823594925,0.5227272727272727
metro-traffic.csv:A2:cq=0.5,metro-traffic.csv,external,A2,fixed_auto,0.5,48204,754,257,323,174,122,48204,33176,14110,33298,14232,19066,0.5725869421586882,81502,62436,19066,0.23393290962184976,0.7660670903781502,0.4085543913032809,0.22794541610609265,0.18060897519718827,0.5746925488304799
metro-traffic.csv:A3:cq=0.5,metro-traffic.csv,external,A3,adaptive_linear,0.5,48204,1507,0,1507,0,122,48204,66308,31647,66430,31769,34661,0.5217672738220683,114634,79973,34661,0.30236230088804367,0.6976376991119563,0.5794964844635971,0.3972465707176172,0.18224991374597993,0.5227272727272727
metro-traffic.csv:A4:cq=0.5,metro-traffic.csv,external,A4,adaptive_auto,0.5,48204,1507,356,616,535,122,48204,66308,28083,66430,28205,38225,0.5754177329519795,114634,76409,38225,0.3334525533436851,0.6665474466563149,0.5794964844635971,0.36913190854480493,0.2103645759187922,0.5764764432647644
metro-traffic.csv:A0:cq=1,metro-traffic.csv,external,A0,whole_linear,1.0,48204,1,0,1,0,122,48204,44,21,166,143,23,0.13855421686746988,48370,48347,23,0.00047550134380814555,0.9995244986561919,0.0034318792640066157,0.0029577843506318905,0.00047409491337472524,0.5227272727272727
metro-traffic.csv:A1:cq=1,metro-traffic.csv,external,A1,fixed_linear,1.0,48204,754,0,754,0,122,48204,33176,15834,33298,15956,17342,0.5208120607844315,81502,64160,17342,0.21278005447719076,0.7872199455228093,0.4085543913032809,0.24869077306733167,0.15986361823594925,0.5227272727272727
metro-traffic.csv:A2:cq=1,metro-traffic.csv,external,A2,fixed_auto,1.0,48204,754,170,417,167,122,48204,33176,14486,33298,14608,18690,0.5612949726710313,81502,62812,18690,0.22931952590120488,0.7706804740987951,0.4085543913032809,0.2325670254091575,0.17598736589412342,0.5633590547383651
metro-traffic.csv:A3:cq=1,metro-traffic.csv,external,A3,adaptive_linear,1.0,48204,1507,0,1507,0,122,48204,66308,31647,66430,31769,34661,0.5217672738220683,114634,79973,34661,0.30236230088804367,0.6976376991119563,0.5794964844635971,0.3972465707176172,0.18224991374597993,0.5227272727272727
metro-traffic.csv:A4:cq=1,metro-traffic.csv,external,A4,adaptive_auto,1.0,48204,1507,299,682,526,122,48204,66308,28347,66430,28469,37961,0.5714436248682824,114634,76673,37961,0.3311495716803043,0.6688504283196958,0.5794964844635971,0.3713041096605063,0.20819237480309083,0.5724950232249502
metro-traffic.csv:A0:cq=2,metro-traffic.csv,external,A0,whole_linear,2.0,48204,1,0,1,0,122,48204,44,21,166,143,23,0.13855421686746988,48370,48347,23,0.00047550134380814555,0.9995244986561919,0.0034318792640066157,0.0029577843506318905,0.00047409491337472524,0.5227272727272727
metro-traffic.csv:A1:cq=2,metro-traffic.csv,external,A1,fixed_linear,2.0,48204,754,0,754,0,122,48204,33176,15834,33298,15956,17342,0.5208120607844315,81502,64160,17342,0.21278005447719076,0.7872199455228093,0.4085543913032809,0.24869077306733167,0.15986361823594925,0.5227272727272727
metro-traffic.csv:A2:cq=2,metro-traffic.csv,external,A2,fixed_auto,2.0,48204,754,170,351,233,122,48204,33176,14222,33298,14344,18954,0.5692233767793862,81502,62548,18954,0.23255871021570024,0.7674412897842998,0.4085543913032809,0.22932787619108524,0.17922651511219567,0.5713166144200628
metro-traffic.csv:A3:cq=2,metro-traffic.csv,external,A3,adaptive_linear,2.0,48204,1507,0,1507,0,122,48204,66308,31647,66430,31769,34661,0.5217672738220683,114634,79973,34661,0.30236230088804367,0.6976376991119563,0.5794964844635971,0.3972465707176172,0.18224991374597993,0.5227272727272727
metro-traffic.csv:A4:cq=2,metro-traffic.csv,external,A4,adaptive_auto,2.0,48204,1507,189,643,675,122,48204,66308,28191,66430,28313,38117,0.5737919614631943,114634,76517,38117,0.33251042448139295,0.667489575518607,0.5794964844635971,0.3700223479749598,0.20947413648863733,0.574847680521204
metro-traffic.csv:A0:cq=4,metro-traffic.csv,external,A0,whole_linear,4.0,48204,1,0,1,0,122,48204,44,21,166,143,23,0.13855421686746988,48370,48347,23,0.00047550134380814555,0.9995244986561919,0.0034318792640066157,0.0029577843506318905,0.00047409491337472524,0.5227272727272727
metro-traffic.csv:A1:cq=4,metro-traffic.csv,external,A1,fixed_linear,4.0,48204,754,0,754,0,122,48204,33176,15834,33298,15956,17342,0.5208120607844315,81502,64160,17342,0.21278005447719076,0.7872199455228093,0.4085543913032809,0.24869077306733167,0.15986361823594925,0.5227272727272727
metro-traffic.csv:A2:cq=4,metro-traffic.csv,external,A2,fixed_auto,4.0,48204,754,12,649,93,122,48204,33176,15414,33298,15536,17762,0.5334254309568143,81502,63740,17762,0.21793330225025154,0.7820666977497485,0.4085543913032809,0.24374019454032006,0.16481419676296086,0.5353870267663371
metro-traffic.csv:A3:cq=4,metro-traffic.csv,external,A3,adaptive_linear,4.0,48204,1507,0,1507,0,122,48204,66308,31647,66430,31769,34661,0.5217672738220683,114634,79973,34661,0.30236230088804367,0.6976376991119563,0.5794964844635971,0.3972465707176172,0.18224991374597993,0.5227272727272727
metro-traffic.csv:A4:cq=4,metro-traffic.csv,external,A4,adaptive_auto,4.0,48204,1507,25,1149,333,122,48204,66308,30215,66430,30337,36093,0.5433237994881831,114634,78541,36093,0.31485423172880644,0.6851457682711936,0.5794964844635971,0.38625685947466926,0.19323962498892788,0.5443234602159619
beijing-pm25.csv:A0:cq=0.0625,beijing-pm25.csv,external,A0,whole_linear,0.0625,34139,1,0,1,0,122,34391,44,21,166,143,23,0.13855421686746988,34557,34534,23,0.0006655670341754204,0.9993344329658246,0.004803657724918251,0.004140846701801123,0.0006628110231171273,0.5227272727272727
beijing-pm25.csv:A1:cq=0.0625,beijing-pm25.csv,external,A1,fixed_linear,0.0625,34139,534,0,534,0,122,34175,23496,11214,23618,11336,12282,0.5200270979761199,57793,45511,12282,0.21251708684442752,0.7874829131555725,0.4086654093056252,0.2490826393619125,0.15958276994371273,0.5227272727272727
beijing-pm25.csv:A2:cq=0.0625,beijing-pm25.csv,external,A2,fixed_auto,0.0625,34139,534,76,387,71,122,34202,23496,10626,23618,10748,12870,0.5449233635362859,57820,44950,12870,0.22258734002075406,0.7774126599792459,0.40847457627118644,0.23911012235817575,0.1693644539130107,0.547752808988764
beijing-pm25.csv:A3:cq=0.0625,beijing-pm25.csv,external,A3,adaptive_linear,0.0625,34139,1067,0,1067,0,122,34170,46948,22407,47070,22529,24541,0.5213724240492883,81240,56699,24541,0.30208025603151156,0.6979197439684884,0.579394387001477,0.39734386849856257,0.18205051850291448,0.5227272727272727
beijing-pm25.csv:A4:cq=0.0625,beijing-pm25.csv,external,A4,adaptive_auto,0.0625,34139,1067,159,726,182,122,34202,46948,21043,47070,21165,25905,0.5503505417463352,81272,55367,25905,0.31874446303770054,0.6812555369622995,0.5791662565213112,0.3822674156085755,0.19689884091273563,0.5517806935332709
beijing-pm25.csv:A0:cq=0.125,beijing-pm25.csv,external,A0,whole_linear,0.125,34139,1,0,1,0,122,34140,44,21,166,143,23,0.13855421686746988,34306,34283,23,0.0006704366583104996,0.9993295633416895,0.004838803707806215,0.004171163550447744,0.0006676401573584706,0.5227272727272727
beijing-pm25.csv:A1:cq=0.125,beijing-pm25.csv,external,A1,fixed_linear,0.125,34139,534,0,534,0,122,34139,23496,11214,23618,11336,12282,0.5200270979761199,57757,45475,12282,0.21264954897241892,0.787350451027581,0.40892013089322504,0.24927982407916438,0.15964030681406066,0.5227272727272727
beijing-pm25.csv:A2:cq=0.125,beijing-pm25.csv,external,A2,fixed_auto,0.125,34139,534,69,401,64,122,34139,23496,10682,23618,10804,12814,0.5425522906257939,57757,44943,12814,0.22186055369911872,0.7781394463008813,0.40892013089322504,0.24039338717931602,0.16852674371390902,0.5453694245829077
beijing-pm25.csv:A3:cq=0.125,beijing-pm25.csv,external,A3,adaptive_linear,0.125,34139,1067,0,1067,0,122,34139,46948,22407,47070,22529,24541,0.5213724240492883,81209,56668,24541,0.3021955694565873,0.6978044305434127,0.5796155598517406,0.3975612338533211,0.18205432599841953,0.5227272727272727
beijing-pm25.csv:A4:cq=0.125,beijing-pm25.csv,external,A4,adaptive_auto,0.125,34139,1067,144,746,177,122,34139,46948,21123,47070,21245,25825,0.5486509454004674,81209,55384,25825,0.31800662488147863,0.6819933751185213,0.5796155598517406,0.3835945399393327,0.19602101991240795,0.5500766805827724
beijing-pm25.csv:A0:cq=0.25,beijing-pm25.csv,external,A0,whole_linear,0.25,34139,1,0,1,0,122,34139,44,21,166,143,23,0.13855421686746988,34305,34282,23,0.0006704562017198659,0.9993295437982801,0.004838944760239032,0.004171285222565778,0.0006676595376732541,0.5227272727272727
beijing-pm25.csv:A1:cq=0.25,beijing-pm25.csv,external,A1,fixed_linear,0.25,34139,534,0,534,0,122,34139,23496,11214,23618,11336,12282,0.5200270979761199,57757,45475,12282,0.21264954897241892,0.787350451027581,0.40892013089322504,0.24927982407916438,0.15964030681406066,0.5227272727272727
beijing-pm25.csv:A2:cq=0.25,beijing-pm25.csv,external,A2,fixed_auto,0.25,34139,534,81,389,64,122,34139,23496,10634,23618,10756,12862,0.544584638834787,57757,44895,12862,0.22269162179476082,0.7773083782052392,0.40892013089322504,0.23958124512751977,0.16933888576570527,0.5474123255022132
beijing-pm25.csv:A3:cq=0.25,beijing-pm25.csv,external,A3,adaptive_linear,0.25,34139,1067,0,1067,0,122,34139,46948,22407,47070,22529,24541,0.5213724240492883,81209,56668,24541,0.3021955694565873,0.6978044305434127,0.5796155598517406,0.3975612338533211,0.18205432599841953,0.5227272727272727
beijing-pm25.csv:A4:cq=0.25,beijing-pm25.csv,external,A4,adaptive_auto,0.25,34139,1067,144,751,172,122,34139,46948,21143,47070,21265,25805,0.5482260463140004,81209,55404,25805,0.31776034675959564,0.6822396532404044,0.5796155598517406,0.3838170529203668,0.19579850693137385,0.5496506773451478
beijing-pm25.csv:A0:cq=0.5,beijing-pm25.csv,external,A0,whole_linear,0.5,34139,1,0,1,0,122,34139,44,21,166,143,23,0.13855421686746988,34305,34282,23,0.0006704562017198659,0.9993295437982801,0.004838944760239032,0.004171285222565778,0.0006676595376732541,0.5227272727272727
beijing-pm25.csv:A1:cq=0.5,beijing-pm25.csv,external,A1,fixed_linear,0.5,34139,534,0,534,0,122,34139,23496,11214,23618,11336,12282,0.5200270979761199,57757,45475,12282,0.21264954897241892,0.787350451027581,0.40892013089322504,0.24927982407916438,0.15964030681406066,0.5227272727272727
beijing-pm25.csv:A2:cq=0.5,beijing-pm25.csv,external,A2,fixed_auto,0.5,34139,534,76,392,66,122,34139,23496,10646,23618,10768,12850,0.5440765517825388,57757,44907,12850,0.22248385477085028,0.7775161452291497,0.40892013089322504,0.23978444340525976,0.16913568748796529,0.5469016002723868
beijing-pm25.csv:A3:cq=0.5,beijing-pm25.csv,external,A3,adaptive_linear,0.5,34139,1067,0,1067,0,122,34139,46948,22407,47070,22529,24541,0.5213724240492883,81209,56668,24541,0.3021955694565873,0.6978044305434127,0.5796155598517406,0.3975612338533211,0.18205432599841953,0.5227272727272727
beijing-pm25.csv:A4:cq=0.5,beijing-pm25.csv,external,A4,adaptive_auto,0.5,34139,1067,135,774,158,122,34139,46948,21235,47070,21357,25713,0.5462715105162524,81209,55496,25713,0.3166274673989336,0.6833725326010663,0.5796155598517406,0.3848385469223007,0.19477701292943994,0.5476910624520747
beijing-pm25.csv:A0:cq=1,beijing-pm25.csv,external,A0,whole_linear,1.0,34139,1,0,1,0,122,34139,44,21,166,143,23,0.13855421686746988,34305,34282,23,0.0006704562017198659,0.9993295437982801,0.004838944760239032,0.004171285222565778,0.0006676595376732541,0.5227272727272727
beijing-pm25.csv:A1:cq=1,beijing-pm25.csv,external,A1,fixed_linear,1.0,34139,534,0,534,0,122,34139,23496,11214,23618,11336,12282,0.5200270979761199,57757,45475,12282,0.21264954897241892,0.787350451027581,0.40892013089322504,0.24927982407916438,0.15964030681406066,0.5227272727272727
beijing-pm25.csv:A2:cq=1,beijing-pm25.csv,external,A2,fixed_auto,1.0,34139,534,89,368,77,122,34139,23496,10550,23618,10672,12946,0.548141248200525,57757,44811,12946,0.22414599096213447,0.7758540090378655,0.40892013089322504,0.23815580995737654,0.1707643209358485,0.5509874021109976
beijing-pm25.csv:A3:cq=1,beijing-pm25.csv,external,A3,adaptive_linear,1.0,34139,1067,0,1067,0,122,34139,46948,22407,47070,22529,24541,0.5213724240492883,81209,56668,24541,0.3021955694565873,0.6978044305434127,0.5796155598517406,0.3975612338533211,0.18205432599841953,0.5227272727272727
beijing-pm25.csv:A4:cq=1,beijing-pm25.csv,external,A4,adaptive_auto,1.0,34139,1067,163,728,176,122,34139,46948,21051,47070,21173,25897,0.5501805821117485,81209,55312,25897,0.3188932261202576,0.6811067738797424,0.5796155598517406,0.38279216083309225,0.19682339901864837,0.551610292238221
beijing-pm25.csv:A0:cq=2,beijing-pm25.csv,external,A0,whole_linear,2.0,34139,1,0,1,0,122,34139,44,21,166,143,23,0.13855421686746988,34305,34282,23,0.0006704562017198659,0.9993295437982801,0.004838944760239032,0.004171285222565778,0.0006676595376732541,0.5227272727272727
beijing-pm25.csv:A1:cq=2,beijing-pm25.csv,external,A1,fixed_linear,2.0,34139,534,0,534,0,122,34139,23496,11214,23618,11336,12282,0.5200270979761199,57757,45475,12282,0.21264954897241892,0.787350451027581,0.40892013089322504,0.24927982407916438,0.15964030681406066,0.5227272727272727
beijing-pm25.csv:A2:cq=2,beijing-pm25.csv,external,A2,fixed_auto,2.0,34139,534,69,372,93,122,34139,23496,10566,23618,10688,12930,0.5474637987975273,57757,44827,12930,0.2238689682635871,0.776131031736413,0.40892013089322504,0.23842773328574296,0.17049239760748208,0.5503064351378958
beijing-pm25.csv:A3:cq=2,beijing-pm25.csv,external,A3,adaptive_linear,2.0,34139,1067,0,1067,0,122,34139,46948,22407,47070,22529,24541,0.5213724240492883,81209,56668,24541,0.3021955694565873,0.6978044305434127,0.5796155598517406,0.3975612338533211,0.18205432599841953,0.5227272727272727
beijing-pm25.csv:A4:cq=2,beijing-pm25.csv,external,A4,adaptive_auto,2.0,34139,1067,158,684,225,122,34139,46948,20875,47070,20997,26073,0.5539196940726577,81209,55136,26073,0.32106047359282835,0.6789395264071716,0.5796155598517406,0.380821967498549,0.1987935923531916,0.5553591207293176
beijing-pm25.csv:A0:cq=4,beijing-pm25.csv,external,A0,whole_linear,4.0,34139,1,0,1,0,122,34139,44,21,166,143,23,0.13855421686746988,34305,34282,23,0.0006704562017198659,0.9993295437982801,0.004838944760239032,0.004171285222565778,0.0006676595376732541,0.5227272727272727
beijing-pm25.csv:A1:cq=4,beijing-pm25.csv,external,A1,fixed_linear,4.0,34139,534,0,534,0,122,34139,23496,11214,23618,11336,12282,0.5200270979761199,57757,45475,12282,0.21264954897241892,0.787350451027581,0.40892013089322504,0.24927982407916438,0.15964030681406066,0.5227272727272727
beijing-pm25.csv:A2:cq=4,beijing-pm25.csv,external,A2,fixed_auto,4.0,34139,534,56,404,74,122,34139,23496,10694,23618,10816,12802,0.5420442035735455,57757,44955,12802,0.2216527866752082,0.7783472133247918,0.40892013089322504,0.2405961517072628,0.16832397918596223,0.5448586993530814
beijing-pm25.csv:A3:cq=4,beijing-pm25.csv,external,A3,adaptive_linear,4.0,34139,1067,0,1067,0,122,34139,46948,22407,47070,22529,24541,0.5213724240492883,81209,56668,24541,0.3021955694565873,0.6978044305434127,0.5796155598517406,0.3975612338533211,0.18205432599841953,0.5227272727272727
beijing-pm25.csv:A4:cq=4,beijing-pm25.csv,external,A4,adaptive_auto,4.0,34139,1067,92,788,187,122,34139,46948,21291,47070,21413,25657,0.5450817930741448,81209,55552,25657,0.3159378886576611,0.6840621113423389,0.5796155598517406,0.3854586693548387,0.19415689049690193,0.5464982533867258
seoul-bike-demand.csv:A0:cq=0.0625,seoul-bike-demand.csv,external,A0,whole_linear,0.0625,8760,1,0,1,0,122,8777,44,21,166,143,23,0.13855421686746988,8943,8920,23,0.002571843900257184,0.9974281560997428,0.0185620038018562,0.016031390134529148,0.0025306136673270523,0.5227272727272727
seoul-bike-demand.csv:A1:cq=0.0625,seoul-bike-demand.csv,external,A1,fixed_linear,0.0625,8760,137,0,137,0,122,8762,6028,2877,6150,2999,3151,0.5123577235772357,14912,11761,3151,0.211306330472103,0.788693669527897,0.4124195278969957,0.25499532352691096,0.15742420437008475,0.5227272727272727
seoul-bike-demand.csv:A2:cq=0.0625,seoul-bike-demand.csv,external,A2,fixed_auto,0.0625,8760,137,40,90,7,122,8767,6028,2689,6150,2811,3339,0.5429268292682927,14917,11578,3339,0.22383857343969968,0.7761614265603003,0.4122812898035798,0.24278804629469683,0.16949324350888298,0.5539150630391506
seoul-bike-demand.csv:A3:cq=0.0625,seoul-bike-demand.csv,external,A3,adaptive_linear,0.0625,8760,274,0,274,0,122,8763,12056,5754,12178,5876,6302,0.5174905567416653,20941,14639,6302,0.3009407382646483,0.6990592617353517,0.5815386084714197,0.4013935378099597,0.18014507066146002,0.5227272727272727
seoul-bike-demand.csv:A4:cq=0.0625,seoul-bike-demand.csv,external,A4,adaptive_auto,0.0625,8760,274,96,135,43,122,8766,12056,5198,12178,5320,6858,0.5631466579077025,20944,14086,6858,0.3274446142093201,0.6725553857906799,0.5814553093964858,0.3776799659236121,0.20377534347287374,0.5688453881884539
seoul-bike-demand.csv:A0:cq=0.125,seoul-bike-demand.csv,external,A0,whole_linear,0.125,8760,1,0,1,0,122,8760,44,21,166,143,23,0.13855421686746988,8926,8903,23,0.002576742101725297,0.9974232578982747,0.018597356038539098,0.01606200157250365,0.0025353544660354464,0.5227272727272727
seoul-bike-demand.csv:A1:cq=0.125,seoul-bike-demand.csv,external,A1,fixed_linear,0.125,8760,137,0,137,0,122,8760,6028,2877,6150,2999,3151,0.5123577235772357,14910,11759,3151,0.2113346747149564,0.7886653252850436,0.4124748490945674,0.25503869376647675,0.15743615532809063,0.5227272727272727
seoul-bike-demand.csv:A2:cq=0.125,seoul-bike-demand.csv,external,A2,fixed_auto,0.125,8760,137,42,86,9,122,8760,6028,2673,6150,2795,3355,0.5455284552845528,14910,11555,3355,0.2250167672702884,0.7749832327297116,0.4124748490945674,0.2418866291648637,0.1705882199297037,0.5565693430656935
seoul-bike-demand.csv:A3:cq=0.125,seoul-bike-demand.csv,external,A3,adaptive_linear,0.125,8760,274,0,274,0,122,8760,12056,5754,12178,5876,6302,0.5174905567416653,20938,14636,6302,0.30098385710191994,0.69901614289808,0.5816219314165632,0.4014758130636786,0.18014611835288458,0.5227272727272727
seoul-bike-demand.csv:A4:cq=0.125,seoul-bike-demand.csv,external,A4,adaptive_auto,0.125,8760,274,88,149,37,122,8760,12056,5254,12178,5376,6802,0.558548201675152,20938,14136,6802,0.3248638838475499,0.6751361161524501,0.5816219314165632,0.38030560271646857,0.20131632870009458,0.564200398142004
seoul-bike-demand.csv:A0:cq=0.25,seoul-bike-demand.csv,external,A0,whole_linear,0.25,8760,1,0,1,0,122,8760,44,21,166,143,23,0.13855421686746988,8926,8903,23,0.002576742101725297,0.9974232578982747,0.018597356038539098,0.01606200157250365,0.0025353544660354464,0.5227272727272727
seoul-bike-demand.csv:A1:cq=0.25,seoul-bike-demand.csv,external,A1,fixed_linear,0.25,8760,137,0,137,0,122,8760,6028,2877,6150,2999,3151,0.5123577235772357,14910,11759,3151,0.2113346747149564,0.7886653252850436,0.4124748490945674,0.25503869376647675,0.15743615532809063,0.5227272727272727
seoul-bike-demand.csv:A2:cq=0.25,seoul-bike-demand.csv,external,A2,fixed_auto,0.25,8760,137,46,80,11,122,8760,6028,2649,6150,2771,3379,0.5494308943089431,14910,11531,3379,0.22662642521797452,0.7733735747820255,0.4124748490945674,0.24030873298066083,0.17216611611390656,0.5605507631055076
seoul-bike-demand.csv:A3:cq=0.25,seoul-bike-demand.csv,external,A3,adaptive_linear,0.25,8760,274,0,274,0,122,8760,12056,5754,12178,5876,6302,0.5174905567416653,20938,14636,6302,0.30098385710191994,0.69901614289808,0.5816219314165632,0.4014758130636786,0.18014611835288458,0.5227272727272727
seoul-bike-demand.csv:A4:cq=0.25,seoul-bike-demand.csv,external,A4,adaptive_auto,0.25,8760,274,86,137,51,122,8760,12056,5206,12178,5328,6850,0.5624897355887666,20938,14088,6850,0.3271563664151304,0.6728436335848696,0.5816219314165632,0.3781942078364566,0.20342772358010658,0.5681818181818181
seoul-bike-demand.csv:A0:cq=0.5,seoul-bike-demand.csv,external,A0,whole_linear,0.5,8760,1,0,1,0,122,8760,44,21,166,143,23,0.13855421686746988,8926,8903,23,0.002576742101725297,0.9974232578982747,0.018597356038539098,0.01606200157250365,0.0025353544660354464,0.5227272727272727
seoul-bike-demand.csv:A1:cq=0.5,seoul-bike-demand.csv,external,A1,fixed_linear,0.5,8760,137,0,137,0,122,8760,6028,2877,6150,2999,3151,0.5123577235772357,14910,11759,3151,0.2113346747149564,0.7886653252850436,0.4124748490945674,0.25503869376647675,0.15743615532809063,0.5227272727272727
seoul-bike-demand.csv:A2:cq=0.5,seoul-bike-demand.csv,external,A2,fixed_auto,0.5,8760,137,47,85,5,122,8760,6028,2669,6150,2791,3359,0.5461788617886179,14910,11551,3359,0.22528504359490276,0.7747149564050972,0.4124748490945674,0.24162410180936716,0.17085074728520022,0.5572329130723291
seoul-bike-demand.csv:A3:cq=0.5,seoul-bike-demand.csv,external,A3,adaptive_linear,0.5,8760,274,0,274,0,122,8760,12056,5754,12178,5876,6302,0.5174905567416653,20938,14636,6302,0.30098385710191994,0.69901614289808,0.5816219314165632,0.4014758130636786,0.18014611835288458,0.5227272727272727
seoul-bike-demand.csv:A4:cq=0.5,seoul-bike-demand.csv,external,A4,adaptive_auto,0.5,8760,274,92,140,42,122,8760,12056,5218,12178,5340,6838,0.561504352110363,20938,14100,6838,0.3265832457732353,0.6734167542267647,0.5816219314165632,0.37872340425531914,0.202898527161244,0.5671864631718646
seoul-bike-demand.csv:A0:cq=1,seoul-bike-demand.csv,external,A0,whole_linear,1.0,8760,1,0,1,0,122,8760,44,21,166,143,23,0.13855421686746988,8926,8903,23,0.002576742101725297,0.9974232578982747,0.018597356038539098,0.01606200157250365,0.0025353544660354464,0.5227272727272727
seoul-bike-demand.csv:A1:cq=1,seoul-bike-demand.csv,external,A1,fixed_linear,1.0,8760,137,0,137,0,122,8760,6028,2877,6150,2999,3151,0.5123577235772357,14910,11759,3151,0.2113346747149564,0.7886653252850436,0.4124748490945674,0.25503869376647675,0.15743615532809063,0.5227272727272727
seoul-bike-demand.csv:A2:cq=1,seoul-bike-demand.csv,external,A2,fixed_auto,1.0,8760,137,43,87,7,122,8760,6028,2677,6150,2799,3351,0.5448780487804878,14910,11559,3351,0.22474849094567403,0.7752515090543259,0.4124748490945674,0.24214897482481185,0.17032587426975554,0.5559057730590578
seoul-bike-demand.csv:A3:cq=1,seoul-bike-demand.csv,external,A3,adaptive_linear,1.0,8760,274,0,274,0,122,8760,12056,5754,12178,5876,6302,0.5174905567416653,20938,14636,6302,0.30098385710191994,0.69901614289808,0.5816219314165632,0.4014758130636786,0.18014611835288458,0.5227272727272727
seoul-bike-demand.csv:A4:cq=1,seoul-bike-demand.csv,external,A4,adaptive_auto,1.0,8760,274,100,133,41,122,8760,12056,5190,12178,5312,6866,0.5638035802266382,20938,14072,6866,0.3279205272709905,0.6720794727290095,0.5816219314165632,0.37748720864127344,0.2041347227752897,0.5695089581950896
seoul-bike-demand.csv:A0:cq=2,seoul-bike-demand.csv,external,A0,whole_linear,2.0,8760,1,0,1,0,122,8760,44,21,166,143,23,0.13855421686746988,8926,8903,23,0.002576742101725297,0.9974232578982747,0.018597356038539098,0.01606200157250365,0.0025353544660354464,0.5227272727272727
seoul-bike-demand.csv:A1:cq=2,seoul-bike-demand.csv,external,A1,fixed_linear,2.0,8760,137,0,137,0,122,8760,6028,2877,6150,2999,3151,0.5123577235772357,14910,11759,3151,0.2113346747149564,0.7886653252850436,0.4124748490945674,0.25503869376647675,0.15743615532809063,0.5227272727272727
seoul-bike-demand.csv:A2:cq=2,seoul-bike-demand.csv,external,A2,fixed_auto,2.0,8760,137,29,103,5,122,8760,6028,2741,6150,2863,3287,0.5344715447154471,14910,11623,3287,0.2204560697518444,0.7795439302481556,0.4124748490945674,0.24632194786199776,0.16615290123256962,0.5452886529528865
seoul-bike-demand.csv:A3:cq=2,seoul-bike-demand.csv,external,A3,adaptive_linear,2.0,8760,274,0,274,0,122,8760,12056,5754,12178,5876,6302,0.5174905567416653,20938,14636,6302,0.30098385710191994,0.69901614289808,0.5816219314165632,0.4014758130636786,0.18014611835288458,0.5227272727272727
seoul-bike-demand.csv:A4:cq=2,seoul-bike-demand.csv,external,A4,adaptive_auto,2.0,8760,274,105,131,38,122,8760,12056,5182,12178,5304,6874,0.564460502545574,20938,14064,6874,0.3283026076989206,0.6716973923010794,0.5816219314165632,0.3771331058020478,0.20448882561451537,0.5701725282017253
seoul-bike-demand.csv:A0:cq=4,seoul-bike-demand.csv,external,A0,whole_linear,4.0,8760,1,0,1,0,122,8760,44,21,166,143,23,0.13855421686746988,8926,8903,23,0.002576742101725297,0.9974232578982747,0.018597356038539098,0.01606200157250365,0.0025353544660354464,0.5227272727272727
seoul-bike-demand.csv:A1:cq=4,seoul-bike-demand.csv,external,A1,fixed_linear,4.0,8760,137,0,137,0,122,8760,6028,2877,6150,2999,3151,0.5123577235772357,14910,11759,3151,0.2113346747149564,0.7886653252850436,0.4124748490945674,0.25503869376647675,0.15743615532809063,0.5227272727272727
seoul-bike-demand.csv:A2:cq=4,seoul-bike-demand.csv,external,A2,fixed_auto,4.0,8760,137,29,99,9,122,8760,6028,2725,6150,2847,3303,0.5370731707317074,14910,11607,3303,0.2215291750503018,0.7784708249496982,0.4124748490945674,0.24528301886792453,0.16719183022664286,0.5479429329794293
seoul-bike-demand.csv:A3:cq=4,seoul-bike-demand.csv,external,A3,adaptive_linear,4.0,8760,274,0,274,0,122,8760,12056,5754,12178,5876,6302,0.5174905567416653,20938,14636,6302,0.30098385710191994,0.69901614289808,0.5816219314165632,0.4014758130636786,0.18014611835288458,0.5227272727272727
seoul-bike-demand.csv:A4:cq=4,seoul-bike-demand.csv,external,A4,adaptive_auto,4.0,8760,274,43,204,27,122,8760,12056,5474,12178,5596,6582,0.5404828379044178,20938,14356,6582,0.3143566720794727,0.6856433279205273,0.5816219314165632,0.38980217330732797,0.19181975810923518,0.5459522229595222
fan-vibration-x.csv:A0:cq=0.0625,fan-vibration-x.csv,external,A0,whole_linear,0.0625,153000,1,0,1,0,122,155325,44,21,166,143,23,0.13855421686746988,155491,155468,23,0.00014791852904669724,0.9998520814709533,0.001067585905293554,0.0009198034322175625,0.00014778247307599141,0.5227272727272727
fan-vibration-x.csv:A1:cq=0.0625,fan-vibration-x.csv,external,A1,fixed_linear,0.0625,153000,2391,0,2391,0,122,153087,105204,50211,105326,50333,54993,0.5221217932894062,258413,203420,54993,0.21281050101968554,0.7871894989803144,0.40758785355225935,0.24743388064103825,0.1601539729112211,0.5227272727272727
fan-vibration-x.csv:A2:cq=0.0625,fan-vibration-x.csv,external,A2,fixed_auto,0.0625,153000,2391,1102,1273,16,122,153085,105204,45739,105326,45861,59465,0.564580445474052,258411,198946,59465,0.23011791293714276,0.7698820870628572,0.40759100812271926,0.23051983955445196,0.1770711685682673,0.5652351621611346
fan-vibration-x.csv:A3:cq=0.0625,fan-vibration-x.csv,external,A3,adaptive_linear,0.0625,153000,1950,0,1950,0,122,153065,85800,40950,85922,41072,44850,0.5219850562137753,238987,194137,44850,0.18766711160021257,0.8123328883997875,0.35952583194901816,0.21156193821888666,0.1479638937301315,0.5227272727272727
fan-vibration-x.csv:A4:cq=0.0625,fan-vibration-x.csv,external,A4,adaptive_auto,0.0625,153000,1950,858,1085,7,122,153063,85800,37490,85922,37612,48310,0.5622541374735225,238985,190675,48310,0.20214657823712787,0.7978534217628721,0.3595288407222211,0.1972571128884227,0.16227172783379837,0.563053613053613
fan-vibration-x.csv:A0:cq=0.125,fan-vibration-x.csv,external,A0,whole_linear,0.125,153000,1,0,1,0,122,153145,44,21,166,143,23,0.13855421686746988,153311,153288,23,0.00015002185100873388,0.9998499781489912,0.0010827664029326011,0.0009328845049840823,0.00014988189794851886,0.5227272727272727
fan-vibration-x.csv:A1:cq=0.125,fan-vibration-x.csv,external,A1,fixed_linear,0.125,153000,2391,0,2391,0,122,153000,105204,50211,105326,50333,54993,0.5221217932894062,258326,203333,54993,0.2128821721390801,0.7871178278609199,0.407725122519607,0.24753975006516404,0.16018537245444298,0.5227272727272727
fan-vibration-x.csv:A2:cq=0.125,fan-vibration-x.csv,external,A2,fixed_auto,0.125,153000,2391,1134,1240,17,122,153000,105204,45607,105326,45729,59597,0.5658336972827223,258326,198729,59597,0.23070461355032013,0.7692953864496799,0.407725122519607,0.2301073320954667,0.17761779042414033,0.5664898673054257
fan-vibration-x.csv:A3:cq=0.125,fan-vibration-x.csv,external,A3,adaptive_linear,0.125,153000,1950,0,1950,0,122,153000,85800,40950,85922,41072,44850,0.5219850562137753,238922,194072,44850,0.18771816743539732,0.8122818325646026,0.3596236428625242,0.21163279607568325,0.14799084678684093,0.5227272727272727
fan-vibration-x.csv:A4:cq=0.125,fan-vibration-x.csv,external,A4,adaptive_auto,0.125,153000,1950,909,1037,4,122,153000,85800,37298,85922,37420,48502,0.5644887223295547,238922,190420,48502,0.20300349067896636,0.7969965093210336,0.3596236428625242,0.19651297132654133,0.16311067153598285,0.5652913752913753
fan-vibration-x.csv:A0:cq=0.25,fan-vibration-x.csv,external,A0,whole_linear,0.25,153000,1,0,1,0,122,153000,44,21,166,143,23,0.13855421686746988,153166,153143,23,0.00015016387448911638,0.9998498361255109,0.0010837914419649269,0.000933767785664379,0.00015002365630054787,0.5227272727272727
fan-vibration-x.csv:A1:cq=0.25,fan-vibration-x.csv,external,A1,fixed_linear,0.25,153000,2391,0,2391,0,122,153000,105204,50211,105326,50333,54993,0.5221217932894062,258326,203333,54993,0.2128821721390801,0.7871178278609199,0.407725122519607,0.24753975006516404,0.16018537245444298,0.5227272727272727
fan-vibration-x.csv:A2:cq=0.25,fan-vibration-x.csv,external,A2,fixed_auto,0.25,153000,2391,1081,1310,0,122,153000,105204,45887,105326,46009,59317,0.5631752843552399,258326,199009,59317,0.2296207118137547,0.7703792881862452,0.407725122519607,0.231190549171143,0.176534573348464,0.5638283715448082
fan-vibration-x.csv:A3:cq=0.25,fan-vibration-x.csv,external,A3,adaptive_linear,0.25,153000,1950,0,1950,0,122,153000,85800,40950,85922,41072,44850,0.5219850562137753,238922,194072,44850,0.18771816743539732,0.8122818325646026,0.3596236428625242,0.21163279607568325,0.14799084678684093,0.5227272727272727
fan-vibration-x.csv:A4:cq=0.25,fan-vibration-x.csv,external,A4,adaptive_auto,0.25,153000,1950,856,1094,0,122,153000,85800,37526,85922,37648,48274,0.5618351528130164,238922,190648,48274,0.20204920434283993,0.7979507956571601,0.3596236428625242,0.1974738785615375,0.16214976430098668,0.5626340326340327
fan-vibration-x.csv:A0:cq=0.5,fan-vibration-x.csv,external,A0,whole_linear,0.5,153000,1,0,1,0,122,153000,44,21,166,143,23,0.13855421686746988,153166,153143,23,0.00015016387448911638,0.9998498361255109,0.0010837914419649269,0.000933767785664379,0.00015002365630054787,0.5227272727272727
fan-vibration-x.csv:A1:cq=0.5,fan-vibration-x.csv,external,A1,fixed_linear,0.5,153000,2391,0,2391,0,122,153000,105204,50211,105326,50333,54993,0.5221217932894062,258326,203333,54993,0.2128821721390801,0.7871178278609199,0.407725122519607,0.24753975006516404,0.16018537245444298,0.5227272727272727
fan-vibration-x.csv:A2:cq=0.5,fan-vibration-x.csv,external,A2,fixed_auto,0.5,153000,2391,1124,1267,0,122,153000,105204,45715,105326,45837,59489,0.5648083094392647,258326,198837,59489,0.23028653716621633,0.7697134628337837,0.407725122519607,0.23052550581632192,0.1771996167032851,0.5654632903691874
fan-vibration-x.csv:A3:cq=0.5,fan-vibration-x.csv,external,A3,adaptive_linear,0.5,153000,1950,0,1950,0,122,153000,85800,40950,85922,41072,44850,0.5219850562137753,238922,194072,44850,0.18771816743539732,0.8122818325646026,0.3596236428625242,0.21163279607568325,0.14799084678684093,0.5227272727272727
fan-vibration-x.csv:A4:cq=0.5,fan-vibration-x.csv,external,A4,adaptive_auto,0.5,153000,1950,904,1046,0,122,153000,85800,37334,85922,37456,48466,0.5640697376690487,238922,190456,48466,0.20285281388905166,0.7971471861109484,0.3596236428625242,0.1966648464737262,0.16295879638879798,0.564871794871795
fan-vibration-x.csv:A0:cq=1,fan-vibration-x.csv,external,A0,whole_linear,1.0,153000,1,0,1,0,122,153000,44,21,166,143,23,0.13855421686746988,153166,153143,23,0.00015016387448911638,0.9998498361255109,0.0010837914419649269,0.000933767785664379,0.00015002365630054787,0.5227272727272727
fan-vibration-x.csv:A1:cq=1,fan-vibration-x.csv,external,A1,fixed_linear,1.0,153000,2391,0,2391,0,122,153000,105204,50211,105326,50333,54993,0.5221217932894062,258326,203333,54993,0.2128821721390801,0.7871178278609199,0.407725122519607,0.24753975006516404,0.16018537245444298,0.5227272727272727
fan-vibration-x.csv:A2:cq=1,fan-vibration-x.csv,external,A2,fixed_auto,1.0,153000,2391,1055,1336,0,122,153000,105204,45991,105326,46113,59213,0.5621878738393179,258326,199113,59213,0.22921811974017328,0.7707818802598267,0.407725122519607,0.23159211101233973,0.1761330115072673,0.5628398159765788
fan-vibration-x.csv:A3:cq=1,fan-vibration-x.csv,external,A3,adaptive_linear,1.0,153000,1950,0,1950,0,122,153000,85800,40950,85922,41072,44850,0.5219850562137753,238922,194072,44850,0.18771816743539732,0.8122818325646026,0.3596236428625242,0.21163279607568325,0.14799084678684093,0.5227272727272727
fan-vibration-x.csv:A4:cq=1,fan-vibration-x.csv,external,A4,adaptive_auto,1.0,153000,1950,860,1090,0,122,153000,85800,37510,85922,37632,48290,0.5620213682176858,238922,190632,48290,0.20211617180502423,0.7978838281949757,0.3596236428625242,0.19740652146544127,0.16221712139708291,0.5628205128205128
fan-vibration-x.csv:A0:cq=2,fan-vibration-x.csv,external,A0,whole_linear,2.0,153000,1,0,1,0,122,153000,44,21,166,143,23,0.13855421686746988,153166,153143,23,0.00015016387448911638,0.9998498361255109,0.0010837914419649269,0.000933767785664379,0.00015002365630054787,0.5227272727272727
fan-vibration-x.csv:A1:cq=2,fan-vibration-x.csv,external,A1,fixed_linear,2.0,153000,2391,0,2391,0,122,153000,105204,50211,105326,50333,54993,0.5221217932894062,258326,203333,54993,0.2128821721390801,0.7871178278609199,0.407725122519607,0.24753975006516404,0.16018537245444298,0.5227272727272727
fan-vibration-x.csv:A2:cq=2,fan-vibration-x.csv,external,A2,fixed_auto,2.0,153000,2391,1105,1286,0,122,153000,105204,45791,105326,45913,59413,0.564086740216091,258326,198913,59413,0.22999233526629143,0.7700076647337085,0.407725122519607,0.23081950400426318,0.17690561851534384,0.5647408843770199
fan-vibration-x.csv:A3:cq=2,fan-vibration-x.csv,external,A3,adaptive_linear,2.0,153000,1950,0,1950,0,122,153000,85800,40950,85922,41072,44850,0.5219850562137753,238922,194072,44850,0.18771816743539732,0.8122818325646026,0.3596236428625242,0.21163279607568325,0.14799084678684093,0.5227272727272727
fan-vibration-x.csv:A4:cq=2,fan-vibration-x.csv,external,A4,adaptive_auto,2.0,153000,1950,827,1123,0,122,153000,85800,37642,85922,37764,48158,0.5604850911291637,238922,190764,48158,0.20156369024200366,0.7984363097579963,0.3596236428625242,0.1979618795999245,0.16166176326259968,0.5612820512820513
fan-vibration-x.csv:A0:cq=4,fan-vibration-x.csv,external,A0,whole_linear,4.0,153000,1,0,1,0,122,153000,44,21,166,143,23,0.13855421686746988,153166,153143,23,0.00015016387448911638,0.9998498361255109,0.0010837914419649269,0.000933767785664379,0.00015002365630054787,0.5227272727272727
fan-vibration-x.csv:A1:cq=4,fan-vibration-x.csv,external,A1,fixed_linear,4.0,153000,2391,0,2391,0,122,153000,105204,50211,105326,50333,54993,0.5221217932894062,258326,203333,54993,0.2128821721390801,0.7871178278609199,0.407725122519607,0.24753975006516404,0.16018537245444298,0.5227272727272727
fan-vibration-x.csv:A2:cq=4,fan-vibration-x.csv,external,A2,fixed_auto,4.0,153000,2391,826,1565,0,122,153000,105204,46907,105326,47029,58297,0.5534910658336973,258326,200029,58297,0.2256722126305521,0.774327787369448,0.407725122519607,0.23511090891820685,0.17261421360140017,0.5541329227025589
fan-vibration-x.csv:A3:cq=4,fan-vibration-x.csv,external,A3,adaptive_linear,4.0,153000,1950,0,1950,0,122,153000,85800,40950,85922,41072,44850,0.5219850562137753,238922,194072,44850,0.18771816743539732,0.8122818325646026,0.3596236428625242,0.21163279607568325,0.14799084678684093,0.5227272727272727
fan-vibration-x.csv:A4:cq=4,fan-vibration-x.csv,external,A4,adaptive_auto,4.0,153000,1950,699,1250,1,122,153000,85800,38150,85922,38272,47650,0.5545727520309117,238922,191272,47650,0.1994374733176518,0.8005625266823482,0.3596236428625242,0.20009201555899453,0.15953162730352966,0.5553613053613053
dow-jones-weekly-return.csv:A0:cq=0.0625,dow-jones-weekly-return.csv,external,A0,whole_linear,0.0625,25,1,0,1,0,122,25,44,21,166,143,23,0.13855421686746988,191,168,23,0.12041884816753927,0.8795811518324608,0.8691099476439791,0.8511904761904762,0.017919471453502922,0.5227272727272727
dow-jones-weekly-return.csv:A1:cq=0.0625,dow-jones-weekly-return.csv,external,A1,fixed_linear,0.0625,25,1,0,1,0,122,25,44,21,166,143,23,0.13855421686746988,191,168,23,0.12041884816753927,0.8795811518324608,0.8691099476439791,0.8511904761904762,0.017919471453502922,0.5227272727272727
dow-jones-weekly-return.csv:A2:cq=0.0625,dow-jones-weekly-return.csv,external,A2,fixed_auto,0.0625,25,1,0,1,0,122,25,44,21,166,143,23,0.13855421686746988,191,168,23,0.12041884816753927,0.8795811518324608,0.8691099476439791,0.8511904761904762,0.017919471453502922,0.5227272727272727
dow-jones-weekly-return.csv:A3:cq=0.0625,dow-jones-weekly-return.csv,external,A3,adaptive_linear,0.0625,25,1,0,1,0,122,25,44,21,166,143,23,0.13855421686746988,191,168,23,0.12041884816753927,0.8795811518324608,0.8691099476439791,0.8511904761904762,0.017919471453502922,0.5227272727272727
dow-jones-weekly-return.csv:A4:cq=0.0625,dow-jones-weekly-return.csv,external,A4,adaptive_auto,0.0625,25,1,0,1,0,122,25,44,21,166,143,23,0.13855421686746988,191,168,23,0.12041884816753927,0.8795811518324608,0.8691099476439791,0.8511904761904762,0.017919471453502922,0.5227272727272727
dow-jones-weekly-return.csv:A0:cq=0.125,dow-jones-weekly-return.csv,external,A0,whole_linear,0.125,25,1,0,1,0,122,25,44,21,166,143,23,0.13855421686746988,191,168,23,0.12041884816753927,0.8795811518324608,0.8691099476439791,0.8511904761904762,0.017919471453502922,0.5227272727272727
dow-jones-weekly-return.csv:A1:cq=0.125,dow-jones-weekly-return.csv,external,A1,fixed_linear,0.125,25,1,0,1,0,122,25,44,21,166,143,23,0.13855421686746988,191,168,23,0.12041884816753927,0.8795811518324608,0.8691099476439791,0.8511904761904762,0.017919471453502922,0.5227272727272727
dow-jones-weekly-return.csv:A2:cq=0.125,dow-jones-weekly-return.csv,external,A2,fixed_auto,0.125,25,1,0,1,0,122,25,44,21,166,143,23,0.13855421686746988,191,168,23,0.12041884816753927,0.8795811518324608,0.8691099476439791,0.8511904761904762,0.017919471453502922,0.5227272727272727
dow-jones-weekly-return.csv:A3:cq=0.125,dow-jones-weekly-return.csv,external,A3,adaptive_linear,0.125,25,1,0,1,0,122,25,44,21,166,143,23,0.13855421686746988,191,168,23,0.12041884816753927,0.8795811518324608,0.8691099476439791,0.8511904761904762,0.017919471453502922,0.5227272727272727
dow-jones-weekly-return.csv:A4:cq=0.125,dow-jones-weekly-return.csv,external,A4,adaptive_auto,0.125,25,1,0,1,0,122,25,44,21,166,143,23,0.13855421686746988,191,168,23,0.12041884816753927,0.8795811518324608,0.8691099476439791,0.8511904761904762,0.017919471453502922,0.5227272727272727
dow-jones-weekly-return.csv:A0:cq=0.25,dow-jones-weekly-return.csv,external,A0,whole_linear,0.25,25,1,0,1,0,122,25,44,21,166,143,23,0.13855421686746988,191,168,23,0.12041884816753927,0.8795811518324608,0.8691099476439791,0.8511904761904762,0.017919471453502922,0.5227272727272727
dow-jones-weekly-return.csv:A1:cq=0.25,dow-jones-weekly-return.csv,external,A1,fixed_linear,0.25,25,1,0,1,0,122,25,44,21,166,143,23,0.13855421686746988,191,168,23,0.12041884816753927,0.8795811518324608,0.8691099476439791,0.8511904761904762,0.017919471453502922,0.5227272727272727
dow-jones-weekly-return.csv:A2:cq=0.25,dow-jones-weekly-return.csv,external,A2,fixed_auto,0.25,25,1,0,1,0,122,25,44,21,166,143,23,0.13855421686746988,191,168,23,0.12041884816753927,0.8795811518324608,0.8691099476439791,0.8511904761904762,0.017919471453502922,0.5227272727272727
dow-jones-weekly-return.csv:A3:cq=0.25,dow-jones-weekly-return.csv,external,A3,adaptive_linear,0.25,25,1,0,1,0,122,25,44,21,166,143,23,0.13855421686746988,191,168,23,0.12041884816753927,0.8795811518324608,0.8691099476439791,0.8511904761904762,0.017919471453502922,0.5227272727272727
dow-jones-weekly-return.csv:A4:cq=0.25,dow-jones-weekly-return.csv,external,A4,adaptive_auto,0.25,25,1,0,1,0,122,25,44,21,166,143,23,0.13855421686746988,191,168,23,0.12041884816753927,0.8795811518324608,0.8691099476439791,0.8511904761904762,0.017919471453502922,0.5227272727272727
dow-jones-weekly-return.csv:A0:cq=0.5,dow-jones-weekly-return.csv,external,A0,whole_linear,0.5,25,1,0,1,0,122,25,44,21,166,143,23,0.13855421686746988,191,168,23,0.12041884816753927,0.8795811518324608,0.8691099476439791,0.8511904761904762,0.017919471453502922,0.5227272727272727
dow-jones-weekly-return.csv:A1:cq=0.5,dow-jones-weekly-return.csv,external,A1,fixed_linear,0.5,25,1,0,1,0,122,25,44,21,166,143,23,0.13855421686746988,191,168,23,0.12041884816753927,0.8795811518324608,0.8691099476439791,0.8511904761904762,0.017919471453502922,0.5227272727272727
dow-jones-weekly-return.csv:A2:cq=0.5,dow-jones-weekly-return.csv,external,A2,fixed_auto,0.5,25,1,1,0,0,122,25,44,17,166,139,27,0.16265060240963855,191,164,27,0.14136125654450263,0.8586387434554974,0.8691099476439791,0.8475609756097561,0.021548972034223013,0.6136363636363636
dow-jones-weekly-return.csv:A3:cq=0.5,dow-jones-weekly-return.csv,external,A3,adaptive_linear,0.5,25,1,0,1,0,122,25,44,21,166,143,23,0.13855421686746988,191,168,23,0.12041884816753927,0.8795811518324608,0.8691099476439791,0.8511904761904762,0.017919471453502922,0.5227272727272727
dow-jones-weekly-return.csv:A4:cq=0.5,dow-jones-weekly-return.csv,external,A4,adaptive_auto,0.5,25,1,1,0,0,122,25,44,17,166,139,27,0.16265060240963855,191,164,27,0.14136125654450263,0.8586387434554974,0.8691099476439791,0.8475609756097561,0.021548972034223013,0.6136363636363636
dow-jones-weekly-return.csv:A0:cq=1,dow-jones-weekly-return.csv,external,A0,whole_linear,1.0,25,1,0,1,0,122,25,44,21,166,143,23,0.13855421686746988,191,168,23,0.12041884816753927,0.8795811518324608,0.8691099476439791,0.8511904761904762,0.017919471453502922,0.5227272727272727
dow-jones-weekly-return.csv:A1:cq=1,dow-jones-weekly-return.csv,external,A1,fixed_linear,1.0,25,1,0,1,0,122,25,44,21,166,143,23,0.13855421686746988,191,168,23,0.12041884816753927,0.8795811518324608,0.8691099476439791,0.8511904761904762,0.017919471453502922,0.5227272727272727
dow-jones-weekly-return.csv:A2:cq=1,dow-jones-weekly-return.csv,external,A2,fixed_auto,1.0,25,1,1,0,0,122,25,44,17,166,139,27,0.16265060240963855,191,164,27,0.14136125654450263,0.8586387434554974,0.8691099476439791,0.8475609756097561,0.021548972034223013,0.6136363636363636
dow-jones-weekly-return.csv:A3:cq=1,dow-jones-weekly-return.csv,external,A3,adaptive_linear,1.0,25,1,0,1,0,122,25,44,21,166,143,23,0.13855421686746988,191,168,23,0.12041884816753927,0.8795811518324608,0.8691099476439791,0.8511904761904762,0.017919471453502922,0.5227272727272727
dow-jones-weekly-return.csv:A4:cq=1,dow-jones-weekly-return.csv,external,A4,adaptive_auto,1.0,25,1,1,0,0,122,25,44,17,166,139,27,0.16265060240963855,191,164,27,0.14136125654450263,0.8586387434554974,0.8691099476439791,0.8475609756097561,0.021548972034223013,0.6136363636363636
dow-jones-weekly-return.csv:A0:cq=2,dow-jones-weekly-return.csv,external,A0,whole_linear,2.0,25,1,0,1,0,122,25,44,21,166,143,23,0.13855421686746988,191,168,23,0.12041884816753927,0.8795811518324608,0.8691099476439791,0.8511904761904762,0.017919471453502922,0.5227272727272727
dow-jones-weekly-return.csv:A1:cq=2,dow-jones-weekly-return.csv,external,A1,fixed_linear,2.0,25,1,0,1,0,122,25,44,21,166,143,23,0.13855421686746988,191,168,23,0.12041884816753927,0.8795811518324608,0.8691099476439791,0.8511904761904762,0.017919471453502922,0.5227272727272727
dow-jones-weekly-return.csv:A2:cq=2,dow-jones-weekly-return.csv,external,A2,fixed_auto,2.0,25,1,0,1,0,122,25,44,21,166,143,23,0.13855421686746988,191,168,23,0.12041884816753927,0.8795811518324608,0.8691099476439791,0.8511904761904762,0.017919471453502922,0.5227272727272727
dow-jones-weekly-return.csv:A3:cq=2,dow-jones-weekly-return.csv,external,A3,adaptive_linear,2.0,25,1,0,1,0,122,25,44,21,166,143,23,0.13855421686746988,191,168,23,0.12041884816753927,0.8795811518324608,0.8691099476439791,0.8511904761904762,0.017919471453502922,0.5227272727272727
dow-jones-weekly-return.csv:A4:cq=2,dow-jones-weekly-return.csv,external,A4,adaptive_auto,2.0,25,1,0,1,0,122,25,44,21,166,143,23,0.13855421686746988,191,168,23,0.12041884816753927,0.8795811518324608,0.8691099476439791,0.8511904761904762,0.017919471453502922,0.5227272727272727
dow-jones-weekly-return.csv:A0:cq=4,dow-jones-weekly-return.csv,external,A0,whole_linear,4.0,25,1,0,1,0,122,25,44,21,166,143,23,0.13855421686746988,191,168,23,0.12041884816753927,0.8795811518324608,0.8691099476439791,0.8511904761904762,0.017919471453502922,0.5227272727272727
dow-jones-weekly-return.csv:A1:cq=4,dow-jones-weekly-return.csv,external,A1,fixed_linear,4.0,25,1,0,1,0,122,25,44,21,166,143,23,0.13855421686746988,191,168,23,0.12041884816753927,0.8795811518324608,0.8691099476439791,0.8511904761904762,0.017919471453502922,0.5227272727272727
dow-jones-weekly-return.csv:A2:cq=4,dow-jones-weekly-return.csv,external,A2,fixed_auto,4.0,25,1,0,1,0,122,25,44,21,166,143,23,0.13855421686746988,191,168,23,0.12041884816753927,0.8795811518324608,0.8691099476439791,0.8511904761904762,0.017919471453502922,0.5227272727272727
dow-jones-weekly-return.csv:A3:cq=4,dow-jones-weekly-return.csv,external,A3,adaptive_linear,4.0,25,1,0,1,0,122,25,44,21,166,143,23,0.13855421686746988,191,168,23,0.12041884816753927,0.8795811518324608,0.8691099476439791,0.8511904761904762,0.017919471453502922,0.5227272727272727
dow-jones-weekly-return.csv:A4:cq=4,dow-jones-weekly-return.csv,external,A4,adaptive_auto,4.0,25,1,0,1,0,122,25,44,21,166,143,23,0.13855421686746988,191,168,23,0.12041884816753927,0.8795811518324608,0.8691099476439791,0.8511904761904762,0.017919471453502922,0.5227272727272727
room-occupancy-count.csv:A0:cq=0.0625,room-occupancy-count.csv,external,A0,whole_linear,0.0625,10129,1,0,1,0,122,10129,44,21,166,143,23,0.13855421686746988,10295,10272,23,0.002234094220495386,0.9977659057795046,0.016124332200097135,0.013921339563862928,0.0022029926362342068,0.5227272727272727
room-occupancy-count.csv:A1:cq=0.0625,room-occupancy-count.csv,external,A1,fixed_linear,0.0625,10129,159,0,159,0,122,10137,6996,3339,7118,3461,3657,0.5137679123349256,17255,13598,3657,0.21193856853086063,0.7880614314691394,0.4125181106925529,0.2545227239299897,0.1579953867625632,0.5227272727272727
room-occupancy-count.csv:A2:cq=0.0625,room-occupancy-count.csv,external,A2,fixed_auto,0.0625,10129,159,140,0,19,122,10152,6996,2703,7118,2825,4293,0.6031188536105647,17270,12977,4293,0.2485813549507817,0.7514186450492183,0.4121598147075854,0.2176928411805502,0.19446697352703518,0.6136363636363636
room-occupancy-count.csv:A3:cq=0.0625,room-occupancy-count.csv,external,A3,adaptive_linear,0.0625,10129,80,0,80,0,122,10131,3520,1680,3642,1802,1840,0.5052169137836353,13773,11933,1840,0.13359471429608655,0.8664052857039135,0.26443040731866696,0.15100980474314926,0.1134206025755177,0.5227272727272727
room-occupancy-count.csv:A4:cq=0.0625,room-occupancy-count.csv,external,A4,adaptive_auto,0.0625,10129,80,63,0,17,122,10153,3520,1360,3642,1482,2160,0.5930807248764415,13795,11635,2160,0.1565784704603117,0.8434215295396883,0.2640086988039145,0.12737430167597766,0.13663439712793682,0.6136363636363636
room-occupancy-count.csv:A0:cq=0.125,room-occupancy-count.csv,external,A0,whole_linear,0.125,10129,1,0,1,0,122,10129,44,21,166,143,23,0.13855421686746988,10295,10272,23,0.002234094220495386,0.9977659057795046,0.016124332200097135,0.013921339563862928,0.0022029926362342068,0.5227272727272727
room-occupancy-count.csv:A1:cq=0.125,room-occupancy-count.csv,external,A1,fixed_linear,0.125,10129,159,0,159,0,122,10129,6996,3339,7118,3461,3657,0.5137679123349256,17247,13590,3657,0.21203687597843104,0.787963124021569,0.41270945671711023,0.25467255334805006,0.15803690336906018,0.5227272727272727
room-occupancy-count.csv:A2:cq=0.125,room-occupancy-count.csv,external,A2,fixed_auto,0.125,10129,159,142,0,17,122,10143,6996,2703,7118,2825,4293,0.6031188536105647,17261,12968,4293,0.24871096691964545,0.7512890330803546,0.41237471757140376,0.21784392350400988,0.19453079406739388,0.6136363636363636
room-occupancy-count.csv:A3:cq=0.125,room-occupancy-count.csv,external,A3,adaptive_linear,0.125,10129,80,0,80,0,122,10130,3520,1680,3642,1802,1840,0.5052169137836353,13772,11932,1840,0.1336044147545745,0.8663955852454255,0.26444960790008715,0.15102246061012403,0.11342714728996312,0.5227272727272727
room-occupancy-count.csv:A4:cq=0.125,room-occupancy-count.csv,external,A4,adaptive_auto,0.125,10129,80,63,1,16,122,10142,3520,1364,3642,1486,2156,0.5919824272377814,13784,11628,2156,0.1564132327336042,0.8435867672663958,0.264219384793964,0.1277949776401789,0.13642440715378512,0.6125
room-occupancy-count.csv:A0:cq=0.25,room-occupancy-count.csv,external,A0,whole_linear,0.25,10129,1,0,1,0,122,10129,44,21,166,143,23,0.13855421686746988,10295,10272,23,0.002234094220495386,0.9977659057795046,0.016124332200097135,0.013921339563862928,0.0022029926362342068,0.5227272727272727
room-occupancy-count.csv:A1:cq=0.25,room-occupancy-count.csv,external,A1,fixed_linear,0.25,10129,159,0,159,0,122,10129,6996,3339,7118,3461,3657,0.5137679123349256,17247,13590,3657,0.21203687597843104,0.787963124021569,0.41270945671711023,0.25467255334805006,0.15803690336906018,0.5227272727272727
room-occupancy-count.csv:A2:cq=0.25,room-occupancy-count.csv,external,A2,fixed_auto,0.25,10129,159,141,0,18,122,10129,6996,2703,7118,2825,4293,0.6031188536105647,17247,12954,4293,0.2489128544094625,0.7510871455905375,0.41270945671711023,0.2180793577273429,0.19463009898976733,0.6136363636363636
room-occupancy-count.csv:A3:cq=0.25,room-occupancy-count.csv,external,A3,adaptive_linear,0.25,10129,80,0,80,0,122,10129,3520,1680,3642,1802,1840,0.5052169137836353,13771,11931,1840,0.13361411662188658,0.8663858833781134,0.2644688112700603,0.15103511859860866,0.11343369267145162,0.5227272727272727
room-occupancy-count.csv:A4:cq=0.25,room-occupancy-count.csv,external,A4,adaptive_auto,0.25,10129,80,63,1,16,122,10129,3520,1364,3642,1486,2156,0.5919824272377814,13771,11615,2156,0.156560888824341,0.843439111175659,0.2644688112700603,0.1279380111924236,0.13653080007763668,0.6125
room-occupancy-count.csv:A0:cq=0.5,room-occupancy-count.csv,external,A0,whole_linear,0.5,10129,1,0,1,0,122,10129,44,21,166,143,23,0.13855421686746988,10295,10272,23,0.002234094220495386,0.9977659057795046,0.016124332200097135,0.013921339563862928,0.0022029926362342068,0.5227272727272727
room-occupancy-count.csv:A1:cq=0.5,room-occupancy-count.csv,external,A1,fixed_linear,0.5,10129,159,0,159,0,122,10129,6996,3339,7118,3461,3657,0.5137679123349256,17247,13590,3657,0.21203687597843104,0.787963124021569,0.41270945671711023,0.25467255334805006,0.15803690336906018,0.5227272727272727
room-occupancy-count.csv:A2:cq=0.5,room-occupancy-count.csv,external,A2,fixed_auto,0.5,10129,159,141,0,18,122,10129,6996,2703,7118,2825,4293,0.6031188536105647,17247,12954,4293,0.2489128544094625,0.7510871455905375,0.41270945671711023,0.2180793577273429,0.19463009898976733,0.6136363636363636
room-occupancy-count.csv:A3:cq=0.5,room-occupancy-count.csv,external,A3,adaptive_linear,0.5,10129,80,0,80,0,122,10129,3520,1680,3642,1802,1840,0.5052169137836353,13771,11931,1840,0.13361411662188658,0.8663858833781134,0.2644688112700603,0.15103511859860866,0.11343369267145162,0.5227272727272727
room-occupancy-count.csv:A4:cq=0.5,room-occupancy-count.csv,external,A4,adaptive_auto,0.5,10129,80,66,0,14,122,10129,3520,1360,3642,1482,2160,0.5930807248764415,13771,11611,2160,0.15685135429525815,0.8431486457047418,0.2644688112700603,0.12763758504866074,0.13683122622139954,0.6136363636363636
room-occupancy-count.csv:A0:cq=1,room-occupancy-count.csv,external,A0,whole_linear,1.0,10129,1,0,1,0,122,10129,44,21,166,143,23,0.13855421686746988,10295,10272,23,0.002234094220495386,0.9977659057795046,0.016124332200097135,0.013921339563862928,0.0022029926362342068,0.5227272727272727
room-occupancy-count.csv:A1:cq=1,room-occupancy-count.csv,external,A1,fixed_linear,1.0,10129,159,0,159,0,122,10129,6996,3339,7118,3461,3657,0.5137679123349256,17247,13590,3657,0.21203687597843104,0.787963124021569,0.41270945671711023,0.25467255334805006,0.15803690336906018,0.5227272727272727
room-occupancy-count.csv:A2:cq=1,room-occupancy-count.csv,external,A2,fixed_auto,1.0,10129,159,140,0,19,122,10129,6996,2703,7118,2825,4293,0.6031188536105647,17247,12954,4293,0.2489128544094625,0.7510871455905375,0.41270945671711023,0.2180793577273429,0.19463009898976733,0.6136363636363636
room-occupancy-count.csv:A3:cq=1,room-occupancy-count.csv,external,A3,adaptive_linear,1.0,10129,80,0,80,0,122,10129,3520,1680,3642,1802,1840,0.5052169137836353,13771,11931,1840,0.13361411662188658,0.8663858833781134,0.2644688112700603,0.15103511859860866,0.11343369267145162,0.5227272727272727
room-occupancy-count.csv:A4:cq=1,room-occupancy-count.csv,external,A4,adaptive_auto,1.0,10129,80,67,0,13,122,10129,3520,1360,3642,1482,2160,0.5930807248764415,13771,11611,2160,0.15685135429525815,0.8431486457047418,0.2644688112700603,0.12763758504866074,0.13683122622139954,0.6136363636363636
room-occupancy-count.csv:A0:cq=2,room-occupancy-count.csv,external,A0,whole_linear,2.0,10129,1,0,1,0,122,10129,44,21,166,143,23,0.13855421686746988,10295,10272,23,0.002234094220495386,0.9977659057795046,0.016124332200097135,0.013921339563862928,0.0022029926362342068,0.5227272727272727
room-occupancy-count.csv:A1:cq=2,room-occupancy-count.csv,external,A1,fixed_linear,2.0,10129,159,0,159,0,122,10129,6996,3339,7118,3461,3657,0.5137679123349256,17247,13590,3657,0.21203687597843104,0.787963124021569,0.41270945671711023,0.25467255334805006,0.15803690336906018,0.5227272727272727
room-occupancy-count.csv:A2:cq=2,room-occupancy-count.csv,external,A2,fixed_auto,2.0,10129,159,139,0,20,122,10129,6996,2703,7118,2825,4293,0.6031188536105647,17247,12954,4293,0.2489128544094625,0.7510871455905375,0.41270945671711023,0.2180793577273429,0.19463009898976733,0.6136363636363636
room-occupancy-count.csv:A3:cq=2,room-occupancy-count.csv,external,A3,adaptive_linear,2.0,10129,80,0,80,0,122,10129,3520,1680,3642,1802,1840,0.5052169137836353,13771,11931,1840,0.13361411662188658,0.8663858833781134,0.2644688112700603,0.15103511859860866,0.11343369267145162,0.5227272727272727
room-occupancy-count.csv:A4:cq=2,room-occupancy-count.csv,external,A4,adaptive_auto,2.0,10129,80,64,0,16,122,10129,3520,1360,3642,1482,2160,0.5930807248764415,13771,11611,2160,0.15685135429525815,0.8431486457047418,0.2644688112700603,0.12763758504866074,0.13683122622139954,0.6136363636363636
room-occupancy-count.csv:A0:cq=4,room-occupancy-count.csv,external,A0,whole_linear,4.0,10129,1,0,1,0,122,10129,44,21,166,143,23,0.13855421686746988,10295,10272,23,0.002234094220495386,0.9977659057795046,0.016124332200097135,0.013921339563862928,0.0022029926362342068,0.5227272727272727
room-occupancy-count.csv:A1:cq=4,room-occupancy-count.csv,external,A1,fixed_linear,4.0,10129,159,0,159,0,122,10129,6996,3339,7118,3461,3657,0.5137679123349256,17247,13590,3657,0.21203687597843104,0.787963124021569,0.41270945671711023,0.25467255334805006,0.15803690336906018,0.5227272727272727
room-occupancy-count.csv:A2:cq=4,room-occupancy-count.csv,external,A2,fixed_auto,4.0,10129,159,140,0,19,122,10129,6996,2703,7118,2825,4293,0.6031188536105647,17247,12954,4293,0.2489128544094625,0.7510871455905375,0.41270945671711023,0.2180793577273429,0.19463009898976733,0.6136363636363636
room-occupancy-count.csv:A3:cq=4,room-occupancy-count.csv,external,A3,adaptive_linear,4.0,10129,80,0,80,0,122,10129,3520,1680,3642,1802,1840,0.5052169137836353,13771,11931,1840,0.13361411662188658,0.8663858833781134,0.2644688112700603,0.15103511859860866,0.11343369267145162,0.5227272727272727
room-occupancy-count.csv:A4:cq=4,room-occupancy-count.csv,external,A4,adaptive_auto,4.0,10129,80,64,0,16,122,10129,3520,1360,3642,1482,2160,0.5930807248764415,13771,11611,2160,0.15685135429525815,0.8431486457047418,0.2644688112700603,0.12763758504866074,0.13683122622139954,0.6136363636363636
tetouan-zone1-power.csv:A0:cq=0.0625,tetouan-zone1-power.csv,external,A0,whole_linear,0.0625,52416,1,0,1,0,122,52416,44,21,166,143,23,0.13855421686746988,52582,52559,23,0.00043741204214369937,0.9995625879578564,0.0031569738693849607,0.002720751916893396,0.0004362219524915649,0.5227272727272727
tetouan-zone1-power.csv:A1:cq=0.0625,tetouan-zone1-power.csv,external,A1,fixed_linear,0.0625,52416,819,0,819,0,122,52416,36036,17199,36158,17321,18837,0.5209635488688533,88574,69737,18837,0.21266963217196921,0.7873303678280308,0.4082236322171292,0.24837604141273642,0.1598475908043928,0.5227272727272727
tetouan-zone1-power.csv:A2:cq=0.0625,tetouan-zone1-power.csv,external,A2,fixed_auto,0.0625,52416,819,20,298,501,122,52634,36036,15115,36158,15237,20921,0.5785994800597378,88792,67871,20921,0.23561807370033336,0.7643819262996666,0.40722137129471125,0.22449941801358458,0.18272195328112667,0.5805583305583306
tetouan-zone1-power.csv:A3:cq=0.0625,tetouan-zone1-power.csv,external,A3,adaptive_linear,0.0625,52416,1638,0,1638,0,122,52430,72072,34398,72194,34520,37674,0.5218439205474139,124624,86950,37674,0.3023013223777122,0.6976986776222879,0.5792945179098729,0.39700977573317997,0.18228474217669288,0.5227272727272727
tetouan-zone1-power.csv:A4:cq=0.0625,tetouan-zone1-power.csv,external,A4,adaptive_auto,0.0625,52416,1638,66,883,689,122,52507,72072,31378,72194,31500,40694,0.5636756517162091,124701,84007,40694,0.3263325875494182,0.6736674124505818,0.5789368168659433,0.3749687526039497,0.20396806426199365,0.5646298146298147
tetouan-zone1-power.csv:A0:cq=0.125,tetouan-zone1-power.csv,external,A0,whole_linear,0.125,52416,1,0,1,0,122,52416,44,21,166,143,23,0.13855421686746988,52582,52559,23,0.00043741204214369937,0.9995625879578564,0.0031569738693849607,0.002720751916893396,0.0004362219524915649,0.5227272727272727
tetouan-zone1-power.csv:A1:cq=0.125,tetouan-zone1-power.csv,external,A1,fixed_linear,0.125,52416,819,0,819,0,122,52416,36036,17199,36158,17321,18837,0.5209635488688533,88574,69737,18837,0.21266963217196921,0.7873303678280308,0.4082236322171292,0.24837604141273642,0.1598475908043928,0.5227272727272727
tetouan-zone1-power.csv:A2:cq=0.125,tetouan-zone1-power.csv,external,A2,fixed_auto,0.125,52416,819,16,301,502,122,52416,36036,15127,36158,15249,20909,0.5782676032966425,88574,67665,20909,0.23606250141124935,0.7639374985887506,0.4082236322171292,0.22536023054755044,0.18286340166957876,0.5802253302253302
tetouan-zone1-power.csv:A3:cq=0.125,tetouan-zone1-power.csv,external,A3,adaptive_linear,0.125,52416,1638,0,1638,0,122,52416,72072,34398,72194,34520,37674,0.5218439205474139,124610,86936,37674,0.30233528609260896,0.697664713907391,0.5793596019581093,0.3970737093954173,0.182285892562692,0.5227272727272727
tetouan-zone1-power.csv:A4:cq=0.125,tetouan-zone1-power.csv,external,A4,adaptive_auto,0.125,52416,1638,83,822,733,122,52416,72072,31134,72194,31256,40938,0.5670554339695819,124610,83672,40938,0.3285290105127999,0.6714709894872001,0.5793596019581093,0.3735538770436944,0.2058057249144149,0.568015318015318
tetouan-zone1-power.csv:A0:cq=0.25,tetouan-zone1-power.csv,external,A0,whole_linear,0.25,52416,1,0,1,0,122,52416,44,21,166,143,23,0.13855421686746988,52582,52559,23,0.00043741204214369937,0.9995625879578564,0.0031569738693849607,0.002720751916893396,0.0004362219524915649,0.5227272727272727
tetouan-zone1-power.csv:A1:cq=0.25,tetouan-zone1-power.csv,external,A1,fixed_linear,0.25,52416,819,0,819,0,122,52416,36036,17199,36158,17321,18837,0.5209635488688533,88574,69737,18837,0.21266963217196921,0.7873303678280308,0.4082236322171292,0.24837604141273642,0.1598475908043928,0.5227272727272727
tetouan-zone1-power.csv:A2:cq=0.25,tetouan-zone1-power.csv,external,A2,fixed_auto,0.25,52416,819,21,292,506,122,52416,36036,15091,36158,15213,20945,0.5792632335859285,88574,67629,20945,0.23646894122428705,0.7635310587757129,0.4082236322171292,0.22494787738987712,0.18327575482725209,0.5812243312243313
tetouan-zone1-power.csv:A3:cq=0.25,tetouan-zone1-power.csv,external,A3,adaptive_linear,0.25,52416,1638,0,1638,0,122,52416,72072,34398,72194,34520,37674,0.5218439205474139,124610,86936,37674,0.30233528609260896,0.697664713907391,0.5793596019581093,0.3970737093954173,0.182285892562692,0.5227272727272727
tetouan-zone1-power.csv:A4:cq=0.25,tetouan-zone1-power.csv,external,A4,adaptive_auto,0.25,52416,1638,75,852,711,122,52416,72072,31254,72194,31376,40818,0.56539324597612,124610,83792,40818,0.3275660059385282,0.6724339940614718,0.5793596019581093,0.37445102157723886,0.20490858038087045,0.5663503163503163
tetouan-zone1-power.csv:A0:cq=0.5,tetouan-zone1-power.csv,external,A0,whole_linear,0.5,52416,1,0,1,0,122,52416,44,21,166,143,23,0.13855421686746988,52582,52559,23,0.00043741204214369937,0.9995625879578564,0.0031569738693849607,0.002720751916893396,0.0004362219524915649,0.5227272727272727
tetouan-zone1-power.csv:A1:cq=0.5,tetouan-zone1-power.csv,external,A1,fixed_linear,0.5,52416,819,0,819,0,122,52416,36036,17199,36158,17321,18837,0.5209635488688533,88574,69737,18837,0.21266963217196921,0.7873303678280308,0.4082236322171292,0.24837604141273642,0.1598475908043928,0.5227272727272727
tetouan-zone1-power.csv:A2:cq=0.5,tetouan-zone1-power.csv,external,A2,fixed_auto,0.5,52416,819,22,274,523,122,52416,36036,15019,36158,15141,21017,0.5812544941645003,88574,67557,21017,0.2372818208503624,0.7627181791496376,0.4082236322171292,0.22412185265775567,0.18410177955937354,0.5832223332223332
tetouan-zone1-power.csv:A3:cq=0.5,tetouan-zone1-power.csv,external,A3,adaptive_linear,0.5,52416,1638,0,1638,0,122,52416,72072,34398,72194,34520,37674,0.5218439205474139,124610,86936,37674,0.30233528609260896,0.697664713907391,0.5793596019581093,0.3970737093954173,0.182285892562692,0.5227272727272727
tetouan-zone1-power.csv:A4:cq=0.5,tetouan-zone1-power.csv,external,A4,adaptive_auto,0.5,52416,1638,70,852,716,122,52416,72072,31254,72194,31376,40818,0.56539324597612,124610,83792,40818,0.3275660059385282,0.6724339940614718,0.5793596019581093,0.37445102157723886,0.20490858038087045,0.5663503163503163
tetouan-zone1-power.csv:A0:cq=1,tetouan-zone1-power.csv,external,A0,whole_linear,1.0,52416,1,0,1,0,122,52416,44,21,166,143,23,0.13855421686746988,52582,52559,23,0.00043741204214369937,0.9995625879578564,0.0031569738693849607,0.002720751916893396,0.0004362219524915649,0.5227272727272727
tetouan-zone1-power.csv:A1:cq=1,tetouan-zone1-power.csv,external,A1,fixed_linear,1.0,52416,819,0,819,0,122,52416,36036,17199,36158,17321,18837,0.5209635488688533,88574,69737,18837,0.21266963217196921,0.7873303678280308,0.4082236322171292,0.24837604141273642,0.1598475908043928,0.5227272727272727
tetouan-zone1-power.csv:A2:cq=1,tetouan-zone1-power.csv,external,A2,fixed_auto,1.0,52416,819,27,311,481,122,52416,36036,15167,36158,15289,20869,0.5771613474196582,88574,67705,20869,0.23561090161898526,0.7643890983810148,0.4082236322171292,0.2258178864190237,0.1824057457981055,0.579115329115329
tetouan-zone1-power.csv:A3:cq=1,tetouan-zone1-power.csv,external,A3,adaptive_linear,1.0,52416,1638,0,1638,0,122,52416,72072,34398,72194,34520,37674,0.5218439205474139,124610,86936,37674,0.30233528609260896,0.697664713907391,0.5793596019581093,0.3970737093954173,0.182285892562692,0.5227272727272727
tetouan-zone1-power.csv:A4:cq=1,tetouan-zone1-power.csv,external,A4,adaptive_auto,1.0,52416,1638,83,827,728,122,52416,72072,31154,72194,31276,40918,0.5667784026373383,124610,83692,40918,0.3283685097504213,0.6716314902495787,0.5793596019581093,0.3737035797925728,0.20565602216553652,0.5677378177378177
tetouan-zone1-power.csv:A0:cq=2,tetouan-zone1-power.csv,external,A0,whole_linear,2.0,52416,1,0,1,0,122,52416,44,21,166,143,23,0.13855421686746988,52582,52559,23,0.00043741204214369937,0.9995625879578564,0.0031569738693849607,0.002720751916893396,0.0004362219524915649,0.5227272727272727
tetouan-zone1-power.csv:A1:cq=2,tetouan-zone1-power.csv,external,A1,fixed_linear,2.0,52416,819,0,819,0,122,52416,36036,17199,36158,17321,18837,0.5209635488688533,88574,69737,18837,0.21266963217196921,0.7873303678280308,0.4082236322171292,0.24837604141273642,0.1598475908043928,0.5227272727272727
tetouan-zone1-power.csv:A2:cq=2,tetouan-zone1-power.csv,external,A2,fixed_auto,2.0,52416,819,40,283,496,122,52416,36036,15055,36158,15177,20981,0.5802588638752143,88574,67593,20981,0.23687538103732472,0.7631246189626752,0.4082236322171292,0.22453508499400826,0.18368854722312095,0.5822233322233322
tetouan-zone1-power.csv:A3:cq=2,tetouan-zone1-power.csv,external,A3,adaptive_linear,2.0,52416,1638,0,1638,0,122,52416,72072,34398,72194,34520,37674,0.5218439205474139,124610,86936,37674,0.30233528609260896,0.697664713907391,0.5793596019581093,0.3970737093954173,0.182285892562692,0.5227272727272727
tetouan-zone1-power.csv:A4:cq=2,tetouan-zone1-power.csv,external,A4,adaptive_auto,2.0,52416,1638,84,756,798,122,52416,72072,30870,72194,30992,41202,0.5707122475551984,124610,83408,41202,0.33064762057619773,0.6693523794238022,0.5793596019581093,0.371571072319202,0.20778852963890732,0.5716783216783217
tetouan-zone1-power.csv:A0:cq=4,tetouan-zone1-power.csv,external,A0,whole_linear,4.0,52416,1,0,1,0,122,52416,44,21,166,143,23,0.13855421686746988,52582,52559,23,0.00043741204214369937,0.9995625879578564,0.0031569738693849607,0.002720751916893396,0.0004362219524915649,0.5227272727272727
tetouan-zone1-power.csv:A1:cq=4,tetouan-zone1-power.csv,external,A1,fixed_linear,4.0,52416,819,0,819,0,122,52416,36036,17199,36158,17321,18837,0.5209635488688533,88574,69737,18837,0.21266963217196921,0.7873303678280308,0.4082236322171292,0.24837604141273642,0.1598475908043928,0.5227272727272727
tetouan-zone1-power.csv:A2:cq=4,tetouan-zone1-power.csv,external,A2,fixed_auto,4.0,52416,819,44,615,160,122,52416,36036,16383,36158,16505,19653,0.543531168759334,88574,68921,19653,0.22188226793415675,0.7781177320658432,0.4082236322171292,0.2394770824567258,0.1687465497604034,0.5453712953712954
tetouan-zone1-power.csv:A3:cq=4,tetouan-zone1-power.csv,external,A3,adaptive_linear,4.0,52416,1638,0,1638,0,122,52416,72072,34398,72194,34520,37674,0.5218439205474139,124610,86936,37674,0.30233528609260896,0.697664713907391,0.5793596019581093,0.3970737093954173,0.182285892562692,0.5227272727272727
tetouan-zone1-power.csv:A4:cq=4,tetouan-zone1-power.csv,external,A4,adaptive_auto,4.0,52416,1638,52,1199,387,122,52416,72072,32642,72194,32764,39430,0.5461672715184087,124610,85180,39430,0.3164272530294519,0.6835727469705482,0.5793596019581093,0.3846442826954684,0.1947153192626409,0.5470917970917971
